dropped,dropped_group,target,target_group,fold,sp_base,sp_drop,delta
ACTA2,compartment,BCL2,other,holdout_tonsil,-0.5291048874723889,-0.4392257630212529,0.08987912445113605
ACTA2,compartment,CCR7,lymph_subtype,holdout_tonsil,-0.13348325267838693,-0.155174547039741,-0.021691294361354085
ACTA2,compartment,CD14,compartment,holdout_tonsil,-0.027696566175095572,-0.0264067355492478,0.0012898306258477717
ACTA2,compartment,CD163,compartment,holdout_tonsil,-0.0189974142428883,-0.042597023269379,-0.023599609026490703
ACTA2,compartment,CD19,lymph_subtype,holdout_tonsil,0.17372447558291523,-0.1863323596463677,-0.36005683522928295
ACTA2,compartment,CD27,lymph_subtype,holdout_tonsil,-0.18822373942295773,-0.0696202370283665,0.11860350239459122
ACTA2,compartment,CD274,other,holdout_tonsil,0.4422499054340316,0.1743150625003576,-0.267934842933674
ACTA2,compartment,CD3E,lymph_subtype,holdout_tonsil,0.5785500127796153,0.5983258205291823,0.019775807749566998
ACTA2,compartment,CD4,lymph_subtype,holdout_tonsil,-0.3082329703509156,-0.2970646341568247,0.011168336194090911
ACTA2,compartment,CD40,other,holdout_tonsil,-0.053693065590970875,-0.0748636204912766,-0.02117055490030572
ACTA2,compartment,CD68,compartment,holdout_tonsil,0.21913418013266994,0.2103015855760474,-0.008832594556622553
ACTA2,compartment,CD8A,lymph_subtype,holdout_tonsil,0.2413881217663142,0.3640443390119582,0.12265621724564402
ACTA2,compartment,CEACAM8,other,holdout_tonsil,-0.4260425903265748,-0.4556769368649258,-0.029634346538350953
ACTA2,compartment,CR2,lymph_subtype,holdout_tonsil,-0.1382517234174861,-0.2583927044633662,-0.12014098104588011
ACTA2,compartment,CXCR5,lymph_subtype,holdout_tonsil,0.4825271873630844,0.5997679703648707,0.11724078300178631
ACTA2,compartment,EPCAM,compartment,holdout_tonsil,-0.09974849149818381,-0.0913527740567467,0.008395717441437106
ACTA2,compartment,FCGR3A,compartment,holdout_tonsil,-0.33092484605924966,-0.4054796689548745,-0.07455482289562482
ACTA2,compartment,HLA_DRA,compartment,holdout_tonsil,0.11185755970793833,0.1634949183539118,0.05163735864597348
ACTA2,compartment,ITGAM,compartment,holdout_tonsil,0.3449513329363778,0.6645244937486219,0.3195731608122441
ACTA2,compartment,ITGAX,compartment,holdout_tonsil,0.05560701499660447,0.0001032886759387,-0.05550372632066577
ACTA2,compartment,KRT5,compartment,holdout_tonsil,0.633339374423359,0.6061377526173752,-0.027201621805983733
ACTA2,compartment,MS4A1,lymph_subtype,holdout_tonsil,-0.06663988468811219,0.0471530898298692,0.1137929745179814
ACTA2,compartment,PAX5,lymph_subtype,holdout_tonsil,0.05244436934421456,0.1659937468919496,0.11354937754773503
ACTA2,compartment,PCNA,other,holdout_tonsil,0.16072163502802733,0.0717631432241089,-0.08895849180391843
ACTA2,compartment,PDCD1,lymph_subtype,holdout_tonsil,0.35732221177977125,0.4119054963555073,0.054583284575736024
ACTA2,compartment,PECAM1,compartment,holdout_tonsil,0.45088043703211833,0.5166014558962913,0.06572101886417292
ACTA2,compartment,PTPRC_1,compartment,holdout_tonsil,0.13242485287159145,0.0996295176843112,-0.03279533518728024
ACTA2,compartment,PTPRC_2,compartment,holdout_tonsil,0.5464316375862284,0.5187877886635528,-0.027643848922675573
ACTA2,compartment,SDC1,lymph_subtype,holdout_tonsil,0.0142999917038123,0.0077552902662152,-0.0065447014375971
ACTA2,compartment,VIM,compartment,holdout_tonsil,0.48736319451528526,0.3485140653222156,-0.13884912919306963
ACTA2,compartment,BCL2,other,holdout_breast_cancer,-0.7163455922334068,-0.7449403585255714,-0.02859476629216462
ACTA2,compartment,CCR7,lymph_subtype,holdout_breast_cancer,-0.1488036964312458,-0.3113959155375893,-0.16259221910634347
ACTA2,compartment,CD14,compartment,holdout_breast_cancer,0.11608934951240568,-0.183908584726244,-0.2999979342386497
ACTA2,compartment,CD163,compartment,holdout_breast_cancer,-0.0248596939693795,-0.0940197176466408,-0.0691600236772613
ACTA2,compartment,CD19,lymph_subtype,holdout_breast_cancer,-0.02252376189019223,0.0936351641166559,0.11615892600684813
ACTA2,compartment,CD27,lymph_subtype,holdout_breast_cancer,0.4469517772220768,0.490708289867872,0.04375651264579522
ACTA2,compartment,CD274,other,holdout_breast_cancer,0.5698100153676153,0.5386094305799539,-0.031200584787661412
ACTA2,compartment,CD3E,lymph_subtype,holdout_breast_cancer,0.688986143875616,0.7113145509994534,0.022328407123837435
ACTA2,compartment,CD4,lymph_subtype,holdout_breast_cancer,0.012636089416034196,-0.201892910798883,-0.2145290002149172
ACTA2,compartment,CD40,other,holdout_breast_cancer,-0.02812166665371555,0.3045398200085671,0.3326614866622827
ACTA2,compartment,CD68,compartment,holdout_breast_cancer,0.003069041621347927,0.052030949345207,0.048961907723859076
ACTA2,compartment,CD8A,lymph_subtype,holdout_breast_cancer,0.5564110888554394,0.5707861618344517,0.014375072979012304
ACTA2,compartment,CEACAM8,other,holdout_breast_cancer,-0.12201864670251072,-0.1488821076078454,-0.026863460905334674
ACTA2,compartment,CR2,lymph_subtype,holdout_breast_cancer,-0.3147693200739591,-0.3060001511934516,0.008769168880507494
ACTA2,compartment,CXCR5,lymph_subtype,holdout_breast_cancer,0.6945929397395414,0.7878155461749062,0.09322260643536484
ACTA2,compartment,EPCAM,compartment,holdout_breast_cancer,0.3631061892579953,0.891334285598722,0.5282280963407266
ACTA2,compartment,FCGR3A,compartment,holdout_breast_cancer,-0.10072943101850998,0.2102267004676253,0.31095613148613527
ACTA2,compartment,HLA_DRA,compartment,holdout_breast_cancer,-0.12223866514975282,0.6219399264186095,0.7441785915683623
ACTA2,compartment,ITGAM,compartment,holdout_breast_cancer,0.37180197309524066,0.3576655593143324,-0.014136413780908241
ACTA2,compartment,ITGAX,compartment,holdout_breast_cancer,0.2041040717943979,0.277375140103087,0.0732710683086891
ACTA2,compartment,KRT5,compartment,holdout_breast_cancer,0.8710698201417606,0.8560294899759517,-0.015040330165808857
ACTA2,compartment,MS4A1,lymph_subtype,holdout_breast_cancer,-0.4483363928931986,-0.6058115289555654,-0.15747513606236685
ACTA2,compartment,PAX5,lymph_subtype,holdout_breast_cancer,-0.2905870748966174,-0.5751477382442001,-0.2845606633475827
ACTA2,compartment,PCNA,other,holdout_breast_cancer,0.4668983816323744,0.8217703886029263,0.3548720069705519
ACTA2,compartment,PDCD1,lymph_subtype,holdout_breast_cancer,0.08599245814078815,0.2476697590710225,0.16167730093023436
ACTA2,compartment,PECAM1,compartment,holdout_breast_cancer,0.3104475484885266,0.2697759557640833,-0.04067159272444332
ACTA2,compartment,PTPRC_1,compartment,holdout_breast_cancer,0.18084235871664267,0.6620970172402441,0.4812546585236014
ACTA2,compartment,PTPRC_2,compartment,holdout_breast_cancer,0.7176621848391065,0.6616050906009523,-0.05605709423815419
ACTA2,compartment,SDC1,lymph_subtype,holdout_breast_cancer,0.44174424107865756,-0.8186539909646005,-1.260398232043258
ACTA2,compartment,VIM,compartment,holdout_breast_cancer,0.4948697061029319,0.7939997156467974,0.2991300095438655
BCL2,other,ACTA2,compartment,holdout_tonsil,0.19088026224690222,0.1743533291752718,-0.016526933071630417
BCL2,other,CCR7,lymph_subtype,holdout_tonsil,-0.13348325267838693,-0.1405520744405969,-0.007068821762209965
BCL2,other,CD14,compartment,holdout_tonsil,-0.027696566175095572,0.0151673530939885,0.042863919269084075
BCL2,other,CD163,compartment,holdout_tonsil,-0.0189974142428883,-0.0278230123111911,-0.008825598068302798
BCL2,other,CD19,lymph_subtype,holdout_tonsil,0.17372447558291523,-0.3133240349873674,-0.48704851057028264
BCL2,other,CD27,lymph_subtype,holdout_tonsil,-0.18822373942295773,-0.1083650298958527,0.07985870952710503
BCL2,other,CD274,other,holdout_tonsil,0.4422499054340316,0.4170426680782926,-0.025207237355738987
BCL2,other,CD3E,lymph_subtype,holdout_tonsil,0.5785500127796153,0.5890578789444838,0.01050786616486854
BCL2,other,CD4,lymph_subtype,holdout_tonsil,-0.3082329703509156,-0.2842225024677145,0.024010467883201103
BCL2,other,CD40,other,holdout_tonsil,-0.053693065590970875,-0.1417183269333583,-0.08802526134238745
BCL2,other,CD68,compartment,holdout_tonsil,0.21913418013266994,0.1723313148936478,-0.046802865239022134
BCL2,other,CD8A,lymph_subtype,holdout_tonsil,0.2413881217663142,0.4409959817873615,0.1996078600210473
BCL2,other,CEACAM8,other,holdout_tonsil,-0.4260425903265748,-0.4565808267288422,-0.030538236402267382
BCL2,other,CR2,lymph_subtype,holdout_tonsil,-0.1382517234174861,-0.2641161079310908,-0.1258643845136047
BCL2,other,CXCR5,lymph_subtype,holdout_tonsil,0.4825271873630844,0.6405969671459137,0.15806977978282932
BCL2,other,EPCAM,compartment,holdout_tonsil,-0.09974849149818381,-0.0963516312175754,0.003396860280608413
BCL2,other,FCGR3A,compartment,holdout_tonsil,-0.33092484605924966,-0.4104144804231113,-0.07948963436386164
BCL2,other,HLA_DRA,compartment,holdout_tonsil,0.11185755970793833,0.22253490865903,0.11067734895109167
BCL2,other,ITGAM,compartment,holdout_tonsil,0.3449513329363778,0.3600919950303905,0.015140662094012713
BCL2,other,ITGAX,compartment,holdout_tonsil,0.05560701499660447,0.016516715985587,-0.039090299011017474
BCL2,other,KRT5,compartment,holdout_tonsil,0.633339374423359,0.5820808921876082,-0.0512584822357508
BCL2,other,MS4A1,lymph_subtype,holdout_tonsil,-0.06663988468811219,0.0783950670314226,0.1450349517195348
BCL2,other,PAX5,lymph_subtype,holdout_tonsil,0.05244436934421456,0.2122119342920632,0.15976756494784863
BCL2,other,PCNA,other,holdout_tonsil,0.16072163502802733,0.0398063040283402,-0.12091533099968713
BCL2,other,PDCD1,lymph_subtype,holdout_tonsil,0.35732221177977125,0.4626374434352095,0.10531523165543827
BCL2,other,PECAM1,compartment,holdout_tonsil,0.45088043703211833,0.5140953039824318,0.06321486695031342
BCL2,other,PTPRC_1,compartment,holdout_tonsil,0.13242485287159145,0.0951253176215259,-0.037299535250065546
BCL2,other,PTPRC_2,compartment,holdout_tonsil,0.5464316375862284,0.5287492261631493,-0.017682411423079025
BCL2,other,SDC1,lymph_subtype,holdout_tonsil,0.0142999917038123,-0.0116671619196237,-0.025967153623436
BCL2,other,VIM,compartment,holdout_tonsil,0.48736319451528526,0.4769385307626438,-0.01042466375264145
BCL2,other,ACTA2,compartment,holdout_breast_cancer,0.5301916371760159,0.4730758868384485,-0.05711575033756744
BCL2,other,CCR7,lymph_subtype,holdout_breast_cancer,-0.1488036964312458,-0.3852570960907649,-0.23645339965951911
BCL2,other,CD14,compartment,holdout_breast_cancer,0.11608934951240568,-0.2851156725343616,-0.4012050220467673
BCL2,other,CD163,compartment,holdout_breast_cancer,-0.0248596939693795,-0.1728428654260991,-0.1479831714567196
BCL2,other,CD19,lymph_subtype,holdout_breast_cancer,-0.02252376189019223,0.0271041365120216,0.04962789840221383
BCL2,other,CD27,lymph_subtype,holdout_breast_cancer,0.4469517772220768,0.3989142831613189,-0.04803749406075791
BCL2,other,CD274,other,holdout_breast_cancer,0.5698100153676153,0.5853687507708674,0.015558735403252033
BCL2,other,CD3E,lymph_subtype,holdout_breast_cancer,0.688986143875616,0.6842670876906524,-0.004719056184963599
BCL2,other,CD4,lymph_subtype,holdout_breast_cancer,0.012636089416034196,-0.2794161910699893,-0.2920522804860235
BCL2,other,CD40,other,holdout_breast_cancer,-0.02812166665371555,-0.1940231250113401,-0.16590145835762454
BCL2,other,CD68,compartment,holdout_breast_cancer,0.003069041621347927,0.0083118016091194,0.005242759987771473
BCL2,other,CD8A,lymph_subtype,holdout_breast_cancer,0.5564110888554394,0.5366606036960251,-0.019750485159414355
BCL2,other,CEACAM8,other,holdout_breast_cancer,-0.12201864670251072,-0.116602916709898,0.005415729992612722
BCL2,other,CR2,lymph_subtype,holdout_breast_cancer,-0.3147693200739591,-0.3774562919552028,-0.06268697188124372
BCL2,other,CXCR5,lymph_subtype,holdout_breast_cancer,0.6945929397395414,0.7805773584348216,0.08598441869528017
BCL2,other,EPCAM,compartment,holdout_breast_cancer,0.3631061892579953,0.8889791441325414,0.5258729548745461
BCL2,other,FCGR3A,compartment,holdout_breast_cancer,-0.10072943101850998,0.1032197995277892,0.20394923054629918
BCL2,other,HLA_DRA,compartment,holdout_breast_cancer,-0.12223866514975282,-0.3943434919632109,-0.27210482681345805
BCL2,other,ITGAM,compartment,holdout_breast_cancer,0.37180197309524066,0.4282480540438642,0.05644608094862352
BCL2,other,ITGAX,compartment,holdout_breast_cancer,0.2041040717943979,-0.026125289497826,-0.2302293612922239
BCL2,other,KRT5,compartment,holdout_breast_cancer,0.8710698201417606,0.853931054790608,-0.01713876535115255
BCL2,other,MS4A1,lymph_subtype,holdout_breast_cancer,-0.4483363928931986,-0.582380596702946,-0.13404420380974735
BCL2,other,PAX5,lymph_subtype,holdout_breast_cancer,-0.2905870748966174,-0.5270703429043638,-0.23648326800774644
BCL2,other,PCNA,other,holdout_breast_cancer,0.4668983816323744,0.8322588940693563,0.36536051243698187
BCL2,other,PDCD1,lymph_subtype,holdout_breast_cancer,0.08599245814078815,0.3043636260042762,0.21837116786348804
BCL2,other,PECAM1,compartment,holdout_breast_cancer,0.3104475484885266,0.2081625775418764,-0.10228497094665023
BCL2,other,PTPRC_1,compartment,holdout_breast_cancer,0.18084235871664267,-0.5175390362134208,-0.6983813949300635
BCL2,other,PTPRC_2,compartment,holdout_breast_cancer,0.7176621848391065,0.6252781615581032,-0.09238402328100326
BCL2,other,SDC1,lymph_subtype,holdout_breast_cancer,0.44174424107865756,-0.827516201469173,-1.2692604425478307
BCL2,other,VIM,compartment,holdout_breast_cancer,0.4948697061029319,0.8166556236654221,0.3217859175624902
CCR7,lymph_subtype,ACTA2,compartment,holdout_tonsil,0.19088026224690222,0.1430260496975133,-0.0478542125493889
CCR7,lymph_subtype,BCL2,other,holdout_tonsil,-0.5291048874723889,-0.3856937763328736,0.14341111113951532
CCR7,lymph_subtype,CD14,compartment,holdout_tonsil,-0.027696566175095572,-0.0583098299866072,-0.030613263811511627
CCR7,lymph_subtype,CD163,compartment,holdout_tonsil,-0.0189974142428883,-0.031112688018499,-0.0121152737756107
CCR7,lymph_subtype,CD19,lymph_subtype,holdout_tonsil,0.17372447558291523,-0.2877282915734769,-0.46145276715639216
CCR7,lymph_subtype,CD27,lymph_subtype,holdout_tonsil,-0.18822373942295773,-0.1693505537287285,0.018873185694229216
CCR7,lymph_subtype,CD274,other,holdout_tonsil,0.4422499054340316,0.4298313564326552,-0.0124185490013764
CCR7,lymph_subtype,CD3E,lymph_subtype,holdout_tonsil,0.5785500127796153,0.6788132550781727,0.10026324229855743
CCR7,lymph_subtype,CD4,lymph_subtype,holdout_tonsil,-0.3082329703509156,-0.3112121650542631,-0.002979194703347454
CCR7,lymph_subtype,CD40,other,holdout_tonsil,-0.053693065590970875,-0.0444766309855058,0.009216434605465076
CCR7,lymph_subtype,CD68,compartment,holdout_tonsil,0.21913418013266994,0.1730150640986524,-0.046119116034017554
CCR7,lymph_subtype,CD8A,lymph_subtype,holdout_tonsil,0.2413881217663142,0.3935316537916833,0.15214353202536912
CCR7,lymph_subtype,CEACAM8,other,holdout_tonsil,-0.4260425903265748,-0.460609471902633,-0.034566881576058195
CCR7,lymph_subtype,CR2,lymph_subtype,holdout_tonsil,-0.1382517234174861,-0.2502639219059326,-0.11201219848844651
CCR7,lymph_subtype,CXCR5,lymph_subtype,holdout_tonsil,0.4825271873630844,0.6054053412923809,0.12287815392929646
CCR7,lymph_subtype,EPCAM,compartment,holdout_tonsil,-0.09974849149818381,-0.0780295010495118,0.02171899044867201
CCR7,lymph_subtype,FCGR3A,compartment,holdout_tonsil,-0.33092484605924966,-0.4074599256748501,-0.07653507961560047
CCR7,lymph_subtype,HLA_DRA,compartment,holdout_tonsil,0.11185755970793833,0.2090113376210525,0.09715377791311418
CCR7,lymph_subtype,ITGAM,compartment,holdout_tonsil,0.3449513329363778,0.4471349347619103,0.10218360182553249
CCR7,lymph_subtype,ITGAX,compartment,holdout_tonsil,0.05560701499660447,-0.0166387607903099,-0.07224577578691437
CCR7,lymph_subtype,KRT5,compartment,holdout_tonsil,0.633339374423359,0.6288112100356859,-0.004528164387673117
CCR7,lymph_subtype,MS4A1,lymph_subtype,holdout_tonsil,-0.06663988468811219,0.044482243646457,0.11112212833456919
CCR7,lymph_subtype,PAX5,lymph_subtype,holdout_tonsil,0.05244436934421456,0.1670254841424785,0.11458111479826394
CCR7,lymph_subtype,PCNA,other,holdout_tonsil,0.16072163502802733,0.0605359261758444,-0.10018570885218293
CCR7,lymph_subtype,PDCD1,lymph_subtype,holdout_tonsil,0.35732221177977125,0.4473864948033915,0.09006428302362024
CCR7,lymph_subtype,PECAM1,compartment,holdout_tonsil,0.45088043703211833,0.5124497707292798,0.061569333697161444
CCR7,lymph_subtype,PTPRC_1,compartment,holdout_tonsil,0.13242485287159145,0.0758503031801182,-0.05657454969147324
CCR7,lymph_subtype,PTPRC_2,compartment,holdout_tonsil,0.5464316375862284,0.5372287723807078,-0.009202865205520605
CCR7,lymph_subtype,SDC1,lymph_subtype,holdout_tonsil,0.0142999917038123,-0.0182668445179242,-0.0325668362217365
CCR7,lymph_subtype,VIM,compartment,holdout_tonsil,0.48736319451528526,0.5172494343010332,0.029886239785747948
CCR7,lymph_subtype,ACTA2,compartment,holdout_breast_cancer,0.5301916371760159,0.4909967969778191,-0.0391948401981968
CCR7,lymph_subtype,BCL2,other,holdout_breast_cancer,-0.7163455922334068,-0.7528327593214373,-0.03648716708803057
CCR7,lymph_subtype,CD14,compartment,holdout_breast_cancer,0.11608934951240568,-0.262680450348285,-0.3787697998606907
CCR7,lymph_subtype,CD163,compartment,holdout_breast_cancer,-0.0248596939693795,-0.1232058556463337,-0.0983461616769542
CCR7,lymph_subtype,CD19,lymph_subtype,holdout_breast_cancer,-0.02252376189019223,-0.0379887852307632,-0.015465023340570969
CCR7,lymph_subtype,CD27,lymph_subtype,holdout_breast_cancer,0.4469517772220768,0.4442977488570807,-0.0026540283649961194
CCR7,lymph_subtype,CD274,other,holdout_breast_cancer,0.5698100153676153,0.565500522504599,-0.004309492863016295
CCR7,lymph_subtype,CD3E,lymph_subtype,holdout_breast_cancer,0.688986143875616,0.6896859865095687,0.0006998426339527297
CCR7,lymph_subtype,CD4,lymph_subtype,holdout_breast_cancer,0.012636089416034196,-0.2323148104295836,-0.2449508998456178
CCR7,lymph_subtype,CD40,other,holdout_breast_cancer,-0.02812166665371555,-0.2951307445161916,-0.267009077862476
CCR7,lymph_subtype,CD68,compartment,holdout_breast_cancer,0.003069041621347927,0.0360390321538981,0.032969990532550175
CCR7,lymph_subtype,CD8A,lymph_subtype,holdout_breast_cancer,0.5564110888554394,0.546848290074226,-0.009562798781213466
CCR7,lymph_subtype,CEACAM8,other,holdout_breast_cancer,-0.12201864670251072,-0.1303710590624204,-0.008352412359909689
CCR7,lymph_subtype,CR2,lymph_subtype,holdout_breast_cancer,-0.3147693200739591,-0.4485188156724898,-0.13374949559853072
CCR7,lymph_subtype,CXCR5,lymph_subtype,holdout_breast_cancer,0.6945929397395414,0.7883500848760205,0.09375714513647915
CCR7,lymph_subtype,EPCAM,compartment,holdout_breast_cancer,0.3631061892579953,0.8883831262832892,0.5252769370252939
CCR7,lymph_subtype,FCGR3A,compartment,holdout_breast_cancer,-0.10072943101850998,0.0653391211023426,0.16606855212085259
CCR7,lymph_subtype,HLA_DRA,compartment,holdout_breast_cancer,-0.12223866514975282,-0.4125258410530031,-0.29028717590325026
CCR7,lymph_subtype,ITGAM,compartment,holdout_breast_cancer,0.37180197309524066,0.3937202652039309,0.02191829210869023
CCR7,lymph_subtype,ITGAX,compartment,holdout_breast_cancer,0.2041040717943979,-0.0435644749982822,-0.2476685467926801
CCR7,lymph_subtype,KRT5,compartment,holdout_breast_cancer,0.8710698201417606,0.8537939999206753,-0.017275820221085314
CCR7,lymph_subtype,MS4A1,lymph_subtype,holdout_breast_cancer,-0.4483363928931986,-0.5857267419502361,-0.1373903490570375
CCR7,lymph_subtype,PAX5,lymph_subtype,holdout_breast_cancer,-0.2905870748966174,-0.5237867646128095,-0.2331996897161921
CCR7,lymph_subtype,PCNA,other,holdout_breast_cancer,0.4668983816323744,0.8276880661099228,0.36078968447754844
CCR7,lymph_subtype,PDCD1,lymph_subtype,holdout_breast_cancer,0.08599245814078815,0.4076848016182737,0.32169234347748554
CCR7,lymph_subtype,PECAM1,compartment,holdout_breast_cancer,0.3104475484885266,0.2330286499038775,-0.07741889858464912
CCR7,lymph_subtype,PTPRC_1,compartment,holdout_breast_cancer,0.18084235871664267,-0.5356417644250654,-0.7164841231417081
CCR7,lymph_subtype,PTPRC_2,compartment,holdout_breast_cancer,0.7176621848391065,0.6326433538786427,-0.08501883096046381
CCR7,lymph_subtype,SDC1,lymph_subtype,holdout_breast_cancer,0.44174424107865756,-0.8279770794621867,-1.2697213205408442
CCR7,lymph_subtype,VIM,compartment,holdout_breast_cancer,0.4948697061029319,0.8250444121518429,0.33017470604891097
CD14,compartment,ACTA2,compartment,holdout_tonsil,0.19088026224690222,0.5782495932234306,0.38736933097652837
CD14,compartment,BCL2,other,holdout_tonsil,-0.5291048874723889,-0.4150967276302609,0.11400815984212803
CD14,compartment,CCR7,lymph_subtype,holdout_tonsil,-0.13348325267838693,-0.1542525280372406,-0.020769275358853673
CD14,compartment,CD163,compartment,holdout_tonsil,-0.0189974142428883,-0.0207441387555314,-0.0017467245126430997
CD14,compartment,CD19,lymph_subtype,holdout_tonsil,0.17372447558291523,-0.2527417002791871,-0.42646617586210234
CD14,compartment,CD27,lymph_subtype,holdout_tonsil,-0.18822373942295773,-0.0991887279712186,0.08903501145173913
CD14,compartment,CD274,other,holdout_tonsil,0.4422499054340316,0.4327960099655358,-0.009453895468495788
CD14,compartment,CD3E,lymph_subtype,holdout_tonsil,0.5785500127796153,0.6221213964079378,0.04357138362832258
CD14,compartment,CD4,lymph_subtype,holdout_tonsil,-0.3082329703509156,-0.2616666763547321,0.046566293996183505
CD14,compartment,CD40,other,holdout_tonsil,-0.053693065590970875,-0.0675801458539366,-0.013887080262965722
CD14,compartment,CD68,compartment,holdout_tonsil,0.21913418013266994,0.1862448612617881,-0.03288931887088184
CD14,compartment,CD8A,lymph_subtype,holdout_tonsil,0.2413881217663142,0.278951099128044,0.03756297736172981
CD14,compartment,CEACAM8,other,holdout_tonsil,-0.4260425903265748,-0.4468606312696312,-0.020818040943056393
CD14,compartment,CR2,lymph_subtype,holdout_tonsil,-0.1382517234174861,-0.2608460884456657,-0.12259436502817961
CD14,compartment,CXCR5,lymph_subtype,holdout_tonsil,0.4825271873630844,0.6274648875796596,0.14493770021657515
CD14,compartment,EPCAM,compartment,holdout_tonsil,-0.09974849149818381,-0.0764010508785916,0.023347440619592208
CD14,compartment,FCGR3A,compartment,holdout_tonsil,-0.33092484605924966,-0.4017320530448824,-0.07080720698563275
CD14,compartment,HLA_DRA,compartment,holdout_tonsil,0.11185755970793833,0.1869460145799524,0.07508845487201408
CD14,compartment,ITGAM,compartment,holdout_tonsil,0.3449513329363778,0.1106517629503413,-0.23429956998603652
CD14,compartment,ITGAX,compartment,holdout_tonsil,0.05560701499660447,0.0012841489606157,-0.05432286603598877
CD14,compartment,KRT5,compartment,holdout_tonsil,0.633339374423359,0.5844502436410478,-0.04888913078231116
CD14,compartment,MS4A1,lymph_subtype,holdout_tonsil,-0.06663988468811219,0.0811340388429916,0.1477739235311038
CD14,compartment,PAX5,lymph_subtype,holdout_tonsil,0.05244436934421456,0.2069301912180413,0.15448582187382673
CD14,compartment,PCNA,other,holdout_tonsil,0.16072163502802733,0.065655642447369,-0.09506599258065833
CD14,compartment,PDCD1,lymph_subtype,holdout_tonsil,0.35732221177977125,0.4636645478117883,0.10634233603201704
CD14,compartment,PECAM1,compartment,holdout_tonsil,0.45088043703211833,0.4588275615628326,0.007947124530714278
CD14,compartment,PTPRC_1,compartment,holdout_tonsil,0.13242485287159145,0.0824249998728205,-0.04999985299877095
CD14,compartment,PTPRC_2,compartment,holdout_tonsil,0.5464316375862284,0.5015747713419576,-0.044856866244270766
CD14,compartment,SDC1,lymph_subtype,holdout_tonsil,0.0142999917038123,-0.0024547658561518,-0.016754757559964098
CD14,compartment,VIM,compartment,holdout_tonsil,0.48736319451528526,0.3258386825878887,-0.16152451192739659
CD14,compartment,ACTA2,compartment,holdout_breast_cancer,0.5301916371760159,0.4985064581522682,-0.031685179023747734
CD14,compartment,BCL2,other,holdout_breast_cancer,-0.7163455922334068,-0.7583960978025115,-0.042050505569104724
CD14,compartment,CCR7,lymph_subtype,holdout_breast_cancer,-0.1488036964312458,-0.3442233684377109,-0.1954196720064651
CD14,compartment,CD163,compartment,holdout_breast_cancer,-0.0248596939693795,-0.1146233455944749,-0.0897636516250954
CD14,compartment,CD19,lymph_subtype,holdout_breast_cancer,-0.02252376189019223,-0.0209937791675687,0.0015299827226235296
CD14,compartment,CD27,lymph_subtype,holdout_breast_cancer,0.4469517772220768,0.4491047396033545,0.002152962381277712
CD14,compartment,CD274,other,holdout_breast_cancer,0.5698100153676153,0.5648616735736953,-0.004948341793920008
CD14,compartment,CD3E,lymph_subtype,holdout_breast_cancer,0.688986143875616,0.6910071242850165,0.0020209804094005746
CD14,compartment,CD4,lymph_subtype,holdout_breast_cancer,0.012636089416034196,-0.2343436217048049,-0.2469797111208391
CD14,compartment,CD40,other,holdout_breast_cancer,-0.02812166665371555,-0.2473700871495394,-0.21924842049582385
CD14,compartment,CD68,compartment,holdout_breast_cancer,0.003069041621347927,0.0385540112340623,0.03548496961271438
CD14,compartment,CD8A,lymph_subtype,holdout_breast_cancer,0.5564110888554394,0.5486839227685527,-0.007727166086886728
CD14,compartment,CEACAM8,other,holdout_breast_cancer,-0.12201864670251072,-0.1339851385289739,-0.011966491826463171
CD14,compartment,CR2,lymph_subtype,holdout_breast_cancer,-0.3147693200739591,0.0029693566516265,0.3177386767255856
CD14,compartment,CXCR5,lymph_subtype,holdout_breast_cancer,0.6945929397395414,0.8129145147077111,0.11832157496816975
CD14,compartment,EPCAM,compartment,holdout_breast_cancer,0.3631061892579953,0.8848102584126654,0.52170406915467
CD14,compartment,FCGR3A,compartment,holdout_breast_cancer,-0.10072943101850998,0.0477488468464671,0.14847827786497708
CD14,compartment,HLA_DRA,compartment,holdout_breast_cancer,-0.12223866514975282,-0.4007886779098922,-0.27855001276013935
CD14,compartment,ITGAM,compartment,holdout_breast_cancer,0.37180197309524066,0.3869752011346593,0.015173228039418618
CD14,compartment,ITGAX,compartment,holdout_breast_cancer,0.2041040717943979,-0.0390481156760808,-0.2431521874704787
CD14,compartment,KRT5,compartment,holdout_breast_cancer,0.8710698201417606,0.8492007539502193,-0.021869066191541275
CD14,compartment,MS4A1,lymph_subtype,holdout_breast_cancer,-0.4483363928931986,-0.5879385221834297,-0.13960212929023108
CD14,compartment,PAX5,lymph_subtype,holdout_breast_cancer,-0.2905870748966174,-0.5326325749137474,-0.24204550001713
CD14,compartment,PCNA,other,holdout_breast_cancer,0.4668983816323744,0.8268660768382681,0.35996769520589367
CD14,compartment,PDCD1,lymph_subtype,holdout_breast_cancer,0.08599245814078815,0.4781769423787477,0.39218448423795954
CD14,compartment,PECAM1,compartment,holdout_breast_cancer,0.3104475484885266,0.2292250909891788,-0.08122245749934784
CD14,compartment,PTPRC_1,compartment,holdout_breast_cancer,0.18084235871664267,-0.4967509029304726,-0.6775932616471152
CD14,compartment,PTPRC_2,compartment,holdout_breast_cancer,0.7176621848391065,0.6348099319766677,-0.0828522528624388
CD14,compartment,SDC1,lymph_subtype,holdout_breast_cancer,0.44174424107865756,-0.8238625227699354,-1.265606763848593
CD14,compartment,VIM,compartment,holdout_breast_cancer,0.4948697061029319,0.5799283301561404,0.08505862405320852
CD163,compartment,ACTA2,compartment,holdout_tonsil,0.19088026224690222,0.5547179885562977,0.3638377263093955
CD163,compartment,BCL2,other,holdout_tonsil,-0.5291048874723889,-0.3905699755983107,0.13853491187407824
CD163,compartment,CCR7,lymph_subtype,holdout_tonsil,-0.13348325267838693,-0.1669204103751133,-0.033437157696726366
CD163,compartment,CD14,compartment,holdout_tonsil,-0.027696566175095572,-0.0828838255213265,-0.055187259346230935
CD163,compartment,CD19,lymph_subtype,holdout_tonsil,0.17372447558291523,-0.3925747470913973,-0.5662992226743125
CD163,compartment,CD27,lymph_subtype,holdout_tonsil,-0.18822373942295773,-0.0057993236954229,0.18242441572753482
CD163,compartment,CD274,other,holdout_tonsil,0.4422499054340316,0.4309769464669415,-0.011272958967090074
CD163,compartment,CD3E,lymph_subtype,holdout_tonsil,0.5785500127796153,0.6349069594841898,0.056356946704574584
CD163,compartment,CD4,lymph_subtype,holdout_tonsil,-0.3082329703509156,-0.2862290186335769,0.02200395171733871
CD163,compartment,CD40,other,holdout_tonsil,-0.053693065590970875,-0.0228881496153662,0.030804915975604676
CD163,compartment,CD68,compartment,holdout_tonsil,0.21913418013266994,0.178617322107668,-0.040516858025001934
CD163,compartment,CD8A,lymph_subtype,holdout_tonsil,0.2413881217663142,0.3389549382437249,0.09756681647741072
CD163,compartment,CEACAM8,other,holdout_tonsil,-0.4260425903265748,-0.4540068433482881,-0.027964253021713292
CD163,compartment,CR2,lymph_subtype,holdout_tonsil,-0.1382517234174861,-0.2641593293815475,-0.12590760596406142
CD163,compartment,CXCR5,lymph_subtype,holdout_tonsil,0.4825271873630844,0.6045281640047859,0.12200097664170151
CD163,compartment,EPCAM,compartment,holdout_tonsil,-0.09974849149818381,-0.0772791789375258,0.02246931256065801
CD163,compartment,FCGR3A,compartment,holdout_tonsil,-0.33092484605924966,-0.3999185881117629,-0.06899374205251324
CD163,compartment,HLA_DRA,compartment,holdout_tonsil,0.11185755970793833,0.174862389795556,0.06300483008761766
CD163,compartment,ITGAM,compartment,holdout_tonsil,0.3449513329363778,0.658135092207685,0.31318375927130715
CD163,compartment,ITGAX,compartment,holdout_tonsil,0.05560701499660447,-0.0723350426695351,-0.12794205766613956
CD163,compartment,KRT5,compartment,holdout_tonsil,0.633339374423359,0.6109152817091851,-0.022424092714173893
CD163,compartment,MS4A1,lymph_subtype,holdout_tonsil,-0.06663988468811219,0.0591958251506947,0.12583570983880688
CD163,compartment,PAX5,lymph_subtype,holdout_tonsil,0.05244436934421456,0.1839368419293482,0.13149247258513364
CD163,compartment,PCNA,other,holdout_tonsil,0.16072163502802733,0.0647796954551614,-0.09594193957286593
CD163,compartment,PDCD1,lymph_subtype,holdout_tonsil,0.35732221177977125,0.4559774445668782,0.09865523278710697
CD163,compartment,PECAM1,compartment,holdout_tonsil,0.45088043703211833,0.4649090629955268,0.014028625963408481
CD163,compartment,PTPRC_1,compartment,holdout_tonsil,0.13242485287159145,0.0733301872024596,-0.05909466566913185
CD163,compartment,PTPRC_2,compartment,holdout_tonsil,0.5464316375862284,0.5140104244929258,-0.03242121309330259
CD163,compartment,SDC1,lymph_subtype,holdout_tonsil,0.0142999917038123,-0.0205402192851576,-0.0348402109889699
CD163,compartment,VIM,compartment,holdout_tonsil,0.48736319451528526,0.427072322619243,-0.060290871896042264
CD163,compartment,ACTA2,compartment,holdout_breast_cancer,0.5301916371760159,0.4991828471341732,-0.031008790041842704
CD163,compartment,BCL2,other,holdout_breast_cancer,-0.7163455922334068,-0.7566207084867348,-0.040275116253328025
CD163,compartment,CCR7,lymph_subtype,holdout_breast_cancer,-0.1488036964312458,-0.3402338513180354,-0.1914301548867896
CD163,compartment,CD14,compartment,holdout_breast_cancer,0.11608934951240568,-0.1363086237231559,-0.25239797323556157
CD163,compartment,CD19,lymph_subtype,holdout_breast_cancer,-0.02252376189019223,-0.0208021995062269,0.0017215623839653277
CD163,compartment,CD27,lymph_subtype,holdout_breast_cancer,0.4469517772220768,0.449455372332717,0.002503595110640189
CD163,compartment,CD274,other,holdout_breast_cancer,0.5698100153676153,0.565321176686204,-0.004488838681411367
CD163,compartment,CD3E,lymph_subtype,holdout_breast_cancer,0.688986143875616,0.6891856949491795,0.00019955107356350865
CD163,compartment,CD4,lymph_subtype,holdout_breast_cancer,0.012636089416034196,-0.2328370569592904,-0.2454731463753246
CD163,compartment,CD40,other,holdout_breast_cancer,-0.02812166665371555,-0.2366168548405695,-0.20849518818685395
CD163,compartment,CD68,compartment,holdout_breast_cancer,0.003069041621347927,0.0403783660639322,0.03730932444258427
CD163,compartment,CD8A,lymph_subtype,holdout_breast_cancer,0.5564110888554394,0.5467579368935134,-0.009653151961926065
CD163,compartment,CEACAM8,other,holdout_breast_cancer,-0.12201864670251072,-0.1348889680350465,-0.012870321332535767
CD163,compartment,CR2,lymph_subtype,holdout_breast_cancer,-0.3147693200739591,0.1036611136475234,0.4184304337214825
CD163,compartment,CXCR5,lymph_subtype,holdout_breast_cancer,0.6945929397395414,0.81006604653825,0.11547310679870859
CD163,compartment,EPCAM,compartment,holdout_breast_cancer,0.3631061892579953,0.8845757128080652,0.5214695235500699
CD163,compartment,FCGR3A,compartment,holdout_breast_cancer,-0.10072943101850998,0.0424296598840074,0.14315909090251738
CD163,compartment,HLA_DRA,compartment,holdout_breast_cancer,-0.12223866514975282,-0.4077384162811118,-0.28549975113135895
CD163,compartment,ITGAM,compartment,holdout_breast_cancer,0.37180197309524066,0.3863422178110733,0.014540244715832651
CD163,compartment,ITGAX,compartment,holdout_breast_cancer,0.2041040717943979,-0.0272441558686738,-0.2313482276630717
CD163,compartment,KRT5,compartment,holdout_breast_cancer,0.8710698201417606,0.8476213166205535,-0.023448503521207087
CD163,compartment,MS4A1,lymph_subtype,holdout_breast_cancer,-0.4483363928931986,-0.5880641390731199,-0.13972774617992134
CD163,compartment,PAX5,lymph_subtype,holdout_breast_cancer,-0.2905870748966174,-0.5306779999520659,-0.2400909250554485
CD163,compartment,PCNA,other,holdout_breast_cancer,0.4668983816323744,0.8278636518685872,0.36096527023621283
CD163,compartment,PDCD1,lymph_subtype,holdout_breast_cancer,0.08599245814078815,0.4410537212628931,0.35506126312210495
CD163,compartment,PECAM1,compartment,holdout_breast_cancer,0.3104475484885266,0.2343534694117534,-0.07609407907677324
CD163,compartment,PTPRC_1,compartment,holdout_breast_cancer,0.18084235871664267,-0.5096658912622438,-0.6905082499788865
CD163,compartment,PTPRC_2,compartment,holdout_breast_cancer,0.7176621848391065,0.6314069344617922,-0.0862552503773143
CD163,compartment,SDC1,lymph_subtype,holdout_breast_cancer,0.44174424107865756,-0.8262104256919183,-1.2679546667705759
CD163,compartment,VIM,compartment,holdout_breast_cancer,0.4948697061029319,0.4364398840352439,-0.058429822067687986
CD19,lymph_subtype,ACTA2,compartment,holdout_tonsil,0.19088026224690222,0.525008649620829,0.3341283873739268
CD19,lymph_subtype,BCL2,other,holdout_tonsil,-0.5291048874723889,-0.4159910408144146,0.1131138466579743
CD19,lymph_subtype,CCR7,lymph_subtype,holdout_tonsil,-0.13348325267838693,-0.1902459084292008,-0.05676265575081388
CD19,lymph_subtype,CD14,compartment,holdout_tonsil,-0.027696566175095572,-0.0850592370046467,-0.05736267082955113
CD19,lymph_subtype,CD163,compartment,holdout_tonsil,-0.0189974142428883,-0.0337601429926003,-0.014762728749712
CD19,lymph_subtype,CD27,lymph_subtype,holdout_tonsil,-0.18822373942295773,-0.1439840339883455,0.044239705434612225
CD19,lymph_subtype,CD274,other,holdout_tonsil,0.4422499054340316,0.4700999520531539,0.027850046619122326
CD19,lymph_subtype,CD3E,lymph_subtype,holdout_tonsil,0.5785500127796153,0.812944068155187,0.23439405537557179
CD19,lymph_subtype,CD4,lymph_subtype,holdout_tonsil,-0.3082329703509156,-0.2926059896273544,0.015626980723561223
CD19,lymph_subtype,CD40,other,holdout_tonsil,-0.053693065590970875,-0.1132423521196385,-0.05954928652866762
CD19,lymph_subtype,CD68,compartment,holdout_tonsil,0.21913418013266994,0.1879472180513079,-0.03118696208136204
CD19,lymph_subtype,CD8A,lymph_subtype,holdout_tonsil,0.2413881217663142,0.3996978405837122,0.15830971881739803
CD19,lymph_subtype,CEACAM8,other,holdout_tonsil,-0.4260425903265748,-0.4550353751038846,-0.028992784777309766
CD19,lymph_subtype,CR2,lymph_subtype,holdout_tonsil,-0.1382517234174861,-0.2511104160173494,-0.11285869259986331
CD19,lymph_subtype,CXCR5,lymph_subtype,holdout_tonsil,0.4825271873630844,0.5986754587083429,0.11614827134525851
CD19,lymph_subtype,EPCAM,compartment,holdout_tonsil,-0.09974849149818381,-0.0749820560941283,0.024766435404055515
CD19,lymph_subtype,FCGR3A,compartment,holdout_tonsil,-0.33092484605924966,-0.4089111460669021,-0.07798630000765244
CD19,lymph_subtype,HLA_DRA,compartment,holdout_tonsil,0.11185755970793833,0.1814210560202696,0.06956349631233126
CD19,lymph_subtype,ITGAM,compartment,holdout_tonsil,0.3449513329363778,0.5842578879189514,0.23930655498257358
CD19,lymph_subtype,ITGAX,compartment,holdout_tonsil,0.05560701499660447,0.0267941936679991,-0.028812821328605367
CD19,lymph_subtype,KRT5,compartment,holdout_tonsil,0.633339374423359,0.6074704849375876,-0.025868889485771374
CD19,lymph_subtype,MS4A1,lymph_subtype,holdout_tonsil,-0.06663988468811219,0.0564660293847674,0.12310591407287959
CD19,lymph_subtype,PAX5,lymph_subtype,holdout_tonsil,0.05244436934421456,0.1668676505571,0.11442328121288545
CD19,lymph_subtype,PCNA,other,holdout_tonsil,0.16072163502802733,0.0812891057013629,-0.07943252932666443
CD19,lymph_subtype,PDCD1,lymph_subtype,holdout_tonsil,0.35732221177977125,0.4694903891112122,0.11216817733144097
CD19,lymph_subtype,PECAM1,compartment,holdout_tonsil,0.45088043703211833,0.401913051816017,-0.04896738521610133
CD19,lymph_subtype,PTPRC_1,compartment,holdout_tonsil,0.13242485287159145,0.0873818667543417,-0.045042986117249745
CD19,lymph_subtype,PTPRC_2,compartment,holdout_tonsil,0.5464316375862284,0.4961875314700572,-0.050244106116171194
CD19,lymph_subtype,SDC1,lymph_subtype,holdout_tonsil,0.0142999917038123,-0.0050255524543409,-0.0193255441581532
CD19,lymph_subtype,VIM,compartment,holdout_tonsil,0.48736319451528526,0.5066909078287382,0.0193277133134529
CD19,lymph_subtype,ACTA2,compartment,holdout_breast_cancer,0.5301916371760159,0.4918660084276288,-0.03832562874838713
CD19,lymph_subtype,BCL2,other,holdout_breast_cancer,-0.7163455922334068,-0.7535120696704274,-0.03716647743702062
CD19,lymph_subtype,CCR7,lymph_subtype,holdout_breast_cancer,-0.1488036964312458,-0.3408590767802451,-0.19205538034899927
CD19,lymph_subtype,CD14,compartment,holdout_breast_cancer,0.11608934951240568,-0.146957721901687,-0.26304707141409267
CD19,lymph_subtype,CD163,compartment,holdout_breast_cancer,-0.0248596939693795,-0.1431416020164874,-0.1182819080471079
CD19,lymph_subtype,CD27,lymph_subtype,holdout_breast_cancer,0.4469517772220768,0.455560771262218,0.008608994040141205
CD19,lymph_subtype,CD274,other,holdout_breast_cancer,0.5698100153676153,0.5682723833726312,-0.0015376319949841344
CD19,lymph_subtype,CD3E,lymph_subtype,holdout_breast_cancer,0.688986143875616,0.6948350430686628,0.005848899193046875
CD19,lymph_subtype,CD4,lymph_subtype,holdout_breast_cancer,0.012636089416034196,-0.2286734636899104,-0.2413095531059446
CD19,lymph_subtype,CD40,other,holdout_breast_cancer,-0.02812166665371555,-0.1942117782205172,-0.16609011156680165
CD19,lymph_subtype,CD68,compartment,holdout_breast_cancer,0.003069041621347927,0.0383173480285923,0.03524830640724438
CD19,lymph_subtype,CD8A,lymph_subtype,holdout_breast_cancer,0.5564110888554394,0.5516890975514235,-0.00472199130401596
CD19,lymph_subtype,CEACAM8,other,holdout_breast_cancer,-0.12201864670251072,-0.1368975885740017,-0.01487894187149097
CD19,lymph_subtype,CR2,lymph_subtype,holdout_breast_cancer,-0.3147693200739591,0.0233830260036034,0.3381523460775625
CD19,lymph_subtype,CXCR5,lymph_subtype,holdout_breast_cancer,0.6945929397395414,0.8086356461261968,0.11404270638665537
CD19,lymph_subtype,EPCAM,compartment,holdout_breast_cancer,0.3631061892579953,0.8901283376883793,0.527022148430384
CD19,lymph_subtype,FCGR3A,compartment,holdout_breast_cancer,-0.10072943101850998,0.0854824227656689,0.18621185378417887
CD19,lymph_subtype,HLA_DRA,compartment,holdout_breast_cancer,-0.12223866514975282,-0.4092838489221214,-0.28704518377236854
CD19,lymph_subtype,ITGAM,compartment,holdout_breast_cancer,0.37180197309524066,0.3851729904847735,0.013371017389532835
CD19,lymph_subtype,ITGAX,compartment,holdout_breast_cancer,0.2041040717943979,0.1521555603892342,-0.05194851140516371
CD19,lymph_subtype,KRT5,compartment,holdout_breast_cancer,0.8710698201417606,0.8515439073651765,-0.01952591277658411
CD19,lymph_subtype,MS4A1,lymph_subtype,holdout_breast_cancer,-0.4483363928931986,-0.596839704948575,-0.14850331205537637
CD19,lymph_subtype,PAX5,lymph_subtype,holdout_breast_cancer,-0.2905870748966174,-0.5449885001025053,-0.25440142520588793
CD19,lymph_subtype,PCNA,other,holdout_breast_cancer,0.4668983816323744,0.8275764967356541,0.36067811510327974
CD19,lymph_subtype,PDCD1,lymph_subtype,holdout_breast_cancer,0.08599245814078815,0.3554256593532647,0.26943320121247655
CD19,lymph_subtype,PECAM1,compartment,holdout_breast_cancer,0.3104475484885266,0.2309876352092999,-0.07945991327922672
CD19,lymph_subtype,PTPRC_1,compartment,holdout_breast_cancer,0.18084235871664267,-0.4897783490252843,-0.670620707741927
CD19,lymph_subtype,PTPRC_2,compartment,holdout_breast_cancer,0.7176621848391065,0.6394056784858904,-0.07825650635321613
CD19,lymph_subtype,SDC1,lymph_subtype,holdout_breast_cancer,0.44174424107865756,-0.828059674571233,-1.2698039156498906
CD19,lymph_subtype,VIM,compartment,holdout_breast_cancer,0.4948697061029319,-0.5983343527049793,-1.093204058807911
CD27,lymph_subtype,ACTA2,compartment,holdout_tonsil,0.19088026224690222,0.6071288595295568,0.4162485972826545
CD27,lymph_subtype,BCL2,other,holdout_tonsil,-0.5291048874723889,-0.4916403963972167,0.037464491075172246
CD27,lymph_subtype,CCR7,lymph_subtype,holdout_tonsil,-0.13348325267838693,-0.2410034943837639,-0.10752024170537697
CD27,lymph_subtype,CD14,compartment,holdout_tonsil,-0.027696566175095572,-0.0805916444984856,-0.052895078323390035
CD27,lymph_subtype,CD163,compartment,holdout_tonsil,-0.0189974142428883,-0.0552489252334247,-0.036251510990536404
CD27,lymph_subtype,CD19,lymph_subtype,holdout_tonsil,0.17372447558291523,0.0391149062883175,-0.13460956929459772
CD27,lymph_subtype,CD274,other,holdout_tonsil,0.4422499054340316,0.4296445117187129,-0.012605393715318713
CD27,lymph_subtype,CD3E,lymph_subtype,holdout_tonsil,0.5785500127796153,0.7973315302927138,0.2187815175130985
CD27,lymph_subtype,CD4,lymph_subtype,holdout_tonsil,-0.3082329703509156,-0.316397843314444,-0.008164872963528358
CD27,lymph_subtype,CD40,other,holdout_tonsil,-0.053693065590970875,-0.1232958930431484,-0.06960282745217752
CD27,lymph_subtype,CD68,compartment,holdout_tonsil,0.21913418013266994,0.2013261577762317,-0.017808022356438247
CD27,lymph_subtype,CD8A,lymph_subtype,holdout_tonsil,0.2413881217663142,0.4715665484163105,0.23017842664999633
CD27,lymph_subtype,CEACAM8,other,holdout_tonsil,-0.4260425903265748,-0.4411083163249708,-0.015065725998395951
CD27,lymph_subtype,CR2,lymph_subtype,holdout_tonsil,-0.1382517234174861,-0.2355751001596416,-0.09732337674215549
CD27,lymph_subtype,CXCR5,lymph_subtype,holdout_tonsil,0.4825271873630844,0.558351972803292,0.07582478544020754
CD27,lymph_subtype,EPCAM,compartment,holdout_tonsil,-0.09974849149818381,-0.1006167060887289,-0.0008682145905450911
CD27,lymph_subtype,FCGR3A,compartment,holdout_tonsil,-0.33092484605924966,-0.3594548474183195,-0.028530001359069856
CD27,lymph_subtype,HLA_DRA,compartment,holdout_tonsil,0.11185755970793833,0.1927954311079294,0.08093787139999108
CD27,lymph_subtype,ITGAM,compartment,holdout_tonsil,0.3449513329363778,0.1255846992143938,-0.219366633721984
CD27,lymph_subtype,ITGAX,compartment,holdout_tonsil,0.05560701499660447,0.0131462802355908,-0.04246073476101367
CD27,lymph_subtype,KRT5,compartment,holdout_tonsil,0.633339374423359,0.6013730817051579,-0.03196629271820106
CD27,lymph_subtype,MS4A1,lymph_subtype,holdout_tonsil,-0.06663988468811219,0.003414746234846,0.07005463092295819
CD27,lymph_subtype,PAX5,lymph_subtype,holdout_tonsil,0.05244436934421456,0.1054575069006471,0.05301313755643255
CD27,lymph_subtype,PCNA,other,holdout_tonsil,0.16072163502802733,0.1502241696257534,-0.01049746540227392
CD27,lymph_subtype,PDCD1,lymph_subtype,holdout_tonsil,0.35732221177977125,0.4406517257505321,0.08332951397076083
CD27,lymph_subtype,PECAM1,compartment,holdout_tonsil,0.45088043703211833,0.3355124458145672,-0.11536799121755115
CD27,lymph_subtype,PTPRC_1,compartment,holdout_tonsil,0.13242485287159145,-0.0042455985573637,-0.13667045142895515
CD27,lymph_subtype,PTPRC_2,compartment,holdout_tonsil,0.5464316375862284,0.5177384252348411,-0.02869321235138722
CD27,lymph_subtype,SDC1,lymph_subtype,holdout_tonsil,0.0142999917038123,0.018434005430403,0.004134013726590701
CD27,lymph_subtype,VIM,compartment,holdout_tonsil,0.48736319451528526,0.4919336402977357,0.004570445782450416
CD27,lymph_subtype,ACTA2,compartment,holdout_breast_cancer,0.5301916371760159,0.4874776956433457,-0.04271394153267022
CD27,lymph_subtype,BCL2,other,holdout_breast_cancer,-0.7163455922334068,-0.7529708050572893,-0.036625212823882536
CD27,lymph_subtype,CCR7,lymph_subtype,holdout_breast_cancer,-0.1488036964312458,-0.3401720579392744,-0.1913683615080286
CD27,lymph_subtype,CD14,compartment,holdout_breast_cancer,0.11608934951240568,-0.1418687259291751,-0.2579580754415808
CD27,lymph_subtype,CD163,compartment,holdout_breast_cancer,-0.0248596939693795,-0.13941648393514,-0.1145567899657605
CD27,lymph_subtype,CD19,lymph_subtype,holdout_breast_cancer,-0.02252376189019223,-0.1006003304796622,-0.07807656858946997
CD27,lymph_subtype,CD274,other,holdout_breast_cancer,0.5698100153676153,0.5600753548746603,-0.009734660492955016
CD27,lymph_subtype,CD3E,lymph_subtype,holdout_breast_cancer,0.688986143875616,0.6958805803440038,0.006894436468387832
CD27,lymph_subtype,CD4,lymph_subtype,holdout_breast_cancer,0.012636089416034196,-0.2202831636728052,-0.2329192530888394
CD27,lymph_subtype,CD40,other,holdout_breast_cancer,-0.02812166665371555,-0.2378278562321238,-0.20970618957840825
CD27,lymph_subtype,CD68,compartment,holdout_breast_cancer,0.003069041621347927,0.0367747738520298,0.03370573223068187
CD27,lymph_subtype,CD8A,lymph_subtype,holdout_breast_cancer,0.5564110888554394,0.5514791296298258,-0.004931959225613625
CD27,lymph_subtype,CEACAM8,other,holdout_breast_cancer,-0.12201864670251072,-0.1399690677290703,-0.017950421026559582
CD27,lymph_subtype,CR2,lymph_subtype,holdout_breast_cancer,-0.3147693200739591,-0.3374272326098778,-0.0226579125359187
CD27,lymph_subtype,CXCR5,lymph_subtype,holdout_breast_cancer,0.6945929397395414,0.7437960139209262,0.04920307418138481
CD27,lymph_subtype,EPCAM,compartment,holdout_breast_cancer,0.3631061892579953,0.8880085200164991,0.5249023307585038
CD27,lymph_subtype,FCGR3A,compartment,holdout_breast_cancer,-0.10072943101850998,0.0697995584040357,0.17052898942254568
CD27,lymph_subtype,HLA_DRA,compartment,holdout_breast_cancer,-0.12223866514975282,-0.4207677029243988,-0.298529037774646
CD27,lymph_subtype,ITGAM,compartment,holdout_breast_cancer,0.37180197309524066,0.3812053510664303,0.00940337797118962
CD27,lymph_subtype,ITGAX,compartment,holdout_breast_cancer,0.2041040717943979,0.30969094784345,0.10558687604905212
CD27,lymph_subtype,KRT5,compartment,holdout_breast_cancer,0.8710698201417606,0.8522877085476007,-0.018782111594159878
CD27,lymph_subtype,MS4A1,lymph_subtype,holdout_breast_cancer,-0.4483363928931986,-0.5985285603322869,-0.15019216743908825
CD27,lymph_subtype,PAX5,lymph_subtype,holdout_breast_cancer,-0.2905870748966174,-0.5457284338988404,-0.255141359002223
CD27,lymph_subtype,PCNA,other,holdout_breast_cancer,0.4668983816323744,0.828801148635832,0.3619027670034576
CD27,lymph_subtype,PDCD1,lymph_subtype,holdout_breast_cancer,0.08599245814078815,0.3622129064844098,0.27622044834362164
CD27,lymph_subtype,PECAM1,compartment,holdout_breast_cancer,0.3104475484885266,0.228585200505535,-0.08186234798299163
CD27,lymph_subtype,PTPRC_1,compartment,holdout_breast_cancer,0.18084235871664267,-0.5310471995210845,-0.7118895582377271
CD27,lymph_subtype,PTPRC_2,compartment,holdout_breast_cancer,0.7176621848391065,0.6406465092313071,-0.07701567560779943
CD27,lymph_subtype,SDC1,lymph_subtype,holdout_breast_cancer,0.44174424107865756,-0.8222785587364434,-1.264022799815101
CD27,lymph_subtype,VIM,compartment,holdout_breast_cancer,0.4948697061029319,0.8193077265504417,0.3244380204475098
CD274,other,ACTA2,compartment,holdout_tonsil,0.19088026224690222,0.5881947514239626,0.39731448917706036
CD274,other,BCL2,other,holdout_tonsil,-0.5291048874723889,-0.3906655486660479,0.13843933880634102
CD274,other,CCR7,lymph_subtype,holdout_tonsil,-0.13348325267838693,-0.1237715849849858,0.009711667693401121
CD274,other,CD14,compartment,holdout_tonsil,-0.027696566175095572,-0.0427533261968502,-0.015056760021754625
CD274,other,CD163,compartment,holdout_tonsil,-0.0189974142428883,0.0003518422156131,0.0193492564585014
CD274,other,CD19,lymph_subtype,holdout_tonsil,0.17372447558291523,0.0314982722379683,-0.14222620334494693
CD274,other,CD27,lymph_subtype,holdout_tonsil,-0.18822373942295773,0.0026411660020016,0.19086490542495932
CD274,other,CD3E,lymph_subtype,holdout_tonsil,0.5785500127796153,0.7091337408035717,0.13058372802395646
CD274,other,CD4,lymph_subtype,holdout_tonsil,-0.3082329703509156,-0.2412937892610192,0.06693918108989644
CD274,other,CD40,other,holdout_tonsil,-0.053693065590970875,-0.1187198548972646,-0.06502678930629371
CD274,other,CD68,compartment,holdout_tonsil,0.21913418013266994,0.1773429806648417,-0.04179119946782825
CD274,other,CD8A,lymph_subtype,holdout_tonsil,0.2413881217663142,0.2506166443943664,0.009228522628052183
CD274,other,CEACAM8,other,holdout_tonsil,-0.4260425903265748,-0.4520872484145362,-0.02604465808796136
CD274,other,CR2,lymph_subtype,holdout_tonsil,-0.1382517234174861,-0.2390334397133847,-0.1007817162958986
CD274,other,CXCR5,lymph_subtype,holdout_tonsil,0.4825271873630844,0.6424944611684206,0.15996727380533615
CD274,other,EPCAM,compartment,holdout_tonsil,-0.09974849149818381,-0.0463144453033033,0.053434046194880506
CD274,other,FCGR3A,compartment,holdout_tonsil,-0.33092484605924966,-0.4185804718791918,-0.08765562581994213
CD274,other,HLA_DRA,compartment,holdout_tonsil,0.11185755970793833,0.2156557430921318,0.10379818338419348
CD274,other,ITGAM,compartment,holdout_tonsil,0.3449513329363778,0.2688488396246843,-0.0761024933116935
CD274,other,ITGAX,compartment,holdout_tonsil,0.05560701499660447,0.0265695575692297,-0.02903745742737477
CD274,other,KRT5,compartment,holdout_tonsil,0.633339374423359,0.582656114017361,-0.05068326040599802
CD274,other,MS4A1,lymph_subtype,holdout_tonsil,-0.06663988468811219,0.076657151454475,0.1432970361425872
CD274,other,PAX5,lymph_subtype,holdout_tonsil,0.05244436934421456,0.2243243259857583,0.17187995664154374
CD274,other,PCNA,other,holdout_tonsil,0.16072163502802733,0.0316641930423896,-0.12905744198563773
CD274,other,PDCD1,lymph_subtype,holdout_tonsil,0.35732221177977125,0.4716955556271375,0.11437334384736625
CD274,other,PECAM1,compartment,holdout_tonsil,0.45088043703211833,0.5485050360111438,0.09762459897902542
CD274,other,PTPRC_1,compartment,holdout_tonsil,0.13242485287159145,0.034385826934182,-0.09803902593740946
CD274,other,PTPRC_2,compartment,holdout_tonsil,0.5464316375862284,0.4538044065106983,-0.09262723107553006
CD274,other,SDC1,lymph_subtype,holdout_tonsil,0.0142999917038123,0.0106068973242338,-0.0036930943795784998
CD274,other,VIM,compartment,holdout_tonsil,0.48736319451528526,0.4014215344591545,-0.08594166005613074
CD274,other,ACTA2,compartment,holdout_breast_cancer,0.5301916371760159,0.4759943066116148,-0.054197330564401125
CD274,other,BCL2,other,holdout_breast_cancer,-0.7163455922334068,-0.7620822366912622,-0.04573664445785541
CD274,other,CCR7,lymph_subtype,holdout_breast_cancer,-0.1488036964312458,-0.3690574306310736,-0.2202537341998278
CD274,other,CD14,compartment,holdout_breast_cancer,0.11608934951240568,-0.1767646729653651,-0.2928540224777708
CD274,other,CD163,compartment,holdout_breast_cancer,-0.0248596939693795,-0.1812415307828978,-0.15638183681351828
CD274,other,CD19,lymph_subtype,holdout_breast_cancer,-0.02252376189019223,-0.0550134560511787,-0.032489694160986474
CD274,other,CD27,lymph_subtype,holdout_breast_cancer,0.4469517772220768,0.4282329978868832,-0.018718779335193614
CD274,other,CD3E,lymph_subtype,holdout_breast_cancer,0.688986143875616,0.6934626112573214,0.0044764673817054845
CD274,other,CD4,lymph_subtype,holdout_breast_cancer,0.012636089416034196,-0.2690156192115543,-0.2816517086275885
CD274,other,CD40,other,holdout_breast_cancer,-0.02812166665371555,-0.1353363703191734,-0.10721470366545785
CD274,other,CD68,compartment,holdout_breast_cancer,0.003069041621347927,0.077640059991679,0.07457101837033107
CD274,other,CD8A,lymph_subtype,holdout_breast_cancer,0.5564110888554394,0.54471560816709,-0.011695480688349469
CD274,other,CEACAM8,other,holdout_breast_cancer,-0.12201864670251072,-0.1293483897623335,-0.007329743059822785
CD274,other,CR2,lymph_subtype,holdout_breast_cancer,-0.3147693200739591,-0.3644925909076645,-0.049723270833705424
CD274,other,CXCR5,lymph_subtype,holdout_breast_cancer,0.6945929397395414,0.2697504881668203,-0.4248424515727211
CD274,other,EPCAM,compartment,holdout_breast_cancer,0.3631061892579953,0.8916278795274196,0.5285216902694243
CD274,other,FCGR3A,compartment,holdout_breast_cancer,-0.10072943101850998,0.190986179922859,0.291715610941369
CD274,other,HLA_DRA,compartment,holdout_breast_cancer,-0.12223866514975282,-0.4002670915331684,-0.2780284263834156
CD274,other,ITGAM,compartment,holdout_breast_cancer,0.37180197309524066,0.407761821421367,0.035959848326126365
CD274,other,ITGAX,compartment,holdout_breast_cancer,0.2041040717943979,-0.0882039772149431,-0.292308049009341
CD274,other,KRT5,compartment,holdout_breast_cancer,0.8710698201417606,0.8547870558444197,-0.01628276429734088
CD274,other,MS4A1,lymph_subtype,holdout_breast_cancer,-0.4483363928931986,-0.5765320003875202,-0.12819560749432157
CD274,other,PAX5,lymph_subtype,holdout_breast_cancer,-0.2905870748966174,-0.5415786234074661,-0.2509915485108487
CD274,other,PCNA,other,holdout_breast_cancer,0.4668983816323744,0.8318176648832993,0.36491928325092493
CD274,other,PDCD1,lymph_subtype,holdout_breast_cancer,0.08599245814078815,0.3348908229485611,0.24889836480777294
CD274,other,PECAM1,compartment,holdout_breast_cancer,0.3104475484885266,0.2598774938909285,-0.05057005459759811
CD274,other,PTPRC_1,compartment,holdout_breast_cancer,0.18084235871664267,-0.4443690171296955,-0.6252113758463382
CD274,other,PTPRC_2,compartment,holdout_breast_cancer,0.7176621848391065,0.6300248590745453,-0.08763732576456118
CD274,other,SDC1,lymph_subtype,holdout_breast_cancer,0.44174424107865756,-0.8315303607945613,-1.2732746018732188
CD274,other,VIM,compartment,holdout_breast_cancer,0.4948697061029319,-0.7258822483420756,-1.2207519544450074
CD3E,lymph_subtype,ACTA2,compartment,holdout_tonsil,0.19088026224690222,0.6038637822852182,0.41298352003831595
CD3E,lymph_subtype,BCL2,other,holdout_tonsil,-0.5291048874723889,-0.3916920556266605,0.13741283184572844
CD3E,lymph_subtype,CCR7,lymph_subtype,holdout_tonsil,-0.13348325267838693,-0.1603873010568273,-0.026904048378440376
CD3E,lymph_subtype,CD14,compartment,holdout_tonsil,-0.027696566175095572,-0.0927129852865155,-0.06501641911141993
CD3E,lymph_subtype,CD163,compartment,holdout_tonsil,-0.0189974142428883,-0.0653128361587051,-0.04631542191581681
CD3E,lymph_subtype,CD19,lymph_subtype,holdout_tonsil,0.17372447558291523,0.3337520177603292,0.16002754217741397
CD3E,lymph_subtype,CD27,lymph_subtype,holdout_tonsil,-0.18822373942295773,0.2021676132790738,0.3903913527020315
CD3E,lymph_subtype,CD274,other,holdout_tonsil,0.4422499054340316,0.3973201748391786,-0.044929730594853
CD3E,lymph_subtype,CD4,lymph_subtype,holdout_tonsil,-0.3082329703509156,-0.3022604940334172,0.005972476317498421
CD3E,lymph_subtype,CD40,other,holdout_tonsil,-0.053693065590970875,-0.1705667996211233,-0.11687373403015244
CD3E,lymph_subtype,CD68,compartment,holdout_tonsil,0.21913418013266994,0.1520504199935429,-0.06708376013912704
CD3E,lymph_subtype,CD8A,lymph_subtype,holdout_tonsil,0.2413881217663142,0.2298654433371309,-0.01152267842918328
CD3E,lymph_subtype,CEACAM8,other,holdout_tonsil,-0.4260425903265748,-0.4502839539683909,-0.02424136364181606
CD3E,lymph_subtype,CR2,lymph_subtype,holdout_tonsil,-0.1382517234174861,-0.298497442886066,-0.1602457194685799
CD3E,lymph_subtype,CXCR5,lymph_subtype,holdout_tonsil,0.4825271873630844,0.6521563207296488,0.16962913336656438
CD3E,lymph_subtype,EPCAM,compartment,holdout_tonsil,-0.09974849149818381,-0.1142370793132668,-0.014488587815082998
CD3E,lymph_subtype,FCGR3A,compartment,holdout_tonsil,-0.33092484605924966,-0.3855549902141145,-0.054630144154864835
CD3E,lymph_subtype,HLA_DRA,compartment,holdout_tonsil,0.11185755970793833,0.1901013034980838,0.07824374379014547
CD3E,lymph_subtype,ITGAM,compartment,holdout_tonsil,0.3449513329363778,0.2130538770223406,-0.1318974559140372
CD3E,lymph_subtype,ITGAX,compartment,holdout_tonsil,0.05560701499660447,0.1300907090080669,0.07448369401146243
CD3E,lymph_subtype,KRT5,compartment,holdout_tonsil,0.633339374423359,0.6062729671745648,-0.027066407248794166
CD3E,lymph_subtype,MS4A1,lymph_subtype,holdout_tonsil,-0.06663988468811219,0.0898866531062422,0.15652653779435438
CD3E,lymph_subtype,PAX5,lymph_subtype,holdout_tonsil,0.05244436934421456,0.2283817688813819,0.17593739953716733
CD3E,lymph_subtype,PCNA,other,holdout_tonsil,0.16072163502802733,-0.0215826672062588,-0.18230430223428612
CD3E,lymph_subtype,PDCD1,lymph_subtype,holdout_tonsil,0.35732221177977125,0.4922317069665471,0.13490949518677586
CD3E,lymph_subtype,PECAM1,compartment,holdout_tonsil,0.45088043703211833,0.4483459792018365,-0.0025344578302818332
CD3E,lymph_subtype,PTPRC_1,compartment,holdout_tonsil,0.13242485287159145,0.0854209234717766,-0.04700392939981485
CD3E,lymph_subtype,PTPRC_2,compartment,holdout_tonsil,0.5464316375862284,0.4892071197465407,-0.05722451783968768
CD3E,lymph_subtype,SDC1,lymph_subtype,holdout_tonsil,0.0142999917038123,-0.039877724135045,-0.0541777158388573
CD3E,lymph_subtype,VIM,compartment,holdout_tonsil,0.48736319451528526,0.521292703483043,0.03392950896775776
CD3E,lymph_subtype,ACTA2,compartment,holdout_breast_cancer,0.5301916371760159,0.5383070607932767,0.008115423617260809
CD3E,lymph_subtype,BCL2,other,holdout_breast_cancer,-0.7163455922334068,-0.7288243598930102,-0.01247876765960343
CD3E,lymph_subtype,CCR7,lymph_subtype,holdout_breast_cancer,-0.1488036964312458,-0.2701234325978849,-0.1213197361666391
CD3E,lymph_subtype,CD14,compartment,holdout_breast_cancer,0.11608934951240568,0.0448563988072891,-0.07123295070511658
CD3E,lymph_subtype,CD163,compartment,holdout_breast_cancer,-0.0248596939693795,-0.1856613597135355,-0.160801665744156
CD3E,lymph_subtype,CD19,lymph_subtype,holdout_breast_cancer,-0.02252376189019223,-0.1448389492991202,-0.12231518740892797
CD3E,lymph_subtype,CD27,lymph_subtype,holdout_breast_cancer,0.4469517772220768,0.4602505161949783,0.013298738972901514
CD3E,lymph_subtype,CD274,other,holdout_breast_cancer,0.5698100153676153,0.5555891411639378,-0.01422087420367757
CD3E,lymph_subtype,CD4,lymph_subtype,holdout_breast_cancer,0.012636089416034196,0.084771014277527,0.0721349248614928
CD3E,lymph_subtype,CD40,other,holdout_breast_cancer,-0.02812166665371555,-0.1776029397903641,-0.14948127313664855
CD3E,lymph_subtype,CD68,compartment,holdout_breast_cancer,0.003069041621347927,0.0252807914154585,0.022211749794110575
CD3E,lymph_subtype,CD8A,lymph_subtype,holdout_breast_cancer,0.5564110888554394,0.5617277037799484,0.005316614924508967
CD3E,lymph_subtype,CEACAM8,other,holdout_breast_cancer,-0.12201864670251072,-0.1307247582158411,-0.008706111513330367
CD3E,lymph_subtype,CR2,lymph_subtype,holdout_breast_cancer,-0.3147693200739591,-0.1058327715345728,0.20893654853938629
CD3E,lymph_subtype,CXCR5,lymph_subtype,holdout_breast_cancer,0.6945929397395414,0.6925511096595086,-0.0020418300800327804
CD3E,lymph_subtype,EPCAM,compartment,holdout_breast_cancer,0.3631061892579953,0.3025962123643674,-0.060509976893627915
CD3E,lymph_subtype,FCGR3A,compartment,holdout_breast_cancer,-0.10072943101850998,-0.2095828092608065,-0.10885337824229652
CD3E,lymph_subtype,HLA_DRA,compartment,holdout_breast_cancer,-0.12223866514975282,-0.2916375014115107,-0.16939883626175786
CD3E,lymph_subtype,ITGAM,compartment,holdout_breast_cancer,0.37180197309524066,0.3282229905875649,-0.04357898250767578
CD3E,lymph_subtype,ITGAX,compartment,holdout_breast_cancer,0.2041040717943979,0.291664815651319,0.08756074385692111
CD3E,lymph_subtype,KRT5,compartment,holdout_breast_cancer,0.8710698201417606,0.8727513357908384,0.0016815156490778138
CD3E,lymph_subtype,MS4A1,lymph_subtype,holdout_breast_cancer,-0.4483363928931986,-0.4821384812276955,-0.03380208833449688
CD3E,lymph_subtype,PAX5,lymph_subtype,holdout_breast_cancer,-0.2905870748966174,-0.2502798696566434,0.040307205239974
CD3E,lymph_subtype,PCNA,other,holdout_breast_cancer,0.4668983816323744,0.5340866162715596,0.06718823463918522
CD3E,lymph_subtype,PDCD1,lymph_subtype,holdout_breast_cancer,0.08599245814078815,0.3464046832015981,0.26041222506080997
CD3E,lymph_subtype,PECAM1,compartment,holdout_breast_cancer,0.3104475484885266,0.4664798145448529,0.15603226605632625
CD3E,lymph_subtype,PTPRC_1,compartment,holdout_breast_cancer,0.18084235871664267,-0.4071650561998958,-0.5880074149165384
CD3E,lymph_subtype,PTPRC_2,compartment,holdout_breast_cancer,0.7176621848391065,0.6562365004270198,-0.061425684412086734
CD3E,lymph_subtype,SDC1,lymph_subtype,holdout_breast_cancer,0.44174424107865756,-0.8181337727616127,-1.2598780138402703
CD3E,lymph_subtype,VIM,compartment,holdout_breast_cancer,0.4948697061029319,0.001331181508293,-0.4935385245946389
CD4,lymph_subtype,ACTA2,compartment,holdout_tonsil,0.19088026224690222,0.1423742319275013,-0.04850603031940093
CD4,lymph_subtype,BCL2,other,holdout_tonsil,-0.5291048874723889,-0.4119435873857967,0.11716130008659226
CD4,lymph_subtype,CCR7,lymph_subtype,holdout_tonsil,-0.13348325267838693,-0.1658553673636423,-0.03237211468525536
CD4,lymph_subtype,CD14,compartment,holdout_tonsil,-0.027696566175095572,-0.0770129341658657,-0.04931636799077013
CD4,lymph_subtype,CD163,compartment,holdout_tonsil,-0.0189974142428883,-0.0378973777277522,-0.0188999634848639
CD4,lymph_subtype,CD19,lymph_subtype,holdout_tonsil,0.17372447558291523,0.2918948567145052,0.11817038113158998
CD4,lymph_subtype,CD27,lymph_subtype,holdout_tonsil,-0.18822373942295773,-0.0293019245956549,0.15892181482730283
CD4,lymph_subtype,CD274,other,holdout_tonsil,0.4422499054340316,0.4038232506035115,-0.0384266548305201
CD4,lymph_subtype,CD3E,lymph_subtype,holdout_tonsil,0.5785500127796153,0.4259153492513819,-0.15263466352823335
CD4,lymph_subtype,CD40,other,holdout_tonsil,-0.053693065590970875,-0.1254260554385142,-0.07173298984754334
CD4,lymph_subtype,CD68,compartment,holdout_tonsil,0.21913418013266994,0.1837712374359869,-0.03536294269668305
CD4,lymph_subtype,CD8A,lymph_subtype,holdout_tonsil,0.2413881217663142,0.2682618962306073,0.02687377446429312
CD4,lymph_subtype,CEACAM8,other,holdout_tonsil,-0.4260425903265748,-0.4568831026470887,-0.03084051232051388
CD4,lymph_subtype,CR2,lymph_subtype,holdout_tonsil,-0.1382517234174861,-0.2633251056963004,-0.12507338227881432
CD4,lymph_subtype,CXCR5,lymph_subtype,holdout_tonsil,0.4825271873630844,0.633199891913051,0.15067270454996662
CD4,lymph_subtype,EPCAM,compartment,holdout_tonsil,-0.09974849149818381,-0.0840217171847964,0.015726774313387412
CD4,lymph_subtype,FCGR3A,compartment,holdout_tonsil,-0.33092484605924966,-0.4052729054679056,-0.07434805940865596
CD4,lymph_subtype,HLA_DRA,compartment,holdout_tonsil,0.11185755970793833,0.16588361409424,0.05402605438630166
CD4,lymph_subtype,ITGAM,compartment,holdout_tonsil,0.3449513329363778,0.4952697460882508,0.150318413151873
CD4,lymph_subtype,ITGAX,compartment,holdout_tonsil,0.05560701499660447,0.1475043016238245,0.09189728662722002
CD4,lymph_subtype,KRT5,compartment,holdout_tonsil,0.633339374423359,0.6020035038212024,-0.03133587060215659
CD4,lymph_subtype,MS4A1,lymph_subtype,holdout_tonsil,-0.06663988468811219,0.0476392299749254,0.11427911466303758
CD4,lymph_subtype,PAX5,lymph_subtype,holdout_tonsil,0.05244436934421456,0.1958148575021776,0.14337048815796302
CD4,lymph_subtype,PCNA,other,holdout_tonsil,0.16072163502802733,0.0182371232381347,-0.14248451178989263
CD4,lymph_subtype,PDCD1,lymph_subtype,holdout_tonsil,0.35732221177977125,0.4721284687022277,0.11480625692245644
CD4,lymph_subtype,PECAM1,compartment,holdout_tonsil,0.45088043703211833,0.3823204424042339,-0.06855999462788442
CD4,lymph_subtype,PTPRC_1,compartment,holdout_tonsil,0.13242485287159145,0.0708147222259568,-0.06161013064563464
CD4,lymph_subtype,PTPRC_2,compartment,holdout_tonsil,0.5464316375862284,0.5080070093537397,-0.03842462823248871
CD4,lymph_subtype,SDC1,lymph_subtype,holdout_tonsil,0.0142999917038123,-0.008327786937772,-0.0226277786415843
CD4,lymph_subtype,VIM,compartment,holdout_tonsil,0.48736319451528526,0.5256269548342245,0.038263760318939244
CD4,lymph_subtype,ACTA2,compartment,holdout_breast_cancer,0.5301916371760159,0.5196755813939318,-0.010516055782084144
CD4,lymph_subtype,BCL2,other,holdout_breast_cancer,-0.7163455922334068,-0.7229578773546583,-0.00661228512125156
CD4,lymph_subtype,CCR7,lymph_subtype,holdout_breast_cancer,-0.1488036964312458,0.3430876286394631,0.49189132507070893
CD4,lymph_subtype,CD14,compartment,holdout_breast_cancer,0.11608934951240568,-0.0093933761512758,-0.1254827256636815
CD4,lymph_subtype,CD163,compartment,holdout_breast_cancer,-0.0248596939693795,-0.2896076565043799,-0.26474796253500044
CD4,lymph_subtype,CD19,lymph_subtype,holdout_breast_cancer,-0.02252376189019223,-0.0623856438430455,-0.03986188195285327
CD4,lymph_subtype,CD27,lymph_subtype,holdout_breast_cancer,0.4469517772220768,0.2025405483253384,-0.2444112288967384
CD4,lymph_subtype,CD274,other,holdout_breast_cancer,0.5698100153676153,0.5810227570064753,0.011212741638859991
CD4,lymph_subtype,CD3E,lymph_subtype,holdout_breast_cancer,0.688986143875616,0.7575528944926414,0.06856675061702544
CD4,lymph_subtype,CD40,other,holdout_breast_cancer,-0.02812166665371555,-0.1959669533092667,-0.16784528665555115
CD4,lymph_subtype,CD68,compartment,holdout_breast_cancer,0.003069041621347927,0.0428070550504929,0.03973801342914497
CD4,lymph_subtype,CD8A,lymph_subtype,holdout_breast_cancer,0.5564110888554394,0.5788485795728244,0.02243749071738499
CD4,lymph_subtype,CEACAM8,other,holdout_breast_cancer,-0.12201864670251072,-0.1098292151072915,0.012189431595219222
CD4,lymph_subtype,CR2,lymph_subtype,holdout_breast_cancer,-0.3147693200739591,-0.1059820331465302,0.20878728692742887
CD4,lymph_subtype,CXCR5,lymph_subtype,holdout_breast_cancer,0.6945929397395414,0.8089438218853783,0.11435088214583689
CD4,lymph_subtype,EPCAM,compartment,holdout_breast_cancer,0.3631061892579953,0.8970242738066735,0.5339180845486782
CD4,lymph_subtype,FCGR3A,compartment,holdout_breast_cancer,-0.10072943101850998,-0.1891514376963637,-0.08842200667785372
CD4,lymph_subtype,HLA_DRA,compartment,holdout_breast_cancer,-0.12223866514975282,-0.3383459458881023,-0.21610728073834948
CD4,lymph_subtype,ITGAM,compartment,holdout_breast_cancer,0.37180197309524066,0.3678896591404172,-0.003912313954823443
CD4,lymph_subtype,ITGAX,compartment,holdout_breast_cancer,0.2041040717943979,0.3650438958919768,0.16093982409757887
CD4,lymph_subtype,KRT5,compartment,holdout_breast_cancer,0.8710698201417606,0.8761233082776337,0.005053488135873141
CD4,lymph_subtype,MS4A1,lymph_subtype,holdout_breast_cancer,-0.4483363928931986,-0.4839930400530276,-0.035656647159829025
CD4,lymph_subtype,PAX5,lymph_subtype,holdout_breast_cancer,-0.2905870748966174,-0.2216450756539252,0.0689419992426922
CD4,lymph_subtype,PCNA,other,holdout_breast_cancer,0.4668983816323744,0.3501796645659323,-0.1167187170664421
CD4,lymph_subtype,PDCD1,lymph_subtype,holdout_breast_cancer,0.08599245814078815,0.2736587892588255,0.18766633111803732
CD4,lymph_subtype,PECAM1,compartment,holdout_breast_cancer,0.3104475484885266,0.3834035296838238,0.07295598119529717
CD4,lymph_subtype,PTPRC_1,compartment,holdout_breast_cancer,0.18084235871664267,-0.4390629378412997,-0.6199052965579424
CD4,lymph_subtype,PTPRC_2,compartment,holdout_breast_cancer,0.7176621848391065,0.6491570860289967,-0.0685050988101098
CD4,lymph_subtype,SDC1,lymph_subtype,holdout_breast_cancer,0.44174424107865756,-0.8447462459801284,-1.2864904870587859
CD4,lymph_subtype,VIM,compartment,holdout_breast_cancer,0.4948697061029319,-0.7680636262203416,-1.2629333323232736
CD40,other,ACTA2,compartment,holdout_tonsil,0.19088026224690222,0.4648495322256739,0.2739692699787717
CD40,other,BCL2,other,holdout_tonsil,-0.5291048874723889,-0.3966988504166561,0.13240603705573284
CD40,other,CCR7,lymph_subtype,holdout_tonsil,-0.13348325267838693,-0.1715419902019942,-0.03805873752360728
CD40,other,CD14,compartment,holdout_tonsil,-0.027696566175095572,-0.0688284325965699,-0.04113186642147433
CD40,other,CD163,compartment,holdout_tonsil,-0.0189974142428883,-0.0363080365378849,-0.017310622294996598
CD40,other,CD19,lymph_subtype,holdout_tonsil,0.17372447558291523,0.3091920745028206,0.13546759891990537
CD40,other,CD27,lymph_subtype,holdout_tonsil,-0.18822373942295773,-0.1052587627499381,0.08296497667301962
CD40,other,CD274,other,holdout_tonsil,0.4422499054340316,0.4065270078919702,-0.03572289754206137
CD40,other,CD3E,lymph_subtype,holdout_tonsil,0.5785500127796153,0.2633541639196199,-0.31519584885999535
CD40,other,CD4,lymph_subtype,holdout_tonsil,-0.3082329703509156,-0.2665291572817111,0.04170381306920451
CD40,other,CD68,compartment,holdout_tonsil,0.21913418013266994,0.1660402751179292,-0.05309390501474073
CD40,other,CD8A,lymph_subtype,holdout_tonsil,0.2413881217663142,0.2758878810985598,0.03449975933224558
CD40,other,CEACAM8,other,holdout_tonsil,-0.4260425903265748,-0.4564217706289739,-0.030379180302399056
CD40,other,CR2,lymph_subtype,holdout_tonsil,-0.1382517234174861,-0.2615145558763598,-0.1232628324588737
CD40,other,CXCR5,lymph_subtype,holdout_tonsil,0.4825271873630844,0.6106486580719886,0.12812147070890423
CD40,other,EPCAM,compartment,holdout_tonsil,-0.09974849149818381,-0.0754835534248807,0.024264938073303113
CD40,other,FCGR3A,compartment,holdout_tonsil,-0.33092484605924966,-0.4106893820206117,-0.07976453596136207
CD40,other,HLA_DRA,compartment,holdout_tonsil,0.11185755970793833,0.1908504232000737,0.07899286349213537
CD40,other,ITGAM,compartment,holdout_tonsil,0.3449513329363778,0.6765544553668565,0.33160312243047874
CD40,other,ITGAX,compartment,holdout_tonsil,0.05560701499660447,0.0042375658941003,-0.05136944910250417
CD40,other,KRT5,compartment,holdout_tonsil,0.633339374423359,0.6181017029045636,-0.015237671518795404
CD40,other,MS4A1,lymph_subtype,holdout_tonsil,-0.06663988468811219,0.035163791483751,0.10180367617186319
CD40,other,PAX5,lymph_subtype,holdout_tonsil,0.05244436934421456,0.1741655151004092,0.12172114575619464
CD40,other,PCNA,other,holdout_tonsil,0.16072163502802733,0.0152306665966748,-0.14549096843135254
CD40,other,PDCD1,lymph_subtype,holdout_tonsil,0.35732221177977125,0.4565000813229593,0.09917786954318802
CD40,other,PECAM1,compartment,holdout_tonsil,0.45088043703211833,0.3701732100513376,-0.08070722698078076
CD40,other,PTPRC_1,compartment,holdout_tonsil,0.13242485287159145,0.0708270395725227,-0.06159781329906874
CD40,other,PTPRC_2,compartment,holdout_tonsil,0.5464316375862284,0.5082991353056109,-0.038132502280617486
CD40,other,SDC1,lymph_subtype,holdout_tonsil,0.0142999917038123,-0.0174990112175303,-0.0317990029213426
CD40,other,VIM,compartment,holdout_tonsil,0.48736319451528526,0.4955572388988811,0.008194044383595833
CD40,other,ACTA2,compartment,holdout_breast_cancer,0.5301916371760159,0.5110546717212707,-0.01913696545474519
CD40,other,BCL2,other,holdout_breast_cancer,-0.7163455922334068,-0.7418976942030395,-0.025552101969632757
CD40,other,CCR7,lymph_subtype,holdout_breast_cancer,-0.1488036964312458,0.2054578059470899,0.3542615023783357
CD40,other,CD14,compartment,holdout_breast_cancer,0.11608934951240568,0.2718445644307474,0.1557552149183417
CD40,other,CD163,compartment,holdout_breast_cancer,-0.0248596939693795,-0.2100707095802393,-0.18521101561085979
CD40,other,CD19,lymph_subtype,holdout_breast_cancer,-0.02252376189019223,-0.0765907737132738,-0.05406701182308157
CD40,other,CD27,lymph_subtype,holdout_breast_cancer,0.4469517772220768,0.4528101773780664,0.005858400155989596
CD40,other,CD274,other,holdout_breast_cancer,0.5698100153676153,0.5785068201147263,0.008696804747110987
CD40,other,CD3E,lymph_subtype,holdout_breast_cancer,0.688986143875616,0.7559999626549665,0.06701381877935053
CD40,other,CD4,lymph_subtype,holdout_breast_cancer,0.012636089416034196,-0.2140214369995784,-0.2266575264156126
CD40,other,CD68,compartment,holdout_breast_cancer,0.003069041621347927,0.0539600256677788,0.05089098404643087
CD40,other,CD8A,lymph_subtype,holdout_breast_cancer,0.5564110888554394,0.5891543773765242,0.03274328852108477
CD40,other,CEACAM8,other,holdout_breast_cancer,-0.12201864670251072,-0.1173515141851923,0.004667132517318429
CD40,other,CR2,lymph_subtype,holdout_breast_cancer,-0.3147693200739591,-0.3157954776075482,-0.0010261575335891449
CD40,other,CXCR5,lymph_subtype,holdout_breast_cancer,0.6945929397395414,0.8094131827479564,0.11482024300841498
CD40,other,EPCAM,compartment,holdout_breast_cancer,0.3631061892579953,0.90202538848843,0.5389191992304346
CD40,other,FCGR3A,compartment,holdout_breast_cancer,-0.10072943101850998,-0.1855403066189783,-0.08481087560046832
CD40,other,HLA_DRA,compartment,holdout_breast_cancer,-0.12223866514975282,-0.3577556964865944,-0.23551703133684157
CD40,other,ITGAM,compartment,holdout_breast_cancer,0.37180197309524066,0.3702571542035825,-0.0015448188916581396
CD40,other,ITGAX,compartment,holdout_breast_cancer,0.2041040717943979,0.4454337349689704,0.24132966317457247
CD40,other,KRT5,compartment,holdout_breast_cancer,0.8710698201417606,0.8755054307386317,0.004435610596871142
CD40,other,MS4A1,lymph_subtype,holdout_breast_cancer,-0.4483363928931986,-0.4147917356089434,0.03354465728425521
CD40,other,PAX5,lymph_subtype,holdout_breast_cancer,-0.2905870748966174,-0.140071094717097,0.1505159801795204
CD40,other,PCNA,other,holdout_breast_cancer,0.4668983816323744,0.4669831287611958,8.474712882139412e-05
CD40,other,PDCD1,lymph_subtype,holdout_breast_cancer,0.08599245814078815,0.2362700261373566,0.15027756799656844
CD40,other,PECAM1,compartment,holdout_breast_cancer,0.3104475484885266,0.3778943669063906,0.06744681841786399
CD40,other,PTPRC_1,compartment,holdout_breast_cancer,0.18084235871664267,-0.4595615256541995,-0.6404038843708422
CD40,other,PTPRC_2,compartment,holdout_breast_cancer,0.7176621848391065,0.6656475157057797,-0.05201466913332675
CD40,other,SDC1,lymph_subtype,holdout_breast_cancer,0.44174424107865756,-0.8349754200829761,-1.2767196611616336
CD40,other,VIM,compartment,holdout_breast_cancer,0.4948697061029319,-0.6200119390622674,-1.1148816451651993
CD68,compartment,ACTA2,compartment,holdout_tonsil,0.19088026224690222,0.0579230969242135,-0.13295716532268873
CD68,compartment,BCL2,other,holdout_tonsil,-0.5291048874723889,-0.36769573286327,0.16140915460911892
CD68,compartment,CCR7,lymph_subtype,holdout_tonsil,-0.13348325267838693,-0.0200265884828024,0.11345666419558453
CD68,compartment,CD14,compartment,holdout_tonsil,-0.027696566175095572,-0.0547689770108582,-0.027072410835762627
CD68,compartment,CD163,compartment,holdout_tonsil,-0.0189974142428883,-0.0208097935699917,-0.0018123793271033993
CD68,compartment,CD19,lymph_subtype,holdout_tonsil,0.17372447558291523,0.2993796750441622,0.12565519946124695
CD68,compartment,CD27,lymph_subtype,holdout_tonsil,-0.18822373942295773,0.0400789618259987,0.22830270124895644
CD68,compartment,CD274,other,holdout_tonsil,0.4422499054340316,0.3977151445208341,-0.04453476091319747
CD68,compartment,CD3E,lymph_subtype,holdout_tonsil,0.5785500127796153,0.4355129337147363,-0.14303707906487895
CD68,compartment,CD4,lymph_subtype,holdout_tonsil,-0.3082329703509156,-0.2342537065981008,0.07397926375281483
CD68,compartment,CD40,other,holdout_tonsil,-0.053693065590970875,-0.0983203359041024,-0.044627270313131524
CD68,compartment,CD8A,lymph_subtype,holdout_tonsil,0.2413881217663142,0.2183542915838507,-0.023033830182463494
CD68,compartment,CEACAM8,other,holdout_tonsil,-0.4260425903265748,-0.4570645598582032,-0.03102196953162839
CD68,compartment,CR2,lymph_subtype,holdout_tonsil,-0.1382517234174861,-0.2639520862798381,-0.12570036286235203
CD68,compartment,CXCR5,lymph_subtype,holdout_tonsil,0.4825271873630844,0.6159215757595928,0.1333943883965084
CD68,compartment,EPCAM,compartment,holdout_tonsil,-0.09974849149818381,-0.055921901939126,0.043826589559057806
CD68,compartment,FCGR3A,compartment,holdout_tonsil,-0.33092484605924966,-0.4219679387073348,-0.09104309264808513
CD68,compartment,HLA_DRA,compartment,holdout_tonsil,0.11185755970793833,0.1774769259853261,0.06561936627738778
CD68,compartment,ITGAM,compartment,holdout_tonsil,0.3449513329363778,0.5623522319908097,0.21740089905443194
CD68,compartment,ITGAX,compartment,holdout_tonsil,0.05560701499660447,0.097712980512659,0.042105965516054535
CD68,compartment,KRT5,compartment,holdout_tonsil,0.633339374423359,0.6206976115936189,-0.012641762829740055
CD68,compartment,MS4A1,lymph_subtype,holdout_tonsil,-0.06663988468811219,0.0421189468861852,0.10875883157429739
CD68,compartment,PAX5,lymph_subtype,holdout_tonsil,0.05244436934421456,0.1848277457302673,0.13238337638605274
CD68,compartment,PCNA,other,holdout_tonsil,0.16072163502802733,0.0032479818591045,-0.15747365316892284
CD68,compartment,PDCD1,lymph_subtype,holdout_tonsil,0.35732221177977125,0.441249407599655,0.08392719581988373
CD68,compartment,PECAM1,compartment,holdout_tonsil,0.45088043703211833,0.3753059813994597,-0.07557445563265863
CD68,compartment,PTPRC_1,compartment,holdout_tonsil,0.13242485287159145,0.0581477200974888,-0.07427713277410264
CD68,compartment,PTPRC_2,compartment,holdout_tonsil,0.5464316375862284,0.4910389563276609,-0.055392681258567444
CD68,compartment,SDC1,lymph_subtype,holdout_tonsil,0.0142999917038123,-0.0127132233359203,-0.0270132150397326
CD68,compartment,VIM,compartment,holdout_tonsil,0.48736319451528526,0.3985863465182361,-0.08877684799704916
CD68,compartment,ACTA2,compartment,holdout_breast_cancer,0.5301916371760159,0.4977176435860511,-0.032473993589964834
CD68,compartment,BCL2,other,holdout_breast_cancer,-0.7163455922334068,-0.7384365260487229,-0.022090933815316127
CD68,compartment,CCR7,lymph_subtype,holdout_breast_cancer,-0.1488036964312458,0.0088951363351026,0.1576988327663484
CD68,compartment,CD14,compartment,holdout_breast_cancer,0.11608934951240568,-0.0511723834581735,-0.16726173297057917
CD68,compartment,CD163,compartment,holdout_breast_cancer,-0.0248596939693795,-0.2103303946238551,-0.1854707006544756
CD68,compartment,CD19,lymph_subtype,holdout_breast_cancer,-0.02252376189019223,-0.0771792196971243,-0.05465545780693207
CD68,compartment,CD27,lymph_subtype,holdout_breast_cancer,0.4469517772220768,0.4482864281498496,0.0013346509277727958
CD68,compartment,CD274,other,holdout_breast_cancer,0.5698100153676153,0.5638182156507644,-0.005991799716850932
CD68,compartment,CD3E,lymph_subtype,holdout_breast_cancer,0.688986143875616,0.7558770521256571,0.06689090825004118
CD68,compartment,CD4,lymph_subtype,holdout_breast_cancer,0.012636089416034196,-0.195569163133782,-0.2082052525498162
CD68,compartment,CD40,other,holdout_breast_cancer,-0.02812166665371555,-0.2850836746687817,-0.25696200801506613
CD68,compartment,CD8A,lymph_subtype,holdout_breast_cancer,0.5564110888554394,0.5825923807976194,0.026181291942179996
CD68,compartment,CEACAM8,other,holdout_breast_cancer,-0.12201864670251072,-0.1116567983933615,0.010361848309149227
CD68,compartment,CR2,lymph_subtype,holdout_breast_cancer,-0.3147693200739591,0.1604629273110698,0.4752322473850289
CD68,compartment,CXCR5,lymph_subtype,holdout_breast_cancer,0.6945929397395414,0.704136656853295,0.00954371711375357
CD68,compartment,EPCAM,compartment,holdout_breast_cancer,0.3631061892579953,0.8966771454209145,0.5335709561629192
CD68,compartment,FCGR3A,compartment,holdout_breast_cancer,-0.10072943101850998,-0.1493330270381278,-0.048603596019617834
CD68,compartment,HLA_DRA,compartment,holdout_breast_cancer,-0.12223866514975282,-0.3207538834855532,-0.1985152183358004
CD68,compartment,ITGAM,compartment,holdout_breast_cancer,0.37180197309524066,0.3597633001572299,-0.012038672938010753
CD68,compartment,ITGAX,compartment,holdout_breast_cancer,0.2041040717943979,0.3934501927402422,0.18934612094584427
CD68,compartment,KRT5,compartment,holdout_breast_cancer,0.8710698201417606,0.8762590993280113,0.005189279186250673
CD68,compartment,MS4A1,lymph_subtype,holdout_breast_cancer,-0.4483363928931986,-0.4346685343011727,0.013667858592025905
CD68,compartment,PAX5,lymph_subtype,holdout_breast_cancer,-0.2905870748966174,-0.2617814473920434,0.028805627504573994
CD68,compartment,PCNA,other,holdout_breast_cancer,0.4668983816323744,-0.022511384821728,-0.4894097664541024
CD68,compartment,PDCD1,lymph_subtype,holdout_breast_cancer,0.08599245814078815,0.0093510509136566,-0.07664140722713156
CD68,compartment,PECAM1,compartment,holdout_breast_cancer,0.3104475484885266,0.3802544572998275,0.06980690881130086
CD68,compartment,PTPRC_1,compartment,holdout_breast_cancer,0.18084235871664267,-0.4955822933015972,-0.6764246520182399
CD68,compartment,PTPRC_2,compartment,holdout_breast_cancer,0.7176621848391065,0.6595576082104605,-0.05810457662864599
CD68,compartment,SDC1,lymph_subtype,holdout_breast_cancer,0.44174424107865756,-0.8504570929225618,-1.2922013340012193
CD68,compartment,VIM,compartment,holdout_breast_cancer,0.4948697061029319,-0.5590238681934243,-1.0538935742963562
CD8A,lymph_subtype,ACTA2,compartment,holdout_tonsil,0.19088026224690222,0.1724241880181058,-0.018456074228796415
CD8A,lymph_subtype,BCL2,other,holdout_tonsil,-0.5291048874723889,-0.3728846603014668,0.15622022717092215
CD8A,lymph_subtype,CCR7,lymph_subtype,holdout_tonsil,-0.13348325267838693,-0.1298788110536118,0.0036044416247751343
CD8A,lymph_subtype,CD14,compartment,holdout_tonsil,-0.027696566175095572,-0.0358013032888278,-0.00810473711373223
CD8A,lymph_subtype,CD163,compartment,holdout_tonsil,-0.0189974142428883,-0.0455082225059071,-0.0265108082630188
CD8A,lymph_subtype,CD19,lymph_subtype,holdout_tonsil,0.17372447558291523,0.2892091986303242,0.11548472304740895
CD8A,lymph_subtype,CD27,lymph_subtype,holdout_tonsil,-0.18822373942295773,-0.0649095777203119,0.12331416170264582
CD8A,lymph_subtype,CD274,other,holdout_tonsil,0.4422499054340316,0.4139482028572802,-0.02830170257675141
CD8A,lymph_subtype,CD3E,lymph_subtype,holdout_tonsil,0.5785500127796153,0.3903059671001045,-0.18824404567951075
CD8A,lymph_subtype,CD4,lymph_subtype,holdout_tonsil,-0.3082329703509156,-0.2296495173609986,0.07858345298991704
CD8A,lymph_subtype,CD40,other,holdout_tonsil,-0.053693065590970875,-0.0191766749064069,0.034516390684563976
CD8A,lymph_subtype,CD68,compartment,holdout_tonsil,0.21913418013266994,0.1875161216931673,-0.03161805843950263
CD8A,lymph_subtype,CEACAM8,other,holdout_tonsil,-0.4260425903265748,-0.445899507246162,-0.019856916919587186
CD8A,lymph_subtype,CR2,lymph_subtype,holdout_tonsil,-0.1382517234174861,-0.2929472540942137,-0.1546955306767276
CD8A,lymph_subtype,CXCR5,lymph_subtype,holdout_tonsil,0.4825271873630844,0.6533644720261005,0.17083728466301606
CD8A,lymph_subtype,EPCAM,compartment,holdout_tonsil,-0.09974849149818381,-0.0879684218594687,0.011780069638715113
CD8A,lymph_subtype,FCGR3A,compartment,holdout_tonsil,-0.33092484605924966,-0.4059146090189565,-0.07498976295970683
CD8A,lymph_subtype,HLA_DRA,compartment,holdout_tonsil,0.11185755970793833,0.2069248998913393,0.09506734018340098
CD8A,lymph_subtype,ITGAM,compartment,holdout_tonsil,0.3449513329363778,0.6133391942637528,0.268387861327375
CD8A,lymph_subtype,ITGAX,compartment,holdout_tonsil,0.05560701499660447,-0.0100876190971918,-0.06569463409379626
CD8A,lymph_subtype,KRT5,compartment,holdout_tonsil,0.633339374423359,0.5982631461819073,-0.035076228241451624
CD8A,lymph_subtype,MS4A1,lymph_subtype,holdout_tonsil,-0.06663988468811219,0.0876999999338035,0.15433988462191567
CD8A,lymph_subtype,PAX5,lymph_subtype,holdout_tonsil,0.05244436934421456,0.240580933231372,0.18813656388715744
CD8A,lymph_subtype,PCNA,other,holdout_tonsil,0.16072163502802733,-0.0145096718990012,-0.17523130692702854
CD8A,lymph_subtype,PDCD1,lymph_subtype,holdout_tonsil,0.35732221177977125,0.4756460656313187,0.11832385385154748
CD8A,lymph_subtype,PECAM1,compartment,holdout_tonsil,0.45088043703211833,0.379022875339715,-0.07185756169240332
CD8A,lymph_subtype,PTPRC_1,compartment,holdout_tonsil,0.13242485287159145,0.0725920320296876,-0.05983282084190385
CD8A,lymph_subtype,PTPRC_2,compartment,holdout_tonsil,0.5464316375862284,0.4723625951503235,-0.07406904243590484
CD8A,lymph_subtype,SDC1,lymph_subtype,holdout_tonsil,0.0142999917038123,-0.0275262477749019,-0.0418262394787142
CD8A,lymph_subtype,VIM,compartment,holdout_tonsil,0.48736319451528526,0.5305159218589001,0.043152727343614805
CD8A,lymph_subtype,ACTA2,compartment,holdout_breast_cancer,0.5301916371760159,0.5234641118367547,-0.006727525339261242
CD8A,lymph_subtype,BCL2,other,holdout_breast_cancer,-0.7163455922334068,-0.7405548112817358,-0.024209219048329067
CD8A,lymph_subtype,CCR7,lymph_subtype,holdout_breast_cancer,-0.1488036964312458,-0.2817059671346442,-0.13290227070339838
CD8A,lymph_subtype,CD14,compartment,holdout_breast_cancer,0.11608934951240568,-0.0220827663671868,-0.1381721158795925
CD8A,lymph_subtype,CD163,compartment,holdout_breast_cancer,-0.0248596939693795,-0.1827713543423943,-0.1579116603730148
CD8A,lymph_subtype,CD19,lymph_subtype,holdout_breast_cancer,-0.02252376189019223,-0.1418589081717657,-0.11933514628157346
CD8A,lymph_subtype,CD27,lymph_subtype,holdout_breast_cancer,0.4469517772220768,0.5066977899160476,0.05974601269397084
CD8A,lymph_subtype,CD274,other,holdout_breast_cancer,0.5698100153676153,0.5252096608210286,-0.04460035454658673
CD8A,lymph_subtype,CD3E,lymph_subtype,holdout_breast_cancer,0.688986143875616,0.7539437793185245,0.06495763544290856
CD8A,lymph_subtype,CD4,lymph_subtype,holdout_breast_cancer,0.012636089416034196,-0.1816704029051827,-0.19430649232121688
CD8A,lymph_subtype,CD40,other,holdout_breast_cancer,-0.02812166665371555,0.1786228789337444,0.20674454558745994
CD8A,lymph_subtype,CD68,compartment,holdout_breast_cancer,0.003069041621347927,-0.0476576308388753,-0.05072667246022323
CD8A,lymph_subtype,CEACAM8,other,holdout_breast_cancer,-0.12201864670251072,-0.1314154831396062,-0.009396836437095463
CD8A,lymph_subtype,CR2,lymph_subtype,holdout_breast_cancer,-0.3147693200739591,-0.2081053748202865,0.10666394525367259
CD8A,lymph_subtype,CXCR5,lymph_subtype,holdout_breast_cancer,0.6945929397395414,0.750870022313095,0.05627708257355357
CD8A,lymph_subtype,EPCAM,compartment,holdout_breast_cancer,0.3631061892579953,0.70115639329341,0.33805020403541464
CD8A,lymph_subtype,FCGR3A,compartment,holdout_breast_cancer,-0.10072943101850998,-0.1264436964333413,-0.025714265414831322
CD8A,lymph_subtype,HLA_DRA,compartment,holdout_breast_cancer,-0.12223866514975282,-0.3084457617905132,-0.18620709664076038
CD8A,lymph_subtype,ITGAM,compartment,holdout_breast_cancer,0.37180197309524066,0.3355467111872197,-0.036255261908020975
CD8A,lymph_subtype,ITGAX,compartment,holdout_breast_cancer,0.2041040717943979,0.3345862059675381,0.13048213417314017
CD8A,lymph_subtype,KRT5,compartment,holdout_breast_cancer,0.8710698201417606,0.8724949167320445,0.001425096590283892
CD8A,lymph_subtype,MS4A1,lymph_subtype,holdout_breast_cancer,-0.4483363928931986,-0.4734288026525798,-0.025092409759381207
CD8A,lymph_subtype,PAX5,lymph_subtype,holdout_breast_cancer,-0.2905870748966174,-0.1155701137037777,0.1750169611928397
CD8A,lymph_subtype,PCNA,other,holdout_breast_cancer,0.4668983816323744,-0.4738883399108358,-0.9407867215432102
CD8A,lymph_subtype,PDCD1,lymph_subtype,holdout_breast_cancer,0.08599245814078815,0.2907778785303323,0.20478542038954417
CD8A,lymph_subtype,PECAM1,compartment,holdout_breast_cancer,0.3104475484885266,0.4461066132678649,0.13565906477933826
CD8A,lymph_subtype,PTPRC_1,compartment,holdout_breast_cancer,0.18084235871664267,-0.4975098653561089,-0.6783522240727515
CD8A,lymph_subtype,PTPRC_2,compartment,holdout_breast_cancer,0.7176621848391065,0.6609694723056236,-0.05669271253348285
CD8A,lymph_subtype,SDC1,lymph_subtype,holdout_breast_cancer,0.44174424107865756,-0.8428682515087621,-1.2846124925874196
CD8A,lymph_subtype,VIM,compartment,holdout_breast_cancer,0.4948697061029319,0.1000447378559855,-0.3948249682469464
CEACAM8,other,ACTA2,compartment,holdout_tonsil,0.19088026224690222,0.3652160971622629,0.17433583491536067
CEACAM8,other,BCL2,other,holdout_tonsil,-0.5291048874723889,-0.4377798111854317,0.09132507628695724
CEACAM8,other,CCR7,lymph_subtype,holdout_tonsil,-0.13348325267838693,0.0628974556468616,0.1963807083252485
CEACAM8,other,CD14,compartment,holdout_tonsil,-0.027696566175095572,0.0001899228153232,0.027886488990418772
CEACAM8,other,CD163,compartment,holdout_tonsil,-0.0189974142428883,-0.0031321097915582,0.015865304451330102
CEACAM8,other,CD19,lymph_subtype,holdout_tonsil,0.17372447558291523,0.5030228349193854,0.3292983593364701
CEACAM8,other,CD27,lymph_subtype,holdout_tonsil,-0.18822373942295773,0.0504025708631829,0.23862631028614062
CEACAM8,other,CD274,other,holdout_tonsil,0.4422499054340316,0.4332684071061123,-0.00898149832791928
CEACAM8,other,CD3E,lymph_subtype,holdout_tonsil,0.5785500127796153,0.5276160879481052,-0.05093392483151005
CEACAM8,other,CD4,lymph_subtype,holdout_tonsil,-0.3082329703509156,-0.2517845968765839,0.05644837347433174
CEACAM8,other,CD40,other,holdout_tonsil,-0.053693065590970875,-0.002967999549415,0.050725066041555876
CEACAM8,other,CD68,compartment,holdout_tonsil,0.21913418013266994,0.2526734677424511,0.03353928760978114
CEACAM8,other,CD8A,lymph_subtype,holdout_tonsil,0.2413881217663142,0.2784823882264762,0.037094266460162006
CEACAM8,other,CR2,lymph_subtype,holdout_tonsil,-0.1382517234174861,-0.1961661732757924,-0.057914449858306294
CEACAM8,other,CXCR5,lymph_subtype,holdout_tonsil,0.4825271873630844,0.5497787856924452,0.06725159832936078
CEACAM8,other,EPCAM,compartment,holdout_tonsil,-0.09974849149818381,-0.0157701177033872,0.08397837379479661
CEACAM8,other,FCGR3A,compartment,holdout_tonsil,-0.33092484605924966,-0.3960933584903639,-0.06516851243111427
CEACAM8,other,HLA_DRA,compartment,holdout_tonsil,0.11185755970793833,0.1652710160007576,0.05341345629281928
CEACAM8,other,ITGAM,compartment,holdout_tonsil,0.3449513329363778,0.6015682410995141,0.2566169081631363
CEACAM8,other,ITGAX,compartment,holdout_tonsil,0.05560701499660447,0.1043135042523278,0.04870648925572333
CEACAM8,other,KRT5,compartment,holdout_tonsil,0.633339374423359,0.6316507825439746,-0.0016885918793844157
CEACAM8,other,MS4A1,lymph_subtype,holdout_tonsil,-0.06663988468811219,-0.0474224102086787,0.01921747447943349
CEACAM8,other,PAX5,lymph_subtype,holdout_tonsil,0.05244436934421456,0.1045598361169766,0.05211546677276204
CEACAM8,other,PCNA,other,holdout_tonsil,0.16072163502802733,0.1150558850117285,-0.04566575001629883
CEACAM8,other,PDCD1,lymph_subtype,holdout_tonsil,0.35732221177977125,0.3633835919655819,0.00606138018581065
CEACAM8,other,PECAM1,compartment,holdout_tonsil,0.45088043703211833,0.3541183958813101,-0.09676204115080822
CEACAM8,other,PTPRC_1,compartment,holdout_tonsil,0.13242485287159145,0.0360398360908809,-0.09638501678071054
CEACAM8,other,PTPRC_2,compartment,holdout_tonsil,0.5464316375862284,0.4983298107872994,-0.04810182679892899
CEACAM8,other,SDC1,lymph_subtype,holdout_tonsil,0.0142999917038123,0.0400860397319629,0.0257860480281506
CEACAM8,other,VIM,compartment,holdout_tonsil,0.48736319451528526,0.3424187839412529,-0.14494441057403235
CEACAM8,other,ACTA2,compartment,holdout_breast_cancer,0.5301916371760159,0.5485522826489395,0.018360645472923598
CEACAM8,other,BCL2,other,holdout_breast_cancer,-0.7163455922334068,-0.734133802993258,-0.017788210759851264
CEACAM8,other,CCR7,lymph_subtype,holdout_breast_cancer,-0.1488036964312458,0.127183947691907,0.2759876441231528
CEACAM8,other,CD14,compartment,holdout_breast_cancer,0.11608934951240568,0.0170268842235325,-0.09906246528887318
CEACAM8,other,CD163,compartment,holdout_breast_cancer,-0.0248596939693795,-0.1945933287269552,-0.1697336347575757
CEACAM8,other,CD19,lymph_subtype,holdout_breast_cancer,-0.02252376189019223,-0.1373952496752979,-0.11487148778510567
CEACAM8,other,CD27,lymph_subtype,holdout_breast_cancer,0.4469517772220768,-0.1104754761314823,-0.5574272533535591
CEACAM8,other,CD274,other,holdout_breast_cancer,0.5698100153676153,0.6059418636441546,0.03613184827653926
CEACAM8,other,CD3E,lymph_subtype,holdout_breast_cancer,0.688986143875616,0.7645653365616321,0.0755791926860161
CEACAM8,other,CD4,lymph_subtype,holdout_breast_cancer,0.012636089416034196,-0.2534020910179347,-0.2660381804339689
CEACAM8,other,CD40,other,holdout_breast_cancer,-0.02812166665371555,0.177309041496117,0.20543070814983255
CEACAM8,other,CD68,compartment,holdout_breast_cancer,0.003069041621347927,-0.0409320657203896,-0.044001107341737525
CEACAM8,other,CD8A,lymph_subtype,holdout_breast_cancer,0.5564110888554394,0.4483794617998328,-0.10803162705560665
CEACAM8,other,CR2,lymph_subtype,holdout_breast_cancer,-0.3147693200739591,0.2105019101047922,0.5252712301787512
CEACAM8,other,CXCR5,lymph_subtype,holdout_breast_cancer,0.6945929397395414,0.2959088600327915,-0.3986840797067499
CEACAM8,other,EPCAM,compartment,holdout_breast_cancer,0.3631061892579953,0.908299151476216,0.5451929622182207
CEACAM8,other,FCGR3A,compartment,holdout_breast_cancer,-0.10072943101850998,-0.0789119777783868,0.021817453240123186
CEACAM8,other,HLA_DRA,compartment,holdout_breast_cancer,-0.12223866514975282,-0.017428563347282,0.10481010180247081
CEACAM8,other,ITGAM,compartment,holdout_breast_cancer,0.37180197309524066,0.3585035607887968,-0.013298412306443852
CEACAM8,other,ITGAX,compartment,holdout_breast_cancer,0.2041040717943979,0.3411924526949476,0.13708838090054967
CEACAM8,other,KRT5,compartment,holdout_breast_cancer,0.8710698201417606,0.8744359363878729,0.0033661162461122718
CEACAM8,other,MS4A1,lymph_subtype,holdout_breast_cancer,-0.4483363928931986,-0.4719244875953685,-0.02358809470216988
CEACAM8,other,PAX5,lymph_subtype,holdout_breast_cancer,-0.2905870748966174,-0.4099418448779194,-0.11935476998130201
CEACAM8,other,PCNA,other,holdout_breast_cancer,0.4668983816323744,-0.0636142543009739,-0.5305126359333483
CEACAM8,other,PDCD1,lymph_subtype,holdout_breast_cancer,0.08599245814078815,0.2326764037365283,0.14668394559574013
CEACAM8,other,PECAM1,compartment,holdout_breast_cancer,0.3104475484885266,0.1560611835776615,-0.15438636491086513
CEACAM8,other,PTPRC_1,compartment,holdout_breast_cancer,0.18084235871664267,-0.4216508139176992,-0.6024931726343419
CEACAM8,other,PTPRC_2,compartment,holdout_breast_cancer,0.7176621848391065,0.6265538926163126,-0.09110829222279393
CEACAM8,other,SDC1,lymph_subtype,holdout_breast_cancer,0.44174424107865756,-0.5628114188163595,-1.0045556598950172
CEACAM8,other,VIM,compartment,holdout_breast_cancer,0.4948697061029319,-0.0199556192515174,-0.5148253253544494
CR2,lymph_subtype,ACTA2,compartment,holdout_tonsil,0.19088026224690222,0.0651256048458377,-0.1257546574010645
CR2,lymph_subtype,BCL2,other,holdout_tonsil,-0.5291048874723889,-0.4530195229464977,0.07608536452589121
CR2,lymph_subtype,CCR7,lymph_subtype,holdout_tonsil,-0.13348325267838693,0.2431296095590104,0.3766128622373973
CR2,lymph_subtype,CD14,compartment,holdout_tonsil,-0.027696566175095572,-0.0609004825943183,-0.033203916419222726
CR2,lymph_subtype,CD163,compartment,holdout_tonsil,-0.0189974142428883,-0.0653166401147176,-0.04631922587182931
CR2,lymph_subtype,CD19,lymph_subtype,holdout_tonsil,0.17372447558291523,0.2058115156730509,0.03208704009013566
CR2,lymph_subtype,CD27,lymph_subtype,holdout_tonsil,-0.18822373942295773,0.0261872790757683,0.214411018498726
CR2,lymph_subtype,CD274,other,holdout_tonsil,0.4422499054340316,0.4097962176801505,-0.03245368775388108
CR2,lymph_subtype,CD3E,lymph_subtype,holdout_tonsil,0.5785500127796153,0.5464968745202995,-0.03205313825931577
CR2,lymph_subtype,CD4,lymph_subtype,holdout_tonsil,-0.3082329703509156,-0.2348948315480981,0.07333813880281753
CR2,lymph_subtype,CD40,other,holdout_tonsil,-0.053693065590970875,0.053635274836069,0.10732834042703987
CR2,lymph_subtype,CD68,compartment,holdout_tonsil,0.21913418013266994,0.2246021537800432,0.005467973647373253
CR2,lymph_subtype,CD8A,lymph_subtype,holdout_tonsil,0.2413881217663142,0.2971270816828318,0.055738959916517616
CR2,lymph_subtype,CEACAM8,other,holdout_tonsil,-0.4260425903265748,-0.4374120269346246,-0.011369436608049788
CR2,lymph_subtype,CXCR5,lymph_subtype,holdout_tonsil,0.4825271873630844,0.5551220033895277,0.07259481602644324
CR2,lymph_subtype,EPCAM,compartment,holdout_tonsil,-0.09974849149818381,-0.0893051698234571,0.01044332167472671
CR2,lymph_subtype,FCGR3A,compartment,holdout_tonsil,-0.33092484605924966,-0.3619431388712411,-0.03101829281199142
CR2,lymph_subtype,HLA_DRA,compartment,holdout_tonsil,0.11185755970793833,0.2497849020637065,0.13792734235576815
CR2,lymph_subtype,ITGAM,compartment,holdout_tonsil,0.3449513329363778,0.3077649177722865,-0.037186415164091324
CR2,lymph_subtype,ITGAX,compartment,holdout_tonsil,0.05560701499660447,0.0806163154970067,0.025009300500402225
CR2,lymph_subtype,KRT5,compartment,holdout_tonsil,0.633339374423359,0.6323516660464543,-0.0009877083769046502
CR2,lymph_subtype,MS4A1,lymph_subtype,holdout_tonsil,-0.06663988468811219,-0.0117633900710372,0.054876494617074986
CR2,lymph_subtype,PAX5,lymph_subtype,holdout_tonsil,0.05244436934421456,0.1364108473420324,0.08396647799781784
CR2,lymph_subtype,PCNA,other,holdout_tonsil,0.16072163502802733,0.0792656492929074,-0.08145598573511993
CR2,lymph_subtype,PDCD1,lymph_subtype,holdout_tonsil,0.35732221177977125,0.4136582049646738,0.056335993184902566
CR2,lymph_subtype,PECAM1,compartment,holdout_tonsil,0.45088043703211833,0.4051657721880695,-0.04571466484404885
CR2,lymph_subtype,PTPRC_1,compartment,holdout_tonsil,0.13242485287159145,0.107781479501731,-0.024643373369860444
CR2,lymph_subtype,PTPRC_2,compartment,holdout_tonsil,0.5464316375862284,0.5246801131870708,-0.021751524399157618
CR2,lymph_subtype,SDC1,lymph_subtype,holdout_tonsil,0.0142999917038123,-0.0104830717355868,-0.0247830634393991
CR2,lymph_subtype,VIM,compartment,holdout_tonsil,0.48736319451528526,0.4989738653244913,0.011610670809206025
CR2,lymph_subtype,ACTA2,compartment,holdout_breast_cancer,0.5301916371760159,0.4574276740173476,-0.07276396315866834
CR2,lymph_subtype,BCL2,other,holdout_breast_cancer,-0.7163455922334068,-0.7504935252898021,-0.034147933056395297
CR2,lymph_subtype,CCR7,lymph_subtype,holdout_breast_cancer,-0.1488036964312458,-0.3393982464962547,-0.19059455006500892
CR2,lymph_subtype,CD14,compartment,holdout_breast_cancer,0.11608934951240568,-0.1852367956341716,-0.3013261451465773
CR2,lymph_subtype,CD163,compartment,holdout_breast_cancer,-0.0248596939693795,0.134987362339619,0.1598470563089985
CR2,lymph_subtype,CD19,lymph_subtype,holdout_breast_cancer,-0.02252376189019223,-0.0572599016012468,-0.03473613971105457
CR2,lymph_subtype,CD27,lymph_subtype,holdout_breast_cancer,0.4469517772220768,0.4379254662065404,-0.009026311015536415
CR2,lymph_subtype,CD274,other,holdout_breast_cancer,0.5698100153676153,0.5641465663497727,-0.005663449017842659
CR2,lymph_subtype,CD3E,lymph_subtype,holdout_breast_cancer,0.688986143875616,0.7060008336389096,0.017014689763293678
CR2,lymph_subtype,CD4,lymph_subtype,holdout_breast_cancer,0.012636089416034196,-0.2425769651985805,-0.2552130546146147
CR2,lymph_subtype,CD40,other,holdout_breast_cancer,-0.02812166665371555,0.0953459440377509,0.12346761069146645
CR2,lymph_subtype,CD68,compartment,holdout_breast_cancer,0.003069041621347927,-0.0098933199802957,-0.012962361601643626
CR2,lymph_subtype,CD8A,lymph_subtype,holdout_breast_cancer,0.5564110888554394,0.5484843068269383,-0.007926782028501167
CR2,lymph_subtype,CEACAM8,other,holdout_breast_cancer,-0.12201864670251072,-0.1316061844174364,-0.009587537714925681
CR2,lymph_subtype,CXCR5,lymph_subtype,holdout_breast_cancer,0.6945929397395414,-0.068054076048416,-0.7626470157879573
CR2,lymph_subtype,EPCAM,compartment,holdout_breast_cancer,0.3631061892579953,0.8936404521189416,0.5305342628609463
CR2,lymph_subtype,FCGR3A,compartment,holdout_breast_cancer,-0.10072943101850998,0.083349246569379,0.18407867758788898
CR2,lymph_subtype,HLA_DRA,compartment,holdout_breast_cancer,-0.12223866514975282,-0.2187164776527675,-0.09647781250301468
CR2,lymph_subtype,ITGAM,compartment,holdout_breast_cancer,0.37180197309524066,0.3982979175035851,0.026495944408344463
CR2,lymph_subtype,ITGAX,compartment,holdout_breast_cancer,0.2041040717943979,0.1937116533740146,-0.010392418420383298
CR2,lymph_subtype,KRT5,compartment,holdout_breast_cancer,0.8710698201417606,0.8570334851997469,-0.014036334942013728
CR2,lymph_subtype,MS4A1,lymph_subtype,holdout_breast_cancer,-0.4483363928931986,-0.5911293412686682,-0.14279294837546963
CR2,lymph_subtype,PAX5,lymph_subtype,holdout_breast_cancer,-0.2905870748966174,-0.5583984634806902,-0.26781138858407283
CR2,lymph_subtype,PCNA,other,holdout_breast_cancer,0.4668983816323744,-0.802166677533303,-1.2690650591656774
CR2,lymph_subtype,PDCD1,lymph_subtype,holdout_breast_cancer,0.08599245814078815,0.323679795024548,0.23768733688375987
CR2,lymph_subtype,PECAM1,compartment,holdout_breast_cancer,0.3104475484885266,0.2042764949127244,-0.10617105357580223
CR2,lymph_subtype,PTPRC_1,compartment,holdout_breast_cancer,0.18084235871664267,-0.4649758564547066,-0.6458182151713493
CR2,lymph_subtype,PTPRC_2,compartment,holdout_breast_cancer,0.7176621848391065,0.6423850199037894,-0.07527716493531711
CR2,lymph_subtype,SDC1,lymph_subtype,holdout_breast_cancer,0.44174424107865756,0.8164160813368547,0.37467184025819716
CR2,lymph_subtype,VIM,compartment,holdout_breast_cancer,0.4948697061029319,0.8341842558186963,0.33931454971576436
CXCR5,lymph_subtype,ACTA2,compartment,holdout_tonsil,0.19088026224690222,0.6044153047798352,0.41353504253293294
CXCR5,lymph_subtype,BCL2,other,holdout_tonsil,-0.5291048874723889,-0.556021483288051,-0.02691659581566208
CXCR5,lymph_subtype,CCR7,lymph_subtype,holdout_tonsil,-0.13348325267838693,-0.3818510757538669,-0.24836782307547997
CXCR5,lymph_subtype,CD14,compartment,holdout_tonsil,-0.027696566175095572,-0.1585123334449366,-0.130815767269841
CXCR5,lymph_subtype,CD163,compartment,holdout_tonsil,-0.0189974142428883,-0.1370988895401726,-0.1181014752972843
CXCR5,lymph_subtype,CD19,lymph_subtype,holdout_tonsil,0.17372447558291523,-0.0560496549625998,-0.22977413054551504
CXCR5,lymph_subtype,CD27,lymph_subtype,holdout_tonsil,-0.18822373942295773,0.0408730744591037,0.22909681388206143
CXCR5,lymph_subtype,CD274,other,holdout_tonsil,0.4422499054340316,0.3898666776306607,-0.0523832278033709
CXCR5,lymph_subtype,CD3E,lymph_subtype,holdout_tonsil,0.5785500127796153,0.6420534456839152,0.06350343290429994
CXCR5,lymph_subtype,CD4,lymph_subtype,holdout_tonsil,-0.3082329703509156,-0.3945514150588505,-0.08631844470793487
CXCR5,lymph_subtype,CD40,other,holdout_tonsil,-0.053693065590970875,0.0435174593762308,0.09721052496720167
CXCR5,lymph_subtype,CD68,compartment,holdout_tonsil,0.21913418013266994,0.2553984326320332,0.03626425249936327
CXCR5,lymph_subtype,CD8A,lymph_subtype,holdout_tonsil,0.2413881217663142,0.4838027195137899,0.2424145977474757
CXCR5,lymph_subtype,CEACAM8,other,holdout_tonsil,-0.4260425903265748,-0.433116309248246,-0.00707371892167119
CXCR5,lymph_subtype,CR2,lymph_subtype,holdout_tonsil,-0.1382517234174861,-0.1690807409907464,-0.030829017573260314
CXCR5,lymph_subtype,EPCAM,compartment,holdout_tonsil,-0.09974849149818381,-0.1277482266775063,-0.027999735179322485
CXCR5,lymph_subtype,FCGR3A,compartment,holdout_tonsil,-0.33092484605924966,-0.3041322591761592,0.02679258688309044
CXCR5,lymph_subtype,HLA_DRA,compartment,holdout_tonsil,0.11185755970793833,0.0871249857735911,-0.024732573934347232
CXCR5,lymph_subtype,ITGAM,compartment,holdout_tonsil,0.3449513329363778,0.4635858047294127,0.11863447179303488
CXCR5,lymph_subtype,ITGAX,compartment,holdout_tonsil,0.05560701499660447,0.0919461079310192,0.036339092934414736
CXCR5,lymph_subtype,KRT5,compartment,holdout_tonsil,0.633339374423359,0.678913734429904,0.04557436000654502
CXCR5,lymph_subtype,MS4A1,lymph_subtype,holdout_tonsil,-0.06663988468811219,-0.1846274236442016,-0.1179875389560894
CXCR5,lymph_subtype,PAX5,lymph_subtype,holdout_tonsil,0.05244436934421456,-0.1139395621951605,-0.16638393153937506
CXCR5,lymph_subtype,PCNA,other,holdout_tonsil,0.16072163502802733,0.2282813871309351,0.06755975210290777
CXCR5,lymph_subtype,PDCD1,lymph_subtype,holdout_tonsil,0.35732221177977125,0.316013438446474,-0.041308773333297244
CXCR5,lymph_subtype,PECAM1,compartment,holdout_tonsil,0.45088043703211833,0.3708114400690521,-0.08006899696306624
CXCR5,lymph_subtype,PTPRC_1,compartment,holdout_tonsil,0.13242485287159145,0.1424702163607117,0.010045363489120246
CXCR5,lymph_subtype,PTPRC_2,compartment,holdout_tonsil,0.5464316375862284,0.5855503521923986,0.039118714606170224
CXCR5,lymph_subtype,SDC1,lymph_subtype,holdout_tonsil,0.0142999917038123,0.0203702610281042,0.0060702693242919
CXCR5,lymph_subtype,VIM,compartment,holdout_tonsil,0.48736319451528526,0.3551638361993738,-0.13219935831591145
CXCR5,lymph_subtype,ACTA2,compartment,holdout_breast_cancer,0.5301916371760159,0.5211875725518642,-0.009004064624151709
CXCR5,lymph_subtype,BCL2,other,holdout_breast_cancer,-0.7163455922334068,-0.7279871626376224,-0.011641570404215651
CXCR5,lymph_subtype,CCR7,lymph_subtype,holdout_breast_cancer,-0.1488036964312458,0.1105398980959117,0.2593435945271575
CXCR5,lymph_subtype,CD14,compartment,holdout_breast_cancer,0.11608934951240568,-0.1221438336263381,-0.23823318313874378
CXCR5,lymph_subtype,CD163,compartment,holdout_breast_cancer,-0.0248596939693795,-0.2133279681550081,-0.1884682741856286
CXCR5,lymph_subtype,CD19,lymph_subtype,holdout_breast_cancer,-0.02252376189019223,-0.0510830193915665,-0.028559257501374273
CXCR5,lymph_subtype,CD27,lymph_subtype,holdout_breast_cancer,0.4469517772220768,0.501473626022304,0.05452184880022726
CXCR5,lymph_subtype,CD274,other,holdout_breast_cancer,0.5698100153676153,0.2093512181988559,-0.3604587971687594
CXCR5,lymph_subtype,CD3E,lymph_subtype,holdout_breast_cancer,0.688986143875616,0.7677689675558164,0.0787828236802004
CXCR5,lymph_subtype,CD4,lymph_subtype,holdout_breast_cancer,0.012636089416034196,-0.1467200299616639,-0.15935611937769809
CXCR5,lymph_subtype,CD40,other,holdout_breast_cancer,-0.02812166665371555,-0.1401627006509675,-0.11204103399725196
CXCR5,lymph_subtype,CD68,compartment,holdout_breast_cancer,0.003069041621347927,-0.0732687474535704,-0.07633778907491832
CXCR5,lymph_subtype,CD8A,lymph_subtype,holdout_breast_cancer,0.5564110888554394,0.5402846461678829,-0.016126442687556586
CXCR5,lymph_subtype,CEACAM8,other,holdout_breast_cancer,-0.12201864670251072,-0.1555670392387841,-0.03354839253627337
CXCR5,lymph_subtype,CR2,lymph_subtype,holdout_breast_cancer,-0.3147693200739591,0.2662218350416406,0.5809911551155997
CXCR5,lymph_subtype,EPCAM,compartment,holdout_breast_cancer,0.3631061892579953,0.859800350148158,0.4966941608901627
CXCR5,lymph_subtype,FCGR3A,compartment,holdout_breast_cancer,-0.10072943101850998,-0.1359654366123358,-0.03523600559382581
CXCR5,lymph_subtype,HLA_DRA,compartment,holdout_breast_cancer,-0.12223866514975282,-0.3347122505464018,-0.21247358539664898
CXCR5,lymph_subtype,ITGAM,compartment,holdout_breast_cancer,0.37180197309524066,0.3491014071275077,-0.022700565967732955
CXCR5,lymph_subtype,ITGAX,compartment,holdout_breast_cancer,0.2041040717943979,0.4373868606414124,0.2332827888470145
CXCR5,lymph_subtype,KRT5,compartment,holdout_breast_cancer,0.8710698201417606,0.8714297710139776,0.0003599508722169631
CXCR5,lymph_subtype,MS4A1,lymph_subtype,holdout_breast_cancer,-0.4483363928931986,-0.5357070625424704,-0.08737066964927176
CXCR5,lymph_subtype,PAX5,lymph_subtype,holdout_breast_cancer,-0.2905870748966174,-0.3338545118163343,-0.043267436919716906
CXCR5,lymph_subtype,PCNA,other,holdout_breast_cancer,0.4668983816323744,0.09872116326629,-0.3681772183660844
CXCR5,lymph_subtype,PDCD1,lymph_subtype,holdout_breast_cancer,0.08599245814078815,0.2116430363325827,0.12565057819179454
CXCR5,lymph_subtype,PECAM1,compartment,holdout_breast_cancer,0.3104475484885266,0.4183847540870382,0.10793720559851155
CXCR5,lymph_subtype,PTPRC_1,compartment,holdout_breast_cancer,0.18084235871664267,-0.3816249909147451,-0.5624673496313878
CXCR5,lymph_subtype,PTPRC_2,compartment,holdout_breast_cancer,0.7176621848391065,0.6890458286629872,-0.02861635617611924
CXCR5,lymph_subtype,SDC1,lymph_subtype,holdout_breast_cancer,0.44174424107865756,0.8412068436175915,0.3994626025389339
CXCR5,lymph_subtype,VIM,compartment,holdout_breast_cancer,0.4948697061029319,0.4965700473012222,0.0017003411982902672
EPCAM,compartment,ACTA2,compartment,holdout_tonsil,0.19088026224690222,0.0351968502742407,-0.1556834119726615
EPCAM,compartment,BCL2,other,holdout_tonsil,-0.5291048874723889,-0.3473085223682194,0.18179636510416952
EPCAM,compartment,CCR7,lymph_subtype,holdout_tonsil,-0.13348325267838693,-0.1262558410609347,0.007227411617452217
EPCAM,compartment,CD14,compartment,holdout_tonsil,-0.027696566175095572,-0.0511140986094653,-0.02341753243436973
EPCAM,compartment,CD163,compartment,holdout_tonsil,-0.0189974142428883,-0.0327064491141056,-0.013709034871217298
EPCAM,compartment,CD19,lymph_subtype,holdout_tonsil,0.17372447558291523,0.4201505802418019,0.24642610465888667
EPCAM,compartment,CD27,lymph_subtype,holdout_tonsil,-0.18822373942295773,0.028232017822155,0.21645575724511273
EPCAM,compartment,CD274,other,holdout_tonsil,0.4422499054340316,0.4088612586779485,-0.03338864675608311
EPCAM,compartment,CD3E,lymph_subtype,holdout_tonsil,0.5785500127796153,0.8210253560395211,0.24247534325990583
EPCAM,compartment,CD4,lymph_subtype,holdout_tonsil,-0.3082329703509156,-0.2259397185329403,0.08229325181797534
EPCAM,compartment,CD40,other,holdout_tonsil,-0.053693065590970875,-0.0690506370145487,-0.015357571423577819
EPCAM,compartment,CD68,compartment,holdout_tonsil,0.21913418013266994,0.1799313807637446,-0.039202799368925345
EPCAM,compartment,CD8A,lymph_subtype,holdout_tonsil,0.2413881217663142,0.2713294961061435,0.029941374339829296
EPCAM,compartment,CEACAM8,other,holdout_tonsil,-0.4260425903265748,-0.438804575220894,-0.012761984894319178
EPCAM,compartment,CR2,lymph_subtype,holdout_tonsil,-0.1382517234174861,-0.2494444497357163,-0.11119272631823021
EPCAM,compartment,CXCR5,lymph_subtype,holdout_tonsil,0.4825271873630844,0.6623409489351014,0.179813761572017
EPCAM,compartment,FCGR3A,compartment,holdout_tonsil,-0.33092484605924966,-0.4196629276939358,-0.08873808163468616
EPCAM,compartment,HLA_DRA,compartment,holdout_tonsil,0.11185755970793833,0.222494966376782,0.11063740666884368
EPCAM,compartment,ITGAM,compartment,holdout_tonsil,0.3449513329363778,0.2615437530530141,-0.08340757988336372
EPCAM,compartment,ITGAX,compartment,holdout_tonsil,0.05560701499660447,0.1018463652004803,0.046239350203875824
EPCAM,compartment,KRT5,compartment,holdout_tonsil,0.633339374423359,0.6105996597502814,-0.02273971467307756
EPCAM,compartment,MS4A1,lymph_subtype,holdout_tonsil,-0.06663988468811219,0.1113919255536673,0.1780318102417795
EPCAM,compartment,PAX5,lymph_subtype,holdout_tonsil,0.05244436934421456,0.2732486698817722,0.22080430053755765
EPCAM,compartment,PCNA,other,holdout_tonsil,0.16072163502802733,-0.0257674386601038,-0.18648907368813114
EPCAM,compartment,PDCD1,lymph_subtype,holdout_tonsil,0.35732221177977125,0.4959068783894838,0.13858466660971253
EPCAM,compartment,PECAM1,compartment,holdout_tonsil,0.45088043703211833,0.650178659352939,0.19929822232082062
EPCAM,compartment,PTPRC_1,compartment,holdout_tonsil,0.13242485287159145,0.0421631762452676,-0.09026167662632384
EPCAM,compartment,PTPRC_2,compartment,holdout_tonsil,0.5464316375862284,0.524886969393953,-0.021544668192275407
EPCAM,compartment,SDC1,lymph_subtype,holdout_tonsil,0.0142999917038123,-0.0391645751218923,-0.0534645668257046
EPCAM,compartment,VIM,compartment,holdout_tonsil,0.48736319451528526,0.3973832185493903,-0.08997997596589496
EPCAM,compartment,ACTA2,compartment,holdout_breast_cancer,0.5301916371760159,0.4615313687539218,-0.0686602684220941
EPCAM,compartment,BCL2,other,holdout_breast_cancer,-0.7163455922334068,-0.7575457191168385,-0.041200126883431776
EPCAM,compartment,CCR7,lymph_subtype,holdout_breast_cancer,-0.1488036964312458,-0.2342140674623573,-0.08541037103111149
EPCAM,compartment,CD14,compartment,holdout_breast_cancer,0.11608934951240568,0.0707492664394882,-0.04534008307291748
EPCAM,compartment,CD163,compartment,holdout_breast_cancer,-0.0248596939693795,-0.3384724323204582,-0.3136127383510787
EPCAM,compartment,CD19,lymph_subtype,holdout_breast_cancer,-0.02252376189019223,-0.2193352760957361,-0.19681151420554388
EPCAM,compartment,CD27,lymph_subtype,holdout_breast_cancer,0.4469517772220768,0.2989848526223017,-0.14796692459977512
EPCAM,compartment,CD274,other,holdout_breast_cancer,0.5698100153676153,0.3771484787468371,-0.19266153662077823
EPCAM,compartment,CD3E,lymph_subtype,holdout_breast_cancer,0.688986143875616,0.7614143500560171,0.07242820618040113
EPCAM,compartment,CD4,lymph_subtype,holdout_breast_cancer,0.012636089416034196,-0.2389996960730134,-0.25163578548904764
EPCAM,compartment,CD40,other,holdout_breast_cancer,-0.02812166665371555,-0.066653597109651,-0.038531930455935455
EPCAM,compartment,CD68,compartment,holdout_breast_cancer,0.003069041621347927,0.0486642685807702,0.04559522695942227
EPCAM,compartment,CD8A,lymph_subtype,holdout_breast_cancer,0.5564110888554394,0.5105003554923832,-0.04591073336305629
EPCAM,compartment,CEACAM8,other,holdout_breast_cancer,-0.12201864670251072,-0.0701476081161638,0.051871038586346924
EPCAM,compartment,CR2,lymph_subtype,holdout_breast_cancer,-0.3147693200739591,0.2466653286596515,0.5614346487336106
EPCAM,compartment,CXCR5,lymph_subtype,holdout_breast_cancer,0.6945929397395414,0.3566426857668363,-0.3379502539727051
EPCAM,compartment,FCGR3A,compartment,holdout_breast_cancer,-0.10072943101850998,-0.1840532526664605,-0.08332382164795052
EPCAM,compartment,HLA_DRA,compartment,holdout_breast_cancer,-0.12223866514975282,-0.3092259689408982,-0.1869873037911454
EPCAM,compartment,ITGAM,compartment,holdout_breast_cancer,0.37180197309524066,0.4978182443985031,0.12601627130326243
EPCAM,compartment,ITGAX,compartment,holdout_breast_cancer,0.2041040717943979,0.3618813398597467,0.15777726806534878
EPCAM,compartment,KRT5,compartment,holdout_breast_cancer,0.8710698201417606,0.8781543207547734,0.007084500613012801
EPCAM,compartment,MS4A1,lymph_subtype,holdout_breast_cancer,-0.4483363928931986,-0.4430465289599039,0.005289863933294725
EPCAM,compartment,PAX5,lymph_subtype,holdout_breast_cancer,-0.2905870748966174,-0.3483147163513037,-0.057727641454686285
EPCAM,compartment,PCNA,other,holdout_breast_cancer,0.4668983816323744,0.2248073032732746,-0.2420910783590998
EPCAM,compartment,PDCD1,lymph_subtype,holdout_breast_cancer,0.08599245814078815,0.0210903414961408,-0.06490211664464735
EPCAM,compartment,PECAM1,compartment,holdout_breast_cancer,0.3104475484885266,0.4193932166120085,0.10894566812348189
EPCAM,compartment,PTPRC_1,compartment,holdout_breast_cancer,0.18084235871664267,-0.2403108756865776,-0.4211532344032203
EPCAM,compartment,PTPRC_2,compartment,holdout_breast_cancer,0.7176621848391065,0.6235239799401322,-0.09413820489897429
EPCAM,compartment,SDC1,lymph_subtype,holdout_breast_cancer,0.44174424107865756,0.8677710619153846,0.426026820836727
EPCAM,compartment,VIM,compartment,holdout_breast_cancer,0.4948697061029319,0.4960717670422164,0.0012020609392844883
FCGR3A,compartment,ACTA2,compartment,holdout_tonsil,0.19088026224690222,0.0383018201452204,-0.1525784421016818
FCGR3A,compartment,BCL2,other,holdout_tonsil,-0.5291048874723889,-0.4179821588562482,0.11112272861614075
FCGR3A,compartment,CCR7,lymph_subtype,holdout_tonsil,-0.13348325267838693,-0.1599536279001972,-0.026470375221810283
FCGR3A,compartment,CD14,compartment,holdout_tonsil,-0.027696566175095572,0.0939595162371031,0.12165608241219866
FCGR3A,compartment,CD163,compartment,holdout_tonsil,-0.0189974142428883,-0.0413701322669473,-0.022372718024059
FCGR3A,compartment,CD19,lymph_subtype,holdout_tonsil,0.17372447558291523,0.0582392068850126,-0.11548526869790263
FCGR3A,compartment,CD27,lymph_subtype,holdout_tonsil,-0.18822373942295773,-0.1416295411848614,0.046594198238096324
FCGR3A,compartment,CD274,other,holdout_tonsil,0.4422499054340316,0.4502537519214201,0.0080038464873885
FCGR3A,compartment,CD3E,lymph_subtype,holdout_tonsil,0.5785500127796153,0.5299773015959797,-0.0485727111836356
FCGR3A,compartment,CD4,lymph_subtype,holdout_tonsil,-0.3082329703509156,-0.2526828150912861,0.05555015525962953
FCGR3A,compartment,CD40,other,holdout_tonsil,-0.053693065590970875,0.0558413498502889,0.10953441544125977
FCGR3A,compartment,CD68,compartment,holdout_tonsil,0.21913418013266994,0.2248151197278743,0.005680939595204354
FCGR3A,compartment,CD8A,lymph_subtype,holdout_tonsil,0.2413881217663142,0.5927353255097615,0.3513472037434473
FCGR3A,compartment,CEACAM8,other,holdout_tonsil,-0.4260425903265748,-0.4412779488886582,-0.015235358562083356
FCGR3A,compartment,CR2,lymph_subtype,holdout_tonsil,-0.1382517234174861,0.2776829888852953,0.4159347123027814
FCGR3A,compartment,CXCR5,lymph_subtype,holdout_tonsil,0.4825271873630844,0.5822768107860561,0.09974962342297167
FCGR3A,compartment,EPCAM,compartment,holdout_tonsil,-0.09974849149818381,-0.0479059901173883,0.051842501380795505
FCGR3A,compartment,HLA_DRA,compartment,holdout_tonsil,0.11185755970793833,0.154821315757715,0.04296375604977666
FCGR3A,compartment,ITGAM,compartment,holdout_tonsil,0.3449513329363778,0.208731018129911,-0.13622031480646682
FCGR3A,compartment,ITGAX,compartment,holdout_tonsil,0.05560701499660447,0.1193133146395297,0.06370629964292523
FCGR3A,compartment,KRT5,compartment,holdout_tonsil,0.633339374423359,0.6163713637879784,-0.01696801063538056
FCGR3A,compartment,MS4A1,lymph_subtype,holdout_tonsil,-0.06663988468811219,0.0256098069565361,0.09224969164464829
FCGR3A,compartment,PAX5,lymph_subtype,holdout_tonsil,0.05244436934421456,0.1695368129612086,0.11709244361699403
FCGR3A,compartment,PCNA,other,holdout_tonsil,0.16072163502802733,0.1088994184851546,-0.05182221654287274
FCGR3A,compartment,PDCD1,lymph_subtype,holdout_tonsil,0.35732221177977125,0.4367364968478992,0.07941428506812798
FCGR3A,compartment,PECAM1,compartment,holdout_tonsil,0.45088043703211833,0.6292950253277164,0.1784145882955981
FCGR3A,compartment,PTPRC_1,compartment,holdout_tonsil,0.13242485287159145,-0.0224659085934448,-0.15489076146503625
FCGR3A,compartment,PTPRC_2,compartment,holdout_tonsil,0.5464316375862284,0.5202458700278506,-0.02618576755837776
FCGR3A,compartment,SDC1,lymph_subtype,holdout_tonsil,0.0142999917038123,-0.007073023599949,-0.0213730153037613
FCGR3A,compartment,VIM,compartment,holdout_tonsil,0.48736319451528526,0.4349657644122651,-0.05239743010302017
FCGR3A,compartment,ACTA2,compartment,holdout_breast_cancer,0.5301916371760159,0.481703209395759,-0.048488427780256915
FCGR3A,compartment,BCL2,other,holdout_breast_cancer,-0.7163455922334068,-0.7585721193700791,-0.0422265271366723
FCGR3A,compartment,CCR7,lymph_subtype,holdout_breast_cancer,-0.1488036964312458,-0.3505488370921643,-0.20174514066091848
FCGR3A,compartment,CD14,compartment,holdout_breast_cancer,0.11608934951240568,-0.0976266372902833,-0.213715986802689
FCGR3A,compartment,CD163,compartment,holdout_breast_cancer,-0.0248596939693795,0.0973382657355687,0.12219795970494819
FCGR3A,compartment,CD19,lymph_subtype,holdout_breast_cancer,-0.02252376189019223,-0.0666357494975762,-0.04411198760738397
FCGR3A,compartment,CD27,lymph_subtype,holdout_breast_cancer,0.4469517772220768,0.4497196548277654,0.0027678776056885845
FCGR3A,compartment,CD274,other,holdout_breast_cancer,0.5698100153676153,0.4410512788960769,-0.1287587364715384
FCGR3A,compartment,CD3E,lymph_subtype,holdout_breast_cancer,0.688986143875616,0.696720597166079,0.0077344532904630725
FCGR3A,compartment,CD4,lymph_subtype,holdout_breast_cancer,0.012636089416034196,-0.2461444743489304,-0.2587805637649646
FCGR3A,compartment,CD40,other,holdout_breast_cancer,-0.02812166665371555,-0.2213694954353407,-0.19324782878162516
FCGR3A,compartment,CD68,compartment,holdout_breast_cancer,0.003069041621347927,-0.034286828826599,-0.03735587044794693
FCGR3A,compartment,CD8A,lymph_subtype,holdout_breast_cancer,0.5564110888554394,0.5465565310011773,-0.009854557854262147
FCGR3A,compartment,CEACAM8,other,holdout_breast_cancer,-0.12201864670251072,-0.1370988108737434,-0.015080164171232674
FCGR3A,compartment,CR2,lymph_subtype,holdout_breast_cancer,-0.3147693200739591,0.248789277418619,0.5635585974925781
FCGR3A,compartment,CXCR5,lymph_subtype,holdout_breast_cancer,0.6945929397395414,0.5980816353103912,-0.09651130442915024
FCGR3A,compartment,EPCAM,compartment,holdout_breast_cancer,0.3631061892579953,-0.8533880528207474,-1.2164942420787428
FCGR3A,compartment,HLA_DRA,compartment,holdout_breast_cancer,-0.12223866514975282,-0.4114028108371686,-0.2891641456874158
FCGR3A,compartment,ITGAM,compartment,holdout_breast_cancer,0.37180197309524066,0.3850735236705712,0.013271550575330526
FCGR3A,compartment,ITGAX,compartment,holdout_breast_cancer,0.2041040717943979,0.2012873921188365,-0.002816679675561401
FCGR3A,compartment,KRT5,compartment,holdout_breast_cancer,0.8710698201417606,0.8443768025852336,-0.026693017556526977
FCGR3A,compartment,MS4A1,lymph_subtype,holdout_breast_cancer,-0.4483363928931986,-0.5829620755277848,-0.13462568263458619
FCGR3A,compartment,PAX5,lymph_subtype,holdout_breast_cancer,-0.2905870748966174,-0.5596203003482932,-0.26903322545167585
FCGR3A,compartment,PCNA,other,holdout_breast_cancer,0.4668983816323744,-0.6865977882139483,-1.1534961698463229
FCGR3A,compartment,PDCD1,lymph_subtype,holdout_breast_cancer,0.08599245814078815,0.3199003178734736,0.23390785973268546
FCGR3A,compartment,PECAM1,compartment,holdout_breast_cancer,0.3104475484885266,0.462391269987634,0.1519437214991074
FCGR3A,compartment,PTPRC_1,compartment,holdout_breast_cancer,0.18084235871664267,-0.5404528997177734,-0.7212952584344161
FCGR3A,compartment,PTPRC_2,compartment,holdout_breast_cancer,0.7176621848391065,0.635437839708114,-0.08222434513099253
FCGR3A,compartment,SDC1,lymph_subtype,holdout_breast_cancer,0.44174424107865756,0.8123804517441734,0.37063621066551583
FCGR3A,compartment,VIM,compartment,holdout_breast_cancer,0.4948697061029319,0.3530441753212876,-0.14182553078164428
HLA_DRA,compartment,ACTA2,compartment,holdout_tonsil,0.19088026224690222,0.5342641823644635,0.34338392011756125
HLA_DRA,compartment,BCL2,other,holdout_tonsil,-0.5291048874723889,-0.5093363459282345,0.019768541544154417
HLA_DRA,compartment,CCR7,lymph_subtype,holdout_tonsil,-0.13348325267838693,-0.2928656531787982,-0.15938240050041128
HLA_DRA,compartment,CD14,compartment,holdout_tonsil,-0.027696566175095572,0.2238830742776967,0.25157964045279224
HLA_DRA,compartment,CD163,compartment,holdout_tonsil,-0.0189974142428883,-0.1183298486046675,-0.0993324343617792
HLA_DRA,compartment,CD19,lymph_subtype,holdout_tonsil,0.17372447558291523,0.3139435379061945,0.14021906232327927
HLA_DRA,compartment,CD27,lymph_subtype,holdout_tonsil,-0.18822373942295773,-0.1849102006453241,0.003313538777633629
HLA_DRA,compartment,CD274,other,holdout_tonsil,0.4422499054340316,0.4304786192704345,-0.011771286163597072
HLA_DRA,compartment,CD3E,lymph_subtype,holdout_tonsil,0.5785500127796153,0.5916431648980852,0.013093152118469953
HLA_DRA,compartment,CD4,lymph_subtype,holdout_tonsil,-0.3082329703509156,-0.3447223956373009,-0.03648942528638527
HLA_DRA,compartment,CD40,other,holdout_tonsil,-0.053693065590970875,0.0609481712250788,0.11464123681604968
HLA_DRA,compartment,CD68,compartment,holdout_tonsil,0.21913418013266994,0.2553329168954748,0.036198736762804884
HLA_DRA,compartment,CD8A,lymph_subtype,holdout_tonsil,0.2413881217663142,-0.2176220340496834,-0.4590101558159976
HLA_DRA,compartment,CEACAM8,other,holdout_tonsil,-0.4260425903265748,-0.4228314373698898,0.003211152956685004
HLA_DRA,compartment,CR2,lymph_subtype,holdout_tonsil,-0.1382517234174861,0.0109417523317658,0.1491934757492519
HLA_DRA,compartment,CXCR5,lymph_subtype,holdout_tonsil,0.4825271873630844,0.4633664980510611,-0.019160689312023305
HLA_DRA,compartment,EPCAM,compartment,holdout_tonsil,-0.09974849149818381,-0.1087183880624935,-0.008969896564309687
HLA_DRA,compartment,FCGR3A,compartment,holdout_tonsil,-0.33092484605924966,-0.320697808310079,0.010227037749170664
HLA_DRA,compartment,ITGAM,compartment,holdout_tonsil,0.3449513329363778,0.2143598184310618,-0.130591514505316
HLA_DRA,compartment,ITGAX,compartment,holdout_tonsil,0.05560701499660447,0.0869765262962347,0.03136951129963023
HLA_DRA,compartment,KRT5,compartment,holdout_tonsil,0.633339374423359,0.6582366157754337,0.024897241352074717
HLA_DRA,compartment,MS4A1,lymph_subtype,holdout_tonsil,-0.06663988468811219,-0.0831431389617932,-0.016503254273681017
HLA_DRA,compartment,PAX5,lymph_subtype,holdout_tonsil,0.05244436934421456,0.0286165924771925,-0.023827776867022057
HLA_DRA,compartment,PCNA,other,holdout_tonsil,0.16072163502802733,0.1771875820550225,0.016465947026995165
HLA_DRA,compartment,PDCD1,lymph_subtype,holdout_tonsil,0.35732221177977125,0.3880160485201572,0.03069383674038595
HLA_DRA,compartment,PECAM1,compartment,holdout_tonsil,0.45088043703211833,0.3177585184520426,-0.13312191858007572
HLA_DRA,compartment,PTPRC_1,compartment,holdout_tonsil,0.13242485287159145,-0.0414890875433916,-0.17391394041498304
HLA_DRA,compartment,PTPRC_2,compartment,holdout_tonsil,0.5464316375862284,0.525466006767958,-0.02096563081827041
HLA_DRA,compartment,SDC1,lymph_subtype,holdout_tonsil,0.0142999917038123,-0.0077643769812763,-0.022064368685088598
HLA_DRA,compartment,VIM,compartment,holdout_tonsil,0.48736319451528526,0.3026780942932072,-0.18468510022207807
HLA_DRA,compartment,ACTA2,compartment,holdout_breast_cancer,0.5301916371760159,0.5274488386692225,-0.0027427985067933758
HLA_DRA,compartment,BCL2,other,holdout_breast_cancer,-0.7163455922334068,-0.3180956266457142,0.39824996558769254
HLA_DRA,compartment,CCR7,lymph_subtype,holdout_breast_cancer,-0.1488036964312458,0.1601878586185802,0.308991555049826
HLA_DRA,compartment,CD14,compartment,holdout_breast_cancer,0.11608934951240568,-0.2132824533299091,-0.3293718028423148
HLA_DRA,compartment,CD163,compartment,holdout_breast_cancer,-0.0248596939693795,-0.1332434815882046,-0.1083837876188251
HLA_DRA,compartment,CD19,lymph_subtype,holdout_breast_cancer,-0.02252376189019223,0.1024400992777803,0.12496386116797253
HLA_DRA,compartment,CD27,lymph_subtype,holdout_breast_cancer,0.4469517772220768,0.4857436309179032,0.038791853695826384
HLA_DRA,compartment,CD274,other,holdout_breast_cancer,0.5698100153676153,0.4810703100434607,-0.08873970532415465
HLA_DRA,compartment,CD3E,lymph_subtype,holdout_breast_cancer,0.688986143875616,0.7609536545723282,0.07196751069671226
HLA_DRA,compartment,CD4,lymph_subtype,holdout_breast_cancer,0.012636089416034196,0.1270443446258081,0.11440825520977391
HLA_DRA,compartment,CD40,other,holdout_breast_cancer,-0.02812166665371555,0.3004150589021834,0.32853672555589897
HLA_DRA,compartment,CD68,compartment,holdout_breast_cancer,0.003069041621347927,0.0190584198185153,0.015989378197167375
HLA_DRA,compartment,CD8A,lymph_subtype,holdout_breast_cancer,0.5564110888554394,0.5388085818146938,-0.01760250704074562
HLA_DRA,compartment,CEACAM8,other,holdout_breast_cancer,-0.12201864670251072,-0.1343652517407558,-0.012346605038245084
HLA_DRA,compartment,CR2,lymph_subtype,holdout_breast_cancer,-0.3147693200739591,0.198980368497734,0.5137496885716931
HLA_DRA,compartment,CXCR5,lymph_subtype,holdout_breast_cancer,0.6945929397395414,0.4497368238898809,-0.2448561158496605
HLA_DRA,compartment,EPCAM,compartment,holdout_breast_cancer,0.3631061892579953,-0.7979039978722428,-1.161010187130238
HLA_DRA,compartment,FCGR3A,compartment,holdout_breast_cancer,-0.10072943101850998,-0.3105450188362081,-0.20981558781769813
HLA_DRA,compartment,ITGAM,compartment,holdout_breast_cancer,0.37180197309524066,0.355175106422625,-0.016626866672615648
HLA_DRA,compartment,ITGAX,compartment,holdout_breast_cancer,0.2041040717943979,0.3926953302108116,0.1885912584164137
HLA_DRA,compartment,KRT5,compartment,holdout_breast_cancer,0.8710698201417606,0.8746316028387168,0.0035617826969561728
HLA_DRA,compartment,MS4A1,lymph_subtype,holdout_breast_cancer,-0.4483363928931986,-0.4729570974711201,-0.02462070457792148
HLA_DRA,compartment,PAX5,lymph_subtype,holdout_breast_cancer,-0.2905870748966174,-0.2910448991115957,-0.0004578242149783085
HLA_DRA,compartment,PCNA,other,holdout_breast_cancer,0.4668983816323744,0.7921914456959331,0.32529306406355873
HLA_DRA,compartment,PDCD1,lymph_subtype,holdout_breast_cancer,0.08599245814078815,0.3325910329940564,0.24659857485326825
HLA_DRA,compartment,PECAM1,compartment,holdout_breast_cancer,0.3104475484885266,0.0228814049768027,-0.28756614351172394
HLA_DRA,compartment,PTPRC_1,compartment,holdout_breast_cancer,0.18084235871664267,0.1853593293009939,0.004516970584351243
HLA_DRA,compartment,PTPRC_2,compartment,holdout_breast_cancer,0.7176621848391065,0.681104144833681,-0.03655804000542551
HLA_DRA,compartment,SDC1,lymph_subtype,holdout_breast_cancer,0.44174424107865756,0.0206917187256598,-0.4210525223529978
HLA_DRA,compartment,VIM,compartment,holdout_breast_cancer,0.4948697061029319,-0.7246193085798711,-1.219489014682803
ITGAM,compartment,ACTA2,compartment,holdout_tonsil,0.19088026224690222,-0.1466492760068961,-0.3375295382537983
ITGAM,compartment,BCL2,other,holdout_tonsil,-0.5291048874723889,-0.4757238749619897,0.05338101251039923
ITGAM,compartment,CCR7,lymph_subtype,holdout_tonsil,-0.13348325267838693,-0.2154560989902223,-0.08197284631183538
ITGAM,compartment,CD14,compartment,holdout_tonsil,-0.027696566175095572,0.2264514652994191,0.25414803147451465
ITGAM,compartment,CD163,compartment,holdout_tonsil,-0.0189974142428883,-0.0946288961923438,-0.0756314819494555
ITGAM,compartment,CD19,lymph_subtype,holdout_tonsil,0.17372447558291523,0.1734750377675054,-0.000249437815409842
ITGAM,compartment,CD27,lymph_subtype,holdout_tonsil,-0.18822373942295773,-0.2356522723613676,-0.04742853293840987
ITGAM,compartment,CD274,other,holdout_tonsil,0.4422499054340316,0.4608603576198462,0.018610452185814585
ITGAM,compartment,CD3E,lymph_subtype,holdout_tonsil,0.5785500127796153,0.8409708295145463,0.262420816734931
ITGAM,compartment,CD4,lymph_subtype,holdout_tonsil,-0.3082329703509156,-0.2882274216652966,0.020005548685619046
ITGAM,compartment,CD40,other,holdout_tonsil,-0.053693065590970875,0.044938105732654,0.09863117132362487
ITGAM,compartment,CD68,compartment,holdout_tonsil,0.21913418013266994,0.248742913805109,0.029608733672439047
ITGAM,compartment,CD8A,lymph_subtype,holdout_tonsil,0.2413881217663142,-0.2407400361427049,-0.4821281579090191
ITGAM,compartment,CEACAM8,other,holdout_tonsil,-0.4260425903265748,-0.4174950582354778,0.008547532091097043
ITGAM,compartment,CR2,lymph_subtype,holdout_tonsil,-0.1382517234174861,-0.2084505558012105,-0.0701988323837244
ITGAM,compartment,CXCR5,lymph_subtype,holdout_tonsil,0.4825271873630844,0.5008850995606773,0.018357912197592863
ITGAM,compartment,EPCAM,compartment,holdout_tonsil,-0.09974849149818381,-0.0762735447449473,0.02347494675323651
ITGAM,compartment,FCGR3A,compartment,holdout_tonsil,-0.33092484605924966,-0.3496888925161526,-0.01876404645690294
ITGAM,compartment,HLA_DRA,compartment,holdout_tonsil,0.11185755970793833,0.0385299367489,-0.07332762295903833
ITGAM,compartment,ITGAX,compartment,holdout_tonsil,0.05560701499660447,0.0091806556905302,-0.04642635930607427
ITGAM,compartment,KRT5,compartment,holdout_tonsil,0.633339374423359,0.6563264635313282,0.022987089107969205
ITGAM,compartment,MS4A1,lymph_subtype,holdout_tonsil,-0.06663988468811219,-0.0211338414160591,0.045506043272053084
ITGAM,compartment,PAX5,lymph_subtype,holdout_tonsil,0.05244436934421456,0.0959978231195112,0.043553453775296645
ITGAM,compartment,PCNA,other,holdout_tonsil,0.16072163502802733,0.1629522941925257,0.0022306591644983553
ITGAM,compartment,PDCD1,lymph_subtype,holdout_tonsil,0.35732221177977125,0.3675629065556523,0.010240694775881076
ITGAM,compartment,PECAM1,compartment,holdout_tonsil,0.45088043703211833,0.3392712245344034,-0.11160921249771494
ITGAM,compartment,PTPRC_1,compartment,holdout_tonsil,0.13242485287159145,-0.0234723744547528,-0.15589722732634426
ITGAM,compartment,PTPRC_2,compartment,holdout_tonsil,0.5464316375862284,0.5090715161482153,-0.03736012143801304
ITGAM,compartment,SDC1,lymph_subtype,holdout_tonsil,0.0142999917038123,-0.0088354283138463,-0.0231354200176586
ITGAM,compartment,VIM,compartment,holdout_tonsil,0.48736319451528526,0.401734580407847,-0.08562861410743827
ITGAM,compartment,ACTA2,compartment,holdout_breast_cancer,0.5301916371760159,0.5054073852090386,-0.02478425196697731
ITGAM,compartment,BCL2,other,holdout_breast_cancer,-0.7163455922334068,-0.7489019514022099,-0.03255635916880317
ITGAM,compartment,CCR7,lymph_subtype,holdout_breast_cancer,-0.1488036964312458,-0.0201359000257439,0.1286677964055019
ITGAM,compartment,CD14,compartment,holdout_breast_cancer,0.11608934951240568,-0.1506940913172336,-0.2667834408296393
ITGAM,compartment,CD163,compartment,holdout_breast_cancer,-0.0248596939693795,-0.1631303464266037,-0.1382706524572242
ITGAM,compartment,CD19,lymph_subtype,holdout_breast_cancer,-0.02252376189019223,0.0001651309005733,0.022688892790765528
ITGAM,compartment,CD27,lymph_subtype,holdout_breast_cancer,0.4469517772220768,0.4518413647136129,0.004889587491536118
ITGAM,compartment,CD274,other,holdout_breast_cancer,0.5698100153676153,0.5144128763531441,-0.055397139014471186
ITGAM,compartment,CD3E,lymph_subtype,holdout_breast_cancer,0.688986143875616,0.7356389489128593,0.04665280503724334
ITGAM,compartment,CD4,lymph_subtype,holdout_breast_cancer,0.012636089416034196,0.1361348204923692,0.123498731076335
ITGAM,compartment,CD40,other,holdout_breast_cancer,-0.02812166665371555,-0.0217624711027954,0.006359195550920151
ITGAM,compartment,CD68,compartment,holdout_breast_cancer,0.003069041621347927,0.0317091834126358,0.028640141791287876
ITGAM,compartment,CD8A,lymph_subtype,holdout_breast_cancer,0.5564110888554394,0.5417969883287908,-0.014614100526648688
ITGAM,compartment,CEACAM8,other,holdout_breast_cancer,-0.12201864670251072,-0.1087673010400444,0.01325134566246633
ITGAM,compartment,CR2,lymph_subtype,holdout_breast_cancer,-0.3147693200739591,0.2667807257359248,0.5815500458098839
ITGAM,compartment,CXCR5,lymph_subtype,holdout_breast_cancer,0.6945929397395414,0.5980899266675999,-0.09650301307194153
ITGAM,compartment,EPCAM,compartment,holdout_breast_cancer,0.3631061892579953,-0.8577725515870596,-1.220878740845055
ITGAM,compartment,FCGR3A,compartment,holdout_breast_cancer,-0.10072943101850998,-0.2848956795515664,-0.18416624853305644
ITGAM,compartment,HLA_DRA,compartment,holdout_breast_cancer,-0.12223866514975282,-0.398955987932601,-0.2767173227828482
ITGAM,compartment,ITGAX,compartment,holdout_breast_cancer,0.2041040717943979,0.3885593616301799,0.184455289835782
ITGAM,compartment,KRT5,compartment,holdout_breast_cancer,0.8710698201417606,0.8663708159257741,-0.004699004215986458
ITGAM,compartment,MS4A1,lymph_subtype,holdout_breast_cancer,-0.4483363928931986,-0.4473003495224633,0.0010360433707353178
ITGAM,compartment,PAX5,lymph_subtype,holdout_breast_cancer,-0.2905870748966174,-0.335157247467215,-0.04457017257059759
ITGAM,compartment,PCNA,other,holdout_breast_cancer,0.4668983816323744,0.0421589278396528,-0.4247394537927216
ITGAM,compartment,PDCD1,lymph_subtype,holdout_breast_cancer,0.08599245814078815,0.279569034469197,0.19357657632840886
ITGAM,compartment,PECAM1,compartment,holdout_breast_cancer,0.3104475484885266,0.073635855760816,-0.23681169272771063
ITGAM,compartment,PTPRC_1,compartment,holdout_breast_cancer,0.18084235871664267,0.5156873096948404,0.3348449509781978
ITGAM,compartment,PTPRC_2,compartment,holdout_breast_cancer,0.7176621848391065,0.7444565843665989,0.026794399527492407
ITGAM,compartment,SDC1,lymph_subtype,holdout_breast_cancer,0.44174424107865756,-0.1232894456557307,-0.5650336867343883
ITGAM,compartment,VIM,compartment,holdout_breast_cancer,0.4948697061029319,-0.5592712177271073,-1.0541409238300392
ITGAX,compartment,ACTA2,compartment,holdout_tonsil,0.19088026224690222,-0.0056494679702102,-0.19652973021711242
ITGAX,compartment,BCL2,other,holdout_tonsil,-0.5291048874723889,-0.5300474372293097,-0.000942549756920763
ITGAX,compartment,CCR7,lymph_subtype,holdout_tonsil,-0.13348325267838693,-0.3484647484167331,-0.21498149573834616
ITGAX,compartment,CD14,compartment,holdout_tonsil,-0.027696566175095572,0.2839271097519323,0.3116236759270279
ITGAX,compartment,CD163,compartment,holdout_tonsil,-0.0189974142428883,-0.1434751774934899,-0.1244777632506016
ITGAX,compartment,CD19,lymph_subtype,holdout_tonsil,0.17372447558291523,0.1517276892884032,-0.021996786294512044
ITGAX,compartment,CD27,lymph_subtype,holdout_tonsil,-0.18822373942295773,-0.3764810266669069,-0.1882572872439492
ITGAX,compartment,CD274,other,holdout_tonsil,0.4422499054340316,0.4382466733662274,-0.004003232067804174
ITGAX,compartment,CD3E,lymph_subtype,holdout_tonsil,0.5785500127796153,0.7722221331835062,0.19367212040389092
ITGAX,compartment,CD4,lymph_subtype,holdout_tonsil,-0.3082329703509156,-0.3804968277502044,-0.07226385739928876
ITGAX,compartment,CD40,other,holdout_tonsil,-0.053693065590970875,0.0529267383777765,0.10661980396874737
ITGAX,compartment,CD68,compartment,holdout_tonsil,0.21913418013266994,0.2712022972838289,0.052068117151158944
ITGAX,compartment,CD8A,lymph_subtype,holdout_tonsil,0.2413881217663142,-0.3829815948523441,-0.6243697166186584
ITGAX,compartment,CEACAM8,other,holdout_tonsil,-0.4260425903265748,-0.4311260357566596,-0.005083445430084765
ITGAX,compartment,CR2,lymph_subtype,holdout_tonsil,-0.1382517234174861,-0.2234609821173339,-0.0852092586998478
ITGAX,compartment,CXCR5,lymph_subtype,holdout_tonsil,0.4825271873630844,0.3887751034695046,-0.09375208389357981
ITGAX,compartment,EPCAM,compartment,holdout_tonsil,-0.09974849149818381,-0.1088962680564796,-0.009147776558295795
ITGAX,compartment,FCGR3A,compartment,holdout_tonsil,-0.33092484605924966,-0.321429352881569,0.00949549317768067
ITGAX,compartment,HLA_DRA,compartment,holdout_tonsil,0.11185755970793833,0.1051950757295496,-0.006662483978388728
ITGAX,compartment,ITGAM,compartment,holdout_tonsil,0.3449513329363778,-0.3204706039299057,-0.6654219368662835
ITGAX,compartment,KRT5,compartment,holdout_tonsil,0.633339374423359,0.6953421553702287,0.06200278094686973
ITGAX,compartment,MS4A1,lymph_subtype,holdout_tonsil,-0.06663988468811219,-0.1444625200272598,-0.0778226353391476
ITGAX,compartment,PAX5,lymph_subtype,holdout_tonsil,0.05244436934421456,-0.0452583222731636,-0.09770269161737816
ITGAX,compartment,PCNA,other,holdout_tonsil,0.16072163502802733,0.2225220231258294,0.061800388097802056
ITGAX,compartment,PDCD1,lymph_subtype,holdout_tonsil,0.35732221177977125,0.3222730169069783,-0.035049194872792955
ITGAX,compartment,PECAM1,compartment,holdout_tonsil,0.45088043703211833,0.2761324157778823,-0.17474802125423605
ITGAX,compartment,PTPRC_1,compartment,holdout_tonsil,0.13242485287159145,-0.0342208976459115,-0.16664575051750294
ITGAX,compartment,PTPRC_2,compartment,holdout_tonsil,0.5464316375862284,0.53349127868746,-0.012940358898768323
ITGAX,compartment,SDC1,lymph_subtype,holdout_tonsil,0.0142999917038123,-0.0032040553590511,-0.0175040470628634
ITGAX,compartment,VIM,compartment,holdout_tonsil,0.48736319451528526,-0.1747267418396933,-0.6620899363549786
ITGAX,compartment,ACTA2,compartment,holdout_breast_cancer,0.5301916371760159,0.5199256901962078,-0.010265946979808094
ITGAX,compartment,BCL2,other,holdout_breast_cancer,-0.7163455922334068,-0.7515395468542042,-0.03519395462079744
ITGAX,compartment,CCR7,lymph_subtype,holdout_breast_cancer,-0.1488036964312458,0.0252177250471689,0.1740214214784147
ITGAX,compartment,CD14,compartment,holdout_breast_cancer,0.11608934951240568,-0.0820092292168177,-0.19809857872922337
ITGAX,compartment,CD163,compartment,holdout_breast_cancer,-0.0248596939693795,-0.1880708608317417,-0.1632111668623622
ITGAX,compartment,CD19,lymph_subtype,holdout_breast_cancer,-0.02252376189019223,0.0704699613784796,0.09299372326867184
ITGAX,compartment,CD27,lymph_subtype,holdout_breast_cancer,0.4469517772220768,0.4662440403190141,0.019292263096937323
ITGAX,compartment,CD274,other,holdout_breast_cancer,0.5698100153676153,0.4575707204601408,-0.11223929490747453
ITGAX,compartment,CD3E,lymph_subtype,holdout_breast_cancer,0.688986143875616,0.7350451287860935,0.04605898491047755
ITGAX,compartment,CD4,lymph_subtype,holdout_breast_cancer,0.012636089416034196,0.1442702671668456,0.1316341777508114
ITGAX,compartment,CD40,other,holdout_breast_cancer,-0.02812166665371555,-0.267965177116846,-0.23984351046313043
ITGAX,compartment,CD68,compartment,holdout_breast_cancer,0.003069041621347927,0.0726926668125378,0.06962362519118988
ITGAX,compartment,CD8A,lymph_subtype,holdout_breast_cancer,0.5564110888554394,0.5187166371919493,-0.03769445166349017
ITGAX,compartment,CEACAM8,other,holdout_breast_cancer,-0.12201864670251072,-0.1159062928710658,0.006112353831444928
ITGAX,compartment,CR2,lymph_subtype,holdout_breast_cancer,-0.3147693200739591,0.1830928888252735,0.4978622088992326
ITGAX,compartment,CXCR5,lymph_subtype,holdout_breast_cancer,0.6945929397395414,0.7658245538740144,0.07123161413447299
ITGAX,compartment,EPCAM,compartment,holdout_breast_cancer,0.3631061892579953,-0.8884294049017493,-1.2515355941597446
ITGAX,compartment,FCGR3A,compartment,holdout_breast_cancer,-0.10072943101850998,-0.255863381439014,-0.155133950420504
ITGAX,compartment,HLA_DRA,compartment,holdout_breast_cancer,-0.12223866514975282,-0.4083971368992492,-0.2861584717494964
ITGAX,compartment,ITGAM,compartment,holdout_breast_cancer,0.37180197309524066,0.304904537640437,-0.06689743545480364
ITGAX,compartment,KRT5,compartment,holdout_breast_cancer,0.8710698201417606,0.866008009617654,-0.005061810524106591
ITGAX,compartment,MS4A1,lymph_subtype,holdout_breast_cancer,-0.4483363928931986,-0.509093516191546,-0.06075712329834737
ITGAX,compartment,PAX5,lymph_subtype,holdout_breast_cancer,-0.2905870748966174,-0.3654053973396979,-0.07481832244308051
ITGAX,compartment,PCNA,other,holdout_breast_cancer,0.4668983816323744,-0.3639460373776371,-0.8308444190100115
ITGAX,compartment,PDCD1,lymph_subtype,holdout_breast_cancer,0.08599245814078815,0.3162706089333008,0.23027815079251263
ITGAX,compartment,PECAM1,compartment,holdout_breast_cancer,0.3104475484885266,0.2576293892250123,-0.05281815926351435
ITGAX,compartment,PTPRC_1,compartment,holdout_breast_cancer,0.18084235871664267,0.2339796499504515,0.05313729123380884
ITGAX,compartment,PTPRC_2,compartment,holdout_breast_cancer,0.7176621848391065,0.716639991925794,-0.001022192913312514
ITGAX,compartment,SDC1,lymph_subtype,holdout_breast_cancer,0.44174424107865756,-0.2830572744798331,-0.7248015155584906
ITGAX,compartment,VIM,compartment,holdout_breast_cancer,0.4948697061029319,-0.5123796414091971,-1.0072493475121291
KRT5,compartment,ACTA2,compartment,holdout_tonsil,0.19088026224690222,0.1895544968267712,-0.0013257654201310198
KRT5,compartment,BCL2,other,holdout_tonsil,-0.5291048874723889,-0.4831810726857189,0.045923814786670014
KRT5,compartment,CCR7,lymph_subtype,holdout_tonsil,-0.13348325267838693,-0.1702640636929482,-0.036780811014561265
KRT5,compartment,CD14,compartment,holdout_tonsil,-0.027696566175095572,0.0196817008221568,0.04737826699725237
KRT5,compartment,CD163,compartment,holdout_tonsil,-0.0189974142428883,0.0133649248890805,0.0323623391319688
KRT5,compartment,CD19,lymph_subtype,holdout_tonsil,0.17372447558291523,0.2089450887783996,0.03522061319548436
KRT5,compartment,CD27,lymph_subtype,holdout_tonsil,-0.18822373942295773,-0.1894670455371736,-0.0012433061142158863
KRT5,compartment,CD274,other,holdout_tonsil,0.4422499054340316,0.4693925732653742,0.027142667831342615
KRT5,compartment,CD3E,lymph_subtype,holdout_tonsil,0.5785500127796153,0.5527839439630781,-0.025766068816537202
KRT5,compartment,CD4,lymph_subtype,holdout_tonsil,-0.3082329703509156,-0.2532125399579923,0.055020430392923314
KRT5,compartment,CD40,other,holdout_tonsil,-0.053693065590970875,-0.0353272786390267,0.01836578695194417
KRT5,compartment,CD68,compartment,holdout_tonsil,0.21913418013266994,0.2944812417811096,0.07534706164843968
KRT5,compartment,CD8A,lymph_subtype,holdout_tonsil,0.2413881217663142,0.5367658641891637,0.29537774242284953
KRT5,compartment,CEACAM8,other,holdout_tonsil,-0.4260425903265748,-0.4624235833011418,-0.036380992974566984
KRT5,compartment,CR2,lymph_subtype,holdout_tonsil,-0.1382517234174861,-0.124969693372602,0.013282030044884097
KRT5,compartment,CXCR5,lymph_subtype,holdout_tonsil,0.4825271873630844,0.4609804364242427,-0.02154675093884173
KRT5,compartment,EPCAM,compartment,holdout_tonsil,-0.09974849149818381,0.0284755260742984,0.1282240175724822
KRT5,compartment,FCGR3A,compartment,holdout_tonsil,-0.33092484605924966,-0.4123114731800563,-0.08138662712080663
KRT5,compartment,HLA_DRA,compartment,holdout_tonsil,0.11185755970793833,0.1098177730317827,-0.0020397866761556332
KRT5,compartment,ITGAM,compartment,holdout_tonsil,0.3449513329363778,0.648651605386604,0.30370027245022624
KRT5,compartment,ITGAX,compartment,holdout_tonsil,0.05560701499660447,-0.0031598941156594,-0.05876690911226387
KRT5,compartment,MS4A1,lymph_subtype,holdout_tonsil,-0.06663988468811219,-0.1176864289674789,-0.05104654427936671
KRT5,compartment,PAX5,lymph_subtype,holdout_tonsil,0.05244436934421456,0.0272689414105364,-0.025175427933678156
KRT5,compartment,PCNA,other,holdout_tonsil,0.16072163502802733,0.2415226871584881,0.08080105213046077
KRT5,compartment,PDCD1,lymph_subtype,holdout_tonsil,0.35732221177977125,0.3021171892701357,-0.05520502250963555
KRT5,compartment,PECAM1,compartment,holdout_tonsil,0.45088043703211833,0.2143141132749326,-0.23656632375718573
KRT5,compartment,PTPRC_1,compartment,holdout_tonsil,0.13242485287159145,-0.0447107861176319,-0.17713563898922335
KRT5,compartment,PTPRC_2,compartment,holdout_tonsil,0.5464316375862284,0.5206265574762173,-0.025805080110011036
KRT5,compartment,SDC1,lymph_subtype,holdout_tonsil,0.0142999917038123,0.0711603577902793,0.056860366086466996
KRT5,compartment,VIM,compartment,holdout_tonsil,0.48736319451528526,0.2516313765739993,-0.23573181794128595
KRT5,compartment,ACTA2,compartment,holdout_breast_cancer,0.5301916371760159,0.4649917887742675,-0.06519984840174842
KRT5,compartment,BCL2,other,holdout_breast_cancer,-0.7163455922334068,-0.764983196214509,-0.048637603981102284
KRT5,compartment,CCR7,lymph_subtype,holdout_breast_cancer,-0.1488036964312458,-0.240428451503405,-0.0916247550721592
KRT5,compartment,CD14,compartment,holdout_breast_cancer,0.11608934951240568,0.3856325243894005,0.2695431748769948
KRT5,compartment,CD163,compartment,holdout_breast_cancer,-0.0248596939693795,-0.3067735407638463,-0.2819138467944668
KRT5,compartment,CD19,lymph_subtype,holdout_breast_cancer,-0.02252376189019223,-0.053955156583798,-0.03143139469360577
KRT5,compartment,CD27,lymph_subtype,holdout_breast_cancer,0.4469517772220768,0.2904172243553025,-0.1565345528667743
KRT5,compartment,CD274,other,holdout_breast_cancer,0.5698100153676153,0.6143618531001267,0.04455183773251137
KRT5,compartment,CD3E,lymph_subtype,holdout_breast_cancer,0.688986143875616,0.7061154266648284,0.01712928278921244
KRT5,compartment,CD4,lymph_subtype,holdout_breast_cancer,0.012636089416034196,0.2101596586994215,0.1975235692833873
KRT5,compartment,CD40,other,holdout_breast_cancer,-0.02812166665371555,-0.0553910231146745,-0.027269356460958946
KRT5,compartment,CD68,compartment,holdout_breast_cancer,0.003069041621347927,0.0838071851196638,0.08073814349831587
KRT5,compartment,CD8A,lymph_subtype,holdout_breast_cancer,0.5564110888554394,0.5112684101654935,-0.045142678689945925
KRT5,compartment,CEACAM8,other,holdout_breast_cancer,-0.12201864670251072,-0.0545561336039506,0.06746251309856013
KRT5,compartment,CR2,lymph_subtype,holdout_breast_cancer,-0.3147693200739591,-0.0702566740476612,0.24451264602629788
KRT5,compartment,CXCR5,lymph_subtype,holdout_breast_cancer,0.6945929397395414,0.8334922632879151,0.13889932354837375
KRT5,compartment,EPCAM,compartment,holdout_breast_cancer,0.3631061892579953,-0.8251471479406811,-1.1882533371986765
KRT5,compartment,FCGR3A,compartment,holdout_breast_cancer,-0.10072943101850998,-0.2785266716990019,-0.17779724068049194
KRT5,compartment,HLA_DRA,compartment,holdout_breast_cancer,-0.12223866514975282,-0.3500529275662831,-0.22781426241653027
KRT5,compartment,ITGAM,compartment,holdout_breast_cancer,0.37180197309524066,0.4344734991562196,0.06267152606097892
KRT5,compartment,ITGAX,compartment,holdout_breast_cancer,0.2041040717943979,0.3381709721371754,0.1340669003427775
KRT5,compartment,MS4A1,lymph_subtype,holdout_breast_cancer,-0.4483363928931986,-0.431012676778592,0.01732371611460659
KRT5,compartment,PAX5,lymph_subtype,holdout_breast_cancer,-0.2905870748966174,-0.3617113942807837,-0.0711243193841663
KRT5,compartment,PCNA,other,holdout_breast_cancer,0.4668983816323744,0.7558187939282669,0.2889204122958925
KRT5,compartment,PDCD1,lymph_subtype,holdout_breast_cancer,0.08599245814078815,0.1695476050367879,0.08355514689599974
KRT5,compartment,PECAM1,compartment,holdout_breast_cancer,0.3104475484885266,0.274119452927938,-0.036328095560588636
KRT5,compartment,PTPRC_1,compartment,holdout_breast_cancer,0.18084235871664267,0.0074225949046314,-0.17341976381201127
KRT5,compartment,PTPRC_2,compartment,holdout_breast_cancer,0.7176621848391065,0.7275713254511094,0.009909140612002876
KRT5,compartment,SDC1,lymph_subtype,holdout_breast_cancer,0.44174424107865756,0.6066439096955227,0.16489966861686517
KRT5,compartment,VIM,compartment,holdout_breast_cancer,0.4948697061029319,-0.6430644072130183,-1.1379341133159502
MS4A1,lymph_subtype,ACTA2,compartment,holdout_tonsil,0.19088026224690222,-0.1794281516891216,-0.3703084139360238
MS4A1,lymph_subtype,BCL2,other,holdout_tonsil,-0.5291048874723889,-0.5789171204099924,-0.04981223293760351
MS4A1,lymph_subtype,CCR7,lymph_subtype,holdout_tonsil,-0.13348325267838693,-0.4098423001215203,-0.27635904744313333
MS4A1,lymph_subtype,CD14,compartment,holdout_tonsil,-0.027696566175095572,-0.0235064236121191,0.004190142562976472
MS4A1,lymph_subtype,CD163,compartment,holdout_tonsil,-0.0189974142428883,-0.1476228918150757,-0.1286254775721874
MS4A1,lymph_subtype,CD19,lymph_subtype,holdout_tonsil,0.17372447558291523,0.3569420225071557,0.18321754692424044
MS4A1,lymph_subtype,CD27,lymph_subtype,holdout_tonsil,-0.18822373942295773,-0.4719333571731783,-0.2837096177502206
MS4A1,lymph_subtype,CD274,other,holdout_tonsil,0.4422499054340316,0.4312594425028831,-0.01099046293114847
MS4A1,lymph_subtype,CD3E,lymph_subtype,holdout_tonsil,0.5785500127796153,0.7558937877052481,0.1773437749256328
MS4A1,lymph_subtype,CD4,lymph_subtype,holdout_tonsil,-0.3082329703509156,-0.415287317900976,-0.10705434755006038
MS4A1,lymph_subtype,CD40,other,holdout_tonsil,-0.053693065590970875,0.0572923092176792,0.11098537480865008
MS4A1,lymph_subtype,CD68,compartment,holdout_tonsil,0.21913418013266994,0.2938115067929045,0.07467732666023458
MS4A1,lymph_subtype,CD8A,lymph_subtype,holdout_tonsil,0.2413881217663142,0.4402335874305007,0.19884546566418648
MS4A1,lymph_subtype,CEACAM8,other,holdout_tonsil,-0.4260425903265748,-0.4406666022933763,-0.014624011966801465
MS4A1,lymph_subtype,CR2,lymph_subtype,holdout_tonsil,-0.1382517234174861,-0.1665182318007634,-0.028266508383277295
MS4A1,lymph_subtype,CXCR5,lymph_subtype,holdout_tonsil,0.4825271873630844,0.3234288599665312,-0.15909832739655322
MS4A1,lymph_subtype,EPCAM,compartment,holdout_tonsil,-0.09974849149818381,-0.0961934037097166,0.0035550877884672066
MS4A1,lymph_subtype,FCGR3A,compartment,holdout_tonsil,-0.33092484605924966,-0.2902730483132006,0.040651797746049045
MS4A1,lymph_subtype,HLA_DRA,compartment,holdout_tonsil,0.11185755970793833,0.0154175557003465,-0.09644000400759183
MS4A1,lymph_subtype,ITGAM,compartment,holdout_tonsil,0.3449513329363778,0.4542972560506181,0.1093459231142403
MS4A1,lymph_subtype,ITGAX,compartment,holdout_tonsil,0.05560701499660447,0.0135151773630158,-0.04209183763358867
MS4A1,lymph_subtype,KRT5,compartment,holdout_tonsil,0.633339374423359,0.6970648727609517,0.06372549833759278
MS4A1,lymph_subtype,PAX5,lymph_subtype,holdout_tonsil,0.05244436934421456,-0.1452186985597342,-0.19766306790394877
MS4A1,lymph_subtype,PCNA,other,holdout_tonsil,0.16072163502802733,0.2838604561376388,0.12313882110961144
MS4A1,lymph_subtype,PDCD1,lymph_subtype,holdout_tonsil,0.35732221177977125,0.2480040859722065,-0.10931812580756475
MS4A1,lymph_subtype,PECAM1,compartment,holdout_tonsil,0.45088043703211833,0.0668061421107898,-0.3840742949213285
MS4A1,lymph_subtype,PTPRC_1,compartment,holdout_tonsil,0.13242485287159145,0.1202179578982602,-0.012206894973331245
MS4A1,lymph_subtype,PTPRC_2,compartment,holdout_tonsil,0.5464316375862284,0.5620074409144995,0.015575803328271132
MS4A1,lymph_subtype,SDC1,lymph_subtype,holdout_tonsil,0.0142999917038123,0.0269203635119571,0.012620371808144801
MS4A1,lymph_subtype,VIM,compartment,holdout_tonsil,0.48736319451528526,0.3394117766014423,-0.14795141791384298
MS4A1,lymph_subtype,ACTA2,compartment,holdout_breast_cancer,0.5301916371760159,0.4713371364593636,-0.058854500716652325
MS4A1,lymph_subtype,BCL2,other,holdout_breast_cancer,-0.7163455922334068,-0.742235853163937,-0.025890260930530262
MS4A1,lymph_subtype,CCR7,lymph_subtype,holdout_breast_cancer,-0.1488036964312458,-0.2341501892027791,-0.0853464927715333
MS4A1,lymph_subtype,CD14,compartment,holdout_breast_cancer,0.11608934951240568,-0.1577228777593408,-0.2738122272717465
MS4A1,lymph_subtype,CD163,compartment,holdout_breast_cancer,-0.0248596939693795,-0.139645131710644,-0.1147854377412645
MS4A1,lymph_subtype,CD19,lymph_subtype,holdout_breast_cancer,-0.02252376189019223,0.1267880568794734,0.14931181876966562
MS4A1,lymph_subtype,CD27,lymph_subtype,holdout_breast_cancer,0.4469517772220768,0.416208682358837,-0.030743094863239784
MS4A1,lymph_subtype,CD274,other,holdout_breast_cancer,0.5698100153676153,0.5267480713959862,-0.0430619439716291
MS4A1,lymph_subtype,CD3E,lymph_subtype,holdout_breast_cancer,0.688986143875616,0.6512926763006548,-0.03769346757496117
MS4A1,lymph_subtype,CD4,lymph_subtype,holdout_breast_cancer,0.012636089416034196,-0.0702839976390332,-0.0829200870550674
MS4A1,lymph_subtype,CD40,other,holdout_breast_cancer,-0.02812166665371555,-0.0836048156997947,-0.05548314904607914
MS4A1,lymph_subtype,CD68,compartment,holdout_breast_cancer,0.003069041621347927,0.2635823256166645,0.2605132839953166
MS4A1,lymph_subtype,CD8A,lymph_subtype,holdout_breast_cancer,0.5564110888554394,0.5539397745082705,-0.0024713143471689625
MS4A1,lymph_subtype,CEACAM8,other,holdout_breast_cancer,-0.12201864670251072,-0.1288372061199268,-0.006818559417416076
MS4A1,lymph_subtype,CR2,lymph_subtype,holdout_breast_cancer,-0.3147693200739591,-0.2706820598749215,0.04408726019903758
MS4A1,lymph_subtype,CXCR5,lymph_subtype,holdout_breast_cancer,0.6945929397395414,0.8424687843832106,0.1478758446436692
MS4A1,lymph_subtype,EPCAM,compartment,holdout_breast_cancer,0.3631061892579953,-0.8298507253089716,-1.192956914566967
MS4A1,lymph_subtype,FCGR3A,compartment,holdout_breast_cancer,-0.10072943101850998,-0.2145615781468931,-0.11383214712838313
MS4A1,lymph_subtype,HLA_DRA,compartment,holdout_breast_cancer,-0.12223866514975282,-0.4640959770061923,-0.3418573118564395
MS4A1,lymph_subtype,ITGAM,compartment,holdout_breast_cancer,0.37180197309524066,0.3227005386483859,-0.049101434446854775
MS4A1,lymph_subtype,ITGAX,compartment,holdout_breast_cancer,0.2041040717943979,0.4023390046079587,0.19823493281356078
MS4A1,lymph_subtype,KRT5,compartment,holdout_breast_cancer,0.8710698201417606,0.8713834824435646,0.00031366230180396304
MS4A1,lymph_subtype,PAX5,lymph_subtype,holdout_breast_cancer,-0.2905870748966174,-0.2295109476434261,0.06107612725319128
MS4A1,lymph_subtype,PCNA,other,holdout_breast_cancer,0.4668983816323744,0.8149165896207305,0.34801820798835614
MS4A1,lymph_subtype,PDCD1,lymph_subtype,holdout_breast_cancer,0.08599245814078815,0.3978146967348516,0.31182223859406344
MS4A1,lymph_subtype,PECAM1,compartment,holdout_breast_cancer,0.3104475484885266,0.2542508048600785,-0.05619674362844812
MS4A1,lymph_subtype,PTPRC_1,compartment,holdout_breast_cancer,0.18084235871664267,0.1858338522602655,0.004991493543622827
MS4A1,lymph_subtype,PTPRC_2,compartment,holdout_breast_cancer,0.7176621848391065,0.7505151913491388,0.03285300651003231
MS4A1,lymph_subtype,SDC1,lymph_subtype,holdout_breast_cancer,0.44174424107865756,-0.5453352710666272,-0.9870795121452847
MS4A1,lymph_subtype,VIM,compartment,holdout_breast_cancer,0.4948697061029319,-0.7853158649099483,-1.2801855710128802
PAX5,lymph_subtype,ACTA2,compartment,holdout_tonsil,0.19088026224690222,-0.1108079410574976,-0.3016882033043998
PAX5,lymph_subtype,BCL2,other,holdout_tonsil,-0.5291048874723889,-0.5570474368681417,-0.027942549395752803
PAX5,lymph_subtype,CCR7,lymph_subtype,holdout_tonsil,-0.13348325267838693,-0.41324038628823,-0.2797571336098431
PAX5,lymph_subtype,CD14,compartment,holdout_tonsil,-0.027696566175095572,0.2233633213619013,0.2510598875369969
PAX5,lymph_subtype,CD163,compartment,holdout_tonsil,-0.0189974142428883,-0.1373766229790005,-0.1183792087361122
PAX5,lymph_subtype,CD19,lymph_subtype,holdout_tonsil,0.17372447558291523,-0.0973488189824284,-0.2710732945653436
PAX5,lymph_subtype,CD27,lymph_subtype,holdout_tonsil,-0.18822373942295773,-0.3236611422697564,-0.13543740284679867
PAX5,lymph_subtype,CD274,other,holdout_tonsil,0.4422499054340316,0.4339712053370553,-0.008278700096976288
PAX5,lymph_subtype,CD3E,lymph_subtype,holdout_tonsil,0.5785500127796153,0.7089848192506802,0.13043480647106498
PAX5,lymph_subtype,CD4,lymph_subtype,holdout_tonsil,-0.3082329703509156,-0.4088913741447164,-0.10065840379380075
PAX5,lymph_subtype,CD40,other,holdout_tonsil,-0.053693065590970875,0.2085009092714118,0.26219397486238266
PAX5,lymph_subtype,CD68,compartment,holdout_tonsil,0.21913418013266994,0.2919754304990344,0.07284125036636446
PAX5,lymph_subtype,CD8A,lymph_subtype,holdout_tonsil,0.2413881217663142,0.4874636354536158,0.24607551368730163
PAX5,lymph_subtype,CEACAM8,other,holdout_tonsil,-0.4260425903265748,-0.4450032289765236,-0.01896063864994879
PAX5,lymph_subtype,CR2,lymph_subtype,holdout_tonsil,-0.1382517234174861,0.1346112082385959,0.272862931656082
PAX5,lymph_subtype,CXCR5,lymph_subtype,holdout_tonsil,0.4825271873630844,0.3212798912787261,-0.16124729608435834
PAX5,lymph_subtype,EPCAM,compartment,holdout_tonsil,-0.09974849149818381,-0.0860655455843832,0.013682945913800607
PAX5,lymph_subtype,FCGR3A,compartment,holdout_tonsil,-0.33092484605924966,-0.2991061823113111,0.03181866374793857
PAX5,lymph_subtype,HLA_DRA,compartment,holdout_tonsil,0.11185755970793833,-0.0002177610145554,-0.11207532072249372
PAX5,lymph_subtype,ITGAM,compartment,holdout_tonsil,0.3449513329363778,0.1537420594913708,-0.19120927344500702
PAX5,lymph_subtype,ITGAX,compartment,holdout_tonsil,0.05560701499660447,0.037137717834017,-0.018469297162587467
PAX5,lymph_subtype,KRT5,compartment,holdout_tonsil,0.633339374423359,0.7076401567122768,0.07430078228891779
PAX5,lymph_subtype,MS4A1,lymph_subtype,holdout_tonsil,-0.06663988468811219,-0.2353385088243473,-0.1686986241362351
PAX5,lymph_subtype,PCNA,other,holdout_tonsil,0.16072163502802733,0.2758538746094695,0.11513223958144214
PAX5,lymph_subtype,PDCD1,lymph_subtype,holdout_tonsil,0.35732221177977125,0.2389712664131295,-0.11835094536664176
PAX5,lymph_subtype,PECAM1,compartment,holdout_tonsil,0.45088043703211833,0.0709141254689941,-0.3799663115631242
PAX5,lymph_subtype,PTPRC_1,compartment,holdout_tonsil,0.13242485287159145,0.1134938818591916,-0.01893097101239985
PAX5,lymph_subtype,PTPRC_2,compartment,holdout_tonsil,0.5464316375862284,0.5761687837306042,0.029737146144375837
PAX5,lymph_subtype,SDC1,lymph_subtype,holdout_tonsil,0.0142999917038123,0.0204471397656588,0.0061471480618465
PAX5,lymph_subtype,VIM,compartment,holdout_tonsil,0.48736319451528526,0.3128927814943109,-0.17447041302097438
PAX5,lymph_subtype,ACTA2,compartment,holdout_breast_cancer,0.5301916371760159,0.4629724279185835,-0.06721920925743241
PAX5,lymph_subtype,BCL2,other,holdout_breast_cancer,-0.7163455922334068,-0.7267150423488132,-0.010369450115406464
PAX5,lymph_subtype,CCR7,lymph_subtype,holdout_breast_cancer,-0.1488036964312458,-0.1906916602219792,-0.041887963790733396
PAX5,lymph_subtype,CD14,compartment,holdout_breast_cancer,0.11608934951240568,-0.2382578778557041,-0.35434722736810975
PAX5,lymph_subtype,CD163,compartment,holdout_breast_cancer,-0.0248596939693795,-0.1274186391887613,-0.10255894521938182
PAX5,lymph_subtype,CD19,lymph_subtype,holdout_breast_cancer,-0.02252376189019223,0.1130047465419678,0.13552850843216002
PAX5,lymph_subtype,CD27,lymph_subtype,holdout_breast_cancer,0.4469517772220768,0.4464192213133572,-0.0005325559087195897
PAX5,lymph_subtype,CD274,other,holdout_breast_cancer,0.5698100153676153,0.5231649800249846,-0.04664503534263076
PAX5,lymph_subtype,CD3E,lymph_subtype,holdout_breast_cancer,0.688986143875616,0.6512746112852574,-0.03771153259035853
PAX5,lymph_subtype,CD4,lymph_subtype,holdout_breast_cancer,0.012636089416034196,0.0948989342694107,0.08226284485337651
PAX5,lymph_subtype,CD40,other,holdout_breast_cancer,-0.02812166665371555,-0.0306467499651367,-0.00252508331142115
PAX5,lymph_subtype,CD68,compartment,holdout_breast_cancer,0.003069041621347927,0.0396170050896592,0.036547963468311274
PAX5,lymph_subtype,CD8A,lymph_subtype,holdout_breast_cancer,0.5564110888554394,0.5801510397490167,0.023739950893577277
PAX5,lymph_subtype,CEACAM8,other,holdout_breast_cancer,-0.12201864670251072,-0.1352114621978904,-0.013192815495379678
PAX5,lymph_subtype,CR2,lymph_subtype,holdout_breast_cancer,-0.3147693200739591,-0.2528045660045691,0.061964754069390005
PAX5,lymph_subtype,CXCR5,lymph_subtype,holdout_breast_cancer,0.6945929397395414,0.8308373341095932,0.13624439437005176
PAX5,lymph_subtype,EPCAM,compartment,holdout_breast_cancer,0.3631061892579953,-0.8817943978776197,-1.2449005871356151
PAX5,lymph_subtype,FCGR3A,compartment,holdout_breast_cancer,-0.10072943101850998,-0.2558937520032049,-0.15516432098469493
PAX5,lymph_subtype,HLA_DRA,compartment,holdout_breast_cancer,-0.12223866514975282,-0.4436069999109245,-0.32136833476117166
PAX5,lymph_subtype,ITGAM,compartment,holdout_breast_cancer,0.37180197309524066,0.3252238155759488,-0.04657815751929184
PAX5,lymph_subtype,ITGAX,compartment,holdout_breast_cancer,0.2041040717943979,0.4225013035769987,0.21839723178260081
PAX5,lymph_subtype,KRT5,compartment,holdout_breast_cancer,0.8710698201417606,0.8733000898285176,0.0022302696867569916
PAX5,lymph_subtype,MS4A1,lymph_subtype,holdout_breast_cancer,-0.4483363928931986,-0.366868726461627,0.0814676664315716
PAX5,lymph_subtype,PCNA,other,holdout_breast_cancer,0.4668983816323744,0.7204843839920594,0.253586002359685
PAX5,lymph_subtype,PDCD1,lymph_subtype,holdout_breast_cancer,0.08599245814078815,0.3934077170679471,0.30741525892715893
PAX5,lymph_subtype,PECAM1,compartment,holdout_breast_cancer,0.3104475484885266,0.0518069238118671,-0.25864062467665955
PAX5,lymph_subtype,PTPRC_1,compartment,holdout_breast_cancer,0.18084235871664267,0.6171645242540553,0.43632216553741265
PAX5,lymph_subtype,PTPRC_2,compartment,holdout_breast_cancer,0.7176621848391065,0.7740986199841077,0.056436435145001185
PAX5,lymph_subtype,SDC1,lymph_subtype,holdout_breast_cancer,0.44174424107865756,-0.0563721466584083,-0.49811638773706585
PAX5,lymph_subtype,VIM,compartment,holdout_breast_cancer,0.4948697061029319,-0.7631357226414444,-1.2580054287443763
PCNA,other,ACTA2,compartment,holdout_tonsil,0.19088026224690222,-0.0801060493722214,-0.2709863116191236
PCNA,other,BCL2,other,holdout_tonsil,-0.5291048874723889,-0.4337543135867529,0.095350573885636
PCNA,other,CCR7,lymph_subtype,holdout_tonsil,-0.13348325267838693,-0.2463464414370047,-0.11286318875861778
PCNA,other,CD14,compartment,holdout_tonsil,-0.027696566175095572,-0.0918423732265652,-0.06414580705146963
PCNA,other,CD163,compartment,holdout_tonsil,-0.0189974142428883,-0.0712757176886351,-0.0522783034457468
PCNA,other,CD19,lymph_subtype,holdout_tonsil,0.17372447558291523,0.1538179345108261,-0.01990654107208914
PCNA,other,CD27,lymph_subtype,holdout_tonsil,-0.18822373942295773,-0.2651254930158549,-0.07690175359289719
PCNA,other,CD274,other,holdout_tonsil,0.4422499054340316,0.431776944248161,-0.0104729611858706
PCNA,other,CD3E,lymph_subtype,holdout_tonsil,0.5785500127796153,0.0165690917216758,-0.5619809210579395
PCNA,other,CD4,lymph_subtype,holdout_tonsil,-0.3082329703509156,-0.3206849097477217,-0.012451939396806055
PCNA,other,CD40,other,holdout_tonsil,-0.053693065590970875,0.0157402035810458,0.06943326917201667
PCNA,other,CD68,compartment,holdout_tonsil,0.21913418013266994,0.223094627675447,0.003960447542777051
PCNA,other,CD8A,lymph_subtype,holdout_tonsil,0.2413881217663142,0.4899655904687709,0.24857746870245673
PCNA,other,CEACAM8,other,holdout_tonsil,-0.4260425903265748,-0.4407009559049104,-0.014658365578335553
PCNA,other,CR2,lymph_subtype,holdout_tonsil,-0.1382517234174861,-0.3381729949444294,-0.19992127152694328
PCNA,other,CXCR5,lymph_subtype,holdout_tonsil,0.4825271873630844,0.5319963159015147,0.04946912853843033
PCNA,other,EPCAM,compartment,holdout_tonsil,-0.09974849149818381,-0.0832547725626014,0.016493718935582408
PCNA,other,FCGR3A,compartment,holdout_tonsil,-0.33092484605924966,-0.3632912035118562,-0.03236635745260652
PCNA,other,HLA_DRA,compartment,holdout_tonsil,0.11185755970793833,0.1245832465757064,0.012725686867768066
PCNA,other,ITGAM,compartment,holdout_tonsil,0.3449513329363778,0.2165302412140324,-0.12842109172234542
PCNA,other,ITGAX,compartment,holdout_tonsil,0.05560701499660447,0.1231101320750686,0.06750311707846413
PCNA,other,KRT5,compartment,holdout_tonsil,0.633339374423359,0.6665751849965307,0.03323581057317171
PCNA,other,MS4A1,lymph_subtype,holdout_tonsil,-0.06663988468811219,-0.040062992427565,0.026576892260547186
PCNA,other,PAX5,lymph_subtype,holdout_tonsil,0.05244436934421456,0.1112796242660872,0.058835254921872644
PCNA,other,PDCD1,lymph_subtype,holdout_tonsil,0.35732221177977125,0.4331675871115793,0.07584537533180807
PCNA,other,PECAM1,compartment,holdout_tonsil,0.45088043703211833,0.3146403534672529,-0.13624008356486544
PCNA,other,PTPRC_1,compartment,holdout_tonsil,0.13242485287159145,0.0977078005715293,-0.034717052300062154
PCNA,other,PTPRC_2,compartment,holdout_tonsil,0.5464316375862284,0.5244444415257467,-0.021987196060481717
PCNA,other,SDC1,lymph_subtype,holdout_tonsil,0.0142999917038123,-0.025068500185246,-0.0393684918890583
PCNA,other,VIM,compartment,holdout_tonsil,0.48736319451528526,0.4579514566397765,-0.02941173787550877
PCNA,other,ACTA2,compartment,holdout_breast_cancer,0.5301916371760159,0.4340635994627675,-0.0961280377132484
PCNA,other,BCL2,other,holdout_breast_cancer,-0.7163455922334068,-0.7461339786031707,-0.029788386369763886
PCNA,other,CCR7,lymph_subtype,holdout_breast_cancer,-0.1488036964312458,-0.3551862188385135,-0.20638252240726768
PCNA,other,CD14,compartment,holdout_breast_cancer,0.11608934951240568,-0.2176568465563738,-0.3337461960687795
PCNA,other,CD163,compartment,holdout_breast_cancer,-0.0248596939693795,-0.2425143358513353,-0.2176546418819558
PCNA,other,CD19,lymph_subtype,holdout_breast_cancer,-0.02252376189019223,0.0104708904037335,0.03299465229392573
PCNA,other,CD27,lymph_subtype,holdout_breast_cancer,0.4469517772220768,0.3975500646765929,-0.04940171254548392
PCNA,other,CD274,other,holdout_breast_cancer,0.5698100153676153,0.6030004249874868,0.03319040961987152
PCNA,other,CD3E,lymph_subtype,holdout_breast_cancer,0.688986143875616,0.6484012947250773,-0.040584849150538616
PCNA,other,CD4,lymph_subtype,holdout_breast_cancer,0.012636089416034196,0.2570762623959026,0.2444401729798684
PCNA,other,CD40,other,holdout_breast_cancer,-0.02812166665371555,-0.0082056325700601,0.01991603408365545
PCNA,other,CD68,compartment,holdout_breast_cancer,0.003069041621347927,0.043576236915071,0.040507195293723076
PCNA,other,CD8A,lymph_subtype,holdout_breast_cancer,0.5564110888554394,0.5462987230693394,-0.010112365786100086
PCNA,other,CEACAM8,other,holdout_breast_cancer,-0.12201864670251072,-0.0925604070436002,0.02945823965891052
PCNA,other,CR2,lymph_subtype,holdout_breast_cancer,-0.3147693200739591,-0.3298958776605554,-0.015126557586596312
PCNA,other,CXCR5,lymph_subtype,holdout_breast_cancer,0.6945929397395414,0.8407431951312974,0.14615025539175597
PCNA,other,EPCAM,compartment,holdout_breast_cancer,0.3631061892579953,-0.8831558721181304,-1.2462620613761257
PCNA,other,FCGR3A,compartment,holdout_breast_cancer,-0.10072943101850998,-0.2345251705250989,-0.13379573950658893
PCNA,other,HLA_DRA,compartment,holdout_breast_cancer,-0.12223866514975282,-0.4165678650512612,-0.2943291999015084
PCNA,other,ITGAM,compartment,holdout_breast_cancer,0.37180197309524066,0.3889601895488501,0.01715821645360943
PCNA,other,ITGAX,compartment,holdout_breast_cancer,0.2041040717943979,0.3077478248000495,0.10364375300565157
PCNA,other,KRT5,compartment,holdout_breast_cancer,0.8710698201417606,0.8817933984191062,0.010723578277345602
PCNA,other,MS4A1,lymph_subtype,holdout_breast_cancer,-0.4483363928931986,-0.4628204880840749,-0.01448409519087629
PCNA,other,PAX5,lymph_subtype,holdout_breast_cancer,-0.2905870748966174,-0.3823831168951127,-0.09179604199849528
PCNA,other,PDCD1,lymph_subtype,holdout_breast_cancer,0.08599245814078815,0.2272875611839668,0.14129510304317866
PCNA,other,PECAM1,compartment,holdout_breast_cancer,0.3104475484885266,0.1437870276912391,-0.16666052079728752
PCNA,other,PTPRC_1,compartment,holdout_breast_cancer,0.18084235871664267,0.2419036349508158,0.06106127623417312
PCNA,other,PTPRC_2,compartment,holdout_breast_cancer,0.7176621848391065,0.7153574541398409,-0.0023047306992656225
PCNA,other,SDC1,lymph_subtype,holdout_breast_cancer,0.44174424107865756,0.7739614135589575,0.33221717248029997
PCNA,other,VIM,compartment,holdout_breast_cancer,0.4948697061029319,-0.7816749200788494,-1.2765446261817814
PDCD1,lymph_subtype,ACTA2,compartment,holdout_tonsil,0.19088026224690222,0.1399278782412348,-0.05095238400566743
PDCD1,lymph_subtype,BCL2,other,holdout_tonsil,-0.5291048874723889,-0.4942277334217625,0.03487715405062641
PDCD1,lymph_subtype,CCR7,lymph_subtype,holdout_tonsil,-0.13348325267838693,-0.3434341592040346,-0.20995090652564766
PDCD1,lymph_subtype,CD14,compartment,holdout_tonsil,-0.027696566175095572,-0.0843629821887508,-0.05666641601365523
PDCD1,lymph_subtype,CD163,compartment,holdout_tonsil,-0.0189974142428883,-0.1280266115197982,-0.10902919727690989
PDCD1,lymph_subtype,CD19,lymph_subtype,holdout_tonsil,0.17372447558291523,0.4406166629653472,0.2668921873824319
PDCD1,lymph_subtype,CD27,lymph_subtype,holdout_tonsil,-0.18822373942295773,-0.3093664212094373,-0.12114268178647958
PDCD1,lymph_subtype,CD274,other,holdout_tonsil,0.4422499054340316,0.4142872075160694,-0.027962697917962187
PDCD1,lymph_subtype,CD3E,lymph_subtype,holdout_tonsil,0.5785500127796153,0.7998345575936482,0.22128454481403292
PDCD1,lymph_subtype,CD4,lymph_subtype,holdout_tonsil,-0.3082329703509156,-0.3538364375460446,-0.04560346719512898
PDCD1,lymph_subtype,CD40,other,holdout_tonsil,-0.053693065590970875,-0.0189776269560019,0.034715438634968974
PDCD1,lymph_subtype,CD68,compartment,holdout_tonsil,0.21913418013266994,0.2504797342563014,0.031345554123631436
PDCD1,lymph_subtype,CD8A,lymph_subtype,holdout_tonsil,0.2413881217663142,0.385472627778224,0.1440845060119098
PDCD1,lymph_subtype,CEACAM8,other,holdout_tonsil,-0.4260425903265748,-0.4434573602022672,-0.017414769875692404
PDCD1,lymph_subtype,CR2,lymph_subtype,holdout_tonsil,-0.1382517234174861,-0.3016354144919177,-0.16338369107443163
PDCD1,lymph_subtype,CXCR5,lymph_subtype,holdout_tonsil,0.4825271873630844,0.4531774236509333,-0.029349763712151145
PDCD1,lymph_subtype,EPCAM,compartment,holdout_tonsil,-0.09974849149818381,-0.1032290653256386,-0.003480573827454786
PDCD1,lymph_subtype,FCGR3A,compartment,holdout_tonsil,-0.33092484605924966,-0.3438841774211677,-0.01295933136191807
PDCD1,lymph_subtype,HLA_DRA,compartment,holdout_tonsil,0.11185755970793833,0.1101072087735464,-0.0017503509343919227
PDCD1,lymph_subtype,ITGAM,compartment,holdout_tonsil,0.3449513329363778,-0.045374299033149,-0.3903256319695268
PDCD1,lymph_subtype,ITGAX,compartment,holdout_tonsil,0.05560701499660447,0.1858176581895992,0.13021064319299472
PDCD1,lymph_subtype,KRT5,compartment,holdout_tonsil,0.633339374423359,0.6820387789760879,0.04869940455272892
PDCD1,lymph_subtype,MS4A1,lymph_subtype,holdout_tonsil,-0.06663988468811219,-0.1172321352410767,-0.05059225055296451
PDCD1,lymph_subtype,PAX5,lymph_subtype,holdout_tonsil,0.05244436934421456,0.0014913738908452,-0.05095299545336936
PDCD1,lymph_subtype,PCNA,other,holdout_tonsil,0.16072163502802733,0.1627320702769021,0.002010435248874759
PDCD1,lymph_subtype,PECAM1,compartment,holdout_tonsil,0.45088043703211833,0.4215132581013818,-0.029367178930736537
PDCD1,lymph_subtype,PTPRC_1,compartment,holdout_tonsil,0.13242485287159145,0.1294737852084817,-0.0029510676631097355
PDCD1,lymph_subtype,PTPRC_2,compartment,holdout_tonsil,0.5464316375862284,0.5733749528788314,0.026943315292603076
PDCD1,lymph_subtype,SDC1,lymph_subtype,holdout_tonsil,0.0142999917038123,-0.0088911739865954,-0.0231911656904077
PDCD1,lymph_subtype,VIM,compartment,holdout_tonsil,0.48736319451528526,0.3192749580285886,-0.16808823648669668
PDCD1,lymph_subtype,ACTA2,compartment,holdout_breast_cancer,0.5301916371760159,0.4802517051533133,-0.04993993202270264
PDCD1,lymph_subtype,BCL2,other,holdout_breast_cancer,-0.7163455922334068,-0.7407949547891035,-0.02444936255569674
PDCD1,lymph_subtype,CCR7,lymph_subtype,holdout_breast_cancer,-0.1488036964312458,-0.3229844949039112,-0.17418079847266538
PDCD1,lymph_subtype,CD14,compartment,holdout_breast_cancer,0.11608934951240568,-0.2157288562354736,-0.3318182057478793
PDCD1,lymph_subtype,CD163,compartment,holdout_breast_cancer,-0.0248596939693795,-0.1919496578869686,-0.1670899639175891
PDCD1,lymph_subtype,CD19,lymph_subtype,holdout_breast_cancer,-0.02252376189019223,0.0935819793995865,0.11610574128977873
PDCD1,lymph_subtype,CD27,lymph_subtype,holdout_breast_cancer,0.4469517772220768,0.4268289707599921,-0.020122806462084697
PDCD1,lymph_subtype,CD274,other,holdout_breast_cancer,0.5698100153676153,0.5813731676517151,0.011563152284099765
PDCD1,lymph_subtype,CD3E,lymph_subtype,holdout_breast_cancer,0.688986143875616,0.6235564168657062,-0.06542972700990979
PDCD1,lymph_subtype,CD4,lymph_subtype,holdout_breast_cancer,0.012636089416034196,-0.0877379260402872,-0.1003740154563214
PDCD1,lymph_subtype,CD40,other,holdout_breast_cancer,-0.02812166665371555,-0.0647806088101356,-0.03665894215642005
PDCD1,lymph_subtype,CD68,compartment,holdout_breast_cancer,0.003069041621347927,0.1835353922106092,0.18046635058926125
PDCD1,lymph_subtype,CD8A,lymph_subtype,holdout_breast_cancer,0.5564110888554394,0.562417769262647,0.006006680407207532
PDCD1,lymph_subtype,CEACAM8,other,holdout_breast_cancer,-0.12201864670251072,-0.097611429531434,0.02440721717107673
PDCD1,lymph_subtype,CR2,lymph_subtype,holdout_breast_cancer,-0.3147693200739591,-0.279862059703109,0.03490726037085007
PDCD1,lymph_subtype,CXCR5,lymph_subtype,holdout_breast_cancer,0.6945929397395414,0.836962861285333,0.14236992154579164
PDCD1,lymph_subtype,EPCAM,compartment,holdout_breast_cancer,0.3631061892579953,-0.8783387518229974,-1.2414449410809927
PDCD1,lymph_subtype,FCGR3A,compartment,holdout_breast_cancer,-0.10072943101850998,-0.2454591633693027,-0.14472973235079273
PDCD1,lymph_subtype,HLA_DRA,compartment,holdout_breast_cancer,-0.12223866514975282,-0.4349241704417207,-0.3126855052919679
PDCD1,lymph_subtype,ITGAM,compartment,holdout_breast_cancer,0.37180197309524066,0.3447993768228995,-0.02700259627234114
PDCD1,lymph_subtype,ITGAX,compartment,holdout_breast_cancer,0.2041040717943979,0.2795576524475437,0.07545358065314581
PDCD1,lymph_subtype,KRT5,compartment,holdout_breast_cancer,0.8710698201417606,0.8791547921339141,0.008084971992153522
PDCD1,lymph_subtype,MS4A1,lymph_subtype,holdout_breast_cancer,-0.4483363928931986,-0.3747598157938564,0.07357657709934218
PDCD1,lymph_subtype,PAX5,lymph_subtype,holdout_breast_cancer,-0.2905870748966174,-0.2206730310677256,0.0699140438288918
PDCD1,lymph_subtype,PCNA,other,holdout_breast_cancer,0.4668983816323744,0.7661833181943133,0.2992849365619389
PDCD1,lymph_subtype,PECAM1,compartment,holdout_breast_cancer,0.3104475484885266,0.3550909242307732,0.04464337574224658
PDCD1,lymph_subtype,PTPRC_1,compartment,holdout_breast_cancer,0.18084235871664267,-0.1947800831730594,-0.37562244188970206
PDCD1,lymph_subtype,PTPRC_2,compartment,holdout_breast_cancer,0.7176621848391065,0.7296358473732065,0.011973662534100038
PDCD1,lymph_subtype,SDC1,lymph_subtype,holdout_breast_cancer,0.44174424107865756,0.8048007705427465,0.3630565294640889
PDCD1,lymph_subtype,VIM,compartment,holdout_breast_cancer,0.4948697061029319,-0.7564997652086622,-1.2513694713115942
PECAM1,compartment,ACTA2,compartment,holdout_tonsil,0.19088026224690222,0.0648437474706525,-0.12603651477624972
PECAM1,compartment,BCL2,other,holdout_tonsil,-0.5291048874723889,-0.4744667646645707,0.05463812280781821
PECAM1,compartment,CCR7,lymph_subtype,holdout_tonsil,-0.13348325267838693,-0.2072537610528227,-0.07377050837443577
PECAM1,compartment,CD14,compartment,holdout_tonsil,-0.027696566175095572,-0.0519792425033741,-0.02428267632827853
PECAM1,compartment,CD163,compartment,holdout_tonsil,-0.0189974142428883,-0.0639768594724285,-0.0449794452295402
PECAM1,compartment,CD19,lymph_subtype,holdout_tonsil,0.17372447558291523,0.5161307017539977,0.3424062261710824
PECAM1,compartment,CD27,lymph_subtype,holdout_tonsil,-0.18822373942295773,-0.1837759880670748,0.004447751355882934
PECAM1,compartment,CD274,other,holdout_tonsil,0.4422499054340316,0.4352523515353353,-0.006997553898696274
PECAM1,compartment,CD3E,lymph_subtype,holdout_tonsil,0.5785500127796153,0.5504569575940164,-0.028093055185598903
PECAM1,compartment,CD4,lymph_subtype,holdout_tonsil,-0.3082329703509156,-0.2865696481349931,0.021663322215922542
PECAM1,compartment,CD40,other,holdout_tonsil,-0.053693065590970875,-0.0756559683057526,-0.02196290271478172
PECAM1,compartment,CD68,compartment,holdout_tonsil,0.21913418013266994,0.2432076669206289,0.024073486787958953
PECAM1,compartment,CD8A,lymph_subtype,holdout_tonsil,0.2413881217663142,0.6376440638718683,0.39625594210555415
PECAM1,compartment,CEACAM8,other,holdout_tonsil,-0.4260425903265748,-0.4388015828211064,-0.012758992494531551
PECAM1,compartment,CR2,lymph_subtype,holdout_tonsil,-0.1382517234174861,-0.2546581266501755,-0.11640640323268941
PECAM1,compartment,CXCR5,lymph_subtype,holdout_tonsil,0.4825271873630844,0.5087076444803325,0.026180457117248035
PECAM1,compartment,EPCAM,compartment,holdout_tonsil,-0.09974849149818381,-0.0785328879720178,0.021215603526166013
PECAM1,compartment,FCGR3A,compartment,holdout_tonsil,-0.33092484605924966,-0.3740292731505125,-0.04310442709126283
PECAM1,compartment,HLA_DRA,compartment,holdout_tonsil,0.11185755970793833,0.1116538563847613,-0.00020370332317702633
PECAM1,compartment,ITGAM,compartment,holdout_tonsil,0.3449513329363778,-0.0898289516660312,-0.43478028460240903
PECAM1,compartment,ITGAX,compartment,holdout_tonsil,0.05560701499660447,0.147891709212574,0.09228469421596952
PECAM1,compartment,KRT5,compartment,holdout_tonsil,0.633339374423359,0.6445778167254387,0.01123844230207971
PECAM1,compartment,MS4A1,lymph_subtype,holdout_tonsil,-0.06663988468811219,-0.0579673493353807,0.008672535352731492
PECAM1,compartment,PAX5,lymph_subtype,holdout_tonsil,0.05244436934421456,0.0873209244760116,0.03487655513179704
PECAM1,compartment,PCNA,other,holdout_tonsil,0.16072163502802733,0.1138007569840177,-0.04692087804400963
PECAM1,compartment,PDCD1,lymph_subtype,holdout_tonsil,0.35732221177977125,0.4152011055974068,0.05787889381763556
PECAM1,compartment,PTPRC_1,compartment,holdout_tonsil,0.13242485287159145,0.115183535907195,-0.017241316964396444
PECAM1,compartment,PTPRC_2,compartment,holdout_tonsil,0.5464316375862284,0.5365391494997375,-0.009892488086490903
PECAM1,compartment,SDC1,lymph_subtype,holdout_tonsil,0.0142999917038123,-0.0035586996432469,-0.0178586913470592
PECAM1,compartment,VIM,compartment,holdout_tonsil,0.48736319451528526,0.3985241175661459,-0.08883907694913934
PECAM1,compartment,ACTA2,compartment,holdout_breast_cancer,0.5301916371760159,0.4686943621209437,-0.06149727505507224
PECAM1,compartment,BCL2,other,holdout_breast_cancer,-0.7163455922334068,-0.7390842997186922,-0.022738707485285392
PECAM1,compartment,CCR7,lymph_subtype,holdout_breast_cancer,-0.1488036964312458,-0.3431199645320972,-0.1943162681008514
PECAM1,compartment,CD14,compartment,holdout_breast_cancer,0.11608934951240568,-0.1830476939195876,-0.2991370434319933
PECAM1,compartment,CD163,compartment,holdout_breast_cancer,-0.0248596939693795,-0.1528259758624776,-0.12796628189309808
PECAM1,compartment,CD19,lymph_subtype,holdout_breast_cancer,-0.02252376189019223,0.0799553285901308,0.10247909048032303
PECAM1,compartment,CD27,lymph_subtype,holdout_breast_cancer,0.4469517772220768,0.4256652269886595,-0.0212865502334173
PECAM1,compartment,CD274,other,holdout_breast_cancer,0.5698100153676153,0.5745363093537147,0.004726293986099361
PECAM1,compartment,CD3E,lymph_subtype,holdout_breast_cancer,0.688986143875616,0.5397786377635084,-0.14920750611210754
PECAM1,compartment,CD4,lymph_subtype,holdout_breast_cancer,0.012636089416034196,-0.1317859998499656,-0.1444220892659998
PECAM1,compartment,CD40,other,holdout_breast_cancer,-0.02812166665371555,-0.2265346425849475,-0.19841297593123194
PECAM1,compartment,CD68,compartment,holdout_breast_cancer,0.003069041621347927,0.2615659552219089,0.258496913600561
PECAM1,compartment,CD8A,lymph_subtype,holdout_breast_cancer,0.5564110888554394,0.5583489595063988,0.0019378706509594057
PECAM1,compartment,CEACAM8,other,holdout_breast_cancer,-0.12201864670251072,-0.0945141386434823,0.027504508059028418
PECAM1,compartment,CR2,lymph_subtype,holdout_breast_cancer,-0.3147693200739591,-0.2296675496042328,0.08510177046972628
PECAM1,compartment,CXCR5,lymph_subtype,holdout_breast_cancer,0.6945929397395414,0.8393851272296765,0.14479218749013512
PECAM1,compartment,EPCAM,compartment,holdout_breast_cancer,0.3631061892579953,-0.8749441867856136,-1.238050376043609
PECAM1,compartment,FCGR3A,compartment,holdout_breast_cancer,-0.10072943101850998,-0.2041549565369304,-0.10342552551842041
PECAM1,compartment,HLA_DRA,compartment,holdout_breast_cancer,-0.12223866514975282,-0.4290390983348287,-0.3068004331850759
PECAM1,compartment,ITGAM,compartment,holdout_breast_cancer,0.37180197309524066,0.3438215052527747,-0.02798046784246594
PECAM1,compartment,ITGAX,compartment,holdout_breast_cancer,0.2041040717943979,0.2356206176551988,0.03151654586080088
PECAM1,compartment,KRT5,compartment,holdout_breast_cancer,0.8710698201417606,0.8798523656636992,0.008782545521938578
PECAM1,compartment,MS4A1,lymph_subtype,holdout_breast_cancer,-0.4483363928931986,-0.3720734932099159,0.0762628996832827
PECAM1,compartment,PAX5,lymph_subtype,holdout_breast_cancer,-0.2905870748966174,-0.2569259869688748,0.03366108792774258
PECAM1,compartment,PCNA,other,holdout_breast_cancer,0.4668983816323744,0.7851249829822392,0.3182266013498648
PECAM1,compartment,PDCD1,lymph_subtype,holdout_breast_cancer,0.08599245814078815,0.0306388916604366,-0.05535356648035156
PECAM1,compartment,PTPRC_1,compartment,holdout_breast_cancer,0.18084235871664267,-0.3184716754237749,-0.4993140341404176
PECAM1,compartment,PTPRC_2,compartment,holdout_breast_cancer,0.7176621848391065,0.7311401592687861,0.013477974429679573
PECAM1,compartment,SDC1,lymph_subtype,holdout_breast_cancer,0.44174424107865756,0.8291307649522114,0.3873865238735538
PECAM1,compartment,VIM,compartment,holdout_breast_cancer,0.4948697061029319,-0.6968576105348022,-1.191727316637734
PTPRC_1,compartment,ACTA2,compartment,holdout_tonsil,0.19088026224690222,0.0335508208317845,-0.15732944141511773
PTPRC_1,compartment,BCL2,other,holdout_tonsil,-0.5291048874723889,-0.5238954607093198,0.005209426763069125
PTPRC_1,compartment,CCR7,lymph_subtype,holdout_tonsil,-0.13348325267838693,-0.3083346010501127,-0.17485134837172575
PTPRC_1,compartment,CD14,compartment,holdout_tonsil,-0.027696566175095572,-0.0195502363439565,0.008146329831139072
PTPRC_1,compartment,CD163,compartment,holdout_tonsil,-0.0189974142428883,-0.0884377038394266,-0.06944028959653831
PTPRC_1,compartment,CD19,lymph_subtype,holdout_tonsil,0.17372447558291523,0.146846637486665,-0.026877838096250245
PTPRC_1,compartment,CD27,lymph_subtype,holdout_tonsil,-0.18822373942295773,-0.2731514935822435,-0.08492775415928577
PTPRC_1,compartment,CD274,other,holdout_tonsil,0.4422499054340316,0.4204463737134679,-0.021803531720563707
PTPRC_1,compartment,CD3E,lymph_subtype,holdout_tonsil,0.5785500127796153,0.7157186131826131,0.13716860040299783
PTPRC_1,compartment,CD4,lymph_subtype,holdout_tonsil,-0.3082329703509156,-0.3517940368907634,-0.04356106653984776
PTPRC_1,compartment,CD40,other,holdout_tonsil,-0.053693065590970875,-0.0426042040524956,0.011088861538475277
PTPRC_1,compartment,CD68,compartment,holdout_tonsil,0.21913418013266994,0.2558494336529572,0.03671525352028726
PTPRC_1,compartment,CD8A,lymph_subtype,holdout_tonsil,0.2413881217663142,0.5803700069758229,0.33898188520950867
PTPRC_1,compartment,CEACAM8,other,holdout_tonsil,-0.4260425903265748,-0.444390629716564,-0.01834803938998919
PTPRC_1,compartment,CR2,lymph_subtype,holdout_tonsil,-0.1382517234174861,-0.2412237829167272,-0.1029720594992411
PTPRC_1,compartment,CXCR5,lymph_subtype,holdout_tonsil,0.4825271873630844,0.4434400899127221,-0.03908709745036232
PTPRC_1,compartment,EPCAM,compartment,holdout_tonsil,-0.09974849149818381,-0.1076717499958294,-0.007923258497645594
PTPRC_1,compartment,FCGR3A,compartment,holdout_tonsil,-0.33092484605924966,-0.3542340224470857,-0.023309176387836028
PTPRC_1,compartment,HLA_DRA,compartment,holdout_tonsil,0.11185755970793833,0.1167182715719908,0.004860711864052472
PTPRC_1,compartment,ITGAM,compartment,holdout_tonsil,0.3449513329363778,-0.2648538507579304,-0.6098051836943081
PTPRC_1,compartment,ITGAX,compartment,holdout_tonsil,0.05560701499660447,0.0942204872318626,0.038613472235258135
PTPRC_1,compartment,KRT5,compartment,holdout_tonsil,0.633339374423359,0.6630180557083105,0.029678681284951547
PTPRC_1,compartment,MS4A1,lymph_subtype,holdout_tonsil,-0.06663988468811219,-0.127662165210812,-0.06102228052269981
PTPRC_1,compartment,PAX5,lymph_subtype,holdout_tonsil,0.05244436934421456,0.0033020001466396,-0.049142369197574955
PTPRC_1,compartment,PCNA,other,holdout_tonsil,0.16072163502802733,0.1669833508422132,0.006261715814185859
PTPRC_1,compartment,PDCD1,lymph_subtype,holdout_tonsil,0.35732221177977125,0.3998619974014988,0.042539785621727555
PTPRC_1,compartment,PECAM1,compartment,holdout_tonsil,0.45088043703211833,0.3857464351999263,-0.06513400183219203
PTPRC_1,compartment,PTPRC_2,compartment,holdout_tonsil,0.5464316375862284,0.5550396583402857,0.00860802075405731
PTPRC_1,compartment,SDC1,lymph_subtype,holdout_tonsil,0.0142999917038123,-0.0041817692722503,-0.0184817609760626
PTPRC_1,compartment,VIM,compartment,holdout_tonsil,0.48736319451528526,0.4408003023463154,-0.04656289216896986
PTPRC_1,compartment,ACTA2,compartment,holdout_breast_cancer,0.5301916371760159,0.4511291561861952,-0.07906248098982072
PTPRC_1,compartment,BCL2,other,holdout_breast_cancer,-0.7163455922334068,-0.7467749374744928,-0.03042934524108598
PTPRC_1,compartment,CCR7,lymph_subtype,holdout_breast_cancer,-0.1488036964312458,-0.3014603987505726,-0.15265670231932682
PTPRC_1,compartment,CD14,compartment,holdout_breast_cancer,0.11608934951240568,-0.3110699023038282,-0.4271592518162339
PTPRC_1,compartment,CD163,compartment,holdout_breast_cancer,-0.0248596939693795,-0.1193330947447358,-0.0944734007753563
PTPRC_1,compartment,CD19,lymph_subtype,holdout_breast_cancer,-0.02252376189019223,0.1139777209918167,0.13650148288200892
PTPRC_1,compartment,CD27,lymph_subtype,holdout_breast_cancer,0.4469517772220768,0.3779135172997467,-0.06903825992233009
PTPRC_1,compartment,CD274,other,holdout_breast_cancer,0.5698100153676153,0.5744787043575446,0.004668688989929226
PTPRC_1,compartment,CD3E,lymph_subtype,holdout_breast_cancer,0.688986143875616,0.5726707588543053,-0.11631538502131067
PTPRC_1,compartment,CD4,lymph_subtype,holdout_breast_cancer,0.012636089416034196,-0.1345929394187317,-0.1472290288347659
PTPRC_1,compartment,CD40,other,holdout_breast_cancer,-0.02812166665371555,-0.0213293962885903,0.006792270365125249
PTPRC_1,compartment,CD68,compartment,holdout_breast_cancer,0.003069041621347927,0.2121836976343921,0.20911465601304416
PTPRC_1,compartment,CD8A,lymph_subtype,holdout_breast_cancer,0.5564110888554394,0.5543222852168385,-0.002088803638600978
PTPRC_1,compartment,CEACAM8,other,holdout_breast_cancer,-0.12201864670251072,-0.1138477129222004,0.008170933780310322
PTPRC_1,compartment,CR2,lymph_subtype,holdout_breast_cancer,-0.3147693200739591,-0.2703660694996718,0.04440325057428729
PTPRC_1,compartment,CXCR5,lymph_subtype,holdout_breast_cancer,0.6945929397395414,0.8461678791673534,0.15157493942781197
PTPRC_1,compartment,EPCAM,compartment,holdout_breast_cancer,0.3631061892579953,-0.8194528395387987,-1.182559028796794
PTPRC_1,compartment,FCGR3A,compartment,holdout_breast_cancer,-0.10072943101850998,-0.2140611831953783,-0.11333175217686833
PTPRC_1,compartment,HLA_DRA,compartment,holdout_breast_cancer,-0.12223866514975282,-0.4015436480947284,-0.27930498294497563
PTPRC_1,compartment,ITGAM,compartment,holdout_breast_cancer,0.37180197309524066,0.3496326414853465,-0.02216933160989415
PTPRC_1,compartment,ITGAX,compartment,holdout_breast_cancer,0.2041040717943979,0.3227972258373875,0.11869315404298961
PTPRC_1,compartment,KRT5,compartment,holdout_breast_cancer,0.8710698201417606,0.8778235492686476,0.006753729126886987
PTPRC_1,compartment,MS4A1,lymph_subtype,holdout_breast_cancer,-0.4483363928931986,-0.4356754706986971,0.01266092219450149
PTPRC_1,compartment,PAX5,lymph_subtype,holdout_breast_cancer,-0.2905870748966174,-0.1873890415333385,0.1031980333632789
PTPRC_1,compartment,PCNA,other,holdout_breast_cancer,0.4668983816323744,0.8018324020753197,0.3349340204429453
PTPRC_1,compartment,PDCD1,lymph_subtype,holdout_breast_cancer,0.08599245814078815,-0.0793092469619392,-0.16530170510272735
PTPRC_1,compartment,PECAM1,compartment,holdout_breast_cancer,0.3104475484885266,0.5065067227008687,0.1960591742123421
PTPRC_1,compartment,PTPRC_2,compartment,holdout_breast_cancer,0.7176621848391065,0.7381067655198172,0.020444580680710756
PTPRC_1,compartment,SDC1,lymph_subtype,holdout_breast_cancer,0.44174424107865756,0.1278639271928925,-0.3138803138857651
PTPRC_1,compartment,VIM,compartment,holdout_breast_cancer,0.4948697061029319,-0.7096126060750343,-1.2044823121779662
PTPRC_2,compartment,ACTA2,compartment,holdout_tonsil,0.19088026224690222,0.1526802727379882,-0.03819998950891401
PTPRC_2,compartment,BCL2,other,holdout_tonsil,-0.5291048874723889,-0.539314656702342,-0.010209769229953092
PTPRC_2,compartment,CCR7,lymph_subtype,holdout_tonsil,-0.13348325267838693,-0.323392015077551,-0.18990876239916407
PTPRC_2,compartment,CD14,compartment,holdout_tonsil,-0.027696566175095572,-0.0378502220189245,-0.010153655843828924
PTPRC_2,compartment,CD163,compartment,holdout_tonsil,-0.0189974142428883,-0.1107026041397049,-0.0917051898968166
PTPRC_2,compartment,CD19,lymph_subtype,holdout_tonsil,0.17372447558291523,-0.1711575384506979,-0.3448820140336131
PTPRC_2,compartment,CD27,lymph_subtype,holdout_tonsil,-0.18822373942295773,-0.2771559397904017,-0.08893220036744398
PTPRC_2,compartment,CD274,other,holdout_tonsil,0.4422499054340316,0.4125591438987855,-0.02969076153524608
PTPRC_2,compartment,CD3E,lymph_subtype,holdout_tonsil,0.5785500127796153,0.5968708779040182,0.018320865124402896
PTPRC_2,compartment,CD4,lymph_subtype,holdout_tonsil,-0.3082329703509156,-0.3565978863756124,-0.04836491602469678
PTPRC_2,compartment,CD40,other,holdout_tonsil,-0.053693065590970875,-0.0651068369246265,-0.011413771333655627
PTPRC_2,compartment,CD68,compartment,holdout_tonsil,0.21913418013266994,0.2450239117944599,0.025889731661789955
PTPRC_2,compartment,CD8A,lymph_subtype,holdout_tonsil,0.2413881217663142,0.5580238891894624,0.31663576742314825
PTPRC_2,compartment,CEACAM8,other,holdout_tonsil,-0.4260425903265748,-0.4279127003399834,-0.001870110013408588
PTPRC_2,compartment,CR2,lymph_subtype,holdout_tonsil,-0.1382517234174861,-0.2680098305619021,-0.129758107144416
PTPRC_2,compartment,CXCR5,lymph_subtype,holdout_tonsil,0.4825271873630844,0.4274102970526457,-0.055116890310438704
PTPRC_2,compartment,EPCAM,compartment,holdout_tonsil,-0.09974849149818381,-0.1361720763045006,-0.036423584806316786
PTPRC_2,compartment,FCGR3A,compartment,holdout_tonsil,-0.33092484605924966,-0.3333581558451741,-0.0024333097859244313
PTPRC_2,compartment,HLA_DRA,compartment,holdout_tonsil,0.11185755970793833,0.0902327634411938,-0.02162479626674453
PTPRC_2,compartment,ITGAM,compartment,holdout_tonsil,0.3449513329363778,-0.2903466949801239,-0.6352980279165017
PTPRC_2,compartment,ITGAX,compartment,holdout_tonsil,0.05560701499660447,0.1796166015122309,0.12400958651562644
PTPRC_2,compartment,KRT5,compartment,holdout_tonsil,0.633339374423359,0.6689479818014629,0.035608607378103896
PTPRC_2,compartment,MS4A1,lymph_subtype,holdout_tonsil,-0.06663988468811219,-0.1340922382468445,-0.0674523535587323
PTPRC_2,compartment,PAX5,lymph_subtype,holdout_tonsil,0.05244436934421456,-0.0162632538118215,-0.06870762315603605
PTPRC_2,compartment,PCNA,other,holdout_tonsil,0.16072163502802733,0.1776830694359312,0.016961434407903875
PTPRC_2,compartment,PDCD1,lymph_subtype,holdout_tonsil,0.35732221177977125,0.4037775953407503,0.04645538356097906
PTPRC_2,compartment,PECAM1,compartment,holdout_tonsil,0.45088043703211833,0.3446183236588252,-0.10626211337329311
PTPRC_2,compartment,PTPRC_1,compartment,holdout_tonsil,0.13242485287159145,0.093651221703668,-0.03877363116792344
PTPRC_2,compartment,SDC1,lymph_subtype,holdout_tonsil,0.0142999917038123,-0.011154273330785,-0.0254542650345973
PTPRC_2,compartment,VIM,compartment,holdout_tonsil,0.48736319451528526,0.3486426641988997,-0.13872053031638554
PTPRC_2,compartment,ACTA2,compartment,holdout_breast_cancer,0.5301916371760159,0.4630448218307521,-0.06714681534526384
PTPRC_2,compartment,BCL2,other,holdout_breast_cancer,-0.7163455922334068,-0.7371526532727918,-0.02080706103938501
PTPRC_2,compartment,CCR7,lymph_subtype,holdout_breast_cancer,-0.1488036964312458,-0.2862142046976645,-0.1374105082664187
PTPRC_2,compartment,CD14,compartment,holdout_breast_cancer,0.11608934951240568,-0.2663103600544099,-0.38239970956681557
PTPRC_2,compartment,CD163,compartment,holdout_breast_cancer,-0.0248596939693795,-0.1110348326322172,-0.0861751386628377
PTPRC_2,compartment,CD19,lymph_subtype,holdout_breast_cancer,-0.02252376189019223,0.1366992709566414,0.15922303284683362
PTPRC_2,compartment,CD27,lymph_subtype,holdout_breast_cancer,0.4469517772220768,0.4338722353050347,-0.013079541917042081
PTPRC_2,compartment,CD274,other,holdout_breast_cancer,0.5698100153676153,0.5731578369298337,0.003347821562218356
PTPRC_2,compartment,CD3E,lymph_subtype,holdout_breast_cancer,0.688986143875616,0.6341045910443546,-0.05488155283126139
PTPRC_2,compartment,CD4,lymph_subtype,holdout_breast_cancer,0.012636089416034196,-0.2424879027315332,-0.2551239921475674
PTPRC_2,compartment,CD40,other,holdout_breast_cancer,-0.02812166665371555,0.1624694719393346,0.19059113859305013
PTPRC_2,compartment,CD68,compartment,holdout_breast_cancer,0.003069041621347927,-0.0157598956923943,-0.018828937313742227
PTPRC_2,compartment,CD8A,lymph_subtype,holdout_breast_cancer,0.5564110888554394,0.5455112839574944,-0.010899804897945065
PTPRC_2,compartment,CEACAM8,other,holdout_breast_cancer,-0.12201864670251072,-0.1082978593831636,0.01372078731934713
PTPRC_2,compartment,CR2,lymph_subtype,holdout_breast_cancer,-0.3147693200739591,-0.314323954689144,0.0004453653848150996
PTPRC_2,compartment,CXCR5,lymph_subtype,holdout_breast_cancer,0.6945929397395414,0.8493807787484662,0.1547878390089248
PTPRC_2,compartment,EPCAM,compartment,holdout_breast_cancer,0.3631061892579953,-0.660382877436909,-1.0234890666949044
PTPRC_2,compartment,FCGR3A,compartment,holdout_breast_cancer,-0.10072943101850998,-0.2357657309139215,-0.13503629989541152
PTPRC_2,compartment,HLA_DRA,compartment,holdout_breast_cancer,-0.12223866514975282,-0.3943771917862766,-0.2721385266365238
PTPRC_2,compartment,ITGAM,compartment,holdout_breast_cancer,0.37180197309524066,0.3360025172882792,-0.03579945580696148
PTPRC_2,compartment,ITGAX,compartment,holdout_breast_cancer,0.2041040717943979,0.3425709692896776,0.1384668974952797
PTPRC_2,compartment,KRT5,compartment,holdout_breast_cancer,0.8710698201417606,0.8759206939309823,0.004850873789221666
PTPRC_2,compartment,MS4A1,lymph_subtype,holdout_breast_cancer,-0.4483363928931986,-0.4203474107371065,0.02798898215609208
PTPRC_2,compartment,PAX5,lymph_subtype,holdout_breast_cancer,-0.2905870748966174,-0.0847779078286698,0.2058091670679476
PTPRC_2,compartment,PCNA,other,holdout_breast_cancer,0.4668983816323744,0.7841874154716646,0.3172890338392902
PTPRC_2,compartment,PDCD1,lymph_subtype,holdout_breast_cancer,0.08599245814078815,-0.1913093669767156,-0.2773018251175038
PTPRC_2,compartment,PECAM1,compartment,holdout_breast_cancer,0.3104475484885266,0.5653504694335286,0.254902920945002
PTPRC_2,compartment,PTPRC_1,compartment,holdout_breast_cancer,0.18084235871664267,-0.0166056574410549,-0.19744801615769758
PTPRC_2,compartment,SDC1,lymph_subtype,holdout_breast_cancer,0.44174424107865756,0.2555265270864805,-0.18621771399217707
PTPRC_2,compartment,VIM,compartment,holdout_breast_cancer,0.4948697061029319,-0.7510464341882602,-1.2459161402911922
SDC1,lymph_subtype,ACTA2,compartment,holdout_tonsil,0.19088026224690222,0.4702565271086193,0.27937626486171707
SDC1,lymph_subtype,BCL2,other,holdout_tonsil,-0.5291048874723889,-0.5144173911138568,0.01468749635853217
SDC1,lymph_subtype,CCR7,lymph_subtype,holdout_tonsil,-0.13348325267838693,-0.2879779485037747,-0.1544946958253878
SDC1,lymph_subtype,CD14,compartment,holdout_tonsil,-0.027696566175095572,-0.1103876329947989,-0.08269106681970333
SDC1,lymph_subtype,CD163,compartment,holdout_tonsil,-0.0189974142428883,-0.0845320537358386,-0.0655346394929503
SDC1,lymph_subtype,CD19,lymph_subtype,holdout_tonsil,0.17372447558291523,0.0751581123132207,-0.09856636326969453
SDC1,lymph_subtype,CD27,lymph_subtype,holdout_tonsil,-0.18822373942295773,-0.2559932897339565,-0.0677695503109988
SDC1,lymph_subtype,CD274,other,holdout_tonsil,0.4422499054340316,0.425388574049007,-0.016861331385024603
SDC1,lymph_subtype,CD3E,lymph_subtype,holdout_tonsil,0.5785500127796153,0.7297208551860077,0.15117084240639245
SDC1,lymph_subtype,CD4,lymph_subtype,holdout_tonsil,-0.3082329703509156,-0.3185561367673076,-0.010323166416391971
SDC1,lymph_subtype,CD40,other,holdout_tonsil,-0.053693065590970875,0.083887673696052,0.13758073928702289
SDC1,lymph_subtype,CD68,compartment,holdout_tonsil,0.21913418013266994,0.2562685830490144,0.037134402916344456
SDC1,lymph_subtype,CD8A,lymph_subtype,holdout_tonsil,0.2413881217663142,0.5884994763919756,0.34711135462566145
SDC1,lymph_subtype,CEACAM8,other,holdout_tonsil,-0.4260425903265748,-0.4370754908109192,-0.011032900484344355
SDC1,lymph_subtype,CR2,lymph_subtype,holdout_tonsil,-0.1382517234174861,-0.2336683319743193,-0.0954166085568332
SDC1,lymph_subtype,CXCR5,lymph_subtype,holdout_tonsil,0.4825271873630844,0.474883902232101,-0.007643285130983446
SDC1,lymph_subtype,EPCAM,compartment,holdout_tonsil,-0.09974849149818381,-0.0941320866868019,0.0056164048113819115
SDC1,lymph_subtype,FCGR3A,compartment,holdout_tonsil,-0.33092484605924966,-0.3556456975718141,-0.024720851512564423
SDC1,lymph_subtype,HLA_DRA,compartment,holdout_tonsil,0.11185755970793833,0.0863176891663026,-0.02553987054163573
SDC1,lymph_subtype,ITGAM,compartment,holdout_tonsil,0.3449513329363778,-0.2683165104624244,-0.6132678433988021
SDC1,lymph_subtype,ITGAX,compartment,holdout_tonsil,0.05560701499660447,0.0966128536411492,0.04100583864454473
SDC1,lymph_subtype,KRT5,compartment,holdout_tonsil,0.633339374423359,0.6550203981735165,0.02168102375015757
SDC1,lymph_subtype,MS4A1,lymph_subtype,holdout_tonsil,-0.06663988468811219,-0.1061963383159675,-0.039556453627855315
SDC1,lymph_subtype,PAX5,lymph_subtype,holdout_tonsil,0.05244436934421456,0.028833218008812,-0.023611151335402557
SDC1,lymph_subtype,PCNA,other,holdout_tonsil,0.16072163502802733,0.1594791490262578,-0.0012424860017695438
SDC1,lymph_subtype,PDCD1,lymph_subtype,holdout_tonsil,0.35732221177977125,0.3866954872247111,0.02937327544493984
SDC1,lymph_subtype,PECAM1,compartment,holdout_tonsil,0.45088043703211833,0.1508027401166223,-0.300077696915496
SDC1,lymph_subtype,PTPRC_1,compartment,holdout_tonsil,0.13242485287159145,-0.0298378883369377,-0.16226274120852915
SDC1,lymph_subtype,PTPRC_2,compartment,holdout_tonsil,0.5464316375862284,0.5252626147599444,-0.021169022826283967
SDC1,lymph_subtype,VIM,compartment,holdout_tonsil,0.48736319451528526,0.2662681559334092,-0.22109503858187607
SDC1,lymph_subtype,ACTA2,compartment,holdout_breast_cancer,0.5301916371760159,0.4432076284175489,-0.08698400875846701
SDC1,lymph_subtype,BCL2,other,holdout_breast_cancer,-0.7163455922334068,-0.7597373634033054,-0.043391771169898674
SDC1,lymph_subtype,CCR7,lymph_subtype,holdout_breast_cancer,-0.1488036964312458,-0.388639352884412,-0.23983565645316618
SDC1,lymph_subtype,CD14,compartment,holdout_breast_cancer,0.11608934951240568,-0.0917191231810242,-0.2078084726934299
SDC1,lymph_subtype,CD163,compartment,holdout_breast_cancer,-0.0248596939693795,-0.2065758667485293,-0.18171617277914978
SDC1,lymph_subtype,CD19,lymph_subtype,holdout_breast_cancer,-0.02252376189019223,-0.0214576533511095,0.0010661085390827295
SDC1,lymph_subtype,CD27,lymph_subtype,holdout_breast_cancer,0.4469517772220768,0.3575646444834817,-0.08938713273859511
SDC1,lymph_subtype,CD274,other,holdout_breast_cancer,0.5698100153676153,0.6189432418399402,0.049133226472324876
SDC1,lymph_subtype,CD3E,lymph_subtype,holdout_breast_cancer,0.688986143875616,0.5897133613047132,-0.09927278257090277
SDC1,lymph_subtype,CD4,lymph_subtype,holdout_breast_cancer,0.012636089416034196,-0.3339222681038184,-0.34655835751985264
SDC1,lymph_subtype,CD40,other,holdout_breast_cancer,-0.02812166665371555,0.1913738698237985,0.21949553647751405
SDC1,lymph_subtype,CD68,compartment,holdout_breast_cancer,0.003069041621347927,0.0661016425466923,0.06303260092534438
SDC1,lymph_subtype,CD8A,lymph_subtype,holdout_breast_cancer,0.5564110888554394,0.5371685687450057,-0.019242520110433703
SDC1,lymph_subtype,CEACAM8,other,holdout_breast_cancer,-0.12201864670251072,-0.0499068609620601,0.07211178574045063
SDC1,lymph_subtype,CR2,lymph_subtype,holdout_breast_cancer,-0.3147693200739591,-0.3914644430191648,-0.0766951229452057
SDC1,lymph_subtype,CXCR5,lymph_subtype,holdout_breast_cancer,0.6945929397395414,0.8363578154662951,0.14176487572675367
SDC1,lymph_subtype,EPCAM,compartment,holdout_breast_cancer,0.3631061892579953,-0.1405943123289394,-0.5037005015869347
SDC1,lymph_subtype,FCGR3A,compartment,holdout_breast_cancer,-0.10072943101850998,-0.2872800928468301,-0.1865506618283201
SDC1,lymph_subtype,HLA_DRA,compartment,holdout_breast_cancer,-0.12223866514975282,-0.3338250701580685,-0.2115864050083157
SDC1,lymph_subtype,ITGAM,compartment,holdout_breast_cancer,0.37180197309524066,0.440511328966355,0.06870935587111432
SDC1,lymph_subtype,ITGAX,compartment,holdout_breast_cancer,0.2041040717943979,0.2726911959319151,0.06858712413751719
SDC1,lymph_subtype,KRT5,compartment,holdout_breast_cancer,0.8710698201417606,0.8813279821542491,0.010258162012488525
SDC1,lymph_subtype,MS4A1,lymph_subtype,holdout_breast_cancer,-0.4483363928931986,-0.2990555509917305,0.14928084190146812
SDC1,lymph_subtype,PAX5,lymph_subtype,holdout_breast_cancer,-0.2905870748966174,-0.2450767340737425,0.04551034082287489
SDC1,lymph_subtype,PCNA,other,holdout_breast_cancer,0.4668983816323744,0.8094543785405479,0.3425559969081735
SDC1,lymph_subtype,PDCD1,lymph_subtype,holdout_breast_cancer,0.08599245814078815,-0.1745037667583393,-0.2604962248991275
SDC1,lymph_subtype,PECAM1,compartment,holdout_breast_cancer,0.3104475484885266,0.5925996406156396,0.282152092127113
SDC1,lymph_subtype,PTPRC_1,compartment,holdout_breast_cancer,0.18084235871664267,0.1931794149670806,0.012337056250437933
SDC1,lymph_subtype,PTPRC_2,compartment,holdout_breast_cancer,0.7176621848391065,0.6840038749044837,-0.03365830993462282
SDC1,lymph_subtype,VIM,compartment,holdout_breast_cancer,0.4948697061029319,-0.6862779170124502,-1.1811476231153821
VIM,compartment,ACTA2,compartment,holdout_tonsil,0.19088026224690222,0.5875801879523997,0.3966999257054975
VIM,compartment,BCL2,other,holdout_tonsil,-0.5291048874723889,-0.5216048598030223,0.007500027669366638
VIM,compartment,CCR7,lymph_subtype,holdout_tonsil,-0.13348325267838693,-0.289608013300058,-0.15612476062167105
VIM,compartment,CD14,compartment,holdout_tonsil,-0.027696566175095572,-0.1427413636484546,-0.11504479747335904
VIM,compartment,CD163,compartment,holdout_tonsil,-0.0189974142428883,-0.0919038613169835,-0.0729064470740952
VIM,compartment,CD19,lymph_subtype,holdout_tonsil,0.17372447558291523,0.0306450960613395,-0.14307937952157573
VIM,compartment,CD27,lymph_subtype,holdout_tonsil,-0.18822373942295773,-0.2301584970430121,-0.041934757620054386
VIM,compartment,CD274,other,holdout_tonsil,0.4422499054340316,0.4202165136583503,-0.02203339177568131
VIM,compartment,CD3E,lymph_subtype,holdout_tonsil,0.5785500127796153,0.7188438771235125,0.14029386434389723
VIM,compartment,CD4,lymph_subtype,holdout_tonsil,-0.3082329703509156,-0.3537251416552705,-0.0454921713043549
VIM,compartment,CD40,other,holdout_tonsil,-0.053693065590970875,-0.0112210398448601,0.042472025746110774
VIM,compartment,CD68,compartment,holdout_tonsil,0.21913418013266994,0.2416246162378663,0.022490436105196354
VIM,compartment,CD8A,lymph_subtype,holdout_tonsil,0.2413881217663142,0.4719848931349138,0.23059677136859963
VIM,compartment,CEACAM8,other,holdout_tonsil,-0.4260425903265748,-0.4434814023198292,-0.017438811993254366
VIM,compartment,CR2,lymph_subtype,holdout_tonsil,-0.1382517234174861,-0.2423590093914282,-0.10410728597394212
VIM,compartment,CXCR5,lymph_subtype,holdout_tonsil,0.4825271873630844,0.4522344802777762,-0.030292707085308235
VIM,compartment,EPCAM,compartment,holdout_tonsil,-0.09974849149818381,-0.1179643948630899,-0.018215903364906097
VIM,compartment,FCGR3A,compartment,holdout_tonsil,-0.33092484605924966,-0.3552297802746421,-0.024304934215392426
VIM,compartment,HLA_DRA,compartment,holdout_tonsil,0.11185755970793833,0.0746189467012424,-0.037238613006695925
VIM,compartment,ITGAM,compartment,holdout_tonsil,0.3449513329363778,0.3242872289438473,-0.02066410399253049
VIM,compartment,ITGAX,compartment,holdout_tonsil,0.05560701499660447,0.1237029153677721,0.06809590037116764
VIM,compartment,KRT5,compartment,holdout_tonsil,0.633339374423359,0.6589938626216252,0.025654488198266212
VIM,compartment,MS4A1,lymph_subtype,holdout_tonsil,-0.06663988468811219,-0.1126064076562741,-0.04596652296816191
VIM,compartment,PAX5,lymph_subtype,holdout_tonsil,0.05244436934421456,0.0124291212895692,-0.04001524805464536
VIM,compartment,PCNA,other,holdout_tonsil,0.16072163502802733,0.1547017732740337,-0.006019861753993633
VIM,compartment,PDCD1,lymph_subtype,holdout_tonsil,0.35732221177977125,0.4132190670487368,0.05589685526896554
VIM,compartment,PECAM1,compartment,holdout_tonsil,0.45088043703211833,0.4488022954505925,-0.0020781415815258053
VIM,compartment,PTPRC_1,compartment,holdout_tonsil,0.13242485287159145,0.1409313569550407,0.008506504083449246
VIM,compartment,PTPRC_2,compartment,holdout_tonsil,0.5464316375862284,0.5357025744614731,-0.0107290631247553
VIM,compartment,SDC1,lymph_subtype,holdout_tonsil,0.0142999917038123,-0.012178286355843,-0.0264782780596553
VIM,compartment,ACTA2,compartment,holdout_breast_cancer,0.5301916371760159,0.4676820976501423,-0.06250953952587363
VIM,compartment,BCL2,other,holdout_breast_cancer,-0.7163455922334068,-0.6840622800012447,0.032283312232162076
VIM,compartment,CCR7,lymph_subtype,holdout_breast_cancer,-0.1488036964312458,-0.2955454959134588,-0.146741799482213
VIM,compartment,CD14,compartment,holdout_breast_cancer,0.11608934951240568,-0.1674921542632887,-0.28358150377569435
VIM,compartment,CD163,compartment,holdout_breast_cancer,-0.0248596939693795,-0.0825431816913937,-0.057683487722014204
VIM,compartment,CD19,lymph_subtype,holdout_breast_cancer,-0.02252376189019223,0.0672415074362532,0.08976526932644543
VIM,compartment,CD27,lymph_subtype,holdout_breast_cancer,0.4469517772220768,0.124604681281246,-0.3223470959408308
VIM,compartment,CD274,other,holdout_breast_cancer,0.5698100153676153,0.5808559272224976,0.01104591185488224
VIM,compartment,CD3E,lymph_subtype,holdout_breast_cancer,0.688986143875616,0.7005763620508316,0.01159021817521566
VIM,compartment,CD4,lymph_subtype,holdout_breast_cancer,0.012636089416034196,-0.1719670926604868,-0.184603182076521
VIM,compartment,CD40,other,holdout_breast_cancer,-0.02812166665371555,0.2195528693593662,0.24767453601308173
VIM,compartment,CD68,compartment,holdout_breast_cancer,0.003069041621347927,0.0434979837707786,0.04042894214943067
VIM,compartment,CD8A,lymph_subtype,holdout_breast_cancer,0.5564110888554394,0.5921523617969413,0.03574127294150187
VIM,compartment,CEACAM8,other,holdout_breast_cancer,-0.12201864670251072,-0.1377569981957563,-0.015738351493245567
VIM,compartment,CR2,lymph_subtype,holdout_breast_cancer,-0.3147693200739591,-0.3094271011460907,0.005342218927868403
VIM,compartment,CXCR5,lymph_subtype,holdout_breast_cancer,0.6945929397395414,0.8494222759883446,0.15482933624880324
VIM,compartment,EPCAM,compartment,holdout_breast_cancer,0.3631061892579953,-0.4259574474866525,-0.7890636367446477
VIM,compartment,FCGR3A,compartment,holdout_breast_cancer,-0.10072943101850998,-0.2480556231256304,-0.14732619210712042
VIM,compartment,HLA_DRA,compartment,holdout_breast_cancer,-0.12223866514975282,-0.3639407227433701,-0.24170205759361726
VIM,compartment,ITGAM,compartment,holdout_breast_cancer,0.37180197309524066,0.2977320333276644,-0.07406993976757625
VIM,compartment,ITGAX,compartment,holdout_breast_cancer,0.2041040717943979,0.3279606212286901,0.12385654943429217
VIM,compartment,KRT5,compartment,holdout_breast_cancer,0.8710698201417606,0.8805398267022687,0.009470006560508115
VIM,compartment,MS4A1,lymph_subtype,holdout_breast_cancer,-0.4483363928931986,-0.5155959542826148,-0.06725956138941624
VIM,compartment,PAX5,lymph_subtype,holdout_breast_cancer,-0.2905870748966174,-0.3612175288215422,-0.07063045392492479
VIM,compartment,PCNA,other,holdout_breast_cancer,0.4668983816323744,0.7994161644260006,0.3325177827936262
VIM,compartment,PDCD1,lymph_subtype,holdout_breast_cancer,0.08599245814078815,-0.3692053748189364,-0.45519783295972455
VIM,compartment,PECAM1,compartment,holdout_breast_cancer,0.3104475484885266,0.4656893219202545,0.15524177343172785
VIM,compartment,PTPRC_1,compartment,holdout_breast_cancer,0.18084235871664267,0.4151868119293025,0.23434445321265984
VIM,compartment,PTPRC_2,compartment,holdout_breast_cancer,0.7176621848391065,0.7342177235187252,0.016555538679618675
VIM,compartment,SDC1,lymph_subtype,holdout_breast_cancer,0.44174424107865756,0.8169849880119553,0.37524074693329773
