barcode,score,depth,section,x,y,score_vSTB1,score_vSTB2,score_vSTBjuv,score_vCTB,score_vHBC,score_vVEC
AAACAAGTATCTCCCA-1,-0.05375531113988121,1540.0,A,1487.0,1268.0,0.0030971526213956282,-0.12262084628754163,0.013984562118115502,0.08912998595533922,-0.11937106197158065,-0.05583645701337493
AAACAGAGCGACTCCT-1,0.05763802863489012,1182.0,A,1381.0,463.0,-0.004892459337425541,0.28482272855517293,-0.09358728538712396,0.02691290294419004,-0.003104195462766232,0.1603672951967211
AAACAGGGTCTATATT-1,0.052209549940350236,33885.0,A,342.0,1206.0,-0.04088861118425194,-0.003941588444943189,-0.11974761881818416,-0.04891196992312852,-0.03217734406434526,0.06349200785723437
AAACCCGAACGAAATC-1,0.18452864807681174,13184.0,A,1654.0,1155.0,0.1301125139171682,0.18360446945412273,0.0013186791389579247,0.3342524426844688,0.024166142912201857,0.25595095440070903
AAACCGGAAATGTTAA-1,0.02721490677410067,14163.0,A,1771.0,1356.0,0.18248766027053998,-0.04322676932698506,-0.022415711854945192,-0.03065730642284624,-0.11074512008162772,-0.004486853151954531
AAACCGGGTAGGTACC-1,0.04710175927356096,2310.0,A,535.0,1094.0,0.0023300803543574947,0.10926296293824589,-0.050663166839706474,0.0020518477629319918,0.13685925826894782,0.08555045048431767
AAACCTCATGAAGTTG-1,-0.07287412902261929,3090.0,A,419.0,982.0,-0.27395288238641413,0.07856385072800948,-0.0362561135818578,0.13910910898311246,-0.18362820785532244,-0.07991279582336738
AAACGAGACGGTTGAT-1,-0.05068230232657543,936.0,A,1190.0,934.0,-0.1162610080902082,-0.08075200964954538,0.04443759139677305,-0.18218024868276378,0.059999798030407836,0.05419950293158436
AAACGTGTTCGCCCTA-1,0.12873415163622443,10917.0,A,1689.0,461.0,0.1701732018308833,-0.17057787046045308,0.1331176212610214,0.05849177697458233,0.21593762747793835,0.05938494133141134
AAACTAACGTGGCGAC-1,-0.014291917054980443,3105.0,A,1586.0,328.0,-0.2664016380291764,0.009293954007679454,0.10155382291970225,0.029940342143165658,0.03953185551587117,-0.040450731070441316
AAACTCGTGATATAAG-1,0.013227879990470481,18206.0,A,1626.0,663.0,-0.014085279931234318,-0.07951591114908138,0.03804852600973423,-0.16485279659532365,-0.09005684243092443,-0.009914560029602358
AAACTTGCAAACGTAT-1,-0.04967486970248636,6419.0,A,419.0,1161.0,0.2000489243912294,0.05438322278268341,-0.9433782761661827,0.10388108377190462,0.026166710799534525,0.1745463665998096
AAAGACCCAAGTCGCG-1,-0.022251900208869906,4600.0,A,789.0,376.0,-0.03344205505774637,-0.12645843284090097,0.08040892183048486,0.0540588131943123,-0.30360417564538683,0.09002133800039039
AAAGGGATGTAGCAAG-1,-0.045575354282375725,3343.0,A,970.0,689.0,0.24686488180436716,0.4066762039908402,-0.19085907757008533,-0.3773958086267451,-0.08968287443897169,-0.13833163126632672
AAAGGTAAGCTGTACC-1,-0.00103917140709342,593.0,A,1535.0,373.0,-0.07152119287778959,0.06448773886026997,-0.00866290053914166,0.0037691442605774367,-0.005578097098939791,0.12589750558873003
AAAGTAGCATTGCTCA-1,0.15840081007475185,14949.0,A,523.0,1295.0,0.0893870459246584,0.3333202428546856,0.030746239864133718,0.017541140323034596,0.15209976298053074,0.09655902675100825
AAAGTCACTGATGTAA-1,0.14940834025460503,1835.0,A,840.0,376.0,0.6308877546038452,0.30526698638465594,0.3933476289434827,-0.21410860440873453,-0.05525331765033596,0.1303050561201166
AAAGTCGACCCTCAGT-1,0.014974799382100265,14462.0,A,367.0,982.0,0.03759470279077039,-0.09321784315681902,-0.0022616978563956974,-0.0067795499623366645,-0.017708496940911707,-0.1111306212749256
AAAGTGTGATTTATCT-1,-0.08540256250343442,982.0,A,1384.0,1134.0,-0.25173223247348386,0.016548470821178773,0.03593275192975903,-0.08949813251039948,-0.033829174070630096,-0.10527571874134078
AAAGTTGACTCCCGTA-1,-0.030114981715904793,802.0,A,1409.0,1089.0,-0.0954934530872256,0.22727867278376845,-0.013405056413225456,-0.08003166785471187,-0.08828393431107917,-0.04355196312625746
AAATAACCATACGGGA-1,-0.11390238083411235,1585.0,A,1304.0,463.0,-0.024973951443818664,-0.004264951282234697,-0.3956723387222145,-0.050365938569627185,-0.13725152424043685,-0.03713964056193224
AAATAGCTTAGACTTT-1,-0.12138475392336837,1284.0,A,1537.0,955.0,-0.08293649817485133,-0.3193057890396846,-0.021694125892847242,-0.10029259984893213,-0.15866525385238067,0.013240964776967408
AAATAGGGTGCTATTG-1,0.03261858767395625,2267.0,A,1192.0,1337.0,-0.17458962113620724,0.2727837115629085,0.10391417174589482,-0.039041933846346216,0.07939187111222326,-0.012033764164377396
AAATCTAGCCCTGCTA-1,-0.2676980150285952,1349.0,A,1475.0,1335.0,-0.9250806451614222,0.14864019553914296,-0.07611622667499506,-0.005442174709471812,-0.2370547587641512,-0.2569367250788088
AAATGGCATGTCTTGT-1,0.13857692718975156,9189.0,A,1059.0,442.0,-0.20955895193775537,0.05404847529200407,0.4382147626541678,0.29363956837515176,0.013298807821720882,0.05064758592432658
AAATGGCCCGTGCCCT-1,0.04019764498822717,6417.0,A,394.0,1251.0,0.09776230267012798,-0.1471271174349356,0.12319332467592364,-0.049955433513442095,-0.09074187863090438,0.17829029159407236
AAATTACACGACTCTG-1,-0.08448921636361235,1815.0,A,1278.0,463.0,-0.4596410822256269,-0.017812623526461395,-0.07553469014611025,0.0603374617549289,0.04391839779761773,-0.04853761655420864
AAATTCCAGGTCCAAA-1,-0.16624989820085606,3823.0,A,1653.0,932.0,0.19888663322325684,0.14990269477523496,-0.6788685179446496,-0.03381546902520767,-0.7486770798712974,0.1152251268743977
AAATTGGTGAGAAGCA-1,-0.0920904894507918,10336.0,A,1702.0,484.0,-0.3097302677869309,-0.3254845591376332,0.07633633769357792,-0.05941656611688784,-0.00266993048698546,-0.09132482940230596
AAATTTGCGGGTGTGG-1,-0.022559269346122002,3393.0,A,600.0,1205.0,-0.0626521637132644,0.04657547567182152,0.037607138152949734,0.13419444118611132,-0.04409412547108574,-0.24950543117864793
AACACACGCTCGCCGC-1,-0.045136214525860224,788.0,A,1372.0,1291.0,-0.19271679879443393,0.1711503514322138,-0.029156466459370266,-0.07928963745600935,0.002257583645121075,-0.043261647753356794
AACACGACTGTACTGA-1,0.0008220605603659059,6283.0,A,1007.0,353.0,-0.13836747029598045,-0.2363682276630128,-0.1081891253814634,0.21892718146880605,0.04226829411649566,0.06541098458969623
AACACGAGACGCGGCC-1,0.06376740373649155,4585.0,A,445.0,1161.0,0.09602070738087432,0.022896517047278256,0.4872780818218607,-0.13671661813021235,-0.18482418108749477,0.00845597727566558
AACAGGAAATCGAATA-1,0.35082451260413106,3879.0,A,1034.0,487.0,0.06621858718175076,0.8943774979172324,0.045178926205962686,0.23991268115642084,0.1781096696550304,0.5816844667197166
AACAGGTAGTATGGAT-1,0.09645164832829212,2485.0,A,1629.0,1245.0,0.10184296993281497,0.18580670735877716,0.23021660352249854,0.10398367888041762,-0.10628599873929184,0.14788665623120525
AACCAAGACTTCTCTG-1,0.11738785462254119,5261.0,A,483.0,960.0,-0.07338977855468132,0.09100347625841815,0.059714681148940296,0.14039791468195031,0.21300962037446386,0.15023649759231927
AACCATGGGATCGCTA-1,0.12756867085985113,4233.0,A,558.0,467.0,0.20641377048649898,0.14133570757647776,-0.0656505375131807,0.49792471556948786,-0.14372917144548206,0.20821859844397528
AACCCAGAGACGGAGA-1,-0.026155559664561456,4067.0,A,673.0,489.0,-0.04588678711807688,-0.16842687661131586,0.1499049249193127,0.14347868037108846,-0.10899783439651796,-0.2749871308063158
AACCCGAGCAGAATCG-1,0.12433402843501845,14436.0,A,1630.0,1424.0,-0.2830759001274228,-0.2171718209956103,0.30342338478017195,0.2652130940235129,0.14953441918388571,0.11810634911059067
AACCCTACTGTCAATA-1,-0.020611351825804605,1009.0,A,1409.0,1045.0,-0.12278783437085726,-0.08679892968539993,0.20144904039622674,-0.1885918935277308,0.1070630360920625,0.12901501264884266
AACCCTGGTGGAACCA-1,-0.06424451677828054,5674.0,A,1071.0,330.0,-0.24713368897640695,-0.10083752231694643,-0.23497103143456838,-0.10960752937976784,-0.29317581948487276,0.5269993193231053
AACCGAGCTTGGTCAT-1,-0.044014270445572885,7831.0,A,1073.0,688.0,-0.08410542755473446,-0.10918304120759711,-0.13314971110193008,-0.0006978490961502201,-0.20162903500777243,0.02920381130118709
AACCGCTAAGGGATGC-1,-0.036955677649058064,947.0,A,1358.0,1179.0,-0.09220338058499265,-0.12809495256568867,0.1796614707673276,0.03676923409309196,-0.09589957668436534,-0.046398498818482806
AACCGTTGTGTTTGCT-1,-0.07133171632660835,1560.0,A,995.0,420.0,-0.4970803756641909,-0.7121269533222502,-0.051936184384274026,0.2234263873709263,-0.02229312059184138,0.20363442448221236
AACCTGTCACGGAATT-1,0.0784475683421049,2095.0,A,1692.0,954.0,0.005158844616842153,0.3031704549581872,0.22290474073317182,0.06665875957285278,-0.14075767867432237,0.027562411176062347
AACCTTTACGACGTCT-1,-0.13370613706912224,5182.0,A,1355.0,508.0,-0.267855831244166,-0.23989318552170696,-0.2367499053695086,0.05577299763811098,-0.1792866148938566,-0.10080632328831858
AACGATAGAAGGGCCG-1,0.030474872110028327,2191.0,A,853.0,488.0,-0.08161134824208914,-0.043445844634645236,0.17785650051795135,-0.04777720607180734,0.39938166396843355,-0.26563900071781
AACGCATGATCTGGGT-1,0.046110575961918476,10926.0,A,1510.0,597.0,-0.0533301290272752,0.01569989137763217,0.22390530096905367,0.19297398139035304,-0.275382600139976,-0.13665379569653363
AACGCGGTCTCCAGCC-1,-0.0383382174785669,3530.0,A,1009.0,666.0,-0.1518867897854918,-0.23016788150272174,0.03333762322575079,-0.02215999253877394,-0.13803917418609415,0.17700084495873486
AACGCTGTTGCTGAAA-1,-0.010028493691396134,1057.0,A,1385.0,1358.0,0.11471545374197875,-0.6041753450952542,0.38818403720010586,-0.037005202570541594,0.4481223850258861,-0.025599226739676642
AACGGACGTACGTATA-1,-0.05960596149708945,1250.0,A,1359.0,1269.0,-0.15696584150585566,-0.12734995253844655,0.25962131944287725,-0.011517198139268915,-0.09784050456644128,-0.10091829982435228
AACGTACTGTGGGTAC-1,-0.01482087535749669,3271.0,A,715.0,1227.0,0.0861053408362485,0.34870728916845084,-0.10440043786459881,0.19495618811142104,-0.16563622606487993,-0.28258175050074646
AACGTCAGACTAGTGG-1,0.01698956242948425,2279.0,A,687.0,690.0,0.1339035161675608,-0.14408360713603932,0.08453452766016745,0.24776793659047544,0.46763205933365815,-0.5188193981026261
AACGTGATGAAGGACA-1,0.07822305431335626,1281.0,A,1239.0,352.0,-0.006122539686603125,-0.05146301153031045,-0.02165022425346352,0.13719659810865517,0.42203708106972454,-0.0030728621071135047
AACGTGCGAAAGTCTC-1,-0.058279506396730005,2337.0,A,1126.0,956.0,-0.08534158869436234,-0.18090377261479415,-0.16102435543244636,-0.00791773082870367,0.16486344231189193,-0.11593474231442744
AACGTTATCAGCACCT-1,-0.03969750205539352,13908.0,A,301.0,647.0,-0.06878037419169383,-0.053597015520836844,-0.17868220755251527,0.0701139411203428,-0.317727912426995,0.020474917475609707
AACTACCCGTTTGTCA-1,-0.1503064922341735,1365.0,A,1629.0,1200.0,-0.4103442855581172,-0.08415020101700196,-0.022851823157825905,-0.10481404281495639,-0.1601891357064862,-0.05781151322233821
AACTCAAGTTAATTGC-1,0.0549250322904791,2024.0,A,740.0,1003.0,-0.08885957010045298,0.045762850761181785,0.42537188523787767,-0.1206727902779363,-0.1257654338242213,0.14980763364178884
AACTCCAGAGCGTGTT-1,0.032552942624086645,743.0,A,1360.0,1493.0,-0.020627707478231463,0.3635646658176992,-0.1090483447816221,0.025323490615434985,0.021617900689314525,-0.0010817487167439702
AACTCCTAATCCCATG-1,-0.0273820229875347,631.0,A,1355.0,418.0,-0.022050842514182004,-0.05091813139263736,-0.009601734960986465,0.24540654284639737,-0.17188063714777904,-0.039785057503826694
AACTCGATGGCGCAGT-1,0.10887842174610468,5873.0,A,519.0,400.0,0.36023741860680675,0.25341561580948724,-0.006695472902603649,0.02317083348500408,0.09363335209003282,0.03267192532322842
AACTCTCAATAGAGCG-1,-0.009284218911402145,830.0,A,1370.0,933.0,-0.15654775446427624,-0.028435786639200593,-0.013972541106525686,-0.008057940829446462,0.18869859137207298,0.0440519066289144
AACTGAGGTCAGCGTC-1,-0.07385228221181299,2029.0,A,1599.0,350.0,-0.030540031800667986,-0.16406618119127298,-0.07742827497157675,-0.04224975001951281,-0.07582136986090084,0.05076267034810561
AACTGAGTTATACTGA-1,-0.06396720101420299,3992.0,A,1809.0,1289.0,0.11617453803706408,-0.2083573422264761,-0.060503051758713455,-0.020485271327987692,-0.13045116493251582,-0.0007400423153214406
AACTGATATTAGGCCT-1,0.01894984320659829,3306.0,A,1021.0,509.0,0.054973686424420645,-0.014534929999450451,-0.2906533779241228,0.2789283067793986,0.029381024705491608,-0.005625863202332059
AACTGGGTCCCGACGT-1,-0.029369708672057928,2564.0,A,1021.0,599.0,-0.041866309034613865,-0.13843519931270726,-0.1306815613961624,-0.24964197755676615,0.07839199386352494,0.249308790313189
AACTTCTGCGTCTATC-1,-0.022426972967712483,4160.0,A,404.0,557.0,0.05574136326739048,-0.10918433974705855,0.05443316208287302,-0.10468952307165409,-0.013162471791069563,-0.14459258624801144
AAGACTGCAAGCTACT-1,-0.06322794542957309,4299.0,A,1049.0,957.0,0.13197696910548481,-0.35554195174173436,0.14113334703013325,-0.2727411364888575,-0.059802596067011715,-0.03696805445199819
AAGAGCTCTTTATCGG-1,0.011344531189527246,1852.0,A,1164.0,934.0,-0.2594331742962745,-0.1409117476399972,0.5194796045882123,-0.20403772283456056,0.3590156697805065,0.0979434081746573
AAGAGGATGTACGCGA-1,-0.1063516967132547,2327.0,A,547.0,1026.0,0.2524459869022437,-0.08238362270771102,-0.05447009952789922,-0.19094229587204573,0.1781060992873849,-0.6701250168472429
AAGAGGCATGGATCGC-1,-0.028364534543702732,748.0,A,1203.0,956.0,-0.2711930956030643,0.00437705669199942,0.1911518796423694,0.0757732184738931,-0.08506994489041267,0.016655753551206583
AAGAGGCCCTTTGGAA-1,-0.10510893833646857,1125.0,A,1578.0,1469.0,0.16502649357196417,-0.10104508671203802,-0.2793135053636783,-0.1424675097063911,0.09174045676240891,-0.17260455885828485
AAGCCGAAGCGGTTTA-1,-0.027102431979305994,1329.0,A,1552.0,1245.0,-0.09690828859273293,-0.1530744737228655,-0.022343742534349845,0.03858637682337235,0.10263171853211114,-0.0009724907944211672
AAGCGGAGTGCGCGCA-1,-0.0675569178085728,8248.0,A,1792.0,416.0,-0.13276397514797156,0.02846302285473449,-0.09035756340349016,-0.14762698980888755,0.026551079391378456,-0.1550138425206092
AAGCGGCGTCATGGGT-1,0.07308934988003347,715.0,A,1419.0,351.0,0.45952980582392944,-0.10595735209119472,-0.011548485496890599,0.38761091453295715,0.019400831123614987,-0.07398675305551994
AAGCTCGTGCCAAGTC-1,0.08656502987190987,4555.0,A,1113.0,934.0,0.01983907972673924,0.1787541369059128,0.09350054249944333,0.030241319238568678,0.18430402442340266,-0.2157212207837963
AAGGATCGATCGCTTG-1,-0.031240384661422867,832.0,A,1576.0,1022.0,0.24063274832084222,-0.20541382602420616,-0.1409874237327555,0.1847621319021853,-0.13059920012579804,0.16898346689610505
AAGGCAGGCTGTCTCC-1,-0.03815880451171777,701.0,A,1692.0,1088.0,-0.10041851374591661,-0.03141506582308064,-0.32226505873450545,0.17556401429502483,0.26806012113594996,-0.10497851644083511
AAGGCGCGTAAAGCTT-1,-0.08370951589192771,2611.0,A,662.0,690.0,-0.17844985922158324,-0.30193046492035586,-0.07593575669834787,-0.18351994556607995,-0.048645439000043235,0.3114441504136181
AAGGTGATAAACCAGC-1,0.015929327520369463,647.0,A,1358.0,1134.0,-0.004986784938453018,0.1249673237513244,-0.009985613385479174,-0.0018493845478975424,-0.001896966251069443,0.0902565366566716
AAGTAGAAGACCGGGT-1,-0.023418618725920548,3487.0,A,777.0,578.0,-0.009958710602006631,0.07991108255288085,-0.2960388813303681,0.035158661164333416,-0.054305919241193004,0.10067080578468851
AAGTAGTGACGCGAGG-1,-0.01182225321769665,3104.0,A,572.0,892.0,0.09444955944516117,-0.08823637484205449,0.046233341603737835,0.07860799369910877,-0.034976111041571896,-0.19309509454898882
AAGTCAATTGTCGTCA-1,-0.054548561768440085,866.0,A,1474.0,1156.0,0.05087829641160835,0.08730560431037418,-0.10836085162714773,-0.1369403400146693,-0.09181044503513999,0.0419892333641272
AAGTGACGACCGAATT-1,0.02762346850114151,5466.0,A,496.0,1071.0,0.06186824456796165,0.061902786102417874,0.03781920868443928,-0.024278802992513157,0.014578951518117104,0.0119342421553973
AAGTGAGTCGGGTTTA-1,-0.019734875254012296,18286.0,A,794.0,1540.0,-0.04920407535800321,-0.043887695950564104,-0.07151920852294949,-0.32370615262838226,0.010513754816811743,-0.049179061892114524
AAGTGCCTTGACTGTA-1,-0.12344103936269518,883.0,A,1513.0,1134.0,-0.04365531132455215,-0.1835953536259951,-0.08279373126322997,-0.20870615501421116,-0.07030584266819191,-0.04517642860339412
AAGTGCGTTAGAATCT-1,0.06312224592493038,3694.0,A,523.0,1250.0,0.06833531846941013,-0.021012618972008578,0.1509433944702652,0.03469086151983125,-0.0034467548544525536,0.10597144380562562
AAGTGTTTGGAGACGG-1,-0.07744536086431217,2410.0,A,1205.0,1314.0,0.25136353477226164,-0.06372139693102655,-0.37030052032935173,-0.06060116767711636,-0.03441572292934317,-0.009947324532150657
AAGTTCACTCCAAGCT-1,-0.003279361601637748,1203.0,A,1269.0,1426.0,0.05323890179917572,-0.02378768084920497,0.06898478078205764,-0.03406506575882368,-0.04785422107214231,0.12289418492059037
AAGTTCAGTCTGCGTA-1,0.0837987922773073,4951.0,A,1510.0,552.0,-0.03331629874742051,0.22732065257423137,0.1852457903677239,0.028067062333260152,-0.15166664858401363,0.1390013071411819
AAGTTCGGCCAACAGG-1,0.03426231639672789,3580.0,A,612.0,1183.0,0.29039394787779405,0.22391307589685192,-0.12910089380243336,-0.18922486958699772,0.03688641224932944,-0.05823119670116882
AATAACAACGCTCGGC-1,0.06890871918242455,2626.0,A,560.0,959.0,-0.26840554793820526,0.07409211470653332,0.1313472027191775,0.04725251504940199,0.09989235612500075,0.24517499889783012
AATAATCTTCGTATCG-1,-0.011242642039305278,7150.0,A,1745.0,1312.0,-0.0171617890826525,-0.04346581491575502,0.23152785738285173,0.006629266671568948,-0.20493702175738818,0.021704766174562278
AATAGAATCTGTTTCA-1,0.03361641807939622,1035.0,A,1281.0,1224.0,-0.01938455834803287,-0.14854071879115774,-0.017761543302961223,-0.03284192925260388,0.5004493399434905,-0.034689475916695134
AATAGCAAGCCTCCTG-1,-0.023859794798817502,752.0,A,1599.0,305.0,-0.09933407385255427,-0.07569356309518982,0.2897784643675632,-0.07732495339530021,0.024332346886051306,-0.1069642764827002
AATATCGAATCAATGC-1,-0.11453237567426895,1456.0,A,1577.0,1245.0,-0.026459388516636283,-0.20460449082328722,-0.11602300534926989,-0.0013978221560179416,-0.12229980671359286,-0.1044135134014957
AATATTGGAGTATTGA-1,0.004858538895270985,5805.0,A,457.0,960.0,-0.2621396633756618,0.045811879781478056,-0.07562676191137396,0.10310391579393197,0.04294766431350536,0.016905862169915836
AATCATGTAAAGACTC-1,0.011814978894717852,1387.0,A,1436.0,1358.0,-0.01939318665024034,-0.17358390911078342,-0.12552306067944907,-0.020442895677148167,0.3173574017526418,0.19897114722652195
AATCCAAGGGCCTGAG-1,-0.002285891447842331,3965.0,A,776.0,443.0,-0.06024957900180625,-0.4413538527554561,-0.07932106533340061,0.3811003503607707,0.08896402499822292,0.04353120029180165
AATCCATGCAAGGGTG-1,0.30614826119395777,4800.0,A,505.0,333.0,0.7050244595668523,0.4034455069982873,0.1354393752672541,0.10816262028341077,0.4865087865520664,0.12148831525779046
AATCGCCTCAGCGCCA-1,-0.022450119501579324,774.0,A,1190.0,1023.0,0.08320723598938844,-0.07357789285987823,-0.2068435872069499,-0.042015643682759334,0.15205806701175484,0.04708399531021735
AATCGCGCAGAGGACT-1,-0.022596134178889074,820.0,A,1641.0,1088.0,0.0470153226062931,0.06787633753634323,-0.013771432451834587,0.041401732731691634,-0.007289040900692108,-0.04392095719541856
AATCGGGACACTACGA-1,0.03490348207794647,1157.0,A,943.0,331.0,0.0790871224317241,0.3242781722975445,-0.033002602178617266,-0.09573737807551752,-0.10674637590399133,0.19795476006126772
AATCTAGGTTTACTTG-1,-0.027702090455684916,7152.0,A,381.0,1318.0,-0.149491602153356,-0.2280453826005812,-0.09920088762845687,0.0467108312677921,-0.09115728362290615,0.15483502025262696
AATCTGCGTTGGGACG-1,-0.04636832124799707,840.0,A,1357.0,866.0,-0.09921270136858967,-0.031480402928895763,-0.12815148889693573,-0.08156256167525705,0.09993555020386918,0.05355323626870961
AATCTGGCTTTCTAGT-1,0.02092811854721384,11956.0,A,369.0,1296.0,-0.2492308946842643,0.09390057347655231,0.2808400915049843,-0.07536657566474965,-0.24119943618269254,0.048289453962969846
AATGACAGCAATGTCT-1,-0.05358721782768404,6418.0,A,561.0,1228.0,-0.47428854175048607,0.0027701800285883024,0.09812437101362995,-0.005836619605036716,0.2748932726514151,-0.3301779110942523
AATGACGTAGGATGTC-1,-0.07023339499470528,835.0,A,1178.0,1135.0,0.04115034394538877,-0.06851748895240323,-0.20024700588398797,-0.13953548401495316,-0.034763046692080066,0.07980235262577386
AATGACTGTCAGCCGG-1,0.07281396325681433,3876.0,A,777.0,667.0,-0.20866452336374025,-0.023953631602311155,-0.17481533653981887,0.42888230693883217,0.047136053319181734,0.2737939094905433
AATGCAACCGGGTACC-1,-0.016273406497445197,3730.0,A,932.0,711.0,0.0014602968171097234,-0.022862599963741657,0.08277827756356627,-0.10009599146186042,-0.10275792859475161,-0.0738518781303702
AATGGTTCTCACAAGC-1,-0.08376145199613119,2572.0,A,622.0,578.0,0.034572331985519164,-0.0361430699793426,0.1462150650455734,-0.1433469340227395,-0.42524734600958175,0.06166364450725664
AATTAAAGGTCGGCGT-1,-0.11787344851366248,819.0,A,818.0,1047.0,0.07317171192650078,-0.354953024037624,-0.013751227023692903,-0.1659213137242367,-0.08924879127289315,-0.04390058146806643
AATTACTCGTACGCTC-1,-0.1052425826542293,1960.0,A,274.0,379.0,-0.17646386458570265,0.07164698510471895,-0.06267915823332865,-0.1701164088823266,-0.2526005178182357,-0.0416914109225953
AATTGAACGCTCTGGT-1,-0.05224247726450654,426.0,A,1243.0,1157.0,-0.021099144832143035,0.01717070956551793,-0.003984035507207988,-0.05410615500402209,-0.05868878235828333,-0.03448270703442627
AATTTGGGACATAGTA-1,0.012704703102527387,996.0,A,1342.0,441.0,-0.12111311817211426,0.08894486272230392,0.029625349865587198,0.05814326780560795,0.1205450772556356,-0.04730080672096012
AATTTGGTTCCAAAGA-1,-0.09914570148923206,2013.0,A,1033.0,397.0,-0.10144168834937334,-0.23209266268947962,0.0450389945736134,-0.12350468513495916,-0.04078059999126751,-0.14493360668663424
ACAAATCGCACCGAAT-1,-0.09972912049140337,1443.0,A,1230.0,1269.0,-0.027566566107683987,-0.007082028390489638,-0.31651135730853786,0.08856525600480765,-0.0837040933645748,-0.05447782409010694
ACAAATGGTAGTGTTT-1,0.10324603909286989,1092.0,A,1255.0,1135.0,0.18563045059099323,0.41715467184408045,0.2303435354040716,0.12805369546027112,0.0189301320404765,-0.07659720249155709
ACAAATTCAGATCTGA-1,0.024188424550822298,1961.0,A,1496.0,306.0,-0.0896106159204168,0.15967019018513343,0.3176919450338641,-0.2441868458840964,-0.051022905327214776,0.09898364421596041
ACAACAGCATGAGCTA-1,0.06954123108470346,5878.0,A,1100.0,867.0,-0.06427350071654303,0.155624006641139,0.12220283060835105,-0.021623893383458444,-0.03117898228063669,0.07752997318382762
ACAACGGTCCCTGCGA-1,0.0415857298570038,1895.0,A,558.0,646.0,0.17608490266898472,0.018127181910827128,-0.031072776865050597,0.2207673002683528,-0.018541506188793175,-0.03049618235736281
ACAAGGAAATCCGCCC-1,0.04729067222618448,13704.0,A,1140.0,1247.0,0.3157158390100492,0.08045916606257851,-0.2522752293621046,-0.020534178107731782,0.17299331056732142,0.05586272365471467
ACAAGGGCAGGCTCTG-1,-0.04277986552226139,871.0,A,1152.0,1135.0,0.04558483421311488,-0.17567868646913087,0.034316601684654925,0.057610833160124254,0.07127809098359296,-0.10581923464691656
ACAATAGTCGTACGTT-1,0.055292233766869495,7906.0,A,432.0,1094.0,0.1709359111958254,0.00945715879229695,-0.05920350448939031,0.12402521263582317,0.012215499300875017,0.044798543845340294
ACAATCCATTTAAACC-1,-0.0009432773374823435,4373.0,A,586.0,959.0,-0.25006850821157783,-0.024580383002032892,0.02934783628780821,0.11799957202128732,0.10833590009500041,-0.08631157958252536
ACAATGATTCTTCTAC-1,0.017198048636498417,1115.0,A,1612.0,328.0,0.19948143908273322,0.08372920216442764,-0.01909379520026648,-0.14425915774811185,0.0852634998992757,0.02839280996401232
ACAATTGTGTCTCTTT-1,0.10915689360715453,1221.0,A,1423.0,1291.0,0.43677355930936046,0.3405774278383152,0.18490778010095643,0.1079231119796136,0.1010347593189639,-0.22959345059098
ACAATTTGGCCATATT-1,-0.059999771140530775,1490.0,A,1757.0,1110.0,-0.13823052684205384,-0.13503012435159495,0.027366588446566906,0.044443643191803814,-0.13644274819233015,0.08283542064298229
ACACAAAGACGGGTGG-1,-0.10722443049475908,2322.0,A,893.0,689.0,0.010003699715703893,0.09053340829496748,-0.4087539453571456,-0.008301491379997864,-0.22325625473197463,-0.12148999375895103
ACACAAATATTCCTAG-1,-0.015094508369667414,15363.0,A,1767.0,461.0,-0.24493765888745178,0.13355977050114134,0.06353738257948732,-0.12069127689803508,-0.00439638183321088,-0.18710336736086203
ACACACCAGGACCAGT-1,-0.12245686412737655,739.0,A,1332.0,1135.0,-0.2256731957163321,-0.20100745053721397,-0.012075632475434826,-0.16429451662911235,0.03573165097288856,-0.04222165384478017
ACACACTTTCTACACG-1,-0.0012176997216369959,1856.0,A,995.0,465.0,-0.0071194113316071575,0.0019573511840386606,-0.08954402835737649,0.009169993748543586,-0.0027856627631454543,0.12359213096527936
ACACCCAGCATGCAGC-1,-0.19956129631135752,3099.0,A,816.0,689.0,-0.26570456035331624,0.023910462683954026,-0.3101342674929662,-0.020334210618577063,-0.01659110287016087,-0.5006305427608959
ACACCCGAGAAATCCG-1,0.150574995056758,4750.0,A,674.0,578.0,-0.16887502376488656,0.16446003230222167,-0.036876369258502656,0.5200201903198136,-0.08812450140165135,0.3434898626194869
ACACCGAGCGCTCTTT-1,0.053404456535502534,2039.0,A,236.0,491.0,0.12197460756738152,0.13344709464910834,0.06593158036243746,0.1994956711497048,-0.11880454719352934,-0.12846899513146234
ACACCTTAAGTAGGGC-1,0.02697028842649954,6250.0,A,726.0,712.0,0.24004666030953942,-0.27704574320992953,-0.013685129824763727,-0.1998492944786837,0.41570685120619727,-0.03898615270640407
ACACCTTACTACTTGC-1,0.015240940159959046,1052.0,A,1602.0,1066.0,-0.1363933755747699,0.010996179923491903,0.2763456217431293,-0.08774156984167919,-0.1129357121941433,0.1964284417632982
ACACGAGACTCCTTCT-1,-0.09023876119968804,2238.0,A,1087.0,845.0,0.011167444593281154,-0.034899722694835544,-0.4349876079943213,-0.08661205305120631,0.006050013817218741,-0.017835877798824902
ACACGGCACTATGCAT-1,-0.004202238392123241,1517.0,A,1084.0,308.0,-0.10431870623565082,0.03560736090056232,0.22247861051929324,-0.06684901887139598,-0.0472756866344321,-0.05551957771430655
ACACGTAGGCCACAAG-1,0.008550729871179483,2808.0,A,1591.0,1447.0,0.16001265185835628,-0.04917337081622443,-0.11314046682237446,-0.02090618942947845,0.08604852573648411,-0.010756377980514003
ACACTCCAATGTCACT-1,-0.1342964716740225,3929.0,A,391.0,535.0,-0.0709057672645059,0.027231986630078725,-0.4527709113342476,-0.1939055865678342,-0.16189846831909205,0.07870921597614297
ACACTGGGACAGTCGT-1,-0.12247383795527503,4147.0,A,1656.0,1469.0,-0.10182844189942694,-0.3676765006664027,0.14812979137915452,0.10073855007461495,-0.16953303240021977,-0.40868903116070243
ACAGAACTGAGAACAA-1,0.01994445385879487,7570.0,A,484.0,1318.0,-0.13579606884373532,-0.11196979592454101,0.05466666903979855,-0.03157917197276487,0.08037584983671854,0.11466050661180148
ACAGCATAGAGCCAGT-1,-0.06350791673555428,1124.0,A,917.0,376.0,-0.17187844639539193,0.035883051535340625,0.02534455339365094,0.26795663314025275,-0.17085603596461527,-0.2136403762929993
ACAGCGCACCCGCAGC-1,0.05866139446728784,915.0,A,1200.0,374.0,0.16099228178234115,-0.042204551377028214,0.19569529223818918,0.17746999297169117,-0.07380870427165905,0.1310958657155611
ACAGGCTTGCCCGACT-1,-0.01751552167958027,1086.0,A,1295.0,1336.0,0.146885481550657,-0.016182064844713552,-0.08131618738602989,0.1457176038420624,-0.1538701680355515,0.07699872602495375
ACAGTAATACAACTTG-1,0.11439410859768798,15379.0,A,355.0,1184.0,-0.08626913040626782,0.12577847636010592,0.11123226203163275,0.009272286398341184,0.252283817174813,0.11001974834201714
ACAGTATACCGTGGGA-1,0.019101551738963975,5259.0,A,1703.0,573.0,-0.011568790627730502,0.09235923369942392,0.21285412188411063,0.12380037418166492,-0.2307960676919211,-0.11322875182891712
ACATAATAAGGCGGTG-1,-0.014106356505072942,2607.0,A,983.0,621.0,0.011855936178711288,-0.08102646391534633,0.08680885823443321,-0.1377558008357321,-0.008432102673305235,0.04279173903024632
ACATCCTGGTAACTGT-1,0.06268316583636992,1142.0,A,1487.0,1089.0,0.20778333166951973,-0.13924993519838974,0.2928649009827549,-0.051872287624645325,0.4306777452410898,-0.1679521860319152
ACATCGGTCAGCCGCG-1,0.10307934567708495,1089.0,A,650.0,1071.0,0.11080920514194942,0.011973108845696585,0.08753832885744157,-0.2904582196972438,0.1429229757973564,0.6776608917610487
ACATCGTATGCAATGG-1,0.0647206130586189,797.0,A,1217.0,1157.0,0.007680028733231911,-0.07103808064419453,-0.07749246312459729,0.6553784622867833,-0.005143412307409868,0.057177134160928594
ACATCGTTAACCTAGT-1,0.0716584254821044,1391.0,A,1136.0,352.0,0.061105984162291474,0.009580575125573254,0.15802721176467105,0.34792784557336837,-0.03364601169088778,0.1279853336963773
ACATGGCGCCAAAGTA-1,-0.09565166494930491,901.0,A,1512.0,1044.0,-0.2933377384783314,-0.03913678635987572,-0.06512402289680427,-0.08496538814117567,0.11960662123076304,-0.007729761043718496
ACCAAACACCCAGCGA-1,-0.0012733636025029776,8926.0,A,1651.0,529.0,0.12905348386221815,-0.1263146011734348,-0.15011875344757558,-0.12936080640342545,0.04139157827048574,0.041847532212221636
ACCAAGAACGCGTGTC-1,-0.04307262527936864,8486.0,A,802.0,533.0,0.13524433338070777,0.18493709207862424,0.255421574978341,-0.599617972814241,-0.18028442983175036,-0.2951479863967699
ACCACCAATGTAACAA-1,0.1165225847415506,1083.0,A,1551.0,1066.0,-0.038378552901328494,-0.12616466066590565,-0.018569479514116374,0.840093068882924,-0.003285015015906431,0.06603857010405884
ACCACGTGCAGCTATA-1,0.11096158446221198,3578.0,A,1153.0,1225.0,0.040175792955533154,0.13027162890256005,0.12504223936386305,0.5454609030223811,-0.1859546848371373,0.188754229823227
ACCAGTGCCCGGTCAA-1,-0.11925024665415417,580.0,A,1496.0,350.0,-0.13322374934296383,-0.03952218232215697,-0.008332459157969856,-0.1897715765612466,-0.15833645773687804,-0.03855669260888068
ACCAGTGCGGGAGACG-1,0.07367676178092157,1306.0,A,1384.0,1224.0,-0.02341216345889923,0.3417153694606111,0.20116603073285338,0.09470922980327619,0.08375478612435258,-0.05245210771383186
ACCATCCGCCAACTAG-1,0.10918268974971329,16867.0,A,329.0,1139.0,-0.15688386370997146,0.16064594891048659,0.04471529698540479,-0.0033087016827082066,0.06829519944769699,0.18460197403836787
ACCATTAAGGGTGTCA-1,-0.008377865789989752,15963.0,A,236.0,446.0,-0.20913522278663615,-0.24887313505475858,-0.09326067581700082,-0.04061706853949675,0.11340353399764909,0.06640193130229505
ACCCATCTTGAGGGTA-1,-0.07246004738332218,2157.0,A,650.0,981.0,-0.2976116250335773,-0.09506578375658457,-0.08860029270259837,-0.031559694897272283,-0.01664499545568359,0.07584810450945105
ACCCGGAGCACCACAA-1,0.06649815173529974,6663.0,A,1758.0,1468.0,0.30203448097983343,0.004562987810674005,0.10623069304713068,-0.17457479515999139,0.016507035158111846,0.17994307590432765
ACCCGGATGACGCATC-1,-0.03858701927370048,677.0,A,1460.0,1000.0,-0.025219565748766007,0.004235525485227654,-0.010688329704982086,0.08356644382239614,-0.2632163894365951,0.20228226163438562
ACCCTCCCTTGCTATT-1,-0.11739853038652484,2602.0,A,1256.0,1224.0,-0.04957776135559421,-0.3801072361970281,-0.08612311164967276,-0.12682023491433494,0.08460158699617366,-0.13064902557940541
ACCCTTCATCTGCGAA-1,0.062273384813044896,2182.0,A,1008.0,442.0,0.13476309350602367,0.011649577491698503,-0.12126689129885354,0.1880968913026186,0.24409780621442775,0.056289279566090054
ACCGAAAGGGCCCTGC-1,-0.004304382201646263,1244.0,A,853.0,354.0,-0.08161213668204151,0.09346327656608211,0.13686664431037915,0.13270371059544445,-0.02545616314903725,-0.24290972561030355
ACCGATAGGCATAACC-1,-0.10795565909930445,11598.0,A,1694.0,1491.0,-0.2546923690753995,0.09069442446000843,-0.5228729064272045,0.10216819864667764,-0.2138923341770057,-0.1768533294321974
ACCGATATTTAATCAT-1,-0.00130037939328205,4891.0,A,1719.0,1357.0,0.006702744089572596,-0.26338170429942903,0.06135871578719859,0.18159438014547843,0.09834204933070373,-0.013183132384725658
ACCGATGGTAGCATCG-1,-0.02496567209746653,816.0,A,1357.0,955.0,-0.08413125367586984,-0.19679247416857298,0.3476168632327016,-0.18758537807957346,-0.030913218962254782,0.09207001792926658
ACCGCAATAACTGCCT-1,-0.09189517525665902,3620.0,A,1192.0,1292.0,-0.08757736882661435,-0.0004905850593839682,-0.15177271603174122,-0.09966927339249013,0.03390287606671234,-0.10728470204185422
ACCGCGGTGGAAGTCG-1,-0.022324158644697722,696.0,A,1538.0,1134.0,0.021787439704181275,0.12508816388997862,-0.08485997006660725,0.04631716085824328,-0.17078282948208656,0.1391100723880415
ACCGGGCCTTTGTTGA-1,-0.025377657372173693,1344.0,A,1436.0,1179.0,0.017653436075989577,-0.24893921736882313,-0.15668957893158947,0.06449921705340007,0.07497823412519553,0.12541425458403904
ACCTAAGTACCTTTCA-1,-0.06400181262220511,12562.0,A,561.0,1272.0,-0.06059206912367974,0.07572164404666565,-0.25383121817807647,-0.05545137166933739,-0.12643350067806308,-0.1663289288149312
ACCTACAGTATGTGGT-1,-0.04482159740274796,1195.0,A,1628.0,1066.0,-0.12995136255231174,0.062497876146754776,-0.1048285390684146,0.013037112471288428,0.16703508389587676,-0.1314921179120312
ACCTCCGCCCTCGCTG-1,-0.07198286509559815,892.0,A,1552.0,1380.0,-0.32699972030671737,0.05176235930491495,-0.17035076363684087,0.002323724584330805,0.15027639587606223,-0.04535141438719115
ACCTCCGTTATTCACC-1,0.12082720159013204,13357.0,A,1614.0,909.0,-0.23047268850554914,-0.1632970120820628,0.07687640159900982,0.10206672005209645,0.25422221932140554,0.35716517411918813
ACCTGCGTGTCATGTT-1,0.015020781721657855,5138.0,A,407.0,1184.0,0.0635556246665887,0.15145640840413188,-0.3161640734157753,-0.10525720256183865,0.1092781351702827,0.011387445417391194
ACGAAATGGGCGGCAC-1,-0.05310244815383475,12081.0,A,482.0,870.0,-0.0822850304450839,0.049403838919284196,-0.15134881511057865,-0.16697652818015246,-0.06862307866921805,-0.17242071840943052
ACGAGATATTTGCTTA-1,-0.060745460413453536,1528.0,A,1213.0,352.0,0.03534800333242263,-0.052609379371109044,-0.025035020387818102,0.15475535088165268,-0.19564059587142418,-0.14429590910841145
ACGAGGATACCACTCT-1,-0.08013573351558087,5177.0,A,407.0,1273.0,-0.21966082188025388,-0.08438899150949894,0.05546509057644434,-0.08175415944185287,-0.17238559370765344,0.02589835999298913
ACGATCATACATAGAG-1,-0.09879843205963779,2091.0,A,983.0,711.0,-0.41323680162621895,-0.06518841757921509,-0.05730802618363984,-0.06468311754849755,0.03394696221330115,0.0378341553524855
ACGATCATCTTGTAAA-1,-0.047845465702703496,1106.0,A,1486.0,955.0,-0.05555187057631777,-0.15319573089703903,-0.25027680118219564,-0.05171149935806599,0.10715204134325482,0.17813685973224763
ACGATGCATATGTTAT-1,-0.03558575457799281,3953.0,A,727.0,981.0,-0.14177977270032938,-0.08995727262213332,-0.2567376681889217,0.03992885035732735,0.1214759690194615,0.06815983429255089
ACGATGGATCCGATGC-1,0.02197439757984154,5474.0,A,1072.0,375.0,-0.02223948772386759,0.03631713361760305,-0.03229688031773538,0.22486772704720784,-0.09594984022671085,-0.0007122126030615107
ACGCATACGTTTACTA-1,0.08315603663626259,1214.0,A,1488.0,1402.0,0.20198592977294666,0.19348617825071138,0.08383537981711738,0.07268477804783213,0.04992570069227646,0.06311266772807493
ACGCCAGATGATTTCT-1,-0.1255600168064954,5593.0,A,1111.0,531.0,-0.05865049243567739,-0.8705411661535104,0.08621056096185672,-0.031086426889603405,0.18721613805365767,-0.10088515664418662
ACGCCGCTAGACGACC-1,0.12738967402775755,1948.0,A,1088.0,1113.0,0.1855145248041753,0.27797403966055617,0.08281059424624043,-0.07442804726197846,0.17044964652234354,0.06844690873591275
ACGCGCTACACAGGGT-1,0.13333170075332418,1580.0,A,573.0,1071.0,0.6122827067962897,0.044958216605589074,0.2407401991775894,0.05075416396478537,0.0737322568305043,-0.09399039976412621
ACGGCGACGATGGGAA-1,0.10632273078819249,8735.0,A,1166.0,1247.0,0.3290243166038863,0.07765259420147022,-0.07858267250523547,0.3231890232952673,-0.02889499426559882,0.032333267345214356
ACGGGAGTGTCGGCCC-1,0.006772118281283719,3854.0,A,497.0,1206.0,0.09793741312175311,-0.28617568663501697,0.009826141686847721,0.1864269608656382,-0.031831295085056166,0.0319638221149268
ACGGGTCATGTGACTT-1,-0.00022023770013862576,3330.0,A,288.0,490.0,-0.04490415272726607,-0.19528814874026798,0.23436150671878717,-0.14688398861999968,-0.21932034566446587,0.27397191096302115
ACGTACAGATTTCTCT-1,-0.047421522984411366,2769.0,A,1020.0,375.0,0.14671426954963193,-0.11654857539272417,-0.03757828650353974,-0.0597598093851933,-0.3031486262402034,0.08151993470226032
ACGTAGATTGCTGATG-1,0.027094430415136678,7922.0,A,1035.0,890.0,-0.10652254230154966,-0.19589474164663084,0.22153077868646634,-0.02574805198819551,0.06719313367385407,-0.021053779406442315
ACGTATTACTCCGATC-1,-0.06888230251243507,787.0,A,1422.0,1067.0,0.052002638951762964,-0.06489294497208747,-0.013095319206440744,-0.35752483875531665,0.17468742566731219,-0.4091299473444798
ACGTGCGCCTCGTGCA-1,-0.007814354307324911,996.0,A,982.0,532.0,0.05929717631539161,-0.021536264693196482,-0.06502760739684396,0.1244996738686431,0.048476256069080036,0.06470441902243776
ACGTTAGATTTGCCCG-1,0.1341353314798151,1221.0,A,676.0,1026.0,0.16250687033100472,0.29914616112088016,-0.1114567332641055,0.24891095251051062,-0.12325084378708566,0.40214742842608237
ACGTTATTGGTCACTC-1,0.016213692457311822,1958.0,A,339.0,580.0,-0.08425568928560487,-0.16623352981928213,0.12703680645425203,0.08426999788193479,0.06684994734146145,-0.03761863818419342
ACGTTCCGCGCTCCGT-1,-0.03660631325678707,1860.0,A,866.0,331.0,-0.07048947651279323,-0.16301209932514893,0.06088516236958264,-0.06787841051450794,0.07257633879310758,0.01332427133550745
ACGTTTAGTTGTGATC-1,0.06559103972958762,4134.0,A,1046.0,465.0,-0.11704843651564174,0.062244508857808065,0.3765731708646951,-0.188009552041104,-0.04382980177478893,-0.026572078784574397
ACTAAGGACGCACACC-1,0.0612610395863955,10451.0,A,1805.0,394.0,-0.07314993021430606,-0.1148326215976803,-0.04825822091187347,0.13125819263225214,0.14143933281962762,0.03974386266956155
ACTAATACGTCAGGCG-1,-0.08104730916465268,844.0,A,1432.0,328.0,0.01874888901200715,-0.019674551728234305,-0.17127751885079662,-0.08176448486110822,-0.09063007418099045,-0.04245294912777993
ACTACCAGCTCTCTGG-1,-0.06938724084838112,4934.0,A,700.0,712.0,0.14581098860612762,-0.13280035062092838,-0.2461042973988699,0.021478559056960656,-0.20008148582620836,0.07904084439572885
ACTAGTTGCGATCGTC-1,-0.05593644702904018,1138.0,A,1513.0,1268.0,0.11378878389331187,-0.05817727102776999,-0.17430837051587397,-0.039049837413915094,-0.10424143297066761,0.10766759770544729
ACTATATGCTGTGTTC-1,-0.026026573503891065,2098.0,A,1522.0,440.0,0.16377202097814858,0.03459184804675215,0.012233634292883143,-0.2842757993856615,-0.12203061824218417,0.010492080954133102
ACTATCCAGGGCATGG-1,0.14763573050903583,860.0,A,1563.0,999.0,-0.15651443551706135,0.16474906970884454,0.22090222954838892,0.7284924320200437,0.06109472202177998,-0.09385435652568845
ACTATCTGCCCGCGTA-1,0.23579422324478644,4880.0,A,1629.0,1335.0,0.18910206388624579,0.1471359261084114,0.18432822287972106,0.32255292609923425,0.2995315316326808,0.3368552276326752
ACTATTCGTCCGTGGT-1,-0.02719506367474736,3284.0,A,1123.0,464.0,-0.6902631263134942,-0.0470993575578245,-0.14431101684817157,0.45653629155606984,0.3048025664189105,-0.026769494121742954
ACTCAATAAAGGCACG-1,0.0482338365369485,12777.0,A,1060.0,711.0,0.27939932422425706,-0.011093424671305002,-0.09914721934057583,-0.10103313775649049,-0.08619496864120957,0.006460222936526344
ACTCCCATTCCTAAAG-1,-0.020303936144243778,16293.0,A,394.0,1206.0,-0.09673439857701338,0.07503905656502514,0.040647516483291214,-0.5376050055562503,0.2018715095249073,-0.1507593824278104
ACTCCCGAATTCGTTT-1,0.2669171544579476,8273.0,A,1511.0,865.0,0.16614740666228725,0.06940506074200123,0.061570018571730806,-0.0341265382600168,-0.03384376877262833,1.0418081194274285
ACTCCCTAGAATAGTA-1,0.015344118318230085,35340.0,A,1076.0,1225.0,-0.08654358318183183,0.02592215774732834,-0.013488857772444462,-0.012640916312929379,-0.12078300766957231,-0.19385057701162278
ACTCGATGTATTTCAT-1,0.15186451478103946,3728.0,A,301.0,558.0,-0.031703199792314965,0.33256621276277065,0.2918356724061304,-0.02557695556557,0.1985768170515834,0.07897196680362951
ACTCGCGATCTGACGC-1,-0.08414972667052457,797.0,A,1795.0,1088.0,-0.015796271528892153,0.21673421408654045,-0.5909091500604678,0.024481005008196673,0.016663647989245876,-0.04344861659953618
ACTCGTAACCCGTCCT-1,0.05851114285101194,6714.0,A,471.0,1251.0,-0.23195738743177777,0.11097286674329565,-0.053284099515698354,0.07456800754767143,0.29242867453870297,0.019273316934075028
ACTCGTCAGTAATCCC-1,-0.03142390065914771,1089.0,A,1177.0,956.0,-0.05078918695398228,0.11722934608935631,-0.018668637192635427,-0.06666127261509,0.04223457172689359,-0.1570168641428674
ACTCTCTGACTTAGGT-1,-0.10546986905479591,799.0,A,1178.0,1091.0,0.04222518627282626,0.05101301691178878,-0.2617374986052604,0.05424270800625035,-0.1781812226424409,-0.043489999953226915
ACTCTCTTATACACGA-1,-0.08095390343730811,1207.0,A,1251.0,329.0,-0.13624569018892546,0.04018656921750388,-0.2932949522085922,-0.09758289627955546,-0.08290838443509141,0.1411639943979053
ACTCTTCAGCTCCCGC-1,-0.03392604660567504,2178.0,A,1795.0,953.0,0.01887922383994385,-0.0952217423963809,-0.08719453184658638,0.007994724628155439,-0.043951627493098624,0.01762674400591805
ACTCTTGTATAGTAAC-1,0.054490933498419575,2395.0,A,1074.0,957.0,-0.0200625764778457,-0.17838506709371008,0.4565407324498732,-0.3295280187390717,0.034314687075257054,0.3004588896612151
ACTGAAACGCCGTTAG-1,0.008305694743067818,1005.0,A,1372.0,1425.0,0.128823909914413,0.09215456689635233,-0.03528258818308112,0.0879236095910747,-0.0032981186478070607,-0.07057960441999718
ACTGAATGGCGAAAGT-1,0.020090902926745882,1180.0,A,1243.0,1202.0,-0.0788449605297272,-0.1379355571968259,0.4408992754304534,0.010437888906890326,-0.10587730649090421,0.025594183089040823
ACTGCCGTCGTAACTC-1,-0.09318144155513432,1590.0,A,1072.0,509.0,-0.27223043525011126,0.005602125406229192,-0.30241348572221743,-0.06741331497476878,0.11491505174134468,-0.007949741029657004
ACTGCGGACACACCGT-1,0.03845682834076171,796.0,A,1705.0,976.0,0.18105953069826872,0.2729181501931348,-0.12947765067383313,-0.01464196964837225,-0.08793824958180586,0.1864062658102102
ACTGCTCGGAAGGATG-1,-0.031820432065320335,10450.0,A,292.0,1341.0,-0.1520676562091453,-0.06373102410004805,0.04637764278475916,-0.18374384101668867,0.02667191472206465,-0.04601754128559643
ACTGGCGAACCTGCGT-1,0.06806500002072544,4179.0,A,1792.0,371.0,0.058529122628922924,0.20389925533114384,-0.03295780987231206,-0.04042981306032103,0.08925849491942778,0.009400248574889745
ACTGTAGCACTTTGGA-1,-0.0868758042039781,1125.0,A,675.0,757.0,0.03285695519934009,-0.22522455257083326,-0.1882992140067015,-0.19037656189208083,0.02165497292448671,0.09854412073884364
ACTGTATACGCGAGCA-1,0.12267299081031155,9147.0,A,634.0,377.0,0.5522778766777033,-0.00041688636678213764,-0.06037917805177656,0.3238101181579706,-0.08602882226452635,0.07155776441973757
ACTGTGCTAGTAGATC-1,0.0869450901262304,5316.0,A,570.0,444.0,0.5567941940169061,0.08692993027525509,0.11291796122893914,-0.19286805967882473,0.031302410912456655,-0.006969365027104914
ACTTACCGGGCGCGCA-1,-0.0558617617820364,1050.0,A,1393.0,396.0,-0.1879981629688313,0.03608504302146184,-0.018016881632734613,-0.09152963913946113,-0.03731796667530232,0.032530840529786484
ACTTAGTACGACAAGA-1,0.09058230300364291,5939.0,A,583.0,467.0,0.21323847946355937,0.12190004169945073,-0.1618994812356876,0.009356925706879252,0.21077559101341586,0.18735418416337724
ACTTATACTTACCCGG-1,-0.008868902957806749,807.0,A,1332.0,956.0,0.050421148857482806,0.08216601764715034,0.22879036682776807,-0.19038814546297722,-0.09616856947151173,-0.04365493836320128
ACTTATTTATGTGCCA-1,0.057613059910298615,834.0,A,1333.0,1179.0,-0.01377365576540411,-0.022057332091331594,-0.056312831336102015,0.16385560018313655,0.22208696378362633,0.12035690826757404
ACTTCAGGCTGATCCC-1,0.05789502478606336,1786.0,A,1217.0,1292.0,0.14958890997886964,-0.13127617441329956,0.059981498066079886,0.17608814366471331,0.010623791602977096,0.1317184509476488
ACTTGACTCCCTCTTT-1,-0.11017323706303513,1255.0,A,1101.0,1091.0,0.37912084405752344,-0.05047180707175739,-0.5220414197927823,-0.2434219944556182,-0.1086514232812663,-0.05166266437396462
ACTTGTAGTCCCTTCA-1,-0.0269666303860306,7999.0,A,303.0,1139.0,-0.16817339235212792,-0.17106125566627517,-0.08259764618071613,0.09741586262892603,-0.020443259234303485,-0.060384003539809855
ACTTGTGGATGGAACG-1,0.010346983606216505,1435.0,A,1565.0,1313.0,0.41128799977004576,0.011808446723205194,0.10025996330912088,-0.11035147590383274,-0.18249498843178655,0.01600891172556434
ACTTTACCCTCATGAA-1,-0.06828708467293658,7205.0,A,1537.0,865.0,-0.1588421703604431,-0.13564338605689968,0.0871155824751503,-0.005533817976408416,-0.10101695991729229,-0.2986853112508815
ACTTTGTCGACGCACT-1,0.14668106523004948,42566.0,A,1720.0,1401.0,0.16735346163438242,0.11097140539187404,0.0276094554383306,0.07116166041012992,-0.0317616144008374,0.12551979370488314
AGAAATTATGACTCGC-1,0.14500538159691598,9685.0,A,1655.0,1334.0,0.27281487722844633,0.032163459157128704,0.12166843854487415,0.11117530131741071,0.046110359983439986,0.21047461633311415
AGAACCCAGCGTGACA-1,0.09683106385282989,1120.0,A,1770.0,1133.0,0.17762709202003774,0.08992906544471096,-0.019174728486357547,0.12987693967123654,-0.032781330854420455,0.2565287272224947
AGAAGAGCGCCGTTCC-1,-0.04457751783894165,3.0,A,1306.0,1000.0,0.07149384205067089,-0.32059830079651125,0.004693623922864869,0.09166053780350633,0.19066354550042466,-0.053977416492054967
AGAAGGTACACTTCAC-1,-0.058890776564286026,10875.0,A,356.0,1318.0,-0.04723859291618018,-0.19414460948568124,0.04699365890176439,-0.21093862442050176,-0.40981330640189995,0.1722251565024019
AGAAGGTTGTAGGTCG-1,-0.02252109873793187,332.0,A,1180.0,1583.0,-0.0242511888485841,0.05539746388586156,-0.0008141366255095955,-0.044305740079989886,0.08339734430423364,-0.031677290548372206
AGAAGTGATTCGTGAT-1,-0.05766908019401478,2583.0,A,535.0,1228.0,-0.41313865552901713,0.04455652277751297,-0.2897983911586913,0.1627643895422911,0.23416114628640977,0.04107364351993887
AGAATGCGGGTTCGGA-1,0.002668769117670642,2248.0,A,1561.0,417.0,0.038206552883558335,0.3205069347920972,-0.24424558663780177,-0.07952748509762872,0.1587509726085642,-0.16622108717596434
AGAATTATGGATTCGA-1,-0.053444010722129745,922.0,A,1434.0,866.0,-0.10308254272237156,-0.24995404866507057,-0.0157470107709995,0.015279735310268543,0.29056767048231963,-0.174104170386261
AGACAGCTCAGAATCC-1,-0.05769664172895961,11603.0,A,327.0,647.0,-0.3015392531111887,-0.07552991772617525,-0.11128194301547387,-0.16678538576311075,0.08453159936068104,-0.16413240345547345
AGACAGGCATCTCAGC-1,0.05535886720982339,29851.0,A,1784.0,1379.0,-0.00771137162638641,-0.21804659058543682,-0.01346554757920461,0.11269605682963742,0.08749394243551986,-0.05462309000107601
AGACCAAACCACACCT-1,-0.03962383741218946,7009.0,A,291.0,1296.0,-0.25283960343290074,-0.4553427012926665,0.15644562586845498,-0.015152958278907773,-0.15557914032988823,0.26983406854279923
AGACCATGGGATACAA-1,-0.027823208117358146,4432.0,A,533.0,646.0,-0.20941546020806406,0.10618102984172031,0.04395602702969572,0.07853499377079842,0.037499495704261324,-0.29882234189582396
AGACCCGCCCTCCTCG-1,-0.08388418375363134,2703.0,A,893.0,734.0,-0.44623383227473684,-0.06368793033375182,0.13872652758499282,-0.3662695918524739,0.0822871704065491,-0.04811707526048959
AGACCGCTCCGCGGTT-1,0.004452619130238408,2648.0,A,1603.0,1290.0,0.1694867947889914,0.0758183355444733,0.3473786120101272,-0.23608406940092921,-0.12012996369111908,-0.18856978605152389
AGACCGGGAAACCCTG-1,0.07289531301877754,9755.0,A,393.0,1072.0,0.3095374585252789,0.14984877946944636,-0.26748609060752637,0.10588402679846791,0.10471947045803984,-0.025052214222485145
AGACGAAGTGCCGGTC-1,0.09434081666819333,1991.0,A,1423.0,1246.0,0.30262668484276123,0.35794499308409616,-0.11042138856664471,-0.30473865822159546,0.2593263441974769,0.17496340446375072
AGACGCCCACTTCGCC-1,0.1768641471174847,6018.0,A,1720.0,1491.0,0.1720878513973522,0.12927619977546692,-0.2990835047019,0.1869127506500904,0.3077356316299718,0.40436108890988454
AGACGGGCCGATTTAA-1,-0.08289861165462085,2363.0,A,1483.0,328.0,0.12161686716781632,0.12880262514245686,-0.32833092266907443,-0.05391285428466902,-0.11314625638150069,-0.1911314271612138
AGACTGTTACCGGGTC-1,-0.0099642991777808,8308.0,A,756.0,1563.0,-0.0986210740304573,0.1522233618696391,0.16600395358710945,-0.3772766358069302,0.1551933315007677,-0.28300985253394095
AGAGATCTCTAAAGCG-1,0.10696930783388345,5193.0,A,406.0,1049.0,0.2695543237804737,0.14370712318983275,-0.0657634291813293,-0.0054411163632633805,0.27965036097243784,-0.06196466458432464
AGAGCCGCCGAGATTT-1,0.051116737168793724,8693.0,A,1617.0,1447.0,0.33942891100749767,-0.03069025869349446,-0.08795116655735734,0.21164129343883828,-0.0860938413224295,-0.0032250024866325375
AGAGCGGGCTAATCAT-1,-0.007450279903995747,2708.0,A,995.0,510.0,-0.08108376627914293,-0.14147623423241926,-0.06918025837248991,0.20521287394077897,-0.0035002961630089344,0.12777492161110557
AGAGGCTTCGGAAACC-1,-0.08383598369713263,1210.0,A,1475.0,1291.0,0.0031712037617414937,-0.04461763215307796,-0.11161923322925964,-0.08867741258192675,-0.13733595840672982,-0.06554152292513978
AGAGGGACAATTGTCC-1,-0.22640978826886798,10435.0,A,1702.0,305.0,-0.2304939788534,-0.8799246443581022,-0.09352294860146942,0.1717252183582118,-0.2587391794384129,-0.22239935098940453
AGAGTAAACTTCACTA-1,0.06952200847944723,1556.0,A,1539.0,1223.0,-0.0281630852320377,0.3971881425039836,-0.014674003769116605,0.04504638891486368,0.14157416645050255,-0.05605503351918564
AGAGTTGCAGGCCTCC-1,0.0598633073772456,7467.0,A,1779.0,394.0,-0.13698405849865447,0.0030982157931143464,0.16006108736090244,-0.016433023021249826,-0.05127758407046385,0.1441043589137523
AGATACCAGCACTTCA-1,0.07323628991259054,4905.0,A,1690.0,506.0,0.14793902981763307,0.0932143940276506,0.01721836805742903,0.08799744133063017,0.10410130553792696,-0.19385032855279274
AGATACGACTTCATAT-1,-0.15730078588104773,2394.0,A,622.0,489.0,-0.29232326915531337,-0.27237776519762424,0.11186301331127059,0.1336381284801563,-0.08278061081583064,-0.6665881829121358
AGATACTCAAGATCGA-1,-0.002925032593180471,973.0,A,1230.0,1180.0,-0.0425105632636069,-0.05899442325842712,-0.016676949856735228,0.145571589911284,0.06865385965984419,0.024515128476048618
AGATGACTCGCCCACG-1,-0.01864918789432561,2018.0,A,880.0,622.0,-0.03995945105849827,-0.04548197785445217,0.17818238383296875,0.024538691317316893,-0.27758124176438403,0.10110880969655035
AGATGAGGGTTGCGAT-1,-0.023212587219741378,1218.0,A,1432.0,463.0,0.12956773839433522,0.07800524828337918,-0.23961776751041822,-0.07956994508728538,-0.010958130421886293,0.02597909326781418
AGATGATGGAGTCTGG-1,-0.05717242798448802,2451.0,A,1537.0,910.0,-0.08436842139204309,0.0013023429521464374,-0.03486241968646115,-0.12866371650368322,-0.08811670054223715,-0.003648394916660083
AGATGCATCCTGTGTC-1,-0.029468197586915518,6989.0,A,252.0,1229.0,0.08884709387890763,-0.09529251275640412,0.03997033191343889,-0.15189354988105505,0.0024550034658489955,-0.2004184069710799
AGATTCACAACCGATA-1,-0.045983950729755856,17500.0,A,343.0,1341.0,-0.17965464737662706,-0.08267372674115693,-0.027006981930510605,-0.06812117593134706,-0.10016667675364901,-0.15575403438976645
AGCAACATATCTTATT-1,-0.05173556774871499,996.0,A,1371.0,1067.0,-0.11685464350115926,0.06958154204741525,0.03317359097303893,-0.04234384003115979,-0.024152604054537306,-0.0723627171946335
AGCACCAGTACTCACG-1,-0.033244807634071526,7993.0,A,1009.0,756.0,-0.17067217195444667,-0.08820143606411432,0.018406102793980257,-0.09431873560289562,0.06686667655828987,-0.05730718997697075
AGCACTACCGGCCTGT-1,0.08917576882976895,4940.0,A,431.0,915.0,0.005929940266109206,0.12597673945773452,0.002077060179533104,0.07340377050984118,0.0696015806927813,0.11638942953907191
AGCACTACCTCACCAG-1,0.024271615373035335,2862.0,A,1218.0,1337.0,0.06266262639391523,-0.20931956337719554,0.21874472787314062,-0.25161341046194147,0.06753413647581352,0.2157674225368955
AGCATATCAATATGCT-1,-0.014340236163197864,1120.0,A,1397.0,1291.0,0.07554689083696386,0.08483621658039642,-0.06344784333413381,-0.15893397595740866,0.060676548010906044,0.060754462710573935
AGCATCATTTCGAAAG-1,0.012987635256994617,10155.0,A,420.0,1340.0,-0.3524435219203137,-0.2534865357687097,0.0373447523404826,-0.2334584768548769,0.2147350547138814,0.1380734230464556
AGCATCGTCGATAATT-1,-0.043719894935739086,5873.0,A,841.0,645.0,-0.1137086992213886,-0.3248587007086206,0.4754895191554856,-0.14538833841692148,-0.19635579049136115,-0.09826075615677379
AGCCCATACATGTAAG-1,0.018920370128077763,2966.0,A,509.0,1094.0,0.11964581378014187,-0.004331067788685078,-0.12986166995958695,-0.1777875772307811,0.2744848707051033,0.06152897479262888
AGCCCTAAGCGAAGTT-1,0.06262537624777084,1897.0,A,1008.0,487.0,-0.23074179902698072,-0.00011858033768770947,0.2604453470529926,-0.0957600958362578,0.2929758000196546,0.10936348746632815
AGCCCTGTCGCACCGT-1,-0.03447387554237499,562.0,A,1731.0,1066.0,-0.13140530554142194,-0.10076104033311788,-0.00786666176072719,-0.06527390870575878,0.1435374699515612,0.08443496365351555
AGCCCTTCTAATCCGA-1,0.08983643924569863,2075.0,A,1497.0,530.0,-0.12450272633629683,0.09723405337090953,0.10967500918385976,0.4365189280048296,0.079203109288406,-0.06244228821172983
AGCCCTTGGACATCCC-1,0.1408689906992775,11684.0,A,1681.0,1424.0,0.14683691477425248,0.39747537552274426,-0.0691563190755569,0.0370830329326229,0.0172705553192882,0.161228410706881
AGCCGTGGCTAAATGT-1,-0.14004597662877205,11567.0,A,458.0,1273.0,-0.33451142593977423,0.07766435152653774,-0.22435720094964962,-0.2613043491806025,-0.08212926952447783,-0.18996162736231387
AGCCTAATACCCACGT-1,-0.08032042698809347,6797.0,A,356.0,1273.0,-0.07579889295718312,-0.1823692597807152,-0.31386389625684735,-0.30942362964579,0.0010096224301374968,0.20317429141729995
AGCCTTAAAGCGGAAG-1,-0.06109072574872107,17604.0,A,365.0,624.0,-0.30324401703897663,-0.023497165693082925,-0.008053753741973875,0.014357250068755281,-0.2882258205277827,-0.06338959274552802
AGCGACATCCCATTCA-1,-0.03802270842724105,2313.0,A,931.0,532.0,-0.1345345518526915,0.16419573644197885,-0.1919329144840548,0.15124584920908846,-0.10149308525784875,-0.1025461302994114
AGCGACCAACGATATT-1,-0.24109484926632835,3552.0,A,880.0,711.0,-0.4455311232176903,0.007556155753988509,0.2185736109677355,0.031272749652775766,-0.5956576277247606,-0.7052146480746596
AGCGCTAGAGCGATGT-1,-0.025034898968898073,662.0,A,1744.0,1043.0,-0.19486724936518435,0.046747163181041135,-0.010339685545166476,-0.017723115431386535,0.15310327367356585,0.09397650600367434
AGCGCTTATGGGCAAG-1,-0.025592562066203375,847.0,A,1406.0,329.0,0.22324255115361674,0.09753028249036955,-0.12724294134684197,-0.0823393392411749,-0.18738497573843751,0.0896333266947703
AGCGGCGGTTAGCGGT-1,0.05185359267498786,10752.0,A,330.0,1274.0,-0.12290537817041122,0.026047209489540563,0.26311274837508447,-0.13356072440631345,-0.058038285720879226,0.07627486086833493
AGCGGGAAGGGTCCAT-1,0.1086152569199022,25883.0,A,647.0,444.0,0.2343223227204275,0.14833069740779103,-0.04396415052411114,0.09619911056884296,0.0012727160792511683,-0.004456643572471344
AGCGGTTGCCGCTCTG-1,-0.06639599085759962,2621.0,A,1664.0,551.0,-0.018880234074002092,0.23770637055321198,-0.08517489350995705,-0.3301182723261088,-0.17948466461243578,-0.020352172361405445
AGCTATTTAATCCAAC-1,-0.09944651591253909,9077.0,A,1124.0,509.0,0.038904431811260756,-0.21111402338906016,-0.09802197545415148,-0.38916004906132784,0.0035401839117519887,-0.15861029944047916
AGCTCCATATATGTTC-1,0.15277024196016736,1392.0,A,1578.0,1424.0,0.2200834118527356,-0.053744467317288644,0.3018653216440218,0.23072016086976016,0.24931380196766306,0.06783189822729707
AGCTCCTTCGCACATC-1,-0.09351309788651789,928.0,A,1282.0,1314.0,-0.11887071914823133,-0.05860710558326722,0.09731332657597552,0.04907268848070151,-0.3749337853602707,0.0742623456673155
AGCTCTAGACGTTCCA-1,0.07601452946760404,834.0,A,1152.0,1001.0,0.12804173655842244,0.11859023581829761,-0.01405250773055794,0.31693433453491227,-0.01637866060663381,0.0629128375902888
AGCTCTTCGTAACCTT-1,-0.0324822165164827,906.0,A,1551.0,1022.0,-0.1244077355231763,0.20575554019145464,-0.07425842615049227,0.11330087544126997,-0.07571620337676949,-0.04562153619916444
AGCTTGATCTTAACTT-1,0.19764926367099722,4686.0,A,470.0,1071.0,0.07428302589289737,0.33360994994800114,0.4064991123114156,0.033212373321636623,0.05484448838093728,0.08537675970734206
AGGACAGTCGAATCCC-1,-0.05372682039977582,746.0,A,1268.0,1112.0,-0.007638444769130795,-0.10313922793942484,-0.012227148711275056,-0.07698920897966766,0.02745393930960486,-0.04237256929193306
AGGACATCGCACGTCG-1,0.015949977299784802,1337.0,A,661.0,511.0,0.07804903723507928,-0.01249537896466986,0.3369021777256878,-0.27747810395776884,0.11395898335987763,-0.05292223118480276
AGGAGGCCTTCGCGCG-1,-0.01718957936871035,831.0,A,1436.0,1313.0,0.08258873692119448,0.15338819836014694,-0.013992558129399632,0.04643065671449681,-0.022151371224356738,-0.04414414225946564
AGGATATAGGGATTTA-1,0.13444499350761802,1773.0,A,1410.0,1179.0,-0.16384605231921134,0.24491022148030778,-0.02800908302459521,-0.05899268762362994,0.022698139269869015,0.7204997952268257
AGGATCACGCGATCTG-1,0.09756521117792974,13802.0,A,381.0,1229.0,0.01050241568862384,0.0763144180259327,-0.019694497705497006,-0.003968747093946415,0.1292450271362548,0.07729795135115308
AGGCACGTGACTGTCC-1,0.19771135929975633,11110.0,A,1655.0,1424.0,0.07002025400620698,0.16988179036749101,0.20723723249284365,0.28290331314216444,0.016232015691702836,0.2426944556898782
AGGCATTGTCGTAGGG-1,-0.028671201131849774,1160.0,A,1449.0,1246.0,-0.04144309496650629,-0.04540187132256118,0.024220588497519385,-0.1510194167519672,0.13746379963698424,-0.050135272901808345
AGGCCACATTGGTTAC-1,-0.09717811503246698,1819.0,A,1796.0,1177.0,-0.06283325929301804,-0.038466729039024074,-0.028153504109590968,-0.1952286638235508,-0.19190566705319687,-0.05944849717612118
AGGCCCATTGTACAGG-1,-0.03999823081702169,2834.0,A,879.0,488.0,0.17285289509126706,0.12920376814883563,-0.14944553719470838,-0.3582088899139985,0.11245303744895485,-0.1044987688663078
AGGCCCTAGAACGCCA-1,0.012861119889062418,2571.0,A,497.0,1161.0,0.11698347343450877,0.13315346065850153,-0.08778068436078858,-0.129070988987975,0.13005950858149018,-0.10585174107283729
AGGCGATAACTGGCGT-1,0.22179287064190167,9965.0,A,1745.0,1446.0,0.4792024111797972,0.3653958383123776,0.024725032923002148,0.19064781878747786,0.11853728863303044,0.09830254611473095
AGGGAAACGAGGTACT-1,-0.041962292178171046,1114.0,A,1316.0,441.0,-0.10394540099373296,-0.1569127961508815,0.15170511049966007,0.08497833659252434,-0.11717935111329641,-0.04936700182847914
AGGGACCGGCTGCGTT-1,-0.048504528466828345,1580.0,A,1589.0,954.0,0.11726150274851355,0.020679836638040502,-0.1608989201575167,-0.09706252726957658,-0.16553786470878243,0.007818120703192571
AGGGCAGCGGCGTGGT-1,-0.0825063643514747,1669.0,A,1123.0,330.0,-0.21966315915628626,-0.20030193507422606,0.3419697274291438,-0.14302269784809962,-0.2783274993839966,0.02349436613965451
AGGGCGAGCAGCTGAT-1,0.027012513330324256,5158.0,A,432.0,1139.0,0.3072686064920708,-0.010906352835852715,-0.03963900105422931,0.09822683290284699,0.10342784820294695,-0.2588311469265425
AGGGCGTGATCGGCTA-1,-0.07960296259144994,2772.0,A,751.0,533.0,-0.27389039266493215,-0.6329441584481765,-0.04898508920808259,0.008860746476906564,0.21190596132405362,0.14153641183992613
AGGGCTGCAGTTACAG-1,7.598224579012658e-05,8291.0,A,1010.0,935.0,0.03779974592791717,-0.09431215937298013,-0.011135094164424934,-0.04809869278953492,-0.1316494376422076,-0.010713789491678675
AGGGTCAGTAACCCTA-1,-0.034137561310838636,6974.0,A,1625.0,484.0,0.17956570241686948,-0.10639327564711587,0.20669878266702407,0.016110623326378873,-0.2694740496661061,-0.4019768535996224
AGGGTCGATGCGAACT-1,0.032159111814034955,857.0,A,1422.0,977.0,-0.1813106665499804,0.07707377553657685,0.21431575483951926,0.13685979625449934,-0.01834828348832855,0.13966940539921713
AGGGTGCTCTCGAGGG-1,-0.03372771774964391,798.0,A,1357.0,911.0,-0.04217470712866943,0.06444865758337161,-0.1661918151203128,0.19725400346771466,-0.019298937978325867,-0.0434693157493158
AGGTAACCTCCTATTC-1,-0.08542013119183103,3115.0,A,699.0,444.0,-0.1494302978160885,-0.16169797626024984,-0.4639626067441058,0.1174984401029362,0.2108991871082429,-0.08165035487558554
AGGTACGATATTGCCA-1,-0.06453156201541671,1542.0,A,1149.0,419.0,-0.10125294141360441,-0.01611050558335111,-0.11691799394709557,-0.06469372663048523,0.31350607149811216,-0.23384970718977785
AGGTAGGTACAAAGCT-1,-0.05918653680100064,3299.0,A,573.0,937.0,-0.005978288376251266,0.001415954052206101,-0.3567638829361652,0.021936161953681695,0.11470082363964519,-0.15875740296145668
AGGTATAATTGATAGT-1,-0.004667327298727743,1923.0,A,1576.0,932.0,0.21617981369000794,0.027441717911707176,-0.20260075790054546,-0.00971584707891956,0.10722503482169438,-0.060697833091804716
AGGTATGCGGACATTA-1,0.02891172659953193,1280.0,A,1769.0,998.0,0.23744312677864052,0.03623261547534631,0.09274163145537023,-0.08459331507538312,-0.033668531497903414,-0.05205218904330909
AGGTCAGGTGAGAGTG-1,-0.05295586840110268,4886.0,A,432.0,1184.0,-0.027829642556424616,0.20982437351128458,0.18691559837854566,-0.2255092174672388,-0.6044115913511573,0.08780923190123383
AGGTCGCCTCCCAACA-1,-0.20780759170749116,8236.0,A,1733.0,1513.0,-0.11440046880791957,-0.24104170870843408,-0.24077394942739694,-1.0634334400740806,0.25521064916917,-0.002023945307864372
AGGTGTATCGCCATGA-1,0.006604381525481219,2848.0,A,393.0,982.0,-0.3217464970686966,0.13441579326937053,-0.08744640622987834,-0.012909990327154376,0.1472758499987458,0.15854194345688638
AGGTGTTGCCGACCAC-1,-0.010184538556712794,1507.0,A,1759.0,1603.0,-0.14110641635086044,0.10377472439941596,-0.024763811506137046,-0.05334250058747854,-0.01374778878099226,0.1043177760816783
AGGTTACACCATGCCG-1,-0.10612593218503774,769.0,A,1654.0,1111.0,-0.22291189494141325,-0.33860881978961577,0.07807628727875396,0.23318665037126213,-0.16369466101830982,-0.10212371191005423
AGTAATGTCTTGCCGC-1,0.003464036034347716,1849.0,A,944.0,510.0,0.10252604732003132,-0.17051297485723563,0.18346931583445272,-0.1567397145319139,0.060160485319861214,0.04239410087996752
AGTACCTTCGAGTGCT-1,0.009363772988836318,1795.0,A,1560.0,373.0,-0.09170834879739229,0.11177929345836157,0.37331677814290193,-0.13455432396182737,-0.1300937482381833,-0.08948014866713229
AGTACTCTTATGCCCA-1,0.031527784089434824,944.0,A,1308.0,1403.0,0.15975139159826446,0.16705345352255943,0.3184757490438294,-0.09434894118969428,-0.17792269438893282,-0.02915195863249252
AGTAGGAAGGAAGTTG-1,0.027421097564791816,1052.0,A,1432.0,507.0,-0.04075613513894974,-0.15382926431693406,0.2799341518930424,0.29164030286733444,-0.03860869151551049,-0.1277713052914513
AGTAGGTAACATACAT-1,-0.16328096096193184,3973.0,A,828.0,443.0,-0.2643205768924919,-0.3047765959627696,-0.1505043791078992,-0.12777376023609824,-0.15039086799963985,-0.011442873895707523
AGTATAATACTAGGCA-1,-0.10368933783012727,3121.0,A,597.0,713.0,0.14139896806156918,-0.41594182936307167,-0.187355314854321,-0.14021373772491882,-0.06876615446394169,-0.01642574166659848
AGTCAAGATGACACTT-1,0.10368129325403554,941.0,A,1333.0,1224.0,0.1655038342214767,0.04446538303315378,0.3140258803622179,-0.038896721914058734,0.27379850134226924,0.0011150383364960277
AGTCACTAGCTCTCGA-1,-0.018241454681144492,1207.0,A,1449.0,1380.0,0.08703321600710665,0.3754651633119189,-0.11779214547874443,0.12289538611614524,-0.15874486777221766,-0.05090053919924896
AGTCCATTGGCTGATG-1,-0.01706429987694416,747.0,A,1461.0,1089.0,-0.07909326697491761,0.07344507245692376,0.039611533368188845,-0.16854146012698484,-0.01026088061220009,0.1377083800814559
AGTCCCGCCTTTAATT-1,0.07065130524480794,6127.0,A,1368.0,530.0,0.21499144641838003,0.02654682744249752,-0.061880466967741285,0.019249848208922997,0.0008518746892357959,0.09712286762333007
AGTCGACGGTCTCAAG-1,-0.089693978045226,667.0,A,1332.0,1000.0,0.010555819675604317,0.009776871719708119,-0.44339290051372204,-0.07232301547617087,-0.0625624672661787,0.1508128877548016
AGTCGGCCCAAACGAC-1,0.005394123295500399,1780.0,A,674.0,712.0,0.05251432918525224,-0.10512820292154726,-0.1732439628592022,-0.007295303474827278,-0.16394734424709595,0.41841200895033404
AGTCGGCTCAACTTTA-1,0.018985258901802207,5284.0,A,471.0,1206.0,-0.07813347534166809,-0.01571084340649319,0.0577974245826806,0.04987414772634221,0.12868875345562128,-0.04934332000713558
AGTCGGTTGCGTGAGA-1,-0.0006164725834140045,615.0,A,1615.0,1044.0,-0.07701117553987617,-0.1814909408717918,0.05039907581564733,0.048231335350616925,0.06780544098141124,0.32165726049574717
AGTCGTCGACCACCAA-1,-0.03959893318465732,839.0,A,1347.0,1425.0,0.07288797882260013,0.04078054467403701,0.03735861777698867,0.06567226705187937,-0.16135853220418667,-0.20041037260735564
AGTCGTGGGCATTACG-1,-0.0708500690250832,7308.0,A,549.0,1295.0,0.09001144923585591,0.039063022886545666,-0.21132232425134145,-0.2857338157494532,-0.14430997569900617,-0.028312183341834347
AGTCTGGACATCCTTG-1,-0.012839639439815025,2841.0,A,429.0,557.0,0.012541433297092683,-0.0636288877982428,0.017054672244718693,0.13147822309388738,0.060721901835919904,-0.3267450024423793
AGTCTTCTCCTCAAAT-1,-0.10532360966463905,6013.0,A,1022.0,688.0,0.03676339291294055,-0.2307244483076925,-0.04707919126901802,-0.2609264111329175,-0.033439293064369685,-0.22813847568648318
AGTGAACAAACTTCTC-1,-0.007789707740391144,879.0,A,1487.0,1134.0,-0.07922968379686772,-0.06588404805332251,0.033998731372537366,0.08302439422575876,0.004157127490082783,0.051181029632651115
AGTGAGACTTCCAGTA-1,-0.0908880899253033,770.0,A,1293.0,933.0,0.03447906061022116,0.014610747722690665,-0.11977809555443211,-0.1426062103901566,-0.0034996913974028113,-0.10650918100945975
AGTGAGGGTTTCTGAC-1,-0.07032711091875041,825.0,A,1303.0,329.0,-0.1064668635975367,-0.014165192679814517,-0.013872200872411058,-0.08122547924709815,0.03909092754048684,-0.14796809797202576
AGTGATAACCTGCGCG-1,-0.05121017649269886,1310.0,A,1321.0,1470.0,-0.302710124259495,-0.003976102149674907,0.1853440965934455,-0.10117405367475367,0.09963303639627312,-0.05251317390390646
AGTGATTCAAGCAGGA-1,-0.12701764745844024,1363.0,A,1293.0,889.0,-0.012087256329232632,-0.06902968619498251,-0.36962199094856346,-0.12856017921399568,0.10888260727616855,-0.15207187844982487
AGTGCACGCTTAAGAA-1,0.06060233195797724,1497.0,A,1410.0,1313.0,-0.08759755659485749,0.01085970930533239,-0.024633669819559036,0.12063897304386384,0.4964779830730964,-0.1609475859212574
AGTGCTTGCACGAATA-1,0.06826053207570115,893.0,A,1319.0,1067.0,0.03091733519550846,-0.15398971557316166,0.03344866987473076,-0.023215852427970973,-0.027199312222112408,0.6035450104721188
AGTGGCTCCGTCGGCC-1,-0.10724518910747328,3237.0,A,329.0,1050.0,-0.06398243427222379,-0.0806759600850123,-0.22009818719176696,-8.455549595087243e-05,-0.16688915600815368,-0.1390376939397052
AGTGGTGTTACCCGTG-1,-0.05506430167087467,38522.0,A,291.0,1207.0,-0.10598026264385785,-0.09651063691443647,-0.058212384977861145,-0.24667257892098676,-0.16313107002947058,-0.11956144475080772
AGTGTGGTCTATTGTG-1,0.0012790676940647172,2551.0,A,468.0,624.0,-0.14567676068127533,-0.023318901225251595,0.1036159311297688,0.02351943904464716,0.23891976082574995,-0.20855678692780952
AGTTAAGTCAACCGCT-1,-0.108313321492511,10123.0,A,497.0,1295.0,-0.040400341124140926,-0.19574923489895496,-0.3474719211975847,-0.09822486638003292,-0.1558881038840309,0.002944159512197196
AGTTACTCTATCGTGG-1,0.1622087845077174,880.0,A,1317.0,486.0,0.3821362994075805,0.5589984388305179,0.5467258016866354,-0.1452437202047641,0.24691267557468202,-0.1057676718106796
AGTTCACCGGTTGGAC-1,-0.058930447505169736,12785.0,A,275.0,602.0,0.0008738844958161296,-0.12725032617006354,-0.2954423553995233,-0.01580233157955807,-0.12297059945017565,-0.04442271286581692
AGTTGACATCGGCTGG-1,0.16084673669157043,16038.0,A,506.0,378.0,0.4513388515108784,0.18285015584774966,-0.054598944026522316,0.052980045718596075,0.10012322037104927,0.10312986659524667
AGTTGGCAAGGCTAGA-1,-0.040070260892947435,345.0,A,1541.0,1671.0,0.026463264782553148,-0.0933747617679333,-0.0012825307116689152,-0.045800271788447394,-0.04861400425574319,0.09806342817121838
AGTTTCGCAGGTCGGA-1,0.04889254763629794,961.0,A,969.0,420.0,-0.026137764911772887,0.0892323147529869,-0.016461333789910902,0.0576249805625527,0.06532613610558019,0.17232027623183563
AGTTTGGCACGGGTTG-1,-0.03172188951591058,782.0,A,1487.0,1223.0,0.0005914066220651659,0.06701096954014882,0.05080507978252198,-0.08534584496906851,-0.08311385383131069,-0.043136319578878965
AGTTTGGCCAGACCTA-1,0.01835956125413011,5664.0,A,574.0,1205.0,0.13972837559389306,0.062263311175590294,-0.16704567682281646,-0.0499183502658542,0.02104066838110808,-0.03142956253306343
ATAAACGTTGCACCAC-1,0.03146413568831232,931.0,A,1552.0,1424.0,0.024550018985464772,0.19385910056929867,0.26756037768615415,-0.03824916988585415,0.0736526000559684,-0.04609774952301652
ATAAAGGTCAAGTACG-1,-0.0026216316424547,1318.0,A,1264.0,262.0,-0.0051619195931831285,-0.05423984548069625,0.13210705649861346,0.1334502966449038,-0.14242319920445237,0.03038862071475362
ATAAATATTAGCAGCT-1,0.1248340277030241,2210.0,A,534.0,1004.0,0.25262465947102114,0.407248691499717,-0.08247826866799675,0.1388381731770264,0.16834891903833268,-0.08236548087562956
ATAACGCCGGAGGGTC-1,-0.012031823713995679,721.0,A,1216.0,934.0,-0.14596017118541676,-0.015286060818343841,-0.17061308868982458,0.19904088447096502,0.2936385299317994,-0.13304069220794837
ATAACGTTACCTCCAC-1,0.08067855719891154,7835.0,A,1638.0,372.0,-0.08756098827020552,-0.07005631992091278,0.0020499261282342675,0.11526636887998853,0.09773472422523422,0.15958779972042236
ATAAGGTGGAGAACAT-1,-0.008450318452864546,5204.0,A,1102.0,1270.0,0.2547047045445154,0.06475652957754374,-0.09687722043467521,-0.05432739015158975,-0.1536527362507188,0.033232770476688184
ATAAGTACCCGATTGT-1,0.13056754604217,2899.0,A,1625.0,350.0,-0.24662761720061332,-0.038991838356095786,0.32145596463018533,0.3491209550767347,0.30074557214189696,-0.013304474728402604
ATAAGTAGGGCGACTC-1,-0.050656888091049485,1082.0,A,1563.0,954.0,-0.026277393111181165,-0.07427887292432261,0.030135448526690544,0.11551069745173015,-0.08752529911069457,-0.10105770102064393
ATAATAGTGTAGGGAC-1,-0.0995907155129711,4481.0,A,558.0,556.0,-0.5209661531316396,0.11092987215207861,0.08978938074345548,0.012984501230888783,0.02007102923531322,-0.19402400301419587
ATACCACGGGCAACTT-1,-0.07809566946079732,3920.0,A,547.0,937.0,-0.037257226454027056,0.029958541134684928,-0.14398025744167137,-0.534483107613629,0.3479436964484684,-0.1599816909126979
ATACCAGGCTAATAGA-1,-0.012605068961221932,1623.0,A,879.0,353.0,-0.06163841018722948,-0.10646716631449037,0.0001698730529150535,0.12324732748605145,-0.020748515796752496,0.06876847352145139
ATACCGTCATCCATAA-1,0.08245893188275062,6807.0,A,1651.0,484.0,-0.09995585493397635,0.11611915477625898,0.19873889461962238,0.041272236915065756,0.03330941750410616,-0.0387665620508482
ATACGAAGGCTTTCCA-1,-0.09357001117616398,1171.0,A,1756.0,976.0,-0.2933601287500721,0.06590267433801283,-0.1821768023930377,-0.21139187318127564,-0.0216205148349648,0.2400371446271914
ATACGCCGGCGAAACC-1,-0.03363619480232517,951.0,A,1178.0,1046.0,0.3256557089467817,0.10339035754797377,-0.38568921141019524,-0.14682166628353865,-0.11097164475640708,0.19439243545224888
ATACGTCCACTCCTGT-1,0.040275288392062465,832.0,A,1371.0,1202.0,0.18430940644786092,0.1692420913870355,0.27083945064886855,-0.08158279572179458,-0.01620467110267773,-0.10606025684338018
ATACTACCCGTACCAC-1,-0.07737204633579374,956.0,A,1527.0,1469.0,0.09388645774599826,-0.12877038563893628,-0.11205467145645771,-0.03985572328893993,-0.09633102584653971,-0.0007990188797933895
ATACTAGCATGACCCT-1,-0.034572433382741845,2834.0,A,957.0,622.0,0.14849512496325928,-0.2767459167654298,-0.1564082488529031,-0.051922909933320896,0.20453679071599193,-0.14453227837642296
ATACTCTCGCCACTCT-1,0.08859062930935366,6405.0,A,493.0,355.0,0.3985933648285984,0.10115019122880448,-0.08550847280869382,0.1840124968129121,0.04008579634247202,-0.001392785490555902
ATACTGCCTTACACCG-1,-0.0005386485598187045,3012.0,A,1257.0,1448.0,-0.2464282007368937,0.05182291883408,-0.2222021001976328,0.17819646078322937,0.16993937635364606,0.0770527925116504
ATAGAGTACTGGGACA-1,-0.0009580540977095348,4112.0,A,790.0,734.0,-0.13938816746109042,-0.15897299396007794,-0.042800306144182045,-0.06647607906376353,-0.2630480573186204,0.5343544796305962
ATAGCCTCAGTACCCA-1,0.13361725210070113,7596.0,A,352.0,557.0,-0.15480588305792442,0.051004369219795856,0.05384427290728764,0.1852006076698518,0.2524297279953058,0.21635025921230933
ATAGCTGCTCTTGTTA-1,-0.08608521581000815,5939.0,A,301.0,513.0,-0.549573081372947,-0.08193124619690786,0.21733840904177748,0.016336687413783413,-0.3888870637944876,0.1642182686445093
ATAGGCGGCTATAGAA-1,-0.044301281383262656,2669.0,A,599.0,1116.0,0.11522507073311543,-0.00820886919128393,-0.28732404386804794,-0.009476219446118494,0.05716963879560742,-0.03381919740547327
ATAGGGATATCCTTGA-1,0.07776620135983926,7702.0,A,1086.0,621.0,-0.14365944891915405,-0.14543885566771148,0.06555125997082283,0.44748517340824107,0.04423981985482436,-0.03511210888090996
ATAGTCTTTGACGTGC-1,0.046288321668668836,2827.0,A,1033.0,308.0,0.014299442419075738,-0.2755549639238877,-0.0711329867131483,0.04374737632855525,0.14034896428043525,0.3976193654852279
ATAGTTCCACCCACTC-1,-0.07867221565983944,879.0,A,1486.0,1000.0,-0.015577093166232805,0.02146188230124276,-0.129548385949034,-0.2519706659109817,0.045161859334402775,-0.045098317013961664
ATATCAACCTACAGAG-1,-0.010137217506018245,1153.0,A,1525.0,977.0,0.013672138350769275,-0.20298842647861243,0.024436621924524213,-0.22562875009115474,0.14018614476571467,0.2345797371947146
ATATCGGTAGGGAGAT-1,-0.15818696492623285,1249.0,A,1589.0,999.0,-0.011093643167015908,-0.23970805593437405,-0.42287781824751647,-0.09114482323338075,-0.03936169034091322,-0.06597604252269218
ATATCGTTCCTCGAAC-1,-0.07467589793615902,1274.0,A,1360.0,1448.0,0.020530921643906005,-0.5585574546372059,0.08377116128506801,-0.021985916540823387,0.05934564696995867,0.09663496350221577
ATATGTCTCCCTAGCC-1,-0.03938247666970977,578.0,A,1422.0,933.0,0.016704469918274997,0.024430495280227546,-0.008281183920469257,0.2441419381841817,-0.14023635728901793,-0.03850740591244111
ATATGTGCACAAACCA-1,-0.04877437932760416,8208.0,A,1702.0,350.0,-0.36297397027629363,-0.27019067043979506,0.15082940341870157,-0.09322968312853644,-0.04349892493473773,-0.09500189682616496
ATATTCCACATAGTGA-1,0.13660382926016468,7815.0,A,1166.0,1292.0,0.38534402722666405,0.23531236425393226,-0.2174817038942336,0.3720519070320123,-0.11148180787606782,0.12287579129912192
ATATTCCCACAGGTCA-1,0.009430463825334148,1628.0,A,930.0,398.0,-0.016309645612503358,-0.03484839889578537,-0.026289446736158552,0.5437564804211137,-0.38306610487870507,0.050371333800311995
ATATTGCTGTCAAAGT-1,-0.11189932314983185,3735.0,A,584.0,556.0,-0.06512503489454344,0.029535281982638613,-0.5974331546068037,-0.21378183664269587,0.11716990551698081,0.027032394636418374
ATATTGGAGAGGCCTT-1,-0.02081355539557553,6311.0,A,1733.0,1468.0,-0.07744794457635505,0.00598333810808576,0.13446825966858986,-0.13793307574038893,-0.034711627558225475,-0.11938692816117508
ATCAAACACTGTTCCA-1,-0.10657852566162285,1523.0,A,1551.0,1201.0,-0.1647587940837934,-0.24279811359116255,0.10501783177856035,0.11390140152082731,-0.24553795675331505,-0.05560254941676068
ATCAAACGAAGGTTTG-1,0.002185694895717738,10114.0,A,600.0,1250.0,-0.12950571229954505,0.08639775433920886,-0.06356206545902207,0.018512304588765016,-0.012073091690907117,-0.10900642071585773
ATCAATCTGGGCTGCA-1,-0.29858693469270636,8054.0,A,1010.0,890.0,0.013324774500094352,-0.0890488040808155,-1.1560822097135643,-0.21499846373353804,-0.12016727963239823,-0.2500756778988496
ATCACTTCATCCTCGC-1,-0.19496196757035683,2892.0,A,1034.0,621.0,-0.12645297200832825,-0.24023295844196033,-0.44759750957819594,-0.4641589114276794,0.14854589780908845,-0.06268028837864395
ATCAGCCTCATGCTGC-1,-0.06593940133670576,1309.0,A,1295.0,1426.0,-0.00036380731987890186,-0.11660874385597327,0.021163165927719326,-0.04727551458544221,0.05229646083112617,-0.10091397605505181
ATCAGCTCGTCCACTA-1,0.050769157795276576,7654.0,A,368.0,1251.0,-0.20370796642902017,-0.041372354196143955,-0.011868828333960458,0.21568123333606054,0.15430360210908006,-0.12155227824089931
ATCAGGTCGCCATTGC-1,0.004769793374910798,2204.0,A,1380.0,329.0,0.15559723819560745,-0.09246886764854198,-0.2665129579255219,0.19349375454128587,0.16351624244787893,-0.09535207793062205
ATCATGGACTACCGAC-1,-0.02993404106331396,992.0,A,1795.0,1132.0,0.08395961703582307,0.0644494809939043,-0.017014476911677363,-0.1628335995162248,-0.12442080736336832,0.04412578129986274
ATCCAACGCAGTCATA-1,0.04718101860958342,4009.0,A,649.0,713.0,0.07912691578115008,-0.10445476088434959,0.05714656693271357,0.14438827072244959,0.01889022467169946,0.02002520679555362
ATCCAATGGAGGGTCC-1,0.04472788366483589,3225.0,A,522.0,1116.0,-0.06804142647242674,-0.24539281714426842,0.1133515583277692,0.1084229306750859,0.2580458783166775,0.07261603134458045
ATCCACTTTCAGACTA-1,-0.08291957275190256,974.0,A,1650.0,305.0,-0.017355226421218645,-0.09141590691870652,-0.06748197154879151,-0.18840275379300944,-0.16636946507785605,0.11715374546886119
ATCCTGAATCGCTGCG-1,0.0021526130410084547,2420.0,A,509.0,1004.0,0.15600426934555123,0.08547008860840086,-0.19229951133159748,0.06394531214377096,0.0802986410843007,-0.02367266089140224
ATCCTTCTGAAAGAAC-1,0.055562085106119485,3316.0,A,1796.0,1222.0,0.3949789561902782,0.04190061079494974,-0.14904589871294063,0.17983275042242808,0.08822477694848546,-0.11759013547527683
ATCGACTCTTTCCGTT-1,-0.15617549326483426,2850.0,A,957.0,666.0,-0.15471431774960429,-0.16267314167190566,0.07785786703241361,-0.09958926763130183,-0.15200383684950652,-0.4311405476884066
ATCGCACGCCGGGAGA-1,0.002025788836606677,3138.0,A,906.0,711.0,-0.22231291618955346,0.11343228788729537,-0.07543963510564015,-0.10759416809566766,0.24925272734727447,0.01539611005621104
ATCGCCAGTCAACATT-1,0.017931141603096987,951.0,A,1525.0,1156.0,0.1978580620166035,-0.09528638917103661,-0.08222899564246362,-0.039537677317385264,0.1510925449400612,0.13053365621350835
ATCGCTGCGTGCAGCA-1,0.06398357242655865,11520.0,A,1600.0,663.0,-0.05586950280294556,0.20521127367089786,0.046658817622143425,-0.1696898580031224,0.16133775771278908,-0.08166958443480002
ATCGTTCACTTTCGCC-1,-0.11873206184073995,529.0,A,1380.0,373.0,-0.12793385100905752,-0.10969774011778927,-0.12928702817090895,-0.11040649393405572,-0.18222091373756566,0.10745605953490345
ATCTCCCACGGAATAT-1,-0.034729874676569794,804.0,A,1566.0,1492.0,0.19721231953815915,0.033922475348336964,-0.013446047678120993,-0.029386425585057933,-0.16172671983840384,-0.04359319761158178
ATCTCCCTGCAATCTA-1,0.14402819679576073,6701.0,A,1098.0,509.0,0.045742137541227273,0.21451129577326938,0.014552265563848088,0.3577470299171,-0.07397219349973222,0.11935242972768291
ATCTCGTGAGCGAAAC-1,0.055073988869976886,1719.0,A,1667.0,1223.0,0.2589997137542046,-0.015187924558498402,0.027949344027402345,-0.1054973379568091,0.12586592388267825,0.017715800026928165
ATCTGATAGTGTCTTA-1,0.019924336979630496,3559.0,A,326.0,513.0,0.01700654616089696,0.4847388247023821,-0.22781102918515905,-0.2573561208309377,0.175044676166369,-0.004216438264506732
ATCTGTAATTGTACCC-1,-0.010784899836009543,4066.0,A,905.0,488.0,-0.26062220962992444,0.023314666792356827,0.381315032429595,0.052342781194217036,-0.0754551492770173,-0.19354406451486625
ATCTTGACCTGCAACG-1,-0.10306053641922755,3037.0,A,739.0,735.0,0.04576644629222788,-0.06669556698956321,-0.131300144882628,0.13538931255431438,-0.027739322912162436,-0.630686000360366
ATGAAGCCAAGGAGCC-1,0.040907463069129055,2774.0,A,764.0,645.0,-0.20388292303968672,0.06751609298259935,0.010195070414619202,-0.15203562181558214,0.21065884210857014,0.2294445487391708
ATGACGCCGGCTCTAA-1,0.006362432007062605,3527.0,A,918.0,510.0,0.041080189699240224,0.47014082564513665,-0.1038322192409402,-0.20769194845697747,-0.09567294821762236,-0.13498484942486821
ATGACTATGCGACATT-1,0.12198539588139465,871.0,A,1307.0,1224.0,0.13689679717761652,0.02055054837470504,0.034316601684654925,0.008451177780214168,0.49082331940635165,0.18624196192166761
ATGAGGAGTGTTAATC-1,-0.07685209592411474,6803.0,A,623.0,713.0,-0.0764938964372153,-0.12753986671030879,0.14316935057808627,0.04536163258740433,-0.1288353826980208,-0.4794038911604378
ATGAGGGCAGCGGCTA-1,-0.0905359909511316,604.0,A,1718.0,1088.0,0.0727086231883143,-0.04531366937909512,-0.40325540645236974,0.0020770786906314093,-0.17122170835691208,0.14328642957445864
ATGATCGGGAATAGAC-1,-0.0073814002698180115,4311.0,A,866.0,510.0,-0.2547746625617599,0.05882768920966483,-0.19355402548811865,0.1849344232575441,0.043188532036457575,0.04842937105926391
ATGCACCTTCCTTAAT-1,0.03168319492785876,15804.0,A,250.0,603.0,-0.08705230459901642,0.0674272451360485,-0.10896469378803547,-0.04415628216254147,0.08214159548544406,-0.1329734204458205
ATGCACTACCGCATTG-1,-0.07521636292804493,2088.0,A,752.0,757.0,-0.2288280098195517,-0.04585420102385428,0.0027491328169704475,-0.08678913544106613,-0.2941344657893369,0.18716506404944583
ATGCATGATCCAGGAT-1,-0.05264324859939387,3097.0,A,1009.0,711.0,-0.10157626967489827,-0.1421957952087231,-0.010691896643330668,-0.04009264281512384,0.017090880423114883,-0.11488184693115741
ATGCCAATCGCTCTGC-1,-0.02241229833955968,1673.0,A,1522.0,485.0,-0.09417755681162457,-0.08513293517962343,-0.06199333792566772,0.08916281430977176,0.21878025391742634,-0.08333225315477784
ATGCCATTTGCGACCA-1,-0.1250175305995318,656.0,A,1345.0,1112.0,0.024853650464213048,-0.08170897158774358,-0.481528997026041,-0.07163382154540143,-0.1672796620706697,0.17002306288314642
ATGCCGGTCTTGCATA-1,-0.061047632371330776,4740.0,A,1138.0,845.0,-0.2685691154705988,-0.03835329677638743,0.24867426838395162,-0.683831543969958,0.00712414554909457,0.264429533528424
ATGCGACAATTGGTCC-1,-0.14329064087789223,2605.0,A,1574.0,440.0,-0.1573865994943274,0.023918058256949794,-0.2665221451410431,-0.17072858343018496,-0.28949409675180493,0.024608588474929412
ATGCGACAGTCCCATT-1,0.05769863584593796,5478.0,A,1087.0,934.0,-0.14386877766546816,0.08900136039365739,0.08301591569471707,-0.0418106081812568,0.14238035131152907,0.015636028659145183
ATGCGAGTCCCACCAC-1,0.018010102134494346,690.0,A,1513.0,1223.0,-0.026138252669281145,0.1684811339838913,0.2287026019226609,-0.2537830590912032,0.3054685125388505,-0.10267154793814036
ATGCTCAGTGTTGCAT-1,-0.04812195649003005,2133.0,A,545.0,624.0,0.02862047727911669,-0.02448235964709965,-0.13232491430309082,-0.15159740451521256,0.07047500868723738,0.022184674363443475
ATGCTTAGGAGTTGAT-1,0.10613577258598494,5268.0,A,1617.0,1402.0,-0.25294910427721395,0.19227232814163026,0.16777701187518762,0.10148043020459682,0.12780572847002547,0.19318317607303695
ATGGAACCTTTGCACA-1,-0.12531754307150597,824.0,A,1718.0,998.0,0.04131959044663505,-0.14135300947520868,-0.11916057614948988,-0.20243756326734108,-0.17109507239309504,-0.0440023159563649
ATGGAGCAGGCCGTGA-1,-0.04217187756322616,11615.0,A,1023.0,957.0,-0.11780213681884573,-0.1355341308837632,-0.11957385278257851,-0.07940077547802679,-0.267478910009233,0.21289614416264402
ATGGATTGACCAAACG-1,-0.08492793625168645,3699.0,A,958.0,756.0,-0.31075704884912425,0.01822654177195905,-0.1831875783199962,0.09540550802939333,-0.26630857730422386,0.09578188478774546
ATGGCTGGAAATGGCC-1,-0.03514879852155975,628.0,A,1367.0,351.0,0.20897651801467493,-0.21217233101887745,-0.009529025670036606,-0.06983092521943857,0.03014501715021861,-0.039714271747207444
ATGGGCCTCGGCCTCT-1,0.033699160629006325,548.0,A,1345.0,1157.0,-0.06302225247202746,-0.03101276658827408,-0.007497474051909932,-0.06424508815362934,0.3632609044293583,0.12033918228009557
ATGGTCGCGTGGTTTC-1,-0.01487715092058356,768.0,A,1268.0,1157.0,-0.04574623375989034,0.017888116558543457,0.03866195857362002,-0.02954648533818731,-0.061859342285920126,0.08395362895611005
ATGTGAAAGCCTAATG-1,0.21987716721444095,7164.0,A,458.0,1183.0,0.2378156652873842,0.21826467332367372,0.2300877896742967,0.5865804335153035,0.019718796402745452,0.026284135355661722
ATGTGCATCCGACGCA-1,-0.008641511283578047,2595.0,A,906.0,667.0,0.002317356420664004,0.01904299361125966,-0.08774585016394937,0.052085412471698074,-0.1132866753597124,0.014109542376828734
ATGTTACGAGCAATAC-1,0.030450201681154417,1619.0,A,545.0,489.0,0.21573157459790648,-0.15816557562752323,0.22746357153459268,-0.07519620867452678,0.05274492119693269,0.02104608630843656
ATGTTCCTGCCCACCT-1,0.04347197441867407,5869.0,A,275.0,513.0,-0.16276169235202823,-0.1364341969727842,0.49474371536659517,-0.014584044027646851,-0.11799163813423169,-0.020064117254086335
ATGTTCGTCGACCCAC-1,-0.1900130143639372,3134.0,A,354.0,915.0,-0.044004643391123074,-0.07254277769232295,-0.9119038369575274,0.042110688440726275,-0.3022692762928169,0.110897796857702
ATTAATACTACGCGGG-1,-0.11406519314072643,2375.0,A,1021.0,644.0,-0.3411621927259691,0.060893144535222515,-0.09386290833704593,-0.0458392404317062,-0.17403087906571607,-0.12289025673013547
ATTAATTCGGTCACTC-1,0.0375164403051565,2156.0,A,1021.0,465.0,0.21587386226235666,-0.051286700903920984,-0.10051394210298194,-0.13476139656420555,0.12027625086999563,0.19721053732951374
ATTACAACTACCGGCC-1,-0.010748387936460074,646.0,A,1290.0,396.0,-0.08774098355282821,-0.2314690487772687,0.08279621084345212,0.1463808447593386,0.2409546705291048,-0.10305260054160557
ATTACATGTCAGTCTT-1,0.12082004523502393,2405.0,A,1565.0,1268.0,0.44211216945559767,0.05190907985977267,-0.0787216869922044,-0.05865682797705404,0.32257341236805226,0.01045136633337691
ATTACCACACTGCCTG-1,0.06492070986696802,1535.0,A,1693.0,1222.0,0.2738003668076378,0.029268306159637363,0.20816324695646324,0.06927487250873385,-0.041375568120812584,-0.07496505357052217
ATTACGACTCCACAGT-1,0.07249551127258008,3156.0,A,1729.0,573.0,0.018180972346891915,0.014351304383047693,0.2865314557050058,-0.13633303838362257,-0.008654465086269436,0.14380268613066774
ATTACGCGCTGGCAGG-1,0.05737976945948008,1861.0,A,560.0,1049.0,0.22072780863710628,0.02777012693809973,0.04916547035576427,0.03528194487658455,-0.024925484787834712,0.0748917032090549
ATTACTAGCCTCTTGC-1,-0.03923222936237079,3147.0,A,738.0,555.0,-0.17233039105762096,-0.2410095342054725,-0.020261766267109977,-0.008582484057990341,-0.1633218642326547,0.2904152383163418
ATTAGATTGATAGCGG-1,-0.04534716156621746,4539.0,A,802.0,578.0,-0.1454895111441268,-0.3022773009410483,-0.03885322314101446,-0.05351821005467973,0.1930807342230501,-0.030383842018282307
ATTAGGCGATGCTTTC-1,-0.028044419116682977,1913.0,A,1087.0,979.0,-0.06685476626843267,0.14373119896349765,0.15214822940272735,-0.4585093006321816,-0.025657047646492778,-0.20758939757516803
ATTATCTCGACAGATC-1,-0.05675531047914455,1098.0,A,956.0,308.0,-0.10954944635332006,0.10821662881251642,-0.17794686586451275,0.04425659599661154,-0.11704926832962351,0.06499591067008352
ATTATGCCATAGGGAG-1,0.15454421211597597,7936.0,A,854.0,622.0,0.04407995148817999,0.3482477961911057,0.24874161914036913,0.15874892163613175,-0.05120345372840412,-0.11237368059536909
ATTCCTAAGACGTGGA-1,0.018340165961592186,1691.0,A,1548.0,485.0,0.022239572682110673,0.06205068978382843,-0.0887111145469163,0.14585384919410918,-0.06894250449324967,0.10468801240868877
ATTCCTCCGCCAGTGC-1,-0.23188472496461063,1878.0,A,674.0,668.0,0.18622164458981327,-0.03214378127220074,-0.677424572487842,-0.6901927012409925,0.11052306756928185,-0.06704978578271145
ATTCGACGCCGGGCCT-1,0.22171986087328638,3992.0,A,508.0,959.0,0.433214655336259,0.08559290145651755,0.369786527074458,0.46843439914658,-0.015496191232830305,0.012360453028009725
ATTCGCAGAGGACACT-1,0.13536886953291424,13201.0,A,1792.0,461.0,0.306021957238544,-0.20722152446166506,0.019640117785897998,0.1841648039962892,0.05373707347288492,0.1441449979706081
ATTCGTGCTATCTCTT-1,0.018344872913653547,1245.0,A,1589.0,1089.0,-0.11846346652242191,0.037139331172046666,0.3813602331347296,0.06910362531815258,-0.12996113434265547,-0.013877372215915045
ATTCTCGTCTCTTTAG-1,0.0705386077190902,1878.0,A,827.0,398.0,0.13603055712612916,0.09975243894793906,-0.14431156802418427,0.24378969172862786,0.07918658876195447,0.15709675623938815
ATTCTTCGTACTTATG-1,0.08048117829004743,1049.0,A,1290.0,351.0,-0.1242560261727373,-0.14404540608146071,-0.10339551673069694,-0.03474160578652451,0.11043574109187526,0.8150375762719924
ATTGACGTAACTCGGT-1,-0.05959872777778579,1680.0,A,1097.0,330.0,-0.17575979466083425,0.04371379375668315,0.02649590856498298,0.027759392676636362,-0.218956698568648,-0.05222311638382969
ATTGATCACCACATTT-1,-0.014612237766615892,5087.0,A,279.0,1319.0,-0.003529041815172225,-0.011564755380125254,-0.08442055108611693,-0.11584089182886276,-0.052108494750505746,0.04161167971518665
ATTGATGAGTCCTAAC-1,-0.04160380383197504,859.0,A,1447.0,888.0,0.14988007296458553,-0.22694500364154896,-0.014546275214198968,-0.08293583231142196,-0.04375605751010203,0.05573091275320362
ATTGCGATCAGTAACT-1,0.018974020955863202,1372.0,A,1449.0,1291.0,0.17967856831488724,-0.0611786383462682,0.144812073318804,-0.04073490398090694,-0.11264785423925619,0.019154577981323393
ATTGGATTACAGCGTA-1,-0.020058552319983887,1582.0,A,1488.0,1358.0,-0.08416653303138111,-0.4650658758702338,-0.050486226241975025,0.36033539503676804,0.09721159146791197,0.03336509178636127
ATTGGGAATATCTTGG-1,0.011875570291214152,2158.0,A,840.0,421.0,0.16010453505337827,-0.07395001768094597,-0.3521740087385098,0.4356177736406897,-0.08090005933746428,0.12229034196126935
ATTGTACAACTCGGCT-1,-0.05186982567586586,1062.0,A,1499.0,932.0,-0.008560145204894842,-0.08993815491934543,-0.018219261455023106,0.03268970658730427,-0.2126788931013948,0.049417655676931044
ATTGTCGCAATACCTT-1,0.005931613503224308,5656.0,A,1265.0,486.0,-0.004449253199392968,-0.01043951780024572,-0.0033458499191389712,-0.20906124177198357,0.1417106312463866,-0.0303152381760926
ATTGTGACTTCGCTGC-1,-0.043296660226717854,1138.0,A,1573.0,395.0,-0.1737169972038997,0.2032178338898766,0.00837888421984873,-0.016593104948244633,-0.17858424924476107,-0.04977028725509718
ATTGTTCAACGATCCG-1,0.012864557519750103,4884.0,A,1758.0,1334.0,0.18911882858360407,0.14575009057237936,-0.05324609360434198,-0.008401090184545074,-0.3261789304207443,0.08711130976664441
ATTTAACTCGTATTAC-1,0.056321686314197046,2966.0,A,841.0,465.0,0.027750559724851222,0.10665715605488707,-0.08678139940116078,0.19986924697501013,0.4353515260274922,-0.38259388655907567
ATTTCATTATTTCGCG-1,0.02198640287320841,1028.0,A,1175.0,464.0,-0.022301027460383177,0.08837097103402845,-0.017641470793590255,-0.029089505788250127,0.1921584916376733,-0.029748559810023778
ATTTGTCTTGGGAGCT-1,-0.06717507714384918,668.0,A,1255.0,1045.0,-0.09028495188663413,-0.029742654592614645,-0.182291091739112,-0.07238515596005238,0.02325105642828454,0.06904499525176273
ATTTGTTCCAGGGCTC-1,-0.061271649478511984,3262.0,A,1085.0,576.0,-0.16153088535151314,0.060094236545212176,-0.1445263747052281,0.10942087948388446,-0.3070917374054458,0.0522034141361598
CAAACTACGATAGAGA-1,-0.0710067516553174,868.0,A,1252.0,419.0,0.22995305492983187,-0.2259805174075738,-0.014721548331197896,0.016561869451086453,-0.0919161827309549,-0.24207199593644052
CAAACTATTGAGCTTC-1,0.007646321788561089,2905.0,A,1136.0,397.0,-0.008745505466658459,-0.06256509928381039,-0.1461186168344155,-0.08565004951512986,-0.0397297847895365,0.35951488256321645
CAAACTCGCGACGCCG-1,0.03306447919636168,1143.0,A,1603.0,1156.0,0.035019452774675525,0.22140012290003874,-0.14642492316013486,-0.03811654378050416,0.0002654930033290162,0.162759034320486
CAAAGGTCATCTGAAA-1,-0.12282761206237473,2342.0,A,1770.0,1177.0,0.07362017498119916,-0.20457297618315265,-0.13026194076812492,-0.36695712813232584,0.02460548918234179,-0.0373312410196914
CAAATCTCTCACAAGG-1,0.10320961222238888,3274.0,A,484.0,1139.0,0.11322525416360803,0.16401723295443815,0.010299275261906559,0.12780256910273277,0.08288323766818935,0.14365403582767275
CAAATTGTCAGCAAGC-1,0.09937463096032545,11392.0,A,1033.0,442.0,0.10791800592253652,-0.2579226777233743,0.022358431256286372,0.40665315035108285,-0.14885383879273,0.22747660985722773
CAACCAGTGGCCTACC-1,-0.08208879577242403,1796.0,A,1656.0,1514.0,-0.09721464693485811,-0.16573831109716725,0.011117975151606932,-0.05654046904829657,-0.11424045086888109,0.012865757697695475
CAACGACCCGTTTACA-1,0.0011414348990144395,3492.0,A,815.0,600.0,0.17834890182886887,-0.0806566263386369,-0.08757971423299338,-0.15231067512979407,-0.07759173273429733,0.24550810339047244
CAACGGTTCTTGATAC-1,0.07915788597725541,3087.0,A,661.0,556.0,0.5405838904958359,-0.09671891908029931,0.0662300040324355,0.09583132408225205,-0.045628509737905665,-0.03784561910613577
CAACGTGGTGGAGTCT-1,0.06169987898047882,4696.0,A,1629.0,1379.0,-0.17399062310655855,-0.06710284261576399,-0.01466252654977508,0.24878249862344554,0.14010866498976993,0.13336296643096646
CAACTATATCGAATGC-1,-0.06558176805129085,7778.0,A,1188.0,486.0,-0.26373423529018325,0.09634652844877586,-0.15369149731610193,0.018467615143409534,-0.1250028682002161,-0.1993287805939831
CAACTCCGTAACTTGC-1,0.03477850007777418,6253.0,A,1702.0,439.0,-0.08171891861097891,0.19555856377770253,0.335618238510573,-0.13741948497685982,-0.10348658229796759,0.010137631690203423
CAACTCCTTGATCCCG-1,0.015764636080184566,3164.0,A,764.0,555.0,0.20179658152760138,-0.16455238212997517,-0.1869208647629605,0.09433647143272808,0.23655965134681273,-0.11028172948798427
CAAGAAACCCTAAACT-1,0.049525703674497545,20402.0,A,1727.0,305.0,-0.012131510331895357,0.07463221231259713,0.03450044408680731,-0.035354436464392125,-0.07907744721333902,-0.0546358622575908
CAAGAGGGCGGAGTAC-1,0.15838143855546571,1320.0,A,1127.0,1180.0,0.38431471217597696,-0.0020928107453458827,0.08662985318439291,0.35647492182892365,0.08125839522656218,0.11947371134784532
CAAGATATTATAACGT-1,-0.07430760405048877,999.0,A,1320.0,1157.0,-0.045699551651299505,0.15071021359382397,-0.017137659205976697,-0.08507391009775087,-0.15240317896354771,-0.14421709736950666
CAAGCACCAAATGCCT-1,-0.03615644040005206,2170.0,A,1021.0,554.0,-0.04519638680886335,0.14375991203059885,-0.1458791053164742,0.019277219459156593,0.02635425065576903,-0.10083716413329877
CAAGGTCCTATAGGCT-1,0.030502464706907255,4732.0,A,1589.0,910.0,0.1002410960186312,0.03268934791520069,-0.05580606507649092,0.14921037722393146,-0.09765530903220446,-0.07017924405454391
CAAGTGTGGTTGCAAA-1,-0.03650389661284059,987.0,A,1383.0,1045.0,-0.00541995240017161,0.04596662018331703,0.22068360042607796,-0.16823169044982486,-0.0977850559592987,-0.047137139560042216
CAATACGAGAGTCTGA-1,-0.025054028850575415,1762.0,A,1718.0,1133.0,-0.19259549923356595,0.16059734320774713,-0.1998294626275067,0.1394171674848913,0.038097376715303694,-0.11126449670965864
CAATCCCTATACCAGC-1,-0.05787334688214543,714.0,A,1303.0,419.0,0.14223471813236369,0.05388675651230962,-0.22232775363312018,-0.022250091985584676,-0.08291852326853637,0.0011627498204179673
CAATGAGGTTCGACTA-1,-0.053081919361444005,24840.0,A,1704.0,797.0,-0.1410724085420913,-0.03935225918185106,-0.1531631136861908,-0.1242495002509435,-0.0920423301492798,-0.17802239246475715
CAATGCGAGAAGTATC-1,-0.15129557152741605,2018.0,A,1231.0,1359.0,0.17744890353436313,-0.20148968509543497,0.10589145944102557,0.20581376310556207,-0.19975725069815975,-0.8068419631598758
CAATGGAATCTACATA-1,-0.04073672120173874,1546.0,A,1342.0,351.0,0.06142370336785105,0.1420924632190815,-0.025265272747356293,-0.18942314014943695,-0.03740559258551463,-0.10106400000181065
CAATGTGCCAACCCTT-1,-0.12223979559621623,1280.0,A,1653.0,976.0,0.19680937854309657,-0.12910305627042845,-0.021635573532967044,-0.0300906932008636,0.1632447851860673,-0.8463226907114905
CACAAGAAAGATATTA-1,0.06070099910253719,2160.0,A,1612.0,462.0,0.47161415259397915,0.10145897886486716,-0.038598996617432005,-0.009421673672389067,-0.18670468001890708,-0.21793320438819547
CACACACGCTAACGAG-1,0.06450669617177993,1084.0,A,1501.0,1380.0,-0.06992136865043344,0.06100644006972019,0.1482334774633832,8.825361706529117e-05,0.27453332560807103,0.0035035919049552083
CACACAGCTTGCGCTC-1,0.012337624963352027,2123.0,A,1654.0,1200.0,-0.011234533059727294,0.15654518544835974,0.014720329419585036,0.1849498580001895,-0.06926464709100726,-0.006247808157877065
CACACGCGCTGTCTTA-1,-0.06811687922501028,2052.0,A,1318.0,888.0,-0.2123033890880841,-0.0651909909579864,-0.07550188835462414,0.35560944958590096,0.04712490644928413,-0.4567453902833034
CACACTTGTATTGCGA-1,0.03835422706312482,5470.0,A,1663.0,372.0,-0.06032632920123361,-0.1994021423513834,0.1030643830055914,-0.011936709597776235,0.14115902928275265,0.09628407050388586
CACAGCTAGGGAGTGA-1,-0.009821717056737803,1974.0,A,944.0,599.0,0.14273298488536126,-0.07396704337921083,0.023941418208682137,-0.19342497534961292,0.28629944678942315,-0.26953115549109025
CACAGGGCCATATAGT-1,0.14094792144805546,1284.0,A,1424.0,1425.0,-0.08062023140251134,0.178017318097343,0.46107717617812705,0.12599752002537581,-0.10388026152782764,0.3439458554319962
CACAGTCCCGCTTCGC-1,0.0467418337816353,1456.0,A,1617.0,1491.0,-0.06455191546801098,0.01510184079664565,0.24891903107036945,0.20572181824493677,-0.14396460985119064,0.088916023277629
CACAGTTCGCTTCCCA-1,0.18449087777808046,8745.0,A,1642.0,1357.0,0.17414305228844176,0.15060720592312962,0.21919656434345156,0.29362156471095024,0.05945577082475808,0.05871077021066874
CACATTTCTTGTCAGA-1,-0.03703584496213791,845.0,A,1564.0,1133.0,0.00986705923778608,0.013957032675851154,0.18725460405215377,-0.11064305952091681,-0.09068442643305072,-0.15866758014631227
CACCATCGGAGGAGAC-1,-0.001842976724441961,1391.0,A,956.0,398.0,0.24633759706452174,-0.17917205469270814,0.1448949241178329,-0.10382101646934527,-0.04842807784635535,-0.05372443967350744
CACCATGATCGCAAAG-1,-0.006778559569659456,2895.0,A,1638.0,417.0,-0.19384956447107313,0.0519670951516263,0.03577977681224318,0.12708729626058693,0.03769516473341353,-0.12060612243067387
CACCCAAATCTTATGT-1,-0.060352155170350114,1744.0,A,1524.0,932.0,-0.09747618592494954,-0.0710141605831689,-0.1147333928519625,-0.18031910950532365,-0.0007260010491968866,0.10740633592102014
CACCCACACGTCACCC-1,-0.1320935591089708,1674.0,A,725.0,533.0,-0.12116315090786123,-0.5342945533040476,0.06360729499546064,-0.054214214835776084,0.17800230514441656,-0.21112406329756936
CACCCTTGGTGAGACC-1,-0.039591085943743026,7477.0,A,381.0,1273.0,-0.2671480253121131,-0.0654704379758357,-0.4025046271679999,0.008125987741124531,0.3524117160494376,0.05699478935012038
CACCGATACACCGAGC-1,-0.02924215974731037,626.0,A,1252.0,374.0,0.09792259806938491,0.035207778847541046,-0.009480422197600823,-0.2362340097268546,0.08947849258975776,-0.03469363047920013
CACCGCCAGAAGGTTT-1,-0.03263592745896213,10844.0,A,932.0,756.0,-0.2604408967562399,0.11744810786204113,0.11337281809438764,-0.0013801593817796554,-0.2903466678094829,-0.04040521845815069
CACCGCCGACCAGCGA-1,-0.23589936254066127,3498.0,A,1033.0,353.0,-0.8504969075703002,-0.002817304631988281,-0.20737497765154397,-0.3333045041716879,-0.15425249159868015,-0.19437659921044642
CACCGCGTCCACTCTA-1,-0.03260916809375944,1656.0,A,1510.0,507.0,-0.1271075296955494,0.024855255505083024,0.07477030664888519,-0.11159097713716026,-0.18421796864017642,0.13187940008466398
CACCGGAGATATCTCC-1,0.039235360671732535,1882.0,A,1367.0,306.0,0.017481249888815872,-0.3170002131441634,0.1821669306042711,0.1646993989002723,0.2943949117330027,-0.060211000589942824
CACCGTATCCCATCCG-1,-0.018101096040330632,1208.0,A,1513.0,1313.0,-0.09265224479448543,0.2084328927207562,-0.01592141576832422,-0.15577304947377002,0.12953414617946535,-0.05091661319384157
CACCGTTGCGCGATAT-1,-0.05725534869114744,3210.0,A,548.0,1205.0,-0.08034838997823261,-0.014416967394550576,0.11486609571154782,0.09304512181225451,-0.11058687330496687,-0.1887841904236336
CACCTAATAGAGTCGT-1,0.03246945334268791,1412.0,A,494.0,534.0,-0.18165776193801922,0.02002335783594792,0.020231191276415303,0.05567516574369882,0.22224620215113236,0.28059049554648907
CACCTAATCAGTTTAC-1,-0.05433883048151253,6785.0,A,1098.0,599.0,-0.03343936122667941,-0.16021602153218828,-0.04154575529094891,-0.22133507666200275,-0.1626344683263657,0.08409851813082005
CACCTCGATGGTGGAC-1,-0.06040455497837556,3348.0,A,1072.0,554.0,-0.13242313187798685,-0.08508730668751037,0.16653741098515784,-0.17484564886616677,-0.2807817727426798,0.10255350390502592
CACCTTGGCGCCTTTG-1,-0.14197137493757792,703.0,A,1500.0,1111.0,0.05141406745019807,-0.02422407214614887,-0.01128032400840458,0.2151756278977212,-0.045740227762045976,-0.7886420288308601
CACGAAAGTTAGTCCC-1,0.046502997165129886,7702.0,A,547.0,892.0,0.20543681359301713,-0.027834724233078867,-0.251600426277209,0.14511891582037623,0.1730051632687991,-0.17837870107917958
CACGACGTAATAGTAA-1,-0.025000187290711698,2842.0,A,1534.0,283.0,0.06566435790807924,-0.012927440535097107,0.11941623864037232,-0.13699402255177703,0.03350194975682408,-0.05365595902916305
CACGCGGAACTGTTGC-1,0.007917159855928751,666.0,A,1435.0,1089.0,0.05087782325157253,0.3939430230936175,-0.13403567283893075,0.0645481568799679,-0.07969036744008351,-0.0405979777487118
CACGGCGCGCCAAAGG-1,0.08873828060671664,5137.0,A,1497.0,485.0,-0.19084181430261776,-0.046565500776662376,0.16407944290900678,0.3777674269244174,0.06575382188636532,-0.07810595097494144
CACGTCAATCAATGGA-1,0.15321091087702943,2063.0,A,1669.0,1536.0,0.15335294824367277,0.02268104741184028,0.42334935915363675,-0.12154437260728188,0.1887857282184319,0.2532598795181167
CACGTCGGCAACCTCT-1,0.0781726481178354,12920.0,A,651.0,1250.0,-0.070409298598591,-0.02155278810851942,0.06307328630191794,-0.07828912380170935,0.24777225377670756,0.0673151203920758
CACGTCTATGATGTGG-1,-0.16232745615087157,1465.0,A,1393.0,306.0,-0.43409115007011173,-0.1477869236287637,-0.17580298597931104,-0.24159023688207948,-0.06551819452863072,0.15115617790289845
CACGTTCGTGCTCTAG-1,-0.09503020585126343,775.0,A,1216.0,978.0,-0.211051563683672,0.05204495406336376,-0.0128445469598341,-0.07858977825757804,-0.04701960776807418,-0.15842283623332165
CACGTTTCGTACACAC-1,0.05943294393438634,819.0,A,1346.0,1381.0,0.5682541635731987,-0.12117269629010233,0.1579821050121511,0.07579312107235348,-0.027672125766705684,-0.04390058146806643
CACTACGGGAGCTGCC-1,0.04298234384585497,1429.0,A,1553.0,1469.0,-0.17903459253499016,0.24541005548235298,-0.16833748026755382,0.005157970583999121,0.4122450803189691,-0.05427677531492132
CACTCAGCTCTTGAGG-1,0.02881962233566236,3640.0,A,1085.0,397.0,-0.009446085990056422,-0.018016512604807376,0.05223988473146007,0.11337623388824959,-0.1436631720915678,0.09488544313504257
CACTCCTCTCGGTCGG-1,-0.07079399606798703,3060.0,A,1291.0,486.0,-0.062433972605878525,0.0633668381992799,-0.49252104583667955,0.07630239988007217,-0.025550644945413967,-0.051333692298747916
CACTCGAGCTGAACAA-1,0.009856779437590042,6028.0,A,1127.0,1225.0,0.13094761131150107,0.0823861965815082,0.013578846914751082,-0.3133690124392209,-0.006698528053202476,0.017855505696774146
CACTCGGTTAGGAGGA-1,0.0077290526399269935,3878.0,A,341.0,938.0,0.25989750088099944,-0.10043005906863187,0.15241757964488872,-0.056959571098837015,-0.10108463637116945,-0.14997616154175958
CACTGTCCAAGTGAGA-1,-0.02079133522373619,1875.0,A,725.0,578.0,-0.041279218940915074,0.011924213531354921,0.11421656128718136,-0.21089133030931614,-0.01910150065011751,0.0735749106877862
CACTTCGCCACAGGCT-1,0.06674307496781086,3053.0,A,571.0,623.0,0.036633181677835795,0.08547669780071437,0.10509245120324104,0.2355059831112374,-0.09457781760573647,-0.015732157991166656
CAGAACTTAGCCCTCT-1,0.0809248696363176,2349.0,A,1269.0,1336.0,0.14506708582794292,0.1527920745800746,-0.011711182264689505,0.061761184918418414,0.03196969052523535,0.2792036347105329
CAGAATAACACACGGA-1,-0.02378254663999871,3210.0,A,1604.0,1379.0,-0.04321449196606179,0.2633744519361264,0.1270422175064116,-0.051410739863233385,0.03359511923498778,-0.5136742845288447
CAGAATATTCGTTATC-1,-0.028948524913025356,5099.0,A,1770.0,1267.0,-0.003978895713307423,-0.1947308757164641,-0.19473275440447002,-0.0082879600176669,-0.039608106086068684,0.24072234704057258
CAGAGTGATTTAACGT-1,-0.08390207257498447,3914.0,A,1059.0,353.0,-0.11113317745912155,0.022709272080918694,-0.24585873850951437,0.1662091440267191,-0.251088352433005,-0.038983667020786136
CAGATACTAACATAGT-1,0.12275782097541803,6387.0,A,765.0,734.0,-0.14368120271872173,0.06824112018053675,0.2977566811785944,0.1706371003810516,-0.08218825178800278,0.2500058221642698
CAGCAGTCCAGACTAT-1,-0.15121954911186075,1401.0,A,1462.0,1268.0,-0.20548209962127678,-0.2474138050207741,-0.09692501942637576,0.010877708676989187,-0.17502200541961688,-0.0538707447407143
CAGCCGGGCCCTCTAT-1,0.05817835393171204,1061.0,A,1265.0,396.0,0.21326647059118442,-0.006136550689327003,-0.01820245981430644,0.2072999939029826,0.08907171877502051,-0.10109115543997778
CAGCCTCGATAGCGGT-1,0.05736922512688916,12972.0,A,1759.0,1558.0,-0.2779705238191177,0.33116887924641075,-0.41852637593968206,0.13416540062842963,0.21714852067403403,0.1235704866877303
CAGCCTCTCCTCAAGA-1,-0.03237457820778057,1793.0,A,1394.0,485.0,-0.15453879208695237,0.08556541275204219,-0.04243548736921548,-0.006038428094206846,-0.08857276335694042,0.07725534284637456
CAGCTCGTGCTTGTGT-1,-0.07346922081828565,1728.0,A,712.0,466.0,-0.030812294118196484,-0.6574380342575274,0.1261870263295936,0.22981503960773852,-0.06568453924240548,0.04804409201390743
CAGCTGGCGTAACCGT-1,0.11333923474860043,10545.0,A,458.0,1228.0,-0.1328477665798521,0.006258376689293063,0.09896093027037267,-0.07040041931648736,0.3855817187567161,0.13901246068484485
CAGCTTAGTAGGTAGC-1,0.11715690265818204,12411.0,A,534.0,870.0,-0.023048641238467032,0.1831075613214323,0.09893316529636409,-0.01928906414386873,0.2820019896439885,-0.12945917477920454
CAGGAAGACTTTATAT-1,0.0472720578419274,1195.0,A,1265.0,441.0,-0.0259736113941084,-0.0003813765889447221,0.026463567156547692,0.24160419820298845,0.11970197587274434,0.16897104806559232
CAGGCCGTTTGGGTGT-1,-0.03089113605856484,1489.0,A,727.0,1026.0,-0.15949166822316344,-0.15875550394965987,0.18768144922453375,0.039839490531829336,-0.16235492756629705,0.08597329226392308
CAGGCGCCATGCTAGG-1,-0.04430632776401604,2682.0,A,1114.0,1247.0,-0.05650002544111169,0.05315362060845632,0.009710332183095348,-0.09554680270850929,-0.1772484296796927,-0.06031203915752917
CAGGTTTAGTACTACA-1,0.08922932232160313,17261.0,A,1779.0,439.0,0.018084264103255254,0.008684543448056345,0.15241743366924174,-0.06991559565544987,0.06251857978166382,0.02890833037548548
CAGTAATCCCTCCCAG-1,0.0466672787523359,3876.0,A,494.0,624.0,0.11629994825752123,-0.08937942994413048,-0.06640139484577343,0.15571174146843414,0.08522507796672338,0.13067652373568334
CAGTACCAGTTTACGT-1,0.06010471749158846,9829.0,A,407.0,1228.0,-0.267935099796048,0.23764143292491854,-0.17671329218237625,0.09904356741397302,0.12090517448041666,0.0795396507296994
CAGTCCAACGCCTTCT-1,-0.021620653772031664,7975.0,A,1715.0,327.0,-0.06237970153996556,0.047914354372307975,0.27847816442658163,-0.10724548450092274,-0.1200657809703567,-0.31108259689303197
CAGTGTCCGCAGAATG-1,-0.0047489478632946405,2749.0,A,648.0,489.0,-0.03796392524160878,0.22645363107115818,-0.044540687992174935,0.06057536302643631,0.2009608302942784,-0.2928419489919367
CAGTGTCGGCTGGCCC-1,-0.05562641834161243,798.0,A,1359.0,1313.0,-0.04938296671136595,0.05330670966137745,0.041193778855026585,-0.14330218955862564,0.013458264759491051,-0.0434693157493158
CATAACGGACAGTCGT-1,0.0506695081374965,828.0,A,1383.0,955.0,0.10099189733589893,0.14573229424654402,0.08987385855344478,-0.08137895186901828,0.05431919899157122,0.1672777158408643
CATAAGCTCTCCGTCT-1,0.07130706684403898,7623.0,A,355.0,1094.0,-0.07884898289094666,0.03773351449588927,0.23017762939868355,0.13989917726978815,0.09444758061919248,-0.016240568338233705
CATACAAAGCCGAACC-1,0.18960248967580823,28722.0,A,622.0,444.0,0.3226545075666274,0.47253034097335705,0.0182745761514385,-0.04806771920518205,0.009606394237884036,0.07021574011483805
CATACCCGTACCCAGT-1,-0.1309587246266916,2488.0,A,573.0,981.0,0.0029659819750619083,-0.05126497610272641,-0.5951995792355119,-0.08203643542611952,0.11346911211575177,-0.38489385622256345
CATACTTAGGCAATAC-1,0.14268944613180437,1532.0,A,1628.0,977.0,0.05848813195073855,0.7475000910053013,-0.03572607157906484,-0.17251534643168184,0.2550715744470719,0.12627311731972599
CATAGTACATTGAGAG-1,-0.022539797281518423,6395.0,A,1162.0,486.0,0.14127260947718595,-0.18180208101248804,0.017066014772083832,-0.17194826927760967,0.08545879494989475,-0.19324901056417465
CATAGTAGCATAGTAG-1,0.13394929475635864,2452.0,A,751.0,578.0,-0.06146546533176544,0.3364074383281657,0.14302274725604133,0.2090074426769611,0.11909580463633794,0.0653814619463648
CATAGTCCACAAGAAC-1,-0.014371828572643495,3790.0,A,574.0,1161.0,-0.0013036839138177783,-0.21866066378996893,-0.06122007388156813,-0.005577233115971209,-0.04616360638552063,0.17941474754750916
CATATGTCAGGCTACG-1,0.10166660282118922,3351.0,A,484.0,1228.0,-0.17972122963163545,0.6561529453391032,-0.036743881339698484,0.12366832439427139,-0.127181741439772,0.0897654089070551
CATATTATTTGCCCTA-1,-0.013313822007533137,1040.0,A,1187.0,352.0,0.009632015259475574,0.028732104469046962,-0.24032687691085086,-0.0017871798741704512,0.2894864898532813,-0.10506111408585778
CATCAAACTGGCGCCC-1,0.11139106617180417,7915.0,A,1677.0,484.0,-0.012843829776188379,0.1663514962195709,0.17653824250406078,0.07771544221393001,-0.05716501821812223,0.06934189148241991
CATCAACACCTACTAA-1,0.13505753257155376,15590.0,A,262.0,491.0,-0.058363098027245694,0.1268371123802916,-0.05941451543525605,0.03906671850949124,0.218928434976068,0.10047766551110962
CATCATCTACCCGGAC-1,0.013801311489173629,3622.0,A,1059.0,397.0,-0.11671596642089559,0.048316410409563026,0.02579913153823784,0.24802670249349354,-0.1800840248876398,0.002779721222038154
CATCATTACCCTGAGG-1,-0.04607107014653636,927.0,A,1385.0,1313.0,-0.04768113114455527,-0.16759230006729225,-0.015839780949859092,0.03478405950997297,0.04625332870752972,-0.046022076035533876
CATCCTCTCAAAGATC-1,0.05114063741263604,1081.0,A,1359.0,1358.0,0.1587023422607986,0.3937086480183854,-0.036078577445813345,-0.047325630524081744,-0.05507855755586615,0.019779244510524006
CATCGCCCGCGGCCAA-1,0.04611213573147322,2625.0,A,738.0,466.0,-0.035957864684727434,0.11193826570575852,0.06179497445631107,0.03483203032956318,0.08407961468277951,-0.001626942815239985
CATCTACCCGAGAACG-1,-0.03632285471019889,426.0,A,1611.0,283.0,-0.21907949046305902,0.4258063725714939,-0.11995862915635477,-0.05410615500402209,-0.05868878235828333,-0.03448270703442627
CATCTAGTGAAGGGAA-1,-0.05829718973816292,2389.0,A,1731.0,1155.0,-0.20393959092018576,0.12686013236644184,-0.0022876812656865073,0.04337498707591054,0.1828143317035836,-0.38687504368216347
CATCTTACACCACCTC-1,0.03078546182927322,769.0,A,1447.0,977.0,0.335551856515412,0.27979743154666914,0.16252555059012244,-0.09731021541671703,-0.08634797798360092,-0.042862874504028106
CATGACTTCGCTGAAT-1,-0.009865955140416403,865.0,A,1538.0,1044.0,-0.026522912259096865,0.10459396059433909,0.5584979599094104,-0.09790077906923425,0.04933145284601036,-0.384538596648633
CATGATGCACAATTCT-1,-0.009674662520837124,3784.0,A,1060.0,621.0,0.054724705446337306,0.07087554266088714,0.020400871523980853,-0.13719095751397611,-0.18160360441272239,-0.03944883196691009
CATGATGGAAGTTAGC-1,-0.0207022889812951,895.0,A,1500.0,1156.0,0.11697646522097632,-0.11802478658652872,-0.015239768664861701,-0.006824130698673374,0.015131783003755263,0.12340705279616997
CATGCCAACTCGCAAA-1,0.27443028930406826,11397.0,A,445.0,1116.0,0.31961579881586555,0.21050599452612717,0.03356761376874717,0.12748405078912536,-0.01721863519988317,0.8716437180211238
CATGCGTTAGACAGAA-1,0.1665121038013291,3468.0,A,982.0,487.0,0.33948880122048763,0.07169505208246003,-0.019317654022014102,0.342382671653991,0.038384501180090465,0.12009720439925392
CATGCTGGCTCCAATT-1,-0.005176056590886519,948.0,A,943.0,420.0,-0.07147116535560488,-0.07000166600924321,-0.016225564667797072,0.10825222351658664,-0.03606760204412119,0.1209417791762654
CATGGAAATGGGACCA-1,-0.02864958501412054,3043.0,A,1509.0,283.0,-0.1601889919219029,0.1682104357132279,-0.08125225836166484,-0.0163932752156399,-0.030415061853282833,-0.07089216050562398
CATGGATTGTCTTCCG-1,0.060194101084526205,1493.0,A,1475.0,1380.0,0.1205762318520226,0.2000901253828376,0.02729093381899996,0.058745745936975395,-0.028979527858058962,0.05622345389619394
CATGGCAGGAAGATCG-1,0.006221859325332113,2467.0,A,905.0,532.0,0.08481554558950237,-0.13462488464188474,0.03987167553700883,0.1657526517612275,0.06047488103359734,-0.12280399070901149
CATGGTAAGTAGCGTT-1,0.11813412033828627,1974.0,A,1114.0,1158.0,0.08687602317060655,0.16318534904276655,0.4629219411856932,0.043872488531532264,0.15618247572081864,-0.16573768554140433
CATGGTCTAGATACCG-1,-0.03521865206835452,6764.0,A,1022.0,733.0,-0.05239284256415523,-0.16464029347590414,0.0912280227914318,0.15618890960279158,-0.1257199676912021,-0.2874049674190141
CATGTAAGAGACATTT-1,0.0424168297286417,1615.0,A,1333.0,1358.0,0.3289178270988334,0.02550186944709256,-0.04382484261737285,0.20380594371377073,0.006782036942114565,0.03789073641308354
CATGTAGGAGCGCCAA-1,-0.039355249179393426,589.0,A,1599.0,484.0,-0.06116598524867649,-0.005420147129052352,-0.341123991044079,0.16135317604647714,0.24401278723794956,-0.10364719445690022
CATGTCTCATTTATGG-1,0.019905076777184852,1158.0,A,1269.0,1247.0,-0.05278726858453114,0.11823455659906437,-0.019781380090468984,0.26398443916646946,-0.10502821504401252,-0.15151222329377334
CATTACGTCGGCCCGT-1,-0.007429897862828237,1536.0,A,1008.0,577.0,-0.06128936173562189,-0.062447167661986915,-0.02513760424869816,-0.1026354919623282,0.20453004575377245,0.010930160225966557
CATTATGCTTGTTGTG-1,-0.06455549500158352,1956.0,A,842.0,734.0,-0.12988505743770265,-0.019040868488422583,-0.17024088486230735,-0.10614646920692812,0.035505708989147254,0.062056922506910375
CCAAACAGAACCCTCG-1,-0.12558334588096587,2598.0,A,790.0,645.0,-0.3812867305319659,0.059158203086759856,-0.14944388633714323,0.260208957571761,-0.25111949451456117,-0.3216547508209785
CCAAAGCAGTTGGTTG-1,0.20744065441583043,2041.0,A,300.0,378.0,-0.12378057721040044,0.2354390385985867,-0.0951407244432979,0.1268235987989254,0.7617990275654076,0.32303439176338544
CCAAATAACAAGATTC-1,-0.06674704611438205,5512.0,A,1629.0,1290.0,-0.007254550985761506,0.0042833109811571055,-0.1492986610406645,-0.1930607673421909,0.03990898965494937,-0.11505324086770534
CCAACGCTTGCCAGGG-1,0.03354202577642651,590.0,A,1457.0,373.0,-0.26753371431327855,0.05270978827300532,0.14473237604327832,0.21482132173577767,0.04191689472439976,0.12157027492912426
CCAACTTGATAGATCC-1,0.08321733997194618,2145.0,A,1757.0,1200.0,0.13542723092065748,0.04745088454287117,0.24034513821342068,0.254674208434195,-0.02977435194303958,-0.06321577523037115
CCAAGACTTCTGCGAA-1,0.011003895134578175,2286.0,A,970.0,599.0,-0.016538421490091146,0.06994586781517804,0.019806813722045555,0.004890046965904893,0.04381967331726626,-0.04179180751510149
CCAAGCGTAACTCGTA-1,-0.04783884867841068,6545.0,A,1087.0,890.0,0.0896344766299018,-0.1258123741157709,-0.017391425982953776,-0.10745436684423076,0.1928487159568299,-0.42664873050002516
CCAAGGAACAGAGAGG-1,0.09244117453732673,3662.0,A,789.0,466.0,-0.003874074048709708,-0.17538935050104415,0.596703015555716,-0.07695814377783586,0.11016427199646152,0.009650899649597016
CCAAGTTTCTACAGAT-1,-0.01748068261269337,4547.0,A,275.0,468.0,0.05805014220646234,-0.05248460272444219,-0.11417268894327776,-0.07481489239917749,-0.018423813253133314,-0.004019346192562756
CCAATCGGTAGATCGA-1,0.03321446383379262,2705.0,A,1252.0,464.0,0.13048004812200617,0.5292864869766217,0.0050080752447125895,-0.07330896124643237,-0.07138315982001435,-0.2462424809296062
CCAATTGAATGTTAAT-1,-0.016700782854517912,4506.0,A,764.0,600.0,-0.07411226113423605,0.0338446515554804,-0.011742585765532753,-0.023218252752737936,-0.08865107134837111,0.014864689256987269
CCACACTGAGATATTA-1,-0.059355142990421925,1518.0,A,805.0,1025.0,0.012325113793318718,-0.2869834410716272,-0.1304694835752514,0.010829785605409502,0.11909821625388405,-0.05553342151589433
CCACAGCTGAAATCAT-1,0.23868879284282243,13907.0,A,531.0,333.0,0.5075267843220564,0.3992742772136795,0.22336466370964242,0.25502720708964915,-0.05804569050389623,0.06765475627075121
CCACAGTACCCATCCT-1,0.07351616424334002,1007.0,A,1359.0,1224.0,-0.04261647395651931,0.4815646738423736,-0.17961296298748847,0.0017193121369170061,0.07108109841442156,0.1494362592133218
CCACATACTGCACCCA-1,-0.0462677101548286,3618.0,A,1693.0,1312.0,0.029579718363551163,-0.2944810000318275,-0.010935594556459855,-0.06484336847778069,0.011156504414823937,0.14233243485726949
CCACCCAAGGAAAGTG-1,-0.022739877308378228,1581.0,A,1139.0,979.0,-0.23520499070310036,0.08392095487474396,-0.08921173178075056,0.05554245484390519,0.12178010059865638,0.002286733853845778
CCACCTGTATGGAATA-1,0.1049226241383025,4048.0,A,1759.0,1513.0,0.23017652964650004,0.13074922165199565,-0.07083023721948263,-0.05123014140874879,0.22906506585754302,0.1716153838880961
CCACGAATTTAACCTC-1,-0.06167315545733296,1127.0,A,1576.0,1066.0,0.033342699564849615,-0.20032817907530798,0.12507601397558807,-0.05984929875490261,-0.059682763020672866,-0.1520861938983036
CCACGGAGCCATAAGA-1,-0.11910063710996724,2687.0,A,522.0,1206.0,0.1575786898406183,-0.09352092323069977,-0.01611861749839757,-0.011238760457226485,-0.8469935540488785,0.12822582338959776
CCACGGTGCCCGGTAG-1,0.007408494810056558,1076.0,A,1550.0,932.0,0.24295956491800352,-0.1051849157752171,-0.07953609953893337,-0.07136928997318402,0.07868051044175706,0.030144959237506753
CCACTGGTGGCTGGTT-1,-0.020166896052206264,3066.0,A,444.0,1027.0,-0.013284978590769709,-0.1363450542566158,0.0186303818971633,0.28229069002567814,-0.4185906018798573,0.22636978712979164
CCACTGTTTGGATTAA-1,0.11045122215938732,1772.0,A,1540.0,1447.0,0.17214879593481325,0.1587019059019034,0.8847399524658436,-0.022119085333617346,-0.0340030926121,-0.3818558736537149
CCAGAGACAAAGCCGG-1,-0.03661456831353589,16282.0,A,443.0,669.0,-0.17079317242432107,-0.23959244062711316,0.2212920452791085,-0.025529765175531266,-0.21657999929981842,-0.13271290439397498
CCAGATGTAAATGGGT-1,0.04360678053686955,13699.0,A,1754.0,573.0,-0.06819730357231057,-0.11818349338670972,0.16818002931535087,0.06456087148727346,-0.12719786281003648,0.01778026766242123
CCAGCTGATGGTACTT-1,0.05252380175759647,4941.0,A,444.0,982.0,0.08830016158015741,0.16816239075199998,-0.026688016980282822,0.0823238117620603,0.13701599850978358,-0.1676400926816327
CCAGCTTCCGCCCGCA-1,0.11337027125920131,6784.0,A,392.0,803.0,-0.08614608230839288,0.3053341930550336,-0.013571120758947727,0.27053892057671447,-0.04007381517756264,-0.008032922597418592
CCAGGCTGGCGTCTGA-1,0.03920186211846648,28716.0,A,1745.0,1401.0,0.01201906903556954,0.24560546391280869,-0.12806176992446902,-0.14274337808736923,-0.00029110983800306744,0.014779687718761633
CCAGGGACGTGGCCTC-1,0.023524680774679587,4005.0,A,855.0,756.0,-0.13650156907530894,-0.16211271296638727,0.11911295305010221,0.15148452059406864,0.11049889070213072,-0.029513056055292135
CCATAAACAACCCGAC-1,0.24568741912116934,4842.0,A,1149.0,464.0,0.10489425816911424,0.3029093625868422,0.3840315428193131,0.25459515811451877,0.23615860262635258,0.062123781211621196
CCATAGGTTGGCGTGG-1,0.026047701330954867,1155.0,A,970.0,554.0,-0.14228258629745189,0.12747969357036262,0.1564110797516222,-0.19981331389817641,0.06782713088003162,0.1810416429569696
CCATATGGAAACTATA-1,-0.02902594857850337,2715.0,A,1501.0,1335.0,0.1553999068991797,-0.06244953609441084,-0.16483335361668286,-0.07709653074608704,0.14444722517494127,-0.014965049658235917
CCATCCATACCAAGTC-1,0.07448450966458645,3829.0,A,660.0,466.0,0.0028294003980788053,-0.06233219603603328,0.04152021510889413,0.10322020373899363,0.4304728404356499,0.09741979123636674
CCATCTCACCAGTGAA-1,-0.06713631736087987,955.0,A,1435.0,1000.0,-0.08608585555142802,-0.03880607370383285,-0.235580010330612,0.18046869886876174,-0.09628329869659535,-0.04654772213678639
CCATGCCCTAGATTTC-1,0.03673955126444298,1197.0,A,1437.0,1403.0,0.11914250572277066,0.030160565615437382,-0.07704347653462847,0.20181169169989827,0.15525775766979782,-0.05930948954980522
CCATGCTCTGCAGGAA-1,-0.017968390400306178,15392.0,A,726.0,623.0,-0.04991678647541259,-0.23564245187092475,0.09459120647765494,0.09804216861627489,-0.0638000352085935,-0.20043084257153831
CCCAAACATGCTGCTC-1,-0.09516409494604622,1001.0,A,1306.0,911.0,-0.11467149290575748,0.04237006401489826,-0.30632074554733324,-0.08947036092004838,0.058903087705581884,0.02324357514970893
CCCAACATACGTCGCG-1,-0.004586365513471653,2250.0,A,625.0,1116.0,0.011364869723630036,0.17207871163644484,0.07547612575892934,0.20667306765372156,-0.29727426757872827,-0.1077185976015207
CCCAACCACACTAACA-1,-0.04368435019079972,6127.0,A,1020.0,330.0,-0.4037421157473787,-0.003139245328961912,-0.11424130354801514,-0.09094778739952553,0.05747410745436902,0.17718451947584013
CCCAATTTCACAACTT-1,-0.10757344565565354,2643.0,A,599.0,1026.0,-0.018181540924432728,-0.3139046957968614,-0.34563547155404833,0.02231112119424719,0.010492064555474283,0.016929651194458387
CCCAGGTCTGAAGGCT-1,0.09085482978760298,3437.0,A,1603.0,1335.0,0.18887847490250795,0.23002089288770333,0.1940866026074584,0.03654360678099071,0.0763374717204361,0.01191787091587387
CCCAGTAAACTTGGGA-1,-0.07090114867199766,9698.0,A,330.0,1318.0,-0.04430835576884504,-0.0872982361355041,0.047564979062179547,-0.05179850844978942,-0.38244916614231184,-0.17178447844122835
CCCAGTTAAGGCGCCG-1,-0.023121016447751497,568.0,A,1229.0,1090.0,-0.06814244621933647,-0.008002875061671813,0.04883878937547442,-0.0657077267150916,-0.027468602938307343,0.10614443532719613
CCCGAAGTTTCGCGAA-1,-0.049830613407280865,15663.0,A,316.0,1162.0,-0.22083500781092152,0.01755506233234609,-0.3362272432207324,0.060487470560967926,-0.10844040838816016,-0.053587822963652006
CCCGAGTTTCTCCGTA-1,0.06371224638968208,908.0,A,1564.0,1223.0,0.3853139051590297,-0.21667312561971594,-0.015485334555060917,-0.0058096937157403605,-0.09397870774300436,0.46235732718029443
CCCGATAGCCTCGCCT-1,-0.004117054414950055,1575.0,A,1808.0,976.0,0.08388826566166167,-0.2041672794781355,0.06881111132825213,-0.18095142887528298,0.023316630923199067,0.18771866794519096
CCCGCAGGGCCCAAAG-1,0.07895286819158401,1553.0,A,1187.0,397.0,-0.10586679560046403,0.004361354925286415,0.5382900388336707,-0.17281477512818086,0.17927072748664385,0.012873170401935898
CCCGCCATGCTCCCGT-1,-0.13653672672495157,1462.0,A,700.0,578.0,0.13252863594753825,-0.06366122532267031,-0.28307771392619113,0.14770686158615748,-0.7854783863642778,0.08858096778280257
CCCGCGCAATGCACCC-1,0.01644328238762474,4230.0,A,468.0,579.0,0.10177026716983255,-0.05312075456342176,-0.1437423503381167,0.23655945643438184,-0.05967340684508794,-0.076663742207818
CCCGGTGTATCGGAAT-1,-0.025139625059622816,6615.0,A,394.0,1340.0,0.008069240157571864,-0.0018680829268845275,-0.002241393551338417,-0.15488093984108728,-0.1788064839748781,0.03283172446579713
CCCGTAAGTCTAGGCC-1,0.06001997091519852,1780.0,A,535.0,1049.0,0.24917999644741542,-0.018118851548543383,-0.12655222527721555,0.20313573316219347,0.24141875862385534,-0.058967345690243395
CCCGTCAGCGTCTGAC-1,-0.055854905908187764,6420.0,A,829.0,667.0,-0.053897480306027465,-1.1729717242642268e-07,0.03269444544873741,-0.33159240392440226,-0.1164053737620436,-0.05044277560393333
CCCGTTTCGCAGATGT-1,0.006915935767350622,1260.0,A,1539.0,1313.0,-0.01850053024932872,0.06688164362004256,0.6757149140573707,0.062304013416222194,-0.4191986559836406,-0.017099737059578426
CCCTCATTCTGGAATT-1,0.08655004606941588,2260.0,A,738.0,511.0,0.027465135810988514,0.04711208954854993,-0.19611244105428965,0.3343736758120276,-0.03516620484100006,0.20127323199851066
CCCTCCTCGCTCGTAT-1,0.03465561505246573,1250.0,A,1539.0,1268.0,0.0403683214285473,0.023190624289569833,0.1600232461461948,0.21452226624395943,0.05845269345902973,-0.197279060727444
CCCTGCCCAATCCGCT-1,0.09592417168715016,6716.0,A,419.0,1072.0,0.2979067440601183,0.1929918836452259,0.08288019243098171,-0.08469582040898604,-0.11451565076437285,0.1861291358476205
CCCTGCGCTACGCATA-1,-0.01594864569082758,4470.0,A,483.0,915.0,-0.14649595060081474,0.04403484020843158,-0.1593428701929234,0.21445880408464316,-0.05133879261797614,-0.14285462614862576
CCCTGGTATGGGCGGC-1,-0.05963740930774117,3114.0,A,1097.0,285.0,-0.4012921075136102,0.023433241533010234,0.18926978213640344,-0.24340771689365084,0.12750296693813243,-0.06997593298234997
CCGAAAGTGGTGAGCA-1,-0.0052132423279925635,1130.0,A,519.0,534.0,-0.19241051334350925,-0.14606785571576797,0.24046951432569275,0.10088667145484959,-0.031199725923777455,0.0459186657005507
CCGAACACTGGGCCTC-1,-0.021693038856374386,5133.0,A,406.0,1139.0,0.08714367011484161,-0.018170689347621623,-0.09316330546134809,-0.06508556947175934,-0.139640405077445,0.013907354562090492
CCGAACCTTCCCGGCC-1,0.11706803473975061,5400.0,A,1089.0,1248.0,0.1491205358217423,-0.01816864548885494,0.10712262556628294,0.25434382894153074,0.10199545076594145,0.011548432686289457
CCGAAGTATATTGTTC-1,-0.010928435809787647,5951.0,A,456.0,646.0,0.04332468840538301,-0.009065567444497366,0.12951590529694768,-0.2581294031330673,-0.08457385431407496,-0.029141994136520553
CCGACAAACACATGAG-1,-0.02767569223212061,4064.0,A,352.0,513.0,0.05852626056858952,-0.19648041976564115,-0.17092609946586373,0.18831161071327118,-0.2702909039892396,0.10335796706216313
CCGACAAAGGGAGTGC-1,0.02499810721737876,12337.0,A,444.0,893.0,-0.10815222776110499,0.10896515324034692,-0.12351176667614773,-0.05786811916052234,0.06442946822281159,-0.09564759021992884
CCGACAATAGGCCGCC-1,0.0671944265360634,2956.0,A,1604.0,1424.0,0.219604898328943,0.32716472462036955,-0.13817538431883689,0.025538589305680048,-0.03801601352082867,0.12226059565770128
CCGACGTAAACACAAC-1,-0.014757708885755769,753.0,A,1419.0,440.0,0.22604504414152554,-0.1299226055632462,-0.012377682273881318,-0.055493879683315456,-0.08537763139091442,0.06263709677695248
CCGAGAAGTCGCATAA-1,-0.05234553123521549,1228.0,A,1616.0,1178.0,-0.01594708912261178,-0.1392929819836291,-0.020861847459896155,-0.017829825192459327,-0.107673368577153,0.03345566298183271
CCGAGCTGTGCTTGTC-1,0.013998723859190682,1517.0,A,1613.0,551.0,0.009711460801479645,-0.07622861342560452,0.13834273149922482,-0.257824454402886,0.06021709266504707,0.21202076469988576
CCGATATGACGTAAGG-1,0.09316256547130383,19055.0,A,1809.0,1379.0,-0.17672966204940968,-0.01005166104897219,0.06668111197218991,0.06618666478916196,0.17856010023142127,0.20128993955734129
CCGATCTCAACCTTAT-1,-0.019952729877563677,939.0,A,1473.0,977.0,-0.013229112639249668,0.3416457186493698,-0.01606098316857999,0.03979514231512991,-0.2828199806130142,-0.11595484195802455
CCGATTCGAGGGACCC-1,0.05535198392073215,2681.0,A,431.0,1005.0,0.0895970877013971,-0.18161344660566495,0.1609396684707969,0.1315350369040541,0.17229869668967143,-0.02652072757349961
CCGCACAAAGACCAAC-1,-0.030760442006969146,1489.0,A,1152.0,956.0,-0.07962786436092478,0.017948649695774723,-0.22258881148572993,-0.05809990792339789,0.06618141221095834,0.11108724384281794
CCGCACACGAACGTGT-1,-0.13742253210591354,1171.0,A,1757.0,1155.0,0.08717845103984183,-0.26023193397126654,-0.5944170420282587,-0.09626136071389307,0.005693823480085607,0.2115374122756506
CCGCCGGAACTTCTCG-1,-0.02732873206220085,12521.0,A,330.0,1363.0,-0.035579610772989934,0.13409320624502838,0.001549498161301878,-0.1822494265601176,-0.1239461031504207,-0.3154187414637234
CCGCCGGTCAACACAC-1,-0.10437683445727156,1582.0,A,879.0,443.0,0.004488278008575104,-0.15230860903958332,-0.07944569124924074,-0.05028686085248705,-0.11556742629186936,-0.1399335772048267
CCGCCGTTGAGGATAA-1,0.08608706875454261,3845.0,A,1706.0,1155.0,0.08149302187903602,0.047390208444424625,-0.0822440026387321,0.28414020514367233,0.15527763459576815,0.10969159522332209
CCGCCTGCGAATTGGT-1,-0.035361701262198474,1270.0,A,1419.0,485.0,-0.19662999630578876,0.2882634278499132,0.045847298341446685,-0.029522366635332392,-0.10402106911642095,-0.17468310377440832
CCGCGGGTACGAAGAA-1,0.08173932960121563,10816.0,A,508.0,870.0,-0.028492370561732316,0.09989678613577771,0.024140293550495497,-0.1354555902896637,0.2176832843430193,0.0714341931141545
CCGCTGGTGCCATTCA-1,0.02466138173680517,1235.0,A,1123.0,285.0,-0.0712827592465797,0.12189429311970751,-0.02096738918150053,0.00040523751692014137,0.0432000486476904,0.09965059215769632
CCGCTTACCTCACTCT-1,0.0405268501158324,5307.0,A,625.0,1205.0,0.19953913078685195,0.12655751826291473,-0.08942247123164057,0.15406432207078344,-0.15990620934099703,-0.049850530478939725
CCGGAAGTTATCAGTC-1,0.035946663699353995,3407.0,A,1809.0,1244.0,0.07693651396006236,0.2548366168107796,-0.1833309904024089,0.050837947870522315,0.013863534349492395,0.0347625649598614
CCGGAATGGTTTCAGT-1,-0.01930889324597275,4223.0,A,584.0,690.0,0.25983107324605365,-0.26241159648817625,0.1772820794265588,-0.16055882821374007,-0.16770052211270675,0.09242943137255293
CCGGAGGTCTTATGGT-1,0.08348953945300215,3732.0,A,1690.0,551.0,-0.10209716871094235,0.08605118262534549,0.27053350260573134,0.0066369537205094205,0.1610970124803736,0.06256862726022998
CCGGCACGACCGTTTC-1,0.17356701007727338,1903.0,A,1602.0,932.0,0.20178577472619139,0.5394621491067982,-0.06540620782870075,0.1694967432594131,0.07690408183357555,0.05685751212920828
CCGGCGCATATTGGAT-1,-0.03234286646905457,3675.0,A,892.0,465.0,-0.22503883610099734,-0.10030654325444989,0.08886691839455713,0.02282922142902241,-0.021995968892131686,-0.02487424059017758
CCGGCGTGAGACTCTG-1,0.09112986108920076,26966.0,A,317.0,1206.0,0.10148101920701691,0.07151066976898193,0.0642955871353217,-0.17624947999014562,-0.15481103246904554,0.15818588474882048
CCGGGACCCGCAGAGA-1,0.0032442248041047173,1680.0,A,841.0,510.0,-0.18111298516248125,-0.00750782130645232,0.26840897851862033,0.09518525657256138,-0.08671363148976863,-0.07715172811557537
CCGGGCGGTCTCGTCA-1,0.125769715097447,5172.0,A,1151.0,867.0,-0.1766199322943965,0.31502100273754685,0.15485483453564752,0.2589262116118082,-0.017100495273028107,0.01552256342208834
CCGGGCTGCTCCATAC-1,0.053341247032209604,830.0,A,1280.0,956.0,0.19084254077985824,0.10100539431757918,-0.013972541106525686,-0.027593886819358204,0.07953291731770037,0.055053184709210355
CCGGGTTCGAGGTTAC-1,0.03729632673114971,1948.0,A,586.0,1004.0,-0.046494660729352266,0.1381291776146599,0.00532998148110923,-0.01992095471047578,-0.021007684726233974,0.20373318429234466
CCGGTAATGGCTAGTC-1,0.09736877621405254,896.0,A,1640.0,999.0,0.2712697070442335,0.034710274002214256,-0.015258747934964408,0.39656924014819084,0.04919189463437098,-0.10567953467333592
CCGTAAGTTGGTCCCA-1,-0.040827109777998714,2492.0,A,1164.0,889.0,0.12358774179584783,0.07272583389055032,0.2324819331656554,-0.3242420437811292,-0.0904969608951617,-0.22022791975848305
CCGTACCCAAGCGCCA-1,0.09555327562384013,10980.0,A,609.0,422.0,0.3463377079306926,0.16254837318926846,0.06704340307534534,0.14080937536898502,-0.12681785518220878,-0.06610914352472716
CCGTAGGAAATCCCTG-1,-0.11035041217829711,2431.0,A,1411.0,1492.0,0.30702617250017356,-0.0987557949467535,-0.034682639493972475,-0.5039517544759959,-0.12901354287558928,-0.11609661252413819
CCGTAGGGTTGTTTAC-1,0.11264287644800472,3469.0,A,1514.0,1492.0,-0.3167985545134775,0.9610890725413743,-0.00845007087752966,-0.10600990954587712,0.19756369404198,-0.11399736710009004
CCGTGAGGCATTCATG-1,0.022246794156300417,1156.0,A,1717.0,954.0,-0.3175042526221044,0.07846930996357458,0.27766200252001816,0.06664834543515029,0.06537331858835635,0.0006912599328982028
CCGTGCCCATGACGGC-1,-0.044880193463044504,2759.0,A,789.0,421.0,0.23092927987359066,-0.5951857189889271,0.01254768056266984,-0.0017481148626106455,0.07039813341096493,0.02342413229466856
CCGTGTTAAATTCCAT-1,-0.02326413384027486,4133.0,A,638.0,1227.0,0.17139426929977047,0.1754583540461888,-0.09541235163917688,-0.07256925672099158,0.019363895691062154,-0.287893004790663
CCGTTCCGAATCTCGG-1,0.06899685479518758,3146.0,A,457.0,1049.0,0.28157803804989096,0.1402656974600165,-0.2016494945243983,0.051782609083879924,0.057016433722716475,0.09884664492471856
CCTAAAGGCTGACGCT-1,-0.018324444194050188,1946.0,A,1226.0,464.0,-0.04096209645702202,-0.03233819542041022,-0.18696319666046124,0.15096345865824212,0.08180859888841494,0.06771552926169701
CCTAAATTGTATCCTA-1,0.019966441262040474,7119.0,A,1642.0,1312.0,0.14310290360318068,0.12876108180411497,-0.08451393083569197,-0.24119552421661958,0.0676063990212382,0.11822524734100379
CCTAACCCAAACAAGT-1,-0.10782116138045147,1058.0,A,1320.0,1247.0,-0.4260223008555729,-0.0775101740704089,0.18986893509061983,-0.03386224046087852,-0.24619820559506317,0.029134175039721398
CCTACAAGTCCGGAAT-1,0.013894989140548375,516.0,A,1522.0,350.0,0.07316180150050483,0.054513187082671916,-0.006629592101651781,0.08843995532194557,-0.06775480260168337,0.06502979994390812
CCTACGGCTCAGTCGA-1,-0.04964956154622467,1920.0,A,584.0,511.0,-0.2196852861275718,0.005946701351637168,-0.03156076321949179,0.12753262719944883,-0.19762893787843577,0.1099716539286242
CCTACTGCTTACACTT-1,-0.009322412334890999,4164.0,A,803.0,757.0,0.038665853963140165,-0.09230770903996677,-0.14400415452289933,0.10880589710503283,0.012553308815234376,-0.11303973986520899
CCTAGGCGTAGCGATC-1,-0.002271518206132958,783.0,A,1306.0,956.0,0.07703090889906254,-0.13359677943055856,-0.09871261389898182,0.08522114205250536,0.11075444176784315,0.034125898407358565
CCTAGGTAAAGGTAGC-1,0.014758337774186503,19699.0,A,317.0,1296.0,-0.22346194099195743,-0.13725464337911447,0.12430117568127731,-0.19645739110323968,0.060668041855375776,0.08508619357612923
CCTAGTTAGTCGCATG-1,-0.08522666227552247,5366.0,A,1098.0,420.0,-0.30536960020003145,-0.12655726116068805,-0.04565360505499061,-0.11926407206663703,-0.17688624875875789,-0.08651375275995575
CCTATAATGAGTGCCC-1,0.04165621680360803,2140.0,A,1218.0,1381.0,0.19726586867504622,-0.0887460462660575,-0.026620689554828526,0.15639145640268354,0.2486385351696394,-0.04665460194832935
CCTATGAAGTGGTGCC-1,-0.10392952776133671,1436.0,A,1602.0,977.0,-0.14163501023080838,-0.13032279915837067,0.06752883092894209,-0.1993525912717153,-0.04667748828799613,-0.1244891000015671
CCTCACCAATCTTGAC-1,-0.024859985344020424,2677.0,A,622.0,534.0,-0.16122423208257142,-0.13019055203827748,-0.024844511693054218,0.21110036256168893,0.05730355182200291,-0.012205427476580146
CCTCACGTCAGCTAAT-1,0.03426313321520741,13541.0,A,1746.0,1491.0,0.07179457706382014,-0.03771260775311423,0.03195482832791439,-0.3771258026475199,0.07092466006806343,0.1386658427497395
CCTCATGCAGCTACGA-1,0.13242906861837786,6155.0,A,557.0,377.0,0.2734277427433254,0.2084262440061627,0.0291469639456019,0.23324872128395086,0.20059988432065567,-0.08585345700671575
CCTCCCGACAATCCCT-1,0.022587162760948333,2067.0,A,981.0,353.0,0.009997187959366733,0.07854107193502469,-0.06902130631088953,0.1484841599515468,0.10131988406908399,-0.02843248728095306
CCTCGAAGTGGACGGG-1,0.14404574814325424,4378.0,A,1085.0,487.0,0.08388058301629289,0.07788147223534678,0.2702080990846952,0.15541028416466005,0.15593301997039632,0.06676575494257835
CCTCGGACCGGGATAG-1,-0.1395721853811028,710.0,A,1268.0,1068.0,-0.05649523368932674,-0.020055591021840166,-0.011437131063998986,-0.021913254373394947,-0.3794850206537263,-0.10703473465791855
CCTCTATCGATTAGCA-1,-0.12747779073868595,7144.0,A,510.0,1317.0,-0.35175951601037125,-0.06699138756162722,-0.0396211084229835,0.0788085197053333,-0.16912158760033333,-0.41628698876156084
CCTCTGGCCTAGACGG-1,0.0004412538400341559,5010.0,A,1136.0,486.0,0.26757523517140025,-0.1728086382841016,0.11031827457376295,-0.14537758078171212,-0.1679856509327053,-0.0500426955437666
CCTGAACGATATATTC-1,0.08599463201317159,1011.0,A,1267.0,978.0,0.09061837541081849,-0.051384385361399616,0.22604440974616039,0.11941380957126216,0.05985263416224458,0.10815105983928064
CCTGCTATTTGAGAAG-1,-0.06616396974255034,1942.0,A,816.0,734.0,0.02315592430459425,0.01643071944637236,0.2686983272487208,-0.5227127742279835,0.04538305742230622,-0.1724145017679525
CCTGGAAACGTTCTGC-1,0.022745972914923883,780.0,A,1628.0,1021.0,0.2600588493593524,0.019337599519286097,-0.012949362308911718,-0.07886021116770654,-0.027895510609801756,0.06077123595914599
CCTGTAAGACATGATA-1,-0.03675427298533759,3272.0,A,701.0,981.0,0.1014676541412244,-0.27157468768243975,0.12105411765150989,0.01521395469701741,-0.09498783787377868,-0.067460159525103
CCTGTACTCACGCCCA-1,0.10842203332934372,3182.0,A,483.0,1049.0,0.512100008572082,-0.053641775251696,0.10997587489978787,0.01577075463404358,0.11968993286136739,0.027885194758695955
CCTGTCCCTCACGTTA-1,-0.04571882818514613,1552.0,A,1640.0,954.0,-0.09234268501962334,-0.31508224401487506,0.1621104100878912,-0.10386595204040938,0.022638476062555216,0.06980273761862667
CCTGTTTGAAGACACG-1,-0.09852117598791671,1043.0,A,1385.0,1448.0,0.15313991901918506,-0.20218967497336274,0.03148478388229558,-0.14874421868860926,-0.4279316143788294,0.18411090187542745
CCTTCTCAGCGTTCCT-1,0.09533400173361507,6494.0,A,368.0,1117.0,0.35659593748864393,-0.09774696360770885,0.16194349996692906,0.287325775346083,0.03645712758417678,-0.08953802875948662
CCTTCTTGATCCAGTG-1,-0.06331172148516742,9009.0,A,1111.0,576.0,-0.18934045841604064,-0.10032780091162322,-0.17021949474743825,0.16403660716218316,-0.25613643177320383,-0.02864256942929338
CCTTGACCACTTTATT-1,-0.0021379995558682696,1572.0,A,1578.0,1380.0,0.03744549004423926,-0.08755770857107556,-0.1072224443677504,0.13706869075311445,0.24438347846383154,-0.14563071915974632
CGAAACATAGATGGCA-1,-0.11547799893438997,1908.0,A,1162.0,397.0,-0.1285013752262419,0.04733000388190341,-0.13048112203906861,-0.2624499037306589,-0.028952985659794768,-0.11030273293586279
CGAAACGCAATTCATG-1,0.026976339090255663,1887.0,A,599.0,1071.0,0.1307755370593399,0.15211299840625092,-0.1718897546734719,-0.20484469455118645,0.22993492452643507,0.000538791393197709
CGAACAGTATGGGCGT-1,-0.024653507064005542,982.0,A,1410.0,1268.0,0.014351957459537448,0.03492539183920994,-0.03146871160832246,0.0068261389197892194,0.04216525030759318,-0.04704581874706721
CGAACGCCCAGTGCCG-1,-0.07795561507240042,3019.0,A,1072.0,464.0,-0.1634148171534762,-0.11865119922291784,-0.028029689316602813,-0.16766895705037155,0.0001388717172107843,-0.008280577181941022
CGAACGGCCGGACAAC-1,0.05808007421742023,19962.0,A,368.0,1206.0,-0.20308817818802408,0.054801962652726424,0.1528319714262379,0.048836830550195096,0.1068328031278932,-0.14416013164723712
CGAAGCTATAAATTCA-1,0.03404560084793745,14714.0,A,1523.0,574.0,-0.20993257884585276,0.1611988698746592,-0.06593077790491234,0.2911854147813367,-0.17237508509589,-0.0813685143791858
CGACAATTTGATCTAA-1,-0.021977171400949277,1108.0,A,1397.0,1112.0,0.09501844884079551,-0.052049685137999825,0.1510854851366353,0.054536028043672,-0.08876430677593043,-0.11543627069012537
CGACACCGCTTAAGGA-1,0.032242653734748744,7389.0,A,1689.0,372.0,-0.30812449034851175,0.12865896658102943,0.0992513028548989,0.09373212090262076,-0.09415612701387484,0.02073817367240761
CGACACGCTCCGACAG-1,0.1267464471705409,804.0,A,1384.0,1179.0,-0.0835350190993761,-0.05359179125133087,-0.013446047678120993,0.38130413280267983,0.024136038413936044,0.5600120489278192
CGACAGTTCGCGTTAT-1,-0.019879073560221866,9653.0,A,714.0,958.0,-0.03622020533886674,-0.1729643467293357,0.17738097787677973,0.06459723776077676,0.10100380691937408,-0.398023018396058
CGACATGCGATCTTCT-1,-0.1354750268287149,3458.0,A,994.0,330.0,-0.35950125634031815,0.036729606357096725,-0.010770148204536555,-0.05784037003178239,-0.07793637317701507,-0.3208227134726559
CGACCCTTAACGCCGG-1,0.04938759809821369,24371.0,A,330.0,1229.0,-0.2523612305564199,0.1373007840696984,0.03389316932009924,0.059686480150645566,-0.07953665314432842,-0.04568476392517232
CGACGCATCCGTACCT-1,0.0009657843721295606,13347.0,A,304.0,1274.0,-0.2311045088887518,-0.042205325161300364,-0.14579359740754227,0.002001013452089348,0.019399898342392516,-0.07029985444566493
CGACTTTGTATAGCCT-1,0.21565914602644165,9432.0,A,1576.0,887.0,0.023826185249673004,0.04169530962213534,0.11585899505556047,0.007617842094210521,0.05453545625089547,0.7523897930495123
CGAGAGGGTAGCCGCG-1,0.0477548117109472,1144.0,A,1514.0,1402.0,-0.007697027147827648,-0.06239989568385519,0.2957226503839224,-0.10346806373092202,0.17845565681803077,0.017210300501869415
CGAGATTTCGCTCGGG-1,0.08854090021755079,570.0,A,1667.0,1088.0,0.03004831053740685,0.6726759018481616,-0.008074891297291057,-0.06585140861340477,0.03739927032483528,-0.038309386177629405
CGAGCACTTCAAGTTT-1,-0.1835567637360673,3607.0,A,494.0,669.0,-0.17080470195804437,-0.306108796162766,0.22406054078158186,-0.11975356201096343,-0.3491373956777522,-0.4434091397429453
CGAGCTGGGCTTTAGG-1,-0.035025813899760616,1924.0,A,1034.0,532.0,-0.00022645506602916518,0.03272977159521619,-0.04492070546867216,-0.1360161755646661,-0.08904226829223826,0.06994883683426677
CGAGGATCGGGAACGA-1,0.042154768294613024,36024.0,A,1691.0,775.0,-0.20641736809553024,0.08869032945338565,0.07149448403647372,-0.04860387142521613,-0.12274507975653688,-0.000304199202459457
CGAGGGACTGCGGTCG-1,0.08157326375320746,966.0,A,1177.0,1001.0,0.6075564013859839,0.2755285502020694,0.052605480798306445,0.19809234538096618,-0.1515629671242763,-0.0010821774380870945
CGAGTACTAAAGAGGA-1,0.09911195562635308,2414.0,A,625.0,1160.0,-0.0525389509147569,0.1618802288423073,0.6464298228426896,0.10518518954754556,-0.033722086869125534,-0.2430621203879057
CGAGTTTATCGGACTG-1,0.019057055005678253,810.0,A,1370.0,978.0,0.05522434314858003,-0.01138677056522465,-0.013568594500792487,-0.0804504041332197,0.15781706888045502,0.08370334204188665
CGATAATACTCAGGTT-1,-0.11870660026013938,1106.0,A,1680.0,1111.0,-0.15175920600512477,0.025417536112538337,0.02932706309343938,0.08237000809612838,-0.03998722047533022,-0.3897518205462425
CGATACCTCGCGGACA-1,0.006762330103231809,975.0,A,792.0,1048.0,0.025086068654280577,-0.09954093370758926,0.18295329106421437,0.17563438980341453,-0.056595198087689966,0.048831767385701996
CGATCATTAGAGGCAC-1,0.08289204913492401,6735.0,A,1741.0,416.0,-0.10675961420817165,0.1739246522517453,0.15950048561794092,-0.14240622585825832,0.11858250153438346,0.040653782874174135
CGATCTGTTGGAGGAC-1,-0.04230564726669979,3691.0,A,484.0,1183.0,0.13379528935624907,-0.005500447356976024,-0.09344840023158245,-0.08727077641602139,0.05890672727645417,-0.2393394802758812
CGCAATTACTTTCGGT-1,-0.07469943256732249,9038.0,A,597.0,668.0,-0.06664346113217497,-0.1460938324596664,0.18952175389271572,-0.09854153395140307,-0.051207473795599576,-0.35899327810049925
CGCAATTAGGGTAATA-1,0.029639437430694325,4547.0,A,739.0,779.0,0.09745993445139359,-0.1099800876840093,-0.04251942221850549,-0.0953808021522046,0.008542655426799179,0.3451595782083933
CGCACATGTCCACTAC-1,-0.048361195201904586,776.0,A,1293.0,1023.0,0.16478419713869868,0.1480065934289293,-0.08386785199701811,-0.027251989588202463,-0.08676584559107238,-0.2045057584511724
CGCACGTGCGCTATCA-1,-0.1115500823673327,820.0,A,1448.0,1022.0,-0.17468960895722244,-0.07417698376431062,-0.09604485627309264,-0.08096855785331634,-0.031239783770320946,-0.10184609795405777
CGCAGAAACATTTGCG-1,-0.007094143459261265,977.0,A,917.0,331.0,-0.018303558877495324,0.16608523535355185,0.202026632115764,-0.2016327606586759,0.0715258630005112,-0.12091534813824403
CGCAGGCGATCCAAAC-1,0.04050058112227442,1427.0,A,1488.0,1313.0,0.3979861630098238,0.49696842914623585,-0.2924341759544295,0.00248405427059464,-0.018745737340551304,-0.3335307595045116
CGCATCATGGCTTCAG-1,-0.12366516796911722,968.0,A,1264.0,352.0,0.0315316579709347,-0.1646101091281962,-0.09400245370234277,-0.31628487963270685,-0.09689968593688245,-0.0051917140602076965
CGCATTAGCTAATAGG-1,0.0024779139670079234,3516.0,A,906.0,756.0,0.0858904891293117,0.060298815780720494,-0.08590332218690885,-0.03112440110981113,-0.12597415531159042,0.0965436210278732
CGCCAAGAAGCCGAGT-1,0.1757754694551324,3660.0,A,393.0,1027.0,0.15620028141576028,-0.08650932744474787,0.07898131418125054,0.23876054640811226,0.46377228500455653,0.09344795651877913
CGCCACAGGTCGCGAT-1,-0.11756738903740627,20737.0,A,291.0,1251.0,-0.9036040246677755,-0.13249636014014537,0.1486438999847927,-0.04850727518994419,-0.10612431577524481,-0.03530799103224916
CGCCGCCCATGCCTGT-1,-0.07284020247771683,657.0,A,1242.0,1023.0,0.013474887527968007,0.0035504996621056883,-0.20400798468705278,0.04256282632250636,0.024602200702960958,-0.190018781801643
CGCCGTCTACCCATCG-1,0.21421740571294814,766.0,A,1743.0,998.0,0.2133996951304776,0.4388245421544904,0.24751333947828474,0.26928477880342405,0.16498863017065335,0.13572577522894377
CGCCGTTCAGCATAGT-1,0.06642193240153,945.0,A,1514.0,1447.0,-0.207992361386715,0.10095377203062336,0.25124060694494965,0.07435511292168413,0.3152706470709853,0.01309181555172137
CGCCTCCCTCCTCTAT-1,-0.07631574512449882,1509.0,A,1114.0,1113.0,0.046158913859928034,-0.10677746423596784,-0.5556637008443464,0.3326747033733528,-0.05993799314804454,-0.17225014568775088
CGCCTGGCCTACGTAA-1,0.041076671606227154,2096.0,A,522.0,1071.0,-0.006530760388941577,0.2138807368128849,0.39360156952380626,-0.12227012574327337,0.03081842858955349,-0.11556110183487144
CGCCTTTAGCATGCTC-1,0.14631069614974174,7231.0,A,1680.0,1155.0,0.37285271578779783,-0.07619175542737117,-0.07695287260727912,0.06972470048142301,0.3126424334883944,0.24507406669839624
CGCGAGAGGGACTTGT-1,0.061701149565528156,4612.0,A,1561.0,507.0,0.043179390320187055,0.04018433096370386,0.3483469472505589,0.11630924902964981,-0.07423943531568114,-0.23575122916197763
CGCGAGTCTGCCGGGT-1,0.1495992223434533,4186.0,A,433.0,1318.0,-0.061483834948237504,0.16813935680974293,0.060222745121991286,0.2206711560632718,0.38935236963352904,-0.010651188926622231
CGCGGCTCAACTTGAA-1,0.0011396034682328304,801.0,A,1422.0,1112.0,0.12349033045595248,0.05485060862625636,0.04105938935026732,0.10928857492462546,-0.08822650953145278,0.059360566139044495
CGCGGTAAGTCTAGCT-1,-0.025136906294811634,26378.0,A,1691.0,820.0,-0.14235940906071107,-0.22124979319982777,0.016129450940093895,0.0625893375677108,-0.16356176705388098,-0.1378809477859328
CGCGGTACGGTATACA-1,0.009356616715178102,3534.0,A,1694.0,1536.0,-0.01468372924881189,-0.004188279469238512,-0.10508813363119117,0.11784499712145122,-0.05215478601532899,0.0015460429681220817
CGCGGTCACAAACCAA-1,0.073845738064366,8894.0,A,1535.0,552.0,-0.3025784353637184,0.08164844038901277,0.14275046650511883,0.03427466423709555,0.25381062173928925,-0.030755300845209093
CGCGTTCATGAAATAC-1,0.018355152295385035,3596.0,A,829.0,756.0,-0.1924685321286337,0.05094543474777331,0.17142683075067774,0.1290253518898801,-0.011077320422470595,-0.06438527031510104
CGCTACGGGACATTTA-1,0.01718528132767584,3260.0,A,792.0,1003.0,-0.1221372425247696,-0.19282538898406307,0.47418789355503793,0.1110308748007724,0.03840166467011964,-0.0007174318959419163
CGCTAGAGACCGCTGC-1,0.19822442504351512,821.0,A,1473.0,1022.0,0.06939857070725354,0.7398527412193607,-0.013791620587835455,0.07922327461995159,0.20393715076851132,0.14414619881755417
CGCTATACCGCCCACT-1,0.010888363289358223,4486.0,A,635.0,466.0,0.29978010419006756,0.09163833733365737,-0.22065011873657567,-0.0414909895674484,-0.016197455968658365,0.03356401417564967
CGCTATTCAATGTATG-1,-0.0699386680308158,2471.0,A,571.0,579.0,0.2398868127882398,-0.13280077463357662,-0.1797487240368112,-0.08770992747176572,-0.3016714506127928,0.09993688917544157
CGCTCGACATAATGAT-1,-0.12430010731449789,3171.0,A,751.0,623.0,-0.47193042792990003,-0.21487270092018923,-0.16863052308693274,-0.17278864955612724,0.1569757973253065,0.06487492350831807
CGCTGGTGACTACCCT-1,0.09144551983825341,3142.0,A,1436.0,1224.0,0.048195420604617,-0.04953057963802884,-0.0972253916363972,0.12396948045133492,0.009186320025284406,0.6084750731984829
CGCTGTGACGCCGCAC-1,-0.024683434958785968,3120.0,A,777.0,712.0,-0.047499244437426424,0.09396724077525195,0.044497744522529685,-0.19319243134556385,-0.21513449261402856,0.08234062554722545
CGCTTATTCCCGGTCG-1,0.0003799489451383198,1529.0,A,561.0,1093.0,0.00036847596749899764,-0.0293312636630793,0.0015092940066551812,0.153163898033187,-0.16301534251370092,0.1311024526779181
CGCTTCCACTGAAATC-1,0.03160089823825721,1650.0,A,712.0,556.0,-0.03429503190212734,-0.023919419737077223,-0.07930568614257102,0.17069314764029736,0.1125665855275265,0.1061987805848823
CGCTTGGACGGATAGA-1,0.11710654991200212,1419.0,A,1682.0,1558.0,-0.03837584096785209,0.08263924102765872,0.05729996911438426,-0.11223565331745969,0.24464260725878403,0.4541417751916557
CGCTTTCATACCGGTG-1,0.02653599252004646,1590.0,A,815.0,466.0,-0.32057265044717037,0.031393530595234295,0.1477447742185284,0.11039496115224312,0.24830878621140434,-0.07649465616041251
CGCTTTCTTGCATTCG-1,-0.041725048086641514,3993.0,A,1267.0,844.0,-0.04479746969304553,-0.15574524579545196,0.10035176640893463,-0.3758485610698127,0.13736241607105662,0.02900520244069415
CGGAAAGCAAATGTGC-1,0.024242759983833212,12217.0,A,249.0,558.0,0.08827296716697011,0.03662236010850446,-0.19052055985576577,-0.05328904045628356,-0.027718675249147534,0.04195677062191915
CGGAGCTTATAACACC-1,-0.025860112006825378,944.0,A,1277.0,374.0,-0.1757495555486253,0.2939412793125294,-0.17437280997104432,-0.0869557696956916,-0.025321398432649952,0.08644071107508434
CGGATAAGCGGACATG-1,0.11399441478173572,2732.0,A,391.0,579.0,0.3761227227351834,0.03756262584988961,0.25194005638272304,0.07877546311702452,-0.07781403206656477,0.03638452177502088
CGGCAATAAGATCGCC-1,-0.021015344270883425,1163.0,A,1565.0,1357.0,-0.2182635621601276,0.005863518856478386,0.02412836670222161,0.033736492344580454,-0.04021655986854593,0.27678545361682644
CGGCACCGTTAGCGCC-1,-0.0019257899184808025,448.0,A,1316.0,396.0,0.051191379507931734,0.023458327204777668,-0.004661507043928224,0.0381913390245467,0.0567275450463213,-0.03510203890437182
CGGCACTCAAGAAAGT-1,0.11851754649899016,5294.0,A,532.0,422.0,0.4922079767085316,0.18349678530230998,-0.03482961147647105,0.07509718377144395,0.08481921595564004,-0.028988165150588156
CGGCCCAGGTATATCC-1,-0.08750777682029076,816.0,A,1525.0,1111.0,-0.1409692390840841,-0.2015888300735434,0.11806655147089555,0.30124894708926797,-0.309636226274315,-0.15952461377266444
CGGCGCCATCAATCCC-1,-0.1426425125059129,1514.0,A,1373.0,1470.0,0.027289573679724122,0.06164651423194525,-0.2385957647830134,-0.182493303526539,-0.40279090135644413,0.04194262693866229
CGGCTCTAAAGCTGCA-1,-0.04903016629692544,950.0,A,1590.0,1178.0,0.06267789059059128,0.13190833293952783,0.03489838500345541,-0.05585809064006809,-0.16157898172453977,-0.12106050494111928
CGGCTCTTCGTCGAAC-1,-0.03543383202418976,1044.0,A,1277.0,329.0,0.09832110535117917,-0.13611618700913664,-0.017915064362132634,0.03425108172729837,0.06503301667306216,-0.19295179410154517
CGGGAATATAGTATAC-1,0.006858482065802307,1637.0,A,1526.0,1201.0,0.012557993840657315,0.02860149579382838,0.08242864343705744,-0.18088640253199217,-0.10609401302824477,0.2020651233529539
CGGGAGCTTCAGTGTA-1,-0.023963852432346243,705.0,A,1346.0,1246.0,0.3878630904829042,-0.23339716248832504,0.15661086838539587,-0.30249321150446673,-0.007669689107419199,0.114008095270675
CGGGAGTATACCGCCG-1,-0.08045752482125013,6166.0,A,365.0,580.0,-0.18485115345935843,-0.1636609450545467,-0.07920581432159363,0.0012873925973090963,0.09235068312077628,-0.28021004229769986
CGGGATCAATGTAAGA-1,0.0012993022408257235,3042.0,A,932.0,666.0,0.024194930045396915,0.12769023700194704,0.12402391893688584,-0.193493453446155,-0.015068991625667251,-0.21291160501742692
CGGGTTCGGCACGTAT-1,-0.07886481432842893,520.0,A,1547.0,305.0,0.14231550409693455,-0.11901408745878919,-0.00673997710153295,-0.16731196685146105,-0.06811824803386379,-0.10455951922811069
CGGGTTTGTTAGGGCT-1,0.017232182904861587,8282.0,A,1642.0,1402.0,0.023402586608838025,0.14473255821975645,-0.09345632412444503,-0.12591169771968927,0.13950848384136694,-0.08511959571036248
CGGTACTAGAATCAAA-1,-0.04648035857680366,1041.0,A,1242.0,1113.0,-0.07865718476532019,-0.10762806903741652,-0.09317204068331382,-0.10960417819729054,0.05433613665934959,0.12635263207516878
CGGTATAGGTATTAGC-1,-0.07931171239949306,1384.0,A,1445.0,395.0,0.009791782124372539,-0.029660340888095025,-0.008452686052670143,-0.11378666352179347,-0.10688214078155442,-0.10093513432575753
CGGTCCATGAGACTCC-1,-0.02474382507400795,7359.0,A,1690.0,596.0,-0.17594174768335713,-0.04347429483482922,0.0031914261330965414,0.1379940663530987,-0.09026070083148868,-0.147224195840948
CGGTGAAGACTAAAGT-1,0.12974583636397566,4274.0,A,470.0,937.0,0.0977721706184023,0.03589303498407708,0.17056337024676152,0.1309851380447208,0.32057280215653894,-0.08351900463866917
CGGTGCAGATAGAACG-1,0.012298919246274598,2071.0,A,638.0,1093.0,-0.06957965316018992,0.019003075927532413,-0.05454990567906157,0.003002674522106376,0.14672271429144007,0.06386497327626697
CGGTGCGCGTTGGTCC-1,0.010809679093929506,22307.0,A,677.0,1250.0,-0.17811628294016052,-0.04133119396231516,-0.1295116021463686,-0.060257584421128385,0.04577767733844648,0.016082239278948418
CGGTGGGCTCCAGCCT-1,-0.06976562095140507,812.0,A,1445.0,485.0,-0.15305292359138065,-0.03016796597814002,-0.09820924084098823,0.132553314056913,0.009059497835533989,-0.17799713963061148
CGGTGTACTTGATCCC-1,-0.05772453318467685,5497.0,A,571.0,534.0,-0.25777375659164836,-0.2548486526858524,0.14675257904555858,-0.028387254972904806,-0.16414138611621892,-0.3243808576303399
CGGTTCCGGCTTCTTG-1,0.1487410839531656,21181.0,A,544.0,355.0,0.3964692120256429,0.08453848134751411,0.05861768110654219,0.1739851748852795,-0.023444342998960088,0.03041132296760539
CGGTTGACCTGGCATA-1,-0.01233219393395783,2764.0,A,496.0,1027.0,0.24602318058211226,-0.17227466319271648,-0.042492448539622,-0.08958313574276673,0.202745883685532,-0.056752858159026344
CGGTTGGGTTCAAGTT-1,0.16225219012057618,1379.0,A,1457.0,328.0,0.5013623119575519,-0.04715171867598293,-0.023046729327013092,0.37786310596072736,0.2907059442775316,0.050695481030931036
CGGTTTATGAAGGAAC-1,-0.04981785633046097,751.0,A,1509.0,373.0,0.04036719563639239,0.08004013945373883,-0.09720733507114282,-0.0047543065586767574,0.038252345249471034,-0.10666504544250584
CGTAATAATTACGAGT-1,0.05238805787886559,16627.0,A,249.0,468.0,-0.18772810112386018,-0.052089747033717784,-0.05571386894438868,-0.05982766131913514,0.06863961808819508,0.25517025558419715
CGTACCTGATAGGCCT-1,-0.12714872825975504,3894.0,A,1047.0,644.0,-0.4294934494554139,-0.17271249503746874,-0.049409113644179825,-0.25755262664167955,0.02871290646343411,-0.028986737304523967
CGTAGCGAATTGTCAG-1,0.0382035041321104,5055.0,A,1085.0,442.0,-0.05325864249713442,-0.10768154639739724,0.1474127155611783,0.1071658754091131,0.05360820522518417,-0.06441323007136358
CGTAGCGCCGACGTTG-1,0.11308495939503466,3192.0,A,853.0,309.0,-0.08562487839725723,-0.056686133720724924,0.18518719891509963,0.09787438007005367,0.03480801972447926,0.5158856568731663
CGTCAGCTATTTACTC-1,-0.020602064153388902,2782.0,A,314.0,535.0,0.05263747848962574,-0.023170414130434233,-0.1226484358405001,-0.22832919746266722,0.026545521307599,0.18408437397277078
CGTCAGTGCGCACAAG-1,-0.11944020883535743,2394.0,A,802.0,399.0,-0.07699677728848663,-0.1736759131656263,-0.24103161028052453,0.02385496853872718,-0.13717084134925236,-0.13549756730189758
CGTCATACCATATCCA-1,-0.13628276923422478,4403.0,A,430.0,602.0,-0.3509044306949137,-0.14115552664654799,-0.13785028331937407,-0.024607486060465058,-0.020458308737680828,-0.1889692130700346
CGTCGGATAGTGTTGA-1,-0.03197609443216334,549.0,A,1409.0,910.0,-0.10311441206545108,-0.03327968685007823,-0.007524050425130258,-0.06431936180918335,0.11730433737859727,-0.0994454345146093
CGTCTGGAAGGGCCCG-1,0.017939257899185077,2148.0,A,969.0,510.0,0.1720962323343772,-0.07141403825344612,-0.1299946279607848,0.22226705503376762,0.06370737909934703,-0.050642081186133905
CGTCTTGAGTGTGACG-1,-0.03139753361688169,739.0,A,1782.0,1065.0,-0.009573544719727267,-0.0735490318934617,-0.012075632475434826,0.06125579908368581,0.17693329292839732,-0.04222165384478017
CGTGACATTGGGTCGT-1,0.001223858756768812,4687.0,A,1239.0,486.0,-0.12479005459014313,-0.05745534157859885,-0.08351153450258882,-0.06000438159930753,-0.12019968819832791,0.12359081440578673
CGTGCAGACTGGGACA-1,-0.07680416619354556,169.0,A,1126.0,1046.0,-0.09854310120996612,-0.006963582495221166,-0.18079965645655688,-0.018953827571690243,0.11249534514375252,-0.026255788451573808
CGTGCATTGTCGACGC-1,0.0469441726755681,1759.0,A,573.0,1026.0,0.027673190941440908,0.116940205124736,0.558158081820974,-0.0765410616217945,-0.01002702152699954,-0.22113924445087746
CGTGCCCTCCCGAAGA-1,-0.05525938647632066,644.0,A,1165.0,1113.0,-0.13930972650264645,-0.16602805878803742,-0.009914130725351848,0.08244586875194646,0.0016975766887777077,0.023083936537454604
CGTGGAAGCCTCGTAC-1,0.08504439474628653,1601.0,A,1719.0,1222.0,-0.0037742750099977393,0.14203266087804878,-0.08911515710075159,0.35120585310175934,0.28762398511692805,-0.12132866958400199
CGTGGCCGAATATCTA-1,0.11887446254755461,997.0,A,1474.0,1201.0,0.14202482114072096,0.16155949586115925,0.17502156937928434,0.11349103089034991,0.06007040827616178,0.1836822378571484
CGTTAAACTAGTTAGG-1,0.03824480769909512,1496.0,A,1603.0,1245.0,0.04356218511610545,-0.0358887027541863,0.018055094140732628,0.21581761112522002,0.12975674932942152,-0.05522744224377042
CGTTAATGTCCCGACG-1,-0.03747172943045418,3264.0,A,1295.0,1470.0,-0.08739232122859653,-0.12687016409271656,-0.04135596496753939,-0.38569392986857487,0.1801135454401062,0.15113312350203906
CGTTAGCTCACAACTG-1,0.12984100296341394,877.0,A,1329.0,463.0,-0.09192967760483063,0.4032213190320059,-0.014895541178941357,0.09735358029008902,0.6108066814402198,-0.1802738965449241
CGTTCATGGTGCGCGT-1,0.0810027246247329,4709.0,A,433.0,1228.0,0.23085469777902246,0.043561395627514723,-0.0024075095774030563,-0.07082767736769895,0.023895265875350048,0.08485285231853729
CGTTGAGCGACCGTCG-1,0.002858884704368625,873.0,A,1127.0,1136.0,-0.15742238792311553,-0.04521814068341023,0.0342368886887104,0.12327850391997318,0.0845656757659144,0.05153960371959912
CGTTGAGTAATTGCGT-1,-0.031074744280048028,745.0,A,1470.0,395.0,-0.0168965502495194,-0.09230875026979268,-0.012205564033675252,-0.024800925071602475,0.20558249989912294,-0.042351058925149745
CGTTGTAAACGTCAGG-1,-0.07217700694447102,11282.0,A,340.0,624.0,-0.16527427429666436,-0.03782293697055053,-0.09171632455058948,-0.14558964441779054,-0.35219096833340724,0.05842579746635375
CGTTTAAGCGGAGCAC-1,0.03779535137632707,1491.0,A,930.0,443.0,0.2936960046916174,-0.0006866395551543211,-0.364530536775255,0.19801894328194222,0.22230000394184213,-0.05515748425362507
CTAAAGAATGCCTACT-1,-0.017238552989058277,7589.0,A,637.0,959.0,-0.04645426848182396,-0.014447167356027378,0.023302389654127082,-0.0833016963590521,0.058724645416276644,-0.11533812393924665
CTAACCGCGCGCCCGT-1,0.024298005362416115,2999.0,A,624.0,981.0,0.15919036462249575,0.021365721391253943,0.03706347788560906,-0.020404637649840376,0.013086070553755734,0.028490491478182896
CTAACTGATAATCGCC-1,0.10177294354245572,1046.0,A,1488.0,1447.0,0.3273957351819993,0.007161927042246927,0.41885359270923866,-0.06758174403789455,-0.10732711519270641,0.15821484088652868
CTAAGGGAATGATTGG-1,-0.005590213691870842,1528.0,A,1101.0,1136.0,-0.1193091398127683,-0.10317375868287681,-0.025035020387818102,-0.19365735915886886,-0.060799104019962844,0.47728605082279146
CTAATTATGAAGCGTA-1,-0.17297171131191538,5367.0,A,1728.0,394.0,-0.08993890829533821,-0.0514926297613445,-0.224587354634884,-0.70175386066165,-0.03231262724297845,-0.034364106447672044
CTAATTCGCACGCGCT-1,0.024992440955854303,4563.0,A,610.0,780.0,-0.17172955271109835,0.0831016917760227,0.13344276094201624,0.04280505078237857,-0.05087946164516645,-0.046748642105946016
CTAATTTCAACAACAC-1,0.05990567577242112,4017.0,A,520.0,624.0,-0.13502074632429006,-0.030827073764565643,-0.01981238161897447,0.26857450880661143,0.022951720159012014,0.10674741354032329
CTACACTCGCAGATGG-1,-0.014482958126607284,792.0,A,1475.0,1425.0,0.03332800124055328,0.09946530868600471,0.041463930835081125,0.131717344028397,-0.08457303088805113,-0.10461742603217196
CTACGACTAGCTATAA-1,0.07725468324923034,3954.0,A,483.0,1004.0,0.4151375585938982,0.07374239244341074,-0.06382551281998652,0.15033770163812954,-0.027294071135106165,-0.04650602177551334
CTACGCCATTTCCGAT-1,0.03812000753328955,900.0,A,1200.0,419.0,-0.1942098024525098,0.08010724134903381,0.08603947671922219,0.049287756598683084,-0.014283352527250638,0.2906720866145814
CTACTGCCACCTGACC-1,-0.02556266439083148,4339.0,A,983.0,756.0,-0.06663512881873745,0.09487592132432551,-0.2074710204751937,-0.08735993372569067,-0.023124893711279484,-0.04387908964705044
CTAGACATATATGTAG-1,0.01623392476587207,734.0,A,1560.0,328.0,-0.013561844230538245,-0.03725187818236983,0.040211377656062995,-0.14051650816847866,0.05122297563828412,0.2889042093244904
CTAGACTGCATTTCGT-1,-0.12662346269995323,930.0,A,1406.0,373.0,-0.42037308181459093,-0.07332661205655401,0.03203147959475088,-0.14636409135350978,-0.03268354754428861,-0.01713982316922583
CTAGATGTGAGTGTAA-1,-0.05553119346712779,1992.0,A,1498.0,888.0,-0.2856726940329757,0.28769052874402207,-0.15950078279665178,0.05738919021742403,-0.13016539963565332,-0.043172904709486884
CTAGATTTACGACGGC-1,-0.01812461650439888,1136.0,A,1126.0,1091.0,-0.03698754179423464,-0.08778761396953835,-0.019431960944951275,0.2535231966426765,-0.11035819214049794,0.02862191422964694
CTAGCATAGTATAATG-1,-0.04745172690205979,7283.0,A,1023.0,912.0,-0.12396993894622613,-0.002399383301410027,-0.04390186059663534,-0.3003356539301994,-0.036422925838656216,0.03491468046009545
CTAGCCACAGGCGAGC-1,-0.04980439210274358,3851.0,A,1681.0,1469.0,-0.1370388472445013,0.19254844255618495,-0.13007721172177208,-0.2005544215310094,0.11397153244326541,-0.1097413215610763
CTAGCTTAATGGTCCC-1,0.0080503068439787,2094.0,A,1783.0,1200.0,-0.3147966181650112,-0.2802802814234266,-0.053013254019490454,0.08551152590923555,0.37303484887585187,0.3810135759031688
CTAGGCGCCCTATCAG-1,-0.07501836205283234,757.0,A,1346.0,1291.0,0.12135098815522125,-0.09931171544447685,-0.012463265730834627,-0.10714003959364157,-0.09562168862662139,-0.042608116279895636
CTAGGTCTGAAGGAAT-1,-0.04466249932298549,1264.0,A,1512.0,955.0,0.025233364107168192,-0.21763217740617086,0.20251112557789488,-0.11062269491771876,-0.1467439408768757,0.02218120738968829
CTAGTATTCGGAATTA-1,0.11247182253762414,3610.0,A,1201.0,464.0,0.10942188121389733,0.48389980016414436,-0.1435696622717824,0.057029804156829775,0.20920666379060515,-0.13576605774616102
CTAGTCACGTCTTAAG-1,0.0033758423942431004,2824.0,A,1062.0,979.0,-0.32037214686270427,-0.16006070230872083,-0.3788845540366418,-0.08279309202147841,0.07117151335755949,-0.026393165972906318
CTAGTTGGGCCCGGTA-1,-0.06514910171431595,5709.0,A,1048.0,733.0,-0.11676142833489375,-0.06111237767540232,0.1454869239117643,-0.1241473398860696,-0.20397908308878776,-0.20240454458794202
CTATCGACGAAATACA-1,0.06787433119535059,1385.0,A,1372.0,1336.0,0.2798658871210799,0.0065744481425838025,0.11721789461643403,0.303026199581344,-0.12012502526219493,0.0010014292562614685
CTATCGCGTAGAGAAC-1,0.16137828795290737,22488.0,A,1694.0,1446.0,0.15930288921820313,0.1080869958700382,0.06896716192378347,0.2298590175333789,-0.021148078957098068,0.13063210817629833
CTATCGGGTCTCAACA-1,-0.04690024575348535,4587.0,A,1061.0,934.0,-0.19150630433652552,-0.15341253443722863,0.11638337897710856,0.1982675903894735,-0.240318962556253,-0.06786077220240973
CTATGGGAAGCGGAAT-1,-0.0070267946588525015,1429.0,A,1514.0,1358.0,-0.13869604391503781,0.3216623329961416,-0.11101158681419877,-0.17792017094947105,0.4797991041605907,-0.28102138766074836
CTATGTCTATTGAAAC-1,-0.03640786361398678,1770.0,A,879.0,398.0,0.10692195667202566,0.018725109856650345,0.06018900555606275,-0.0656309380656827,-0.16049324914620636,-0.025391189974392842
CTATGTGAGTCACGGC-1,0.17900766571167143,4277.0,A,394.0,1161.0,0.35262502483978164,-0.026228926894212162,0.5638115397460755,-0.2481262638815931,0.3874332401847285,-0.007314425545452766
CTATTGTGTTTGGTCA-1,0.0340543979446411,2209.0,A,1471.0,440.0,0.32403964580933997,-0.13844790631433707,0.11441778671475003,-0.143433397355635,0.1599224236295393,-0.1621799249628788
CTATTTGGTTACGGAT-1,0.04113068072347507,712.0,A,1229.0,956.0,0.13902334675696074,0.17722782748362528,0.27854185124301256,-0.31961169172614695,0.01829327117876243,0.15474183107281236
CTCAAGACATTAGCGC-1,0.004349547159192439,2362.0,A,1484.0,462.0,-0.038713139651016235,0.09728196723407921,-0.013205542331776954,0.07920221772118746,-0.17836087387367847,0.07905626757024926
CTCACACGCAAGCCTA-1,0.15821963340628983,5554.0,A,1741.0,551.0,0.18799324181041444,-0.0702698826101892,0.6450565880161726,-0.018828897394237785,0.0016828560932417094,-0.024705717117170498
CTCACCGATCCAAACT-1,0.049977937660105415,10082.0,A,1689.0,327.0,-0.06094655750661093,0.2727239758109131,0.09794574594322236,0.06144729254818826,-0.09950793605836643,-0.0565303613607186
CTCACTTGGCTGGTAA-1,-0.08421304370689499,2272.0,A,509.0,1049.0,0.16574911953595636,-0.011847393815153925,0.12731012532969532,-0.23531481779253313,-0.5334251529180184,0.06924903415993242
CTCAGGACTCACCTGT-1,0.08793189054371799,3807.0,A,558.0,512.0,-0.10444628457791294,0.3036794506502599,0.02473759661476422,0.08820530295020812,0.13590484830886015,0.20106118200456394
CTCATGGCTCACAATC-1,-0.027943202343789643,1243.0,A,982.0,442.0,0.1651400138008602,-0.002358627330368443,-0.02108747160112329,-0.05575937894602159,-0.019742910809580495,-0.2031648924699907
CTCATGGTAATTTGCG-1,-0.05514479005342696,6288.0,A,510.0,1273.0,-0.49301774555802264,0.09832341366496852,-0.08545875420989463,-0.24728567960036893,0.13883756577924491,0.02585262977600328
CTCATTTGATGGGCGG-1,-0.14795325979317775,2325.0,A,970.0,644.0,-0.007649429455848138,-0.11884452919775469,-0.20709629847760666,-0.23745573303267467,-0.24270113858972248,0.042435966444797836
CTCCCAATGAGTCGCG-1,0.11605022923701672,2758.0,A,1655.0,1290.0,0.4259617105520468,-0.11169845061456396,0.13143730368523607,0.10532931747856775,0.08338449882944374,0.19267478575692074
CTCCCTCCTTTCGATC-1,0.01762334541548342,5131.0,A,471.0,1295.0,-0.17442199165875527,0.03749659580662514,-0.08302635940214925,0.11891366723097126,0.08958181901338118,-0.016979451001791334
CTCCGGCCTAATATGC-1,-0.02339931559772937,2069.0,A,931.0,577.0,-0.03962351125446085,0.06367011578856202,-0.03121211744963678,0.03230129100779586,-0.037427911265551964,-0.06609531163356912
CTCCTAAGTTATGTCT-1,-0.013783027558812874,9888.0,A,557.0,422.0,0.12419647693490102,-0.00889267114700551,-0.3878808941767681,-0.018852937698216624,0.0031287327505343313,-0.04889728370296376
CTCCTGTTCAAGGCAG-1,0.07180691107349389,17627.0,A,1681.0,1379.0,0.06682001519192385,0.029637931555956662,-0.15607051549407602,0.03675609181955909,0.04911845805604875,0.08078886653634407
CTCCTTTACGCAAGTC-1,0.10699412587680002,14383.0,A,1575.0,663.0,-0.060827575003465195,0.004962408313806607,0.09645448650283109,0.08678036623578102,0.05321701029247662,0.09939457841103978
CTCGCACCTATATAGT-1,0.009529524447913162,6311.0,A,1047.0,688.0,0.1570171470094567,0.12904039098347128,-0.18286561766010442,-0.5311341585349616,0.13856345489118135,0.17046084173606948
CTCGGTACCACTGCTC-1,-0.01343553344483879,657.0,A,1216.0,1068.0,0.009483719974343288,0.1223089182226541,-0.010222273957093062,0.10128611953379434,-0.06617366141105915,-0.04039117490870038
CTCGGTCCGTAGCCTG-1,0.05834805861988389,2685.0,A,815.0,555.0,0.06324937156168244,-0.06303617761917711,-0.03688553809401833,0.07711735744494143,0.09366828027123088,0.12899710695042088
CTCGTTTCTAATGTTT-1,0.07622522398633196,5004.0,A,1510.0,641.0,0.07788192121725221,-0.01714033790084503,-0.31810540127246206,0.16876466905396653,0.2579366506177449,0.09807629735164562
CTCTACACTGGCGATT-1,0.07895941181804506,9027.0,A,393.0,1117.0,0.27466845254064515,0.003491063334526291,0.014975105577937572,0.08281287363878334,-0.03215899041795173,0.06731478468521848
CTCTCACAATCGATGA-1,0.010775681804212494,6858.0,A,1074.0,867.0,-0.013933834447284008,-0.10996674054435449,-0.1816352505887272,0.0918102590824081,-0.04772359903382645,0.197108047402011
CTCTGCGAAGCAAGCA-1,-0.012968483256153142,2347.0,A,815.0,421.0,0.014452517852407911,0.14449068082503824,-0.09247348332370936,0.19987353229604968,-0.2612071784868494,-0.025899069041152224
CTCTGTTTGAGGATTC-1,0.1382601187187927,4274.0,A,1098.0,464.0,0.20338728046062313,0.12164706236825218,0.33893639336720677,-0.1684956824469157,0.004742487512101885,0.20282716431008765
CTCTTCTATTGACTGG-1,-0.05142650245948625,1118.0,A,1461.0,1179.0,-0.06734974164244356,-0.12568581649740435,-0.017711936240693067,-0.09424655051744607,0.1612311284198873,-0.1048331550983066
CTCTTCTGGAAGTTAG-1,0.03771440986539848,8312.0,A,691.0,1540.0,0.018380856980865168,-0.32108702335548167,-0.0498491211066721,0.06436209932139095,0.06599976207273392,0.25455661097657417
CTGAAAGAGATCCGAC-1,0.16163097032759954,4322.0,A,1060.0,576.0,0.3255453214603063,0.5870300716007303,-0.062190671826191916,-0.037838616681209726,0.09704308389826771,-0.0033989514515189966
CTGACATAGAAATAGA-1,-0.06816010365667964,3320.0,A,1706.0,1289.0,0.221735440425541,-0.02167036482770293,-0.07836989059339138,-0.31944437236556306,-0.11841662963819921,0.002592367993011393
CTGAGAAAGTTCGGCG-1,0.10293660084263447,1682.0,A,1680.0,1245.0,0.1217164174990154,0.16889263035466417,0.16585770826013746,0.054573059475624325,-0.04683550487767933,0.2959995338292637
CTGCAAGCACGTTCCG-1,-0.14096617191659727,908.0,A,1604.0,1514.0,-0.1598085023444255,-0.40800355191089144,-0.015485334555060917,-0.0844405488390127,-0.16683204193680662,0.09643528240762299
CTGCACAACTACATAT-1,0.11061125266380648,6051.0,A,1153.0,1270.0,0.3709949373802956,-0.10576278851149806,-0.006305272870522516,0.2673487882038415,0.10656104866860731,0.11497532667303939
CTGCACCTAGTCCACA-1,0.06910200692396216,32328.0,A,1678.0,797.0,-0.1559235019936016,0.03224413804264162,0.028969957920287268,0.03543773745638043,0.02364866513633597,-0.05951681025079229
CTGCACCTGGAACCGC-1,-0.08461221033804359,1650.0,A,802.0,488.0,-0.43285190511151117,0.039715888899738004,-0.08925748118806823,-0.18943830119582616,0.11135113122095318,0.08240574841502564
CTGCCTAGCCACCAAG-1,-0.028431246678146727,961.0,A,1200.0,330.0,-0.22727682427391946,0.29055049626076446,-0.016461333789910902,-0.2681964202849359,0.1485508547662234,-0.13378194970345164
CTGCGGTAGTCACGTG-1,-0.021851935254643046,494.0,A,1355.0,374.0,0.08397698198245972,-0.1381939471683922,-0.006012264511182752,-0.15374735591378222,0.35969636180862297,-0.03635480600636864
CTGCGTTACGATATAA-1,-0.005083966991613641,7831.0,A,1329.0,508.0,-0.14526775467485253,0.02078109418993574,0.18038270918857613,0.04342595196079816,-0.227974849683244,-0.059579419144048226
CTGCTGAGGCCACGAA-1,-0.16468763308297227,6645.0,A,626.0,1250.0,-0.3625458413547886,-0.2114252254816199,-0.15456310147097047,-0.2272198496286177,0.10469000602133655,-0.2041748865146528
CTGCTGTCTAACGAGC-1,0.006020469852320312,1608.0,A,1706.0,1245.0,0.23485060153354703,0.1121324858183303,-0.22723043383130168,0.030768629100587728,0.01628751771455939,0.22668000254774448
CTGGAAGACACGGTGG-1,-0.031531633883566654,708.0,A,1307.0,1269.0,0.0822871018248657,0.16284836266125335,0.04545333388305371,0.05582097146737261,-0.08252769426698625,-0.041543497394556414
CTGGACGCAGTCCGGC-1,0.035326542134151866,6554.0,A,343.0,1296.0,-0.2250643543419636,-0.17228328860835995,0.18568406753436834,-0.06574579134414037,0.1346701014781016,0.12577280262268814
CTGGCATCCGAATGAG-1,-0.003003496052088883,2718.0,A,510.0,1228.0,-0.010233996095481835,0.06342775146650978,0.0387203764912078,-0.21805562584423654,0.16851884858496827,-0.06895881653723575
CTGGCGCACAGGTCTG-1,-0.12792924791602683,745.0,A,1319.0,978.0,-0.0864672157925863,-0.17504671433501565,0.03970320788239467,-0.274621753341893,0.0064535399745874675,-0.1501156639559549
CTGGCGGGAATAAGTA-1,-0.032712688942601036,3014.0,A,455.0,602.0,0.21517553519243296,-0.1445538746733382,-0.16136089465262662,-0.0514612217166982,0.10458219557585646,-0.1264344283248037
CTGGCTGATTCATCCT-1,-0.025200171661226983,894.0,A,1410.0,1134.0,-0.05452354947565921,0.0036418552682170174,0.03710377907297141,0.02131631110091986,0.06922322989562343,-0.045390157281552296
CTGGGATAAATAATGG-1,-0.08429354348513568,889.0,A,1255.0,1001.0,0.27488636063076155,-0.12318214178533718,-0.015125575953315519,-0.03743377192796446,-0.2607833865311788,-0.23982826646684652
CTGGGATACGCTACCC-1,-0.017368938529135472,1018.0,A,1679.0,976.0,-0.015882109781331075,0.03367650682197154,0.13978219935198544,-0.11020059064470901,0.06610091401255366,-0.05682636845391065
CTGGGCCTGCTATATC-1,-0.050027518355528704,1785.0,A,561.0,1138.0,-0.08903832515528155,-0.07282051391408882,0.13040344634999687,-0.2461088004590401,0.10640150810286825,-0.05027719786259764
CTGGGTAGGCAGTTAA-1,0.0417191478385469,1055.0,A,1191.0,1113.0,-0.28329106192065867,0.2099656632929443,0.5076133622298222,-0.05866377812613987,0.040414898657007765,-0.04835185347152483
CTGGGTTGAGTTAAAG-1,-0.017243352465484113,22924.0,A,317.0,1341.0,-0.17328708472206505,-0.014932845936567338,-0.13668817874849531,0.08763915752822027,-0.31274676151594416,0.05193136032851714
CTGGTAAAGTGTGGGC-1,0.11844260350284454,1917.0,A,1643.0,1491.0,0.4972750474225511,-0.06020175162836071,0.14573703582604977,0.3602329369774407,0.12792969411824742,-0.2441154285606479
CTGGTAACACATAGAA-1,0.0079038213423277,907.0,A,1307.0,1090.0,0.07962263051234043,0.03121605755594871,-0.12876941072949222,0.12706759717089536,-0.017284177443881374,0.12282490318690156
CTGGTCCTAACTTGGC-1,0.054248265715562426,6164.0,A,1007.0,308.0,-0.030137691932676826,-0.030949479160550304,0.11789086874227032,-0.07893529165239924,0.07620421214080045,0.17041873824628145
CTGGTTCGCGAGCTAC-1,-0.004408272523150042,792.0,A,1770.0,1088.0,0.0019141165135040245,-0.1616615511312628,0.5017221178524,0.004011024223523292,-0.09960916874314402,-0.10199193871541291
CTGGTTTCGAGCAAGA-1,-0.005059033369835597,688.0,A,1307.0,1179.0,-0.08033436531440959,0.049851017716934815,-0.010940658983413457,-0.07361052720633574,0.003377090207706747,0.181001382449558
CTGTATGGTGTAGAAA-1,-0.05471388975378487,2735.0,A,584.0,601.0,-0.09554959716137724,0.010879560337365946,-0.12518451220621438,-0.06167982109708731,0.05968339459803499,-0.13701790812802994
CTGTCACGCCAGGCGC-1,-0.05154734045106754,785.0,A,1432.0,373.0,-0.19288702959006337,-0.13086396008232257,-0.013053710016822248,0.23562709120826622,0.013670784963717257,-0.12221541327587448
CTGTGGTCGGGAGATA-1,0.021622188469744445,918.0,A,1321.0,1381.0,0.19445725980379402,0.08074421590262273,-0.2659450845112182,0.0022194117983627137,0.3417536201809683,0.038820369624346554
CTGTTCACTGCCTGTG-1,-0.007245888808702335,1948.0,A,893.0,644.0,-0.3826613934401914,-0.11290345888530529,0.06635706679926401,0.18865139481196477,0.22223278161995527,0.011482118004226164
CTGTTCATCTCACGGG-1,0.029600274950800337,4273.0,A,610.0,646.0,-0.11486505556489546,0.057145059826242225,-0.04130529992046111,0.1886441161679376,0.058463220093157395,-0.12467970780492468
CTTAACTTCGAAGTAC-1,-0.14552612434621093,1233.0,A,982.0,398.0,-0.30763248517916597,-0.09019720645796234,0.013794471474649378,-0.017079069008930116,-0.13249115128125646,-0.26277224239376645
CTTACACTGGGAAATA-1,-0.04211394389911833,4301.0,A,789.0,510.0,0.013577511973155813,-0.05051265600355791,-0.13280949038738932,-0.05260908798334742,0.025520052593381876,-0.05190943547395952
CTTAGTAGGCCTACAG-1,-0.00964115143654444,1073.0,A,1486.0,865.0,0.015489982146153936,0.09953500119478775,-0.018403328197266457,0.12561942968805775,-0.04408067178041904,-0.18224829148357188
CTTATAGATGGCTGTT-1,0.021845615249325837,6075.0,A,1707.0,1513.0,0.007776101216689479,-0.14001616918628143,0.04326481737371482,0.027729874198826603,-0.1227699792874892,0.16499949055353885
CTTATGCGCTCAGGGC-1,-0.11074852703242263,12973.0,A,316.0,1117.0,-0.09041550026228157,-0.06361841603152588,-0.043339938515214685,0.12815788765777872,-0.5210273944635089,-0.3674094627487205
CTTATGTTGACTACCA-1,0.012177283245950382,1767.0,A,519.0,445.0,-0.04572056730665393,0.3633772799019011,0.04861682476327189,-0.028306609364308764,-0.07229232246662444,-0.058805359888734705
CTTCAGTGGTCGCCTA-1,-0.04220843803043656,5062.0,A,407.0,1363.0,-0.028640228399140363,0.05468572872211607,-0.14340526887352803,-0.054132771476308086,-0.06981681905342954,-0.09290125433799268
CTTCATAGCTCAAGAA-1,0.08974451587537453,2780.0,A,648.0,578.0,0.09884912304511832,0.18067355731371676,0.0729280577667031,0.09063394217768951,0.04689090360281245,0.23133792973211467
CTTCGGCCAATTGTTT-1,0.12501977162592617,1614.0,A,1590.0,1268.0,0.3833840142944434,0.4997612156274585,0.17989879312156906,0.023770783278748334,-0.31287987463550254,0.23350630249483822
CTTCGTAGATAGGTGA-1,-0.027828797771134495,1135.0,A,753.0,1025.0,0.06828816980517202,-0.03468538760825785,0.21968794534354555,-0.16510891152487217,-0.09396289434562957,0.08355099633144589
CTTCTATGTTGAAGTA-1,0.1840100520807007,2244.0,A,535.0,1183.0,0.25927515416634456,-0.012778066447109587,0.08446409747836399,0.30107500928374087,-0.07990806460658127,0.5854965630460878
CTTCTTACGTCGTATA-1,-0.01593411035064955,2901.0,A,943.0,465.0,-0.266274601277056,-0.012681175105518671,0.02471575090033942,-0.06038258963064571,0.10459443093597208,0.0965017443243369
CTTGACCCGAAAGATA-1,-0.15969385288743201,1758.0,A,904.0,353.0,0.06805465726809208,-0.11886487283327776,-0.13442087772742484,-0.17325875467391993,-0.013535378917088167,-0.4721892192798865
CTTGAGTTAGGGTAAT-1,-0.07191483961637286,718.0,A,1370.0,1022.0,-0.13125729003541775,-0.15099493042434226,-0.007102010137190855,-0.00858538345389672,0.029026452363676368,0.07116007165699793
CTTGCAACCGCCTCCT-1,0.14929983017575846,3063.0,A,496.0,1116.0,0.36679464165675674,0.1534816102746003,-0.11863672913153106,-0.03856834543816669,0.3302313916281056,0.2705925644527358
CTTGTACTTGTTGACT-1,0.04380737791734843,4108.0,A,828.0,622.0,-0.07862142261884084,0.2892386650427671,-0.2430304315576489,0.05441159533423072,-0.1220770980412552,0.2870847430587348
CTTGTGAGTCTTTGAC-1,0.16486795537072219,18053.0,A,609.0,377.0,0.5095958909878251,0.21021738739662843,0.08054745557912843,-0.06790795985759958,0.07932033602958598,0.09764324532754307
CTTGTTGCTGAGTCAA-1,-0.0015715580080017943,878.0,A,1203.0,1001.0,0.26922654594643836,-0.09402485211671,-0.03016681120252747,0.06047234119286582,0.2986459625909959,-0.23175244249937282
CTTGTTTATGTAGCCA-1,-0.09218015006435668,1420.0,A,532.0,556.0,-0.008407549245875078,-0.12857691978137883,0.0018347339852387377,-0.17086374260029455,0.004179662825593483,-0.12458977825193468
CTTTAACTTTCAAAGG-1,-0.22715098549591567,4615.0,A,1034.0,666.0,-0.11859269789361707,-0.038350340782882075,-0.9920361324446664,-0.08301052541020716,-0.060865392762185035,-0.1204134230276075
CTTTAATATTGGTCGA-1,0.034013460655444805,4029.0,A,1115.0,1292.0,0.10489812229425594,0.03599158608611,-0.04715308399756076,-0.021556400989730103,0.06062335199224063,0.1530414255481783
CTTTACCGAATAGTAG-1,0.042364912450694875,1232.0,A,1256.0,1269.0,0.11574454611318044,0.01785000899926495,0.02533053149711403,0.1911462454814416,-0.23157080572655261,0.3403310718086514
CTTTAGGAACACTGTT-1,-0.003948417455765227,782.0,A,1294.0,1068.0,0.1410052877861551,0.11802794162617386,-0.012991157246497811,0.24693318282476623,-0.09907745567803684,-0.07664999239815469
CTTTGCATCGCTCTTG-1,-0.12371099150177436,1429.0,A,1386.0,1492.0,-0.13660401819875806,-0.07250096601527004,-0.023731048340389693,0.04841547065012136,-0.3897209451146645,-0.05427677531492132
CTTTGCTGTCATGGAT-1,-0.086468357363796,2135.0,A,1744.0,1222.0,-0.13326107365271672,-0.1409366203245094,-0.04497522567220006,0.05370864377111381,-0.2577172800482305,0.057023567899162984
CTTTGGCGCTTTATAC-1,-0.0168635833338278,16946.0,A,405.0,870.0,-0.23925176762932218,0.009350125281712501,-0.12179036545747221,-0.1976097208042954,-0.02821628480236027,0.18972136597452843
CTTTGGGATTGTTGCA-1,0.035629855860846965,16350.0,A,743.0,1540.0,-0.09461006080533925,-0.18330979914817097,0.3043663277039315,-0.020724261222503093,-0.013884537963640295,-0.057140441031616286
GAAACAGATGACCACC-1,0.13831545216345295,807.0,A,1358.0,1045.0,0.11325943465196912,0.2684967628917656,0.27743548856719913,0.13410769331616676,0.1841799123425132,0.09279391791147501
GAAACAGCCATGCAGT-1,-0.04022946956400454,1410.0,A,956.0,443.0,-0.39605030928973967,0.03859636289504707,0.10318788423164388,0.0046616210675079345,0.08956074478584816,-0.05400183305660751
GAAACTCTAATGAAGG-1,0.018915564509654814,5623.0,A,1111.0,442.0,0.37368187324715046,-0.15207867608729206,-0.24135498895858798,0.1098129297496371,0.19202402093293341,-0.16358765018427193
GAAAGAACAGCGTTAT-1,-0.04522269184741208,1221.0,A,1499.0,977.0,-0.004226571691544306,0.0737351040073051,0.09701917036233161,-0.15214030633201833,-0.15741159920975312,0.036602788176010745
GAAAGCCCTTTGGACC-1,0.02041603934053083,4904.0,A,444.0,937.0,-0.05889528256981046,0.022794631656112042,0.25104784914334655,-0.05000712399059246,0.10244615212255817,-0.28059875430473186
GAAAGTGACTAACTGC-1,-0.010018695025002577,8374.0,A,572.0,713.0,0.09502165580809428,-0.06110990807844205,-0.14328326659802212,-0.156212873865225,-0.017407301498212256,-0.08378873177429219
GAAATACCTGCTGGCT-1,0.022214696990115204,1962.0,A,1264.0,307.0,-0.02530058545670529,0.0006991676195027482,0.2270806042990954,-0.04564786482444155,0.024086972043690376,-0.08872742188017832
GAAATACTAAACGTTT-1,-0.013628377995650032,4202.0,A,455.0,557.0,0.11606638594725976,-0.11764606039214434,-0.27963337659396825,0.23375092800732405,0.16430119178020602,-0.2905279483538695
GAAATATCACCATCAG-1,-0.024412486779085682,12833.0,A,470.0,892.0,-0.11482051204884776,-0.06200131829818495,-0.10040783464609387,0.026436963634787466,-0.058109580896863175,-0.12156315762348752
GAAATCGCGCGCAACT-1,0.028249758730431708,2655.0,A,1047.0,554.0,-0.18021022435257947,0.03454983217327968,0.07871465291614463,0.3152180542272743,-0.10136424148113875,-0.0994682096034746
GAAATTCACATCGCTG-1,0.005340052941708744,3906.0,A,802.0,443.0,-0.012364539286143422,-0.14872544727226047,0.17863191552982474,-0.019160981922286113,-0.019913185199079017,0.1331192248538563
GAACACACATCAACCA-1,0.08525874826620287,7591.0,A,816.0,645.0,0.08040818029475659,-0.04493799506785835,-0.09192621346790217,0.23408638804715093,0.237197623580419,-0.01894976994150442
GAACATTAGTATGTTA-1,0.02451423860155807,8632.0,A,1741.0,461.0,-0.042357856270012595,-0.036786259784808824,-0.017360653490397365,0.01858751223788932,-0.0402815603329517,0.02139010036825284
GAACGACCGAATGATA-1,0.0004569517994786679,2333.0,A,983.0,577.0,-0.016986656032991154,-0.02586113277354502,-0.15775387935538585,-0.18450304572684625,0.05940263565907142,0.3442225045252683
GAACGCGGGTCACACG-1,-0.10240971622354467,1571.0,A,1642.0,1223.0,-0.5002414475038902,0.08324247223405423,-0.6820670223450569,-0.8040397453005672,0.10035863610510977,-0.011057799104370538
GAACGTTAGGAAGACG-1,-0.08517157602843325,2035.0,A,367.0,893.0,-0.1677420582218983,-0.0627236779417483,-0.11183354558972243,-0.03867790135950688,-0.139473823698885,0.05489294453372767
GAAGAACGGTGCAGGT-1,0.07801514811170727,3054.0,A,686.0,466.0,0.48254495586443824,0.29528638483585773,-0.032850919881230026,0.2692930149970203,0.06663992430055055,-0.3872459921717158
GAAGTCTCCCTAGCGA-1,0.017061634934639677,827.0,A,1345.0,978.0,0.1233760306762785,0.130272445762671,0.2091000262970802,-0.2228705508730043,-0.008865786668024837,0.05436650007208886
GAAGTGATTTATCGTG-1,0.06688556469726967,1360.0,A,779.0,1025.0,-0.09936160747422947,-0.03603115280573672,0.6580455624637219,-0.10282507151217955,0.171707415213801,-0.1866349109351113
GAAGTGCTGGATAGCT-1,-0.11371250262890009,2634.0,A,956.0,487.0,-0.37578608431961275,-0.1740301742525847,-0.16983643368399814,-0.08180346736232642,0.025386592029542125,0.05767527974468024
GAATAGACGCGACCCA-1,-0.08472268494924545,905.0,A,1358.0,1090.0,-0.08607511175183365,0.02525269966109668,-0.16977367130081095,0.0379988018142285,-0.09627305372249527,-0.02814100106009415
GAATAGCATTTAGGGT-1,0.2759293056802514,9756.0,A,1693.0,1178.0,0.4112923786479169,0.11714285292595436,0.39329091422440976,0.28325046592523023,0.24262459356894342,0.2240520588385021
GAATATTCGGAGTCCC-1,-0.10508848836211454,1055.0,A,1239.0,441.0,-0.17874153670984033,-0.014386439236473293,-0.12726423318178062,-0.020002584516475942,-0.15864315857447636,-0.04835185347152483
GAATCGACATGGTCAC-1,0.03643218797817515,3106.0,A,713.0,735.0,0.007592563343573987,-0.21887137094787942,-0.027918771676198006,-0.1496551518104918,0.3927981730199261,0.19331373048845502
GAATGCCGAAATGACC-1,-0.014085114923306066,11436.0,A,391.0,624.0,-0.4084480506282476,-0.14476325975641177,0.0671098141394648,0.15461914645782365,-0.010647399602471422,0.042077033463203524
GAATGTATGGCAGGTC-1,0.06860661298636124,1003.0,A,1342.0,485.0,-0.0044744725419152,-0.025373760406954694,0.1519246172866279,0.028988029179080506,-0.03271678537609638,0.430044054544188
GAATGTGGTCCGGATT-1,-0.013304231678865047,988.0,A,1217.0,1113.0,0.03545562896980704,0.014884273836625501,0.05007502479352982,0.011831497233323378,-0.17860598587470955,0.05048544429933695
GAATGTTGGGTAATCT-1,-0.0799559624150595,6272.0,A,1060.0,666.0,-0.19941713550085846,-0.055391147930783,-0.044169446993675816,-0.1265256076225552,-0.2504371080128389,0.05632062287915754
GAATTATAGTGAAAGG-1,0.05880834328858735,6663.0,A,1048.0,912.0,-0.24334209567115372,-0.06398085849917075,-0.04245004484550041,0.19590673575382148,0.059339736132608484,0.2584503999634143
GACAAACATATGCAGG-1,-0.0024545219238895633,856.0,A,1461.0,1134.0,0.04140271944487098,-0.0020810772804397415,-0.09549669478303771,-0.01583193924886455,0.04432403534723799,0.09186575975698702
GACAACGCAGCTTACG-1,-0.00014144099880605832,4424.0,A,867.0,600.0,0.10310672039577698,-0.2071824651179855,-0.01748536636944967,0.06932622631429974,0.08409304812508564,-0.11313729784188378
GACAAGAGATGAGATT-1,0.1145358036386161,26818.0,A,1668.0,1402.0,0.14786212863199152,0.08175992267471978,-0.2776005263405073,0.003880884763364109,0.266273772403326,0.09165944426171055
GACACGAGTTAGAGGA-1,-0.04298950507849392,4013.0,A,494.0,579.0,0.09767131912715774,-0.03655584413215944,-0.15726185985969107,0.3762455808180919,-0.16561029308202285,-0.24606987791946908
GACACTGGAACCCGAT-1,0.0047126329862698865,3256.0,A,1591.0,1312.0,0.21662010014776908,-0.35660836896516734,0.14111498394125352,0.019161234454952457,-0.2557418654469923,0.3295787850988701
GACAGCCAGACCTGAC-1,-0.14343737752288435,755.0,A,1281.0,1090.0,0.10493009736664458,-0.41614822501346227,-0.1771436498846607,-0.24672595167125586,-0.09439701314812032,-0.01394042563686091
GACAGGCACACACTAT-1,0.029235495746022355,3555.0,A,457.0,1004.0,0.22362502273677226,-0.04997624733954367,-0.12073226369363484,-0.13037214463848049,0.2539213162140328,0.03164870213735947
GACATACTGTCGCAGA-1,-0.13470761442358056,23347.0,A,288.0,625.0,-0.26337396136319235,-0.004723117227912299,-0.22998487606991153,-0.5328860723411872,-0.03655345308792937,-0.11628543202749209
GACCAAACGTTGACTG-1,-0.013818134025054093,1246.0,A,1565.0,1447.0,0.11689461417838504,-0.011104075420115996,-0.02113235608653726,0.025348173081042848,-0.260088053282446,0.17261129008768772
GACCCAATTATGATAC-1,-0.0577035054343621,8760.0,A,433.0,1363.0,-0.018331956674240965,-0.2722083900117717,-0.1270582505127252,-0.1420419197236224,-0.13346489116195892,0.12214591820473523
GACCCGTCGCCGGCTA-1,-0.0397001664541035,1578.0,A,930.0,353.0,0.18073694999542933,-0.0004492901473550047,0.09736522674929243,-0.030284671660950082,0.0587608166319786,-0.36348040052894043
GACCGACGTGAAAGCA-1,-0.0679937220318637,1045.0,A,1615.0,999.0,-0.1334631041820148,0.05742447686528934,0.044906206165075443,0.060452694610917596,-0.04608200633515499,-0.10111945659339912
GACCGACTGAAGCGTC-1,-0.11587621045144088,4597.0,A,457.0,915.0,0.25068848765968355,0.14283848941647911,-0.17699614335743363,-0.07219924070380389,-0.6215591328207523,-0.11561549222002118
GACCGCGTCTGACGTG-1,0.006348639322912547,2211.0,A,1616.0,1268.0,0.19286810319718006,-0.02168327808785424,0.15950887982518686,-0.16197470156443827,0.06399213679848291,-0.0639290123429278
GACCGTCAGGTCGTGA-1,0.020294986855005165,945.0,A,1213.0,441.0,-0.16224370620824907,0.057699978137931596,0.13221032704140617,0.23113132295937314,-0.1050457370650636,0.02729478524750574
GACGAGGCTAATAAAC-1,-0.005032445215090137,2182.0,A,1462.0,1403.0,0.003435914845747866,0.014642105974458211,0.0036470774533842905,0.05797885036548049,0.089368329255689,-0.10223019531335001
GACGCCTGTTGCAGGG-1,0.10980908985360466,7936.0,A,570.0,400.0,0.5822587772825725,0.13951214618269583,-0.13690415436490896,0.07252112036014274,-0.11193045701891685,0.11512761501884933
GACGCTTGCTTCTAAA-1,-0.024850886992511395,6659.0,A,637.0,1004.0,-0.12972369220598307,0.20878407672682625,-0.0656224351065955,0.013618480937640287,-0.20632290703948647,-0.0956015811328601
GACGGTCCTAGGGTGT-1,-0.059655161506425976,1554.0,A,1782.0,1110.0,0.07402200067260375,0.007444960421150268,-0.2871439595426717,-0.1845113143283461,0.015315682446605743,0.03753919219962375
GACTAACACAGCACCT-1,-0.008401037749671991,1012.0,A,1329.0,329.0,0.017948085351740792,0.1612497216250679,0.029063814636250983,-0.05776047237842275,-0.003864835043847839,-0.047589546398152896
GACTAAGATCATGCAC-1,0.03968694575788763,8421.0,A,854.0,667.0,-0.3302528979894938,0.0726439144220897,-0.26702207368296327,0.08229592777368021,0.026577975674559155,0.40441254416261735
GACTAAGTAGGCTCAC-1,-0.0011166519281379586,1699.0,A,726.0,757.0,-0.07521804286885941,-0.042828491381525446,0.07812427074706113,-0.08184450937378991,0.0035950489165214317,0.17971790643201724
GACTACAAAGCGGTGG-1,-0.03049441834020538,4367.0,A,445.0,1251.0,-0.23805635013124574,0.12064123079104472,-0.07006325645679749,-0.07430683691348494,0.06063378899286662,0.05727188251557343
GACTACAATTGCTCGT-1,-0.06892482882027966,1121.0,A,1226.0,329.0,0.18203495026198696,-0.09290252982205564,-0.4037776899752582,0.08805871965398301,-0.1547394998001184,0.14995516822421687
GACTCACCCACGTGAG-1,0.04252377946890541,913.0,A,1538.0,999.0,-0.3049203280763007,-0.10194600545792307,0.6281484174094187,0.4813209323448284,-0.33649460125989283,-0.04575566220353208
GACTCGGTCGGCGGAT-1,-0.003529916020504356,531.0,A,1547.0,350.0,-0.17358299185921539,-0.03725277529977071,0.40232218566300737,-0.0629632480863503,0.015506315934781495,-0.17104608321352177
GACTGATTGGTCACAA-1,-0.022419113106886504,835.0,A,1470.0,351.0,-0.03164612197159963,0.010990412649873459,-0.014072457215149315,0.21285879800431592,-0.18441193091057168,-0.04422487313902461
GACTGCACCAGCCCAG-1,0.10545205305625216,1176.0,A,1204.0,1180.0,0.11114810591220922,0.10420700726272791,0.11894219272597183,0.24293147620318728,0.08297277888836206,-0.04223354644158975
GACTGGGCGCCGCAAC-1,0.04903058759851352,2443.0,A,1380.0,284.0,0.05012258044992344,0.09050629866015454,0.06690662187356905,0.2668103635880228,-0.1012901199441472,-0.01737035084143733
GAGACCCTGCAACGCC-1,-0.12405865433567567,1913.0,A,1599.0,395.0,-0.16032525350669383,-0.07535490387034952,-0.04649183402753225,0.2078541848870708,-0.4123793429857089,-0.16674518121158763
GAGACTGATGGGTAGA-1,-0.285761899161886,3988.0,A,893.0,779.0,-0.1148536669298232,-0.15773720001933964,-0.40692659047088364,-0.22481530579187436,-0.14172769502184263,-0.6641415374753218
GAGAGGGCGCGAGGTT-1,-0.0910584649374237,1435.0,A,689.0,1003.0,0.026116568412508173,0.11818126932246242,0.059992673795927376,0.021761415000665106,-0.4964829101281285,-0.07981546044655503
GAGAGGTGCATTCTGG-1,-0.0509199099418119,2238.0,A,535.0,1138.0,0.11733357884624171,-0.058312742396486664,-0.0803071300183191,-0.11816898569526652,0.07780710849668045,-0.09327258182367895
GAGATCTGTCACTCCG-1,-0.044110892713437475,1017.0,A,1125.0,822.0,0.04613734415529638,-0.15606205896741898,-0.01745158910244164,-0.04361177173034093,-0.18939951350373058,0.2562002575331774
GAGATCTTCCATGACA-1,-0.03734652577953051,1214.0,A,1165.0,1158.0,-0.127702089699101,0.0219967151362516,-0.23371189994523817,0.2566375706195632,-0.0437986535815528,-0.05101287883020325
GAGCACGGCGCCTCTT-1,-0.047181493533074326,586.0,A,1744.0,1088.0,-0.12437224188858166,-0.08189305517881217,-0.026022907694324925,0.0907529123305667,-0.07372421479321753,0.18378538289253737
GAGCATCATCCCTGGG-1,7.904038108389605e-05,2156.0,A,686.0,421.0,0.12389190611675395,0.1870892917051383,-0.1280292026223822,0.02774342718919928,0.09868725243717419,-0.06333570855209987
GAGCCACGGTAGTAGG-1,-0.017031175570550505,7275.0,A,776.0,354.0,-0.11591097426657064,-0.05059733079226881,0.13437130290685897,-0.019744825604831866,0.08472644255469754,-0.3607828591451241
GAGCCAGCTACCTGTG-1,-0.0033815541840813423,723.0,A,1321.0,1336.0,-0.08147250917252799,0.08661725627262522,0.04072638455302141,-0.17001633653874532,0.11127036833714449,0.08654410949752722
GAGCCGAGCGTTTATT-1,0.0051339101191282405,1624.0,A,1548.0,440.0,-0.00025136019578823193,-0.0004944683394282404,0.04146593463202833,-0.02543373368813234,0.20795307214067482,-0.05696752143287109
GAGCGAGGGAGTACCG-1,0.12978749604200635,4066.0,A,918.0,465.0,-0.08240396212403776,0.1621355543297815,0.08131548169625505,0.23235178639464274,0.1171192370762901,0.2107996205062759
GAGCGCAAATACTCCG-1,-0.049560540121981266,1631.0,A,1552.0,1290.0,-0.48403686306059585,0.39268570398251124,-0.009653699615222897,0.06848833541072749,-0.20868389798492984,0.14712707987948467
GAGCGCGCACGAGTAG-1,0.01708391266444584,861.0,A,1372.0,1246.0,0.19348646262506683,0.0011483249787086064,0.08776583054546962,0.2176666248101389,-0.018685090698944723,-0.12161984920066392
GAGCTCTCGGACCTAA-1,-0.09093230400309912,2073.0,A,596.0,489.0,0.14180024352397116,-0.47919137604986634,-0.049081690892619725,0.03392928217686619,-0.009581593525266437,-0.10198142539990555
GAGGAGATCCTCATGC-1,-0.03310185975703324,5822.0,A,274.0,423.0,0.021342304340100288,0.1388850646560877,-0.19793243066571564,-0.2452801023368329,-0.04007937575013815,0.008893812940884517
GAGGATAAACAGTGCT-1,-0.038147577542669786,2478.0,A,1641.0,1044.0,0.029909249049427444,0.105217642830428,-0.3470089344731763,0.2284851457303035,-0.008139665202973085,-0.10135871536425854
GAGGCATTTGCAGCAG-1,0.012595558627400923,3479.0,A,1715.0,506.0,-0.08961338249219777,-0.17044999291863822,-0.055114699859920104,0.10177540823021539,0.32758587255684796,-0.07164207109394306
GAGGCTATCAAAGTCG-1,0.1299975612293897,4254.0,A,521.0,937.0,0.07779104105962008,0.11584902509604508,0.048529155548238945,-0.07987801207797107,0.25513310437699044,0.20044639731082048
GAGGGCATCGCGTATC-1,0.11870886745094418,14532.0,A,596.0,399.0,0.4649570985929864,0.1686389732550288,0.021358624329625077,-0.014993217401263428,0.019930795110069774,-0.05960234467209512
GAGGGCCATAATATTA-1,0.014287998522896292,12173.0,A,1741.0,596.0,-0.16950114322194287,-0.011748876392646587,0.09098195550638227,0.018071051805905153,-0.04117960437881238,-0.04062440100777225
GAGGTACATCCATCTT-1,0.05213668854072021,4266.0,A,1046.0,420.0,-0.18203509164963802,-0.21944601910973088,0.28177246541356216,0.07942578382027012,0.41454761854649613,-0.10108310277380995
GAGGTCCCAAAGATCT-1,-0.022550977407760936,1582.0,A,507.0,557.0,-0.08240467923120959,-0.2740265314805634,-0.022680410542462746,0.07730190285537122,0.05222905588087959,0.1257192443398092
GAGTAAACCGGAAAGT-1,-0.023607898986332438,3367.0,A,1680.0,1290.0,0.5328533027391096,0.12933501572547532,-0.33067987803220555,0.07167039205588657,-0.13390205723633794,-0.15866650354634196
GAGTAAGGCCACGGGA-1,0.15621394138838424,17913.0,A,355.0,1229.0,0.02035258082546018,0.23627997458086905,0.3450418042290893,-0.004474209457912701,-0.09243147445639546,0.1351671495612885
GAGTACGGGTATACAA-1,-0.028410683142023295,2958.0,A,725.0,488.0,0.09087279000864354,-0.038268148095440116,-0.06346626130212192,-0.4721498397560591,0.10608587662056183,0.24193878082536147
GAGTATCAAAGTTACA-1,0.15255488646580628,75577.0,A,1733.0,1424.0,0.28689931963955856,0.15722745580276126,-0.059801662730698216,0.043180943732801014,-0.03730298228313797,0.06218643294665188
GAGTATGCCCGCCTTG-1,-0.03813496536372683,7062.0,A,728.0,1249.0,-0.0049307159459060085,-0.14001446675803145,-0.11530131627003656,-0.06995744246969657,-0.15651386009711726,0.10497230672709347
GAGTGTGCGGTACCCA-1,0.061859702049390036,656.0,A,1307.0,1135.0,0.16895150452668045,-0.07129047015465412,0.10236311723399884,-0.07163382154540143,0.03296334647100122,0.41616714074406663
GAGTTGATGGCAATTT-1,0.04519449009527184,5128.0,A,420.0,1296.0,0.038934701494068004,-0.09637942937586283,0.02028934145068039,-0.011152741126723667,-0.03436451215327474,0.17250206431880483
GATAAATCGGTGGATG-1,0.02801273556459871,2739.0,A,699.0,489.0,-0.01645077794328997,-0.08423760410013847,-0.17730620187464577,0.283920388343902,0.13785829904533295,0.10379596919815559
GATAACTCGCACTGTG-1,0.021284874957200023,682.0,A,1319.0,1023.0,0.277709975628914,0.1344942141053994,0.04677452121598005,0.08547372330729847,-0.012878265920361238,-0.040961920200077453
GATAAGGCAGATGCAA-1,0.13715476219674594,16238.0,A,531.0,377.0,0.42808969460087776,0.3935477339769383,-0.2052096368514248,0.19514971072228698,-0.17804882077726575,0.083880289154668
GATACCGTGTCGGAGT-1,-0.033481890591325454,1008.0,A,1808.0,1065.0,-0.10292475251341865,0.2746268835045945,-0.19072589635795864,-0.08977010487419765,0.07978385569653676,-0.10298741168795483
GATAGGATTAATTACA-1,0.06385922102841696,1445.0,A,1795.0,1043.0,0.13967667089905456,-0.06046834030183947,0.46389828023389945,0.039528198775143436,-0.06456879235968221,0.09845914939769904
GATAGGTGTCCCGGGC-1,-0.05791264964881093,925.0,A,1756.0,1021.0,-0.20918452035620838,-0.0778429998399918,-0.04846200275192337,0.050517879246877756,0.0649539049271606,-0.0459841655955219
GATATCTCATGCAATA-1,-0.022182087322178187,1668.0,A,917.0,420.0,0.13770199980007464,-0.17681920758175024,-0.19142288349060868,0.08698010343031262,-0.27345897876250397,0.3725513426467636
GATATGAGACACTAAC-1,0.011954344290869973,1088.0,A,1216.0,1023.0,0.012376785880105538,0.011076649224136363,-0.116919880626007,0.19072387889356537,-0.021293827675522355,0.1387391528888829
GATATTGAGATTGGCG-1,-0.07616556536699871,789.0,A,1460.0,910.0,-0.08211009234598787,-0.12343386510324336,0.041599699742897664,-0.26765437607603426,0.06894145278731141,0.12323563588602066
GATCCCTTTATACTGC-1,0.056527431604155035,8012.0,A,945.0,778.0,0.09119362656108315,-0.02394271537222023,-0.1661423935019112,-0.17999759036834,0.45224096929325086,-0.17292463850935408
GATCCGAATATAAGTG-1,0.011441652286796751,2502.0,A,1769.0,953.0,0.02864759917568148,0.15736357444379268,-0.4077646223950074,0.06860050633855645,0.082418438149847,0.18884217481061819
GATCCGGGAATTAACA-1,-0.02661885744107731,1669.0,A,1113.0,1024.0,0.0019181516074033914,-0.2833561171115609,0.03109306289119218,0.016681706719991744,0.06846108551274581,0.00920015447419658
GATCCTCGACACTGGC-1,-0.04953569267775193,15113.0,A,587.0,1272.0,-0.3546337286629784,0.041784284437051136,0.05650093032577116,-0.32446475139804376,0.1787421388632181,-0.1886944666254867
GATCGACACTATCTGA-1,-0.10931963494473818,5474.0,A,778.0,757.0,-0.05694450276625823,0.1151161522518108,-0.32759697093156886,-0.34908090336066744,0.2553579729522475,-0.3006135949775411
GATCGCGGGCTCTCCA-1,-0.011251080360658583,11244.0,A,843.0,958.0,-0.42291986913763197,0.034419670340223064,0.17943026657914268,-0.17469026772543317,-0.18278393621143607,0.28934214574640094
GATCGCTACCCGATTT-1,-0.0008009579296512775,904.0,A,1436.0,1268.0,0.1135161516598203,0.13670592250550345,-0.015410043314279333,-0.010921084169770258,-0.05257344983619841,-0.10563710821289961
GATCGGATAGAACCAT-1,-0.016918748571720134,4565.0,A,342.0,1072.0,-0.18855597675921096,-0.06671979662993324,0.04111930507321647,0.11230060108317062,0.028579140885299916,-0.01140155876990072
GATCGGCGATAAGTCG-1,0.10404313444126119,8006.0,A,352.0,602.0,0.19469631039132293,-0.09475403437337043,0.24222377536391995,0.22029311830676856,0.27937972878631845,-0.2821884637277171
GATCGTGACTGATATC-1,-0.10801073876251285,3003.0,A,1100.0,1001.0,-0.05272952225147114,-0.2635791645962294,-0.2275089498129253,-0.01633093838968723,-0.17285906893813957,0.019246007143417457
GATCTCGACGCTGTGG-1,-0.03451839812555111,1340.0,A,1693.0,1267.0,-0.4667913963123907,0.10277643468044671,0.1754394026084982,-0.13984330383523189,0.005695443354556535,0.3667499454120064
GATCTTCATTGTCCTC-1,-0.05022810642417584,7801.0,A,288.0,580.0,-0.09733384563539255,-0.025108858657369455,-0.12217091180561446,-0.021263775025296333,-0.19925191055982702,0.04218363240171989
GATCTTTGCTCAAAGA-1,0.10350954743623177,5076.0,A,1715.0,417.0,0.08068720176380538,0.05042995103797957,0.09758715605234876,0.018218233756310542,0.023762274763440568,0.16347096015331813
GATGCTACAAGCGCCT-1,0.061087307932167226,6087.0,A,828.0,533.0,0.009452551455207348,0.1205953478370688,0.031758045168257996,0.3565857479352987,-0.2063752272837557,-0.19316203707295515
GATGCTGTATTTCATC-1,-0.04886614995062231,1518.0,A,1139.0,1113.0,0.10764936636004804,-0.035555256331231695,0.0005497353996830427,-0.10769980286909411,-0.17692223820446606,0.024693539572606855
GATGGCGCACACATTA-1,-0.013070017374310988,4257.0,A,545.0,579.0,0.22328878776021163,-0.05251740567860085,0.2441000162794168,-0.28519481537260216,-0.18833956988375528,-0.026156723368946574
GATGGTGCCCTAGGCA-1,-0.033391495457888457,1766.0,A,1175.0,374.0,0.027038881780401387,-0.012414090957633595,0.12479121423359152,-0.18747093021566816,-0.2322100393646754,0.07733710494276949
GATGTAACGAACCACC-1,0.031231118904054028,4044.0,A,446.0,1295.0,0.2638735527730824,-0.09133065307887667,0.16776540383453425,0.0025448996361179567,-0.0022516803279332594,-0.13666728099155762
GATGTCGGTCAACTGC-1,0.07369829972260503,1676.0,A,1110.0,352.0,-0.09088227596277079,0.12060356280646721,0.38369772800590424,-0.09050383316825589,0.098160899163727,0.07632587461987775
GATGTTTGTGCGAGAT-1,-0.10998652840243217,3222.0,A,558.0,601.0,-0.046667544562482455,-0.5995648168741015,0.27295913271844985,0.061813343373859755,-0.2846652590300781,0.09999179897867365
GATTAACCGAAAGCCC-1,-0.046875374414417983,1020.0,A,1372.0,1381.0,-0.19193962869957704,0.026372987111705992,-0.017503521170008102,0.16397697467469644,0.0808367802759496,-0.10116880968006323
GATTCCCTTGTCGCAG-1,-0.009110398721120821,9941.0,A,1035.0,711.0,-0.12755515719477012,-0.0939752169574041,-0.06400525412328074,0.10045454861363988,-0.05134278980856702,-0.06690363517677698
GCAAACCCTACATTAT-1,-0.045609733763114564,2550.0,A,1230.0,1225.0,-0.22504562912173715,0.28348883153985344,-0.4647383951369095,0.43683065873416355,0.02403437419943507,-0.14377008969860655
GCAAACGTCGCCAGGT-1,0.12475799418230879,2357.0,A,1680.0,1200.0,0.5302874819613639,0.2690210209374172,-0.10022743761045896,0.17725471566000817,-0.08116577708102914,0.19814918003492488
GCAACACACTAGAACT-1,0.18468572922959478,11815.0,A,381.0,1184.0,0.21284662418116151,-0.06080756340055615,0.2493004354567256,0.11536037455688938,0.13810825006388588,0.17209796458264506
GCAACAGCAGTATGCG-1,-0.0039422747044356166,799.0,A,1538.0,1178.0,0.03547595505412829,-0.05407681734326082,0.15793863253537244,0.10725140281641377,-0.17058050427447705,-0.013880992236382884
GCAACCACCAGACCGG-1,-0.20062023585245164,835.0,A,1355.0,463.0,-0.3171087814071906,-0.6863965009316965,-0.014072457215149315,0.09193776188025049,-0.16525054594355254,0.0313052596370693
GCAACCACGGCCGCGT-1,-0.019808708946715756,1906.0,A,548.0,1116.0,-0.012644065737575098,0.21800113578516703,-0.019707746279229298,-0.19429272045135593,-0.06790410812652353,0.08753477794010187
GCAACGGCTAGTTATG-1,-0.1729131890867498,1302.0,A,1628.0,1111.0,-0.29471586316678167,-0.16058686054252952,0.13789347086218923,-0.30129877352255885,-0.22969067336249843,-0.018956768126650356
GCAAGATGTGTTCGCG-1,-0.07411625709996691,588.0,A,1522.0,395.0,0.3840376836460947,-0.3191451752274715,0.3316009369976621,-0.06712434063105896,-0.1881700402103798,-0.10365878789982595
GCAAGTGCACAGAGAA-1,0.2452660599996545,4235.0,A,713.0,690.0,0.1160605244387184,0.09102874142441325,0.21229802721010244,0.17653426749354906,0.4806535433509449,0.30958212513760786
GCACAAACGAGGCGTG-1,0.06677407024215487,3729.0,A,1641.0,1178.0,0.2580797028765683,0.036843455321281415,0.05592098660547683,0.27774423654237224,-0.1409047988666447,0.0953768666401258
GCACAAGTGGATCATA-1,-0.2124604342415307,2698.0,A,249.0,513.0,0.026511674353897556,-0.20244469948378352,0.14879222644812326,-0.8096709843169043,-0.16671739736611565,-0.22670474029135218
GCACAAGTGTCGGAAG-1,-0.04817953589144583,1913.0,A,994.0,375.0,0.27258501697549564,0.025952474911361302,0.46952270510811533,-0.07373230239578543,-0.023956018449288602,-0.7111421864493199
GCACACACTGGTAGCC-1,-0.1527042777587869,736.0,A,1385.0,1403.0,-0.08732913089160779,-0.14697765621103726,0.45404485170707376,-0.19014645334184496,-0.6500677620243324,-0.04215672966540339
GCACTAGTCGCGCTAT-1,0.07955326245670248,3770.0,A,725.0,444.0,0.17633145224660204,0.012545495972410723,0.33765306921784005,0.010947584746321112,-0.05130698823299738,-0.012254853660695977
GCACTGTGCAAATGTA-1,0.13886688059293578,10572.0,A,596.0,355.0,0.12566894349973334,0.43454268750079234,0.0482477228627153,0.02997555388509239,0.14714349296945367,0.018748185348540135
GCAGAAACGTAATCCA-1,-0.06098059570453793,14055.0,A,1740.0,327.0,-0.2529465419651313,-0.02372029573299851,0.07560989335292226,-0.3172074248876787,-0.1459031077517065,-0.09716686115867304
GCAGAAGGTAATCTCC-1,-0.008706417792425113,3827.0,A,1745.0,1267.0,0.2644843319487038,-0.09478443657280658,0.03270584082243917,-0.012468743976668223,-0.22124924728690154,-0.0452657073153262
GCAGACCCAGCACGTA-1,0.020851371787336724,981.0,A,1499.0,1022.0,-0.01620505351552562,-0.10702490676542263,-0.04686819607022055,0.28149797988717207,0.10159631400195399,0.046230570922336366
GCAGATCCATAAGACT-1,-0.09867153294928452,1425.0,A,1269.0,1292.0,0.17183932598712673,-0.056491689475235626,0.04684314033755496,-0.19513855530085483,-0.12365780198212174,-0.016765029923513093
GCAGCACACAGCCCAG-1,-0.30981396748155765,2554.0,A,714.0,1003.0,-0.5262709509510282,-0.33985210942286903,-0.12824119385465096,-0.09858596139320301,-0.15182107314781443,-0.5853631530323126
GCAGCCTATATCACAT-1,-0.13861508024003052,3024.0,A,1627.0,932.0,0.08078186380703775,-0.13063462664950057,-0.2125762833109055,-0.08874967752098516,-0.14824060810076056,-0.2740406479937172
GCAGCTATGGACAGGT-1,0.03708390546007085,1267.0,A,1625.0,439.0,0.29076249440961655,-0.008944129386142627,0.1576519009067748,-0.2844038035341214,-0.109079018132191,0.1984985772078696
GCAGGAACTTAGATCT-1,0.02526006324272259,8253.0,A,369.0,1341.0,-0.030821402905390913,-0.12182481647046452,0.034618419819113365,0.11543484905169635,-0.07611228400233708,0.06386761796334538
GCAGTGCGGGCGGATG-1,0.005132810210213251,45832.0,A,1797.0,1401.0,-0.14099301425322802,-0.20626707642426673,-0.08930951789741329,0.05972219313973845,-0.037347676262919016,-0.1592866859373507
GCAGTTCGATCCGAGC-1,0.18991405939624878,29743.0,A,1694.0,1401.0,0.30850669938845565,0.19214315140626348,0.11754309384880712,0.22292428006847975,0.01724467129088436,0.027913874363864277
GCATACGAGGTCTTTA-1,0.023186545507180023,12194.0,A,354.0,1005.0,0.010203313106299697,-0.28769608419258713,-0.24707502718579813,0.3038829727990193,0.02573917691292464,0.002208530987140779
GCATCCCTAACTTTGA-1,0.1158133626273885,3090.0,A,712.0,511.0,0.3231064633935745,0.20249492207888045,-0.06491834068938682,0.14047532149735073,0.09715901046037909,0.12526002204828232
GCATCGGCCGTGTAGG-1,-0.0054921087175512084,86.0,A,1500.0,1246.0,-0.03544791399980704,-0.07428693761879668,0.01103857987053606,0.004636996854056108,0.020213042936866016,0.2978356822911899
GCATTGTAATTCATAT-1,0.09527848656878758,4984.0,A,445.0,1072.0,0.35166336599475617,0.36250321949986597,-0.06892509236785699,0.08928073655091294,-0.011690515773822588,-0.07077682849189348
GCCACTCAGAGCGCGA-1,0.01055019899766979,1423.0,A,1398.0,1470.0,0.14822782834232032,-0.01334743940249715,0.07361148952019195,0.1252493746794345,-0.12279241719204192,0.09718165015977563
GCCACTCCTTACGGTA-1,0.2409074624511121,11297.0,A,1707.0,1379.0,0.7388693038749609,-0.025363494243315673,0.3561341184145642,0.1268357080281723,0.09544896883777061,0.04963987408675057
GCCAGGCGTTCGCATG-1,-0.05531526172693321,523.0,A,1316.0,351.0,0.05473813849329121,0.19075322572828915,0.06997614451569992,-0.06234709803990146,-0.06838891049794757,-0.2213739380935755
GCCATTAGCCTCAAAC-1,0.15228248509565567,8733.0,A,343.0,1385.0,0.12631672296131335,-0.03654465961991127,0.35395953329798985,0.17385579205810014,-0.0427980541408951,0.07676158249147566
GCCCACCAAGGCTGTC-1,0.14671155694693974,15185.0,A,660.0,422.0,0.19704320709971984,0.04075097909762772,-0.0059782901906489105,0.280841749671678,0.0015626686800176426,0.17571659662199465
GCCCAGATGCTGGAGA-1,-0.030764342590954577,867.0,A,1730.0,976.0,-0.0374138369349674,-0.12201584107758531,-0.014702137148809642,-0.08332928867560543,0.003232671169737557,0.15436812653046422
GCCCAGTTGGTATGCC-1,-0.1049623631037784,3058.0,A,661.0,645.0,0.026665726022910227,-0.2172838978632646,-0.2555333513148629,-0.22377209689873567,-0.15938256724064107,0.2233125366738984
GCCCGACTTCTTCCCG-1,0.04892663159064414,3411.0,A,497.0,1250.0,-0.2780871299871494,0.2739732820327369,0.32065225541379655,-0.11864900735996972,0.020807830351750187,-0.16844256551540895
GCCCGCGCGTAAACGG-1,-0.07589019217154266,10626.0,A,703.0,1249.0,-0.16248464078037317,-0.054368331249503715,-0.0869522945331127,0.11763739858549493,-0.14916203160120284,-0.3690038260978991
GCCCGCGCGTTTGACA-1,-0.1250724342618935,4432.0,A,687.0,600.0,-0.15196482692726626,-0.05261969761110355,-0.5419341327248911,-0.17867349263686344,0.0025452854193030207,0.04669933548482214
GCCCTAGCCGTCGCGA-1,-0.0023396985982950397,9348.0,A,382.0,1363.0,-0.21849172620869595,-0.22833021556314487,-0.07073912657203449,-0.01685162741645932,0.14975305957349336,0.11284492799045939
GCCGCACTCCGTTTCA-1,0.017251895511476795,618.0,A,1731.0,1110.0,-0.020032132745893258,-0.06521919999555323,-0.009284952341515777,0.0432834162438913,0.3000557454714685,-0.03947702106768558
GCCGCATTAGTCCGGC-1,0.025387632602636545,3640.0,A,393.0,938.0,0.345757656411882,-0.06892222159000505,-0.051206295658322236,0.0986918063304086,-0.20861614947171067,0.0765340066605824
GCCGTGGAAGAAATGT-1,0.07750422327139211,3080.0,A,1653.0,1021.0,0.15876835409868917,0.4050126375195336,-0.1475545416945487,0.11460300919367654,0.10662150696800894,-0.12942578023553952
GCCTAGCGATCTGACC-1,0.014301060405571178,4035.0,A,713.0,600.0,0.38276167585923687,0.4098441915372569,0.045832480850916395,-0.01946989595457433,-0.27197022419856515,-0.5076595993746186
GCCTATTCCGATATAG-1,-0.16702392896402385,2178.0,A,559.0,691.0,-0.07324265068254701,0.06688806311907977,-0.1657662353442126,0.01108849181444534,-0.7348402831980188,-0.012852894328742509
GCCTCATCTGGAAATA-1,-0.04715116509964678,928.0,A,1396.0,1067.0,0.053708966612184716,0.06066844148320418,-0.32975170164078005,0.069013161412814,-0.1776664350362034,0.12416267395603715
GCCTGCTACACTGAGA-1,-0.014825087833146872,475.0,A,1534.0,328.0,0.08820519152346673,-0.15533426020148478,-0.0054645878226057265,0.06386310476238093,0.09802089252153919,-0.035844091875911956
GCCTTCAGCCCTACCG-1,-0.2320520668919357,1733.0,A,815.0,510.0,0.06961533277119172,0.18224726011678785,-0.13986635248279644,-0.05149274091964362,-1.2111206884037076,-0.1151607965350025
GCCTTGTATATGCAGT-1,0.15524228060039236,3377.0,A,365.0,535.0,-0.01620761515966746,-0.10479308829812875,0.24671294985735356,0.15384799313689862,0.18991109341127188,0.31631635433395405
GCGAAACGATCGGGAG-1,-0.05681446132365356,1186.0,A,1462.0,1358.0,-0.1262993247096124,-0.42726771673398417,-0.04990303140157785,0.18799012594973127,0.19706255215043572,-0.06397617870845791
GCGAAACTTAACTGGA-1,-0.006701830585284618,893.0,A,1230.0,1135.0,-0.01590679225221356,-0.01705353429123329,-0.02600584605658878,0.026087920748672916,0.08466788852088808,0.08335392892184429
GCGACATGTAAACATC-1,0.029136708536502853,1297.0,A,1550.0,977.0,0.4600110219105024,0.11912386043935136,0.24946485146367642,-0.058454718563267956,-0.044034909657113666,-0.10091326534038919
GCGAGAGTTGCGTCCA-1,0.029565389182848047,10364.0,A,1550.0,887.0,-0.054771920191694135,0.29957951462152416,-0.09372426072064267,-0.07869043462299952,-0.10309858348223794,0.005013268295139817
GCGAGCGCATGCTCCC-1,-0.02142218431442476,1147.0,A,1576.0,977.0,0.027006489390837073,-0.15544442273041528,0.5217301174275915,-0.1410159850861508,0.0434785683807406,-0.18950746181136086
GCGAGGCCCGAGCAGA-1,-0.046273826301632646,5062.0,A,779.0,981.0,0.07941646462974639,-0.03726375211073663,-0.10852239854000345,-0.4036015712915717,0.1808850824668864,-0.15034816289196445
GCGATTCTGGAAGCAG-1,-0.0049225115530767555,2175.0,A,1123.0,375.0,0.06926544500990107,0.07925221897519519,-0.3810126978713743,0.010209086647674536,0.07380579381016879,0.08197956859924886
GCGATTGTTAACGTTA-1,-0.1346449379119782,1159.0,A,1164.0,979.0,-0.05904238506976171,-0.06364263601470493,-0.0809156403129469,-0.03169565697453112,-0.1665182526494429,-0.14156520817986618
GCGCAAGAGCGCGCTG-1,0.041098817365163035,593.0,A,1461.0,1044.0,0.3393076194129438,0.09376831556483377,-0.00866290053914166,-0.06747165198448969,-0.06497010925338118,0.05970739378399341
GCGCCTCCCACTCCGA-1,0.026102191865311472,888.0,A,1590.0,1223.0,0.08647827310300411,-6.859102721651356e-05,0.20057561866900506,-0.009672345876896339,-0.18790399738123437,0.13425574627415982
GCGCTAATTGAATAGA-1,0.053572478872225424,5022.0,A,1074.0,912.0,-0.15770265699317118,0.05442671619429232,0.07439290460848508,0.0294191323763991,0.0251926211361468,0.16276923560818718
GCGCTCGATCACCTGT-1,-0.11674718949284296,1342.0,A,1783.0,1155.0,0.1365871215843933,0.2942489608354965,-0.022528378447754075,-0.10223720308011994,-0.18322781177647082,-0.6918048470169882
GCGCTTAAATAATTGG-1,-0.015887925643948114,1233.0,A,1321.0,1426.0,0.20733624202003462,0.031892956603883894,0.025300346425613192,-0.011487640862106206,-0.04754835256262627,-0.05131572371758248
GCGGAGAGGGAGAACG-1,-0.06189543661286563,1080.0,A,1178.0,1180.0,-0.0593849550775763,0.07352294364174737,-0.0326284316086402,0.05241398752518063,-0.013822003348207185,-0.22572937171765955
GCGGCTCTGACGTACC-1,0.03697760871086685,1519.0,A,663.0,1003.0,-0.142177863989708,0.3110147609201593,0.1976356661469303,0.0981102756753621,-0.35937444787559064,0.119067796017351
GCGGGAACCAGGCCCT-1,0.03641352144308088,5348.0,A,790.0,555.0,0.251617389131328,-0.02507443007742516,-0.13920731696104907,0.2454514582668601,0.1505553225832787,-0.24460129279391096
GCGGTCCCGGTGAAGG-1,-0.016899559333581973,2943.0,A,1703.0,529.0,-0.11928320205499457,-0.030380673739733147,-0.08736247987897755,0.26046466375187577,-0.18621787703432116,-0.020325583296865145
GCGGTCCCTAGACGCA-1,0.106361259916932,1831.0,A,750.0,444.0,0.11759483581570448,0.11068138379828864,0.1178282118942745,0.15857072378417253,0.30031411591312585,-0.219233968180758
GCGGTTCCCTATCATG-1,-0.07551551244232729,1705.0,A,805.0,1204.0,-0.2422610693259519,0.009033804316960298,0.025898557065398328,-0.15489917745499007,0.0746871453818188,0.025909670498175323
GCGTAAATGGCCATAA-1,-0.15014459058191676,1267.0,A,1486.0,910.0,-0.14009602315088546,-0.06394872109392703,-0.25861180206167816,-0.1352192436350033,-0.1823543750153715,-0.05185025551453369
GCGTCGAAATGTCGGT-1,0.04441665852714653,1505.0,A,1008.0,532.0,-0.13973816067931488,0.11090999061297396,0.023147040400391092,0.23632367248229508,-0.09305133790658084,0.20689137119137038
GCGTCTCTGCATTGGG-1,0.04424461317030424,2385.0,A,702.0,1026.0,0.11825330135377754,0.007706422631096114,0.03514150040763264,0.18138479165811025,-0.1592550897726965,0.08617132164505997
GCGTGGTACTGGGTTA-1,-0.06058675958308558,687.0,A,1396.0,933.0,0.13504427021298593,0.0037488541060852892,0.11122738657239972,-0.15079891747376165,-0.07176601015959433,-0.27013338634297795
GCGTTCGGAGACCGGG-1,-0.04618901540414359,4076.0,A,1497.0,574.0,0.07085198804987364,-0.1426271181572349,0.012016583856489604,-0.4466627180722731,0.11684001978422687,-0.008254320219979624
GCGTTCTGACTAAGCG-1,0.11494983150456231,24446.0,A,1810.0,1423.0,0.150602990070607,0.08188530184323979,0.06239067061835741,0.2223332796372281,-0.049631167260845835,-0.013381088446244735
GCTAAACCTGAGGTGA-1,0.03006757084912129,9901.0,A,468.0,669.0,0.01667546664818162,-0.24752169674778088,-0.06018282445537307,-0.08766123449869911,0.2091158650444383,0.14370481045301706
GCTAACTGAAGTCTGA-1,-0.07141278486381408,1720.0,A,1308.0,1448.0,-0.15322213235589588,-0.19483921527124,-0.027393291429932472,-0.19983483571222427,-0.15967338603068856,0.3156586832025931
GCTAAGTAGTTTCTCT-1,-0.010780591386930036,1144.0,A,1203.0,911.0,-0.17519314236103412,0.03207404048937629,-0.01955958871373568,0.17296902124562483,0.021260662373170362,0.021593692125741186
GCTAATACCGAATGCC-1,0.0998361034156447,4403.0,A,777.0,622.0,-0.12318456073904571,0.37885147653228435,-0.030023790964795453,0.12498512964106943,0.21714062484108462,-0.03510753773414384
GCTACAGTACGGACCG-1,0.1228319073654898,4861.0,A,355.0,1050.0,-0.036575786251521296,-0.03126287057404811,0.18814041787427993,-0.012787454642088057,0.5958615574333946,0.05134939638311704
GCTACTATAGTAGAGT-1,-0.024851906902453542,1353.0,A,1385.0,1269.0,0.10722765839649986,0.10173585055996387,0.12300705903271789,-0.07032000078031742,-0.16619880063926712,-0.06231991469189966
GCTAGACCGTCTACTG-1,0.0886892501388041,740.0,A,1512.0,1089.0,-0.08032430369103107,0.4322003001416338,0.023722481045435766,-0.011017292485226558,0.11612214010289033,0.23443388994522604
GCTAGAGTAGAGATGT-1,0.05524581844666173,1485.0,A,1411.0,1403.0,0.1611245046538155,0.24829777951700077,0.0908433583184206,0.037123447056387225,0.14537581996076904,-0.07642101826329802
GCTAGCACCTGGGCCA-1,0.03777792145837411,769.0,A,1731.0,1021.0,0.0654947751922034,0.551246571254798,0.09189553390951244,-0.44131988398618094,-0.2310429170723134,0.3585388281197414
GCTAGCAGGGAGTGGG-1,0.040296878371486974,1920.0,A,1471.0,485.0,0.22107938201691532,-0.0301270432018459,-0.04385578598184158,0.26560839294939625,-0.1121026704616797,-0.020191566620390268
GCTAGGCACCACGGAG-1,0.021133234127765826,1527.0,A,1256.0,1359.0,0.10951000047991433,0.11028744827659534,0.017280673449595562,0.01237939218071386,0.14572346321448437,-0.10440861985803976
GCTAGTTTCATTGAGG-1,0.06450984178843719,2654.0,A,648.0,534.0,0.08653284916473092,0.04501338491786046,-0.015711403058638176,0.23592252803959887,0.027037776777953985,0.03475496978721294
GCTATACGTCTCGGAC-1,0.05067816229827271,737.0,A,1308.0,1314.0,-0.1541446014515625,0.6483994612699411,0.0660411824520328,0.03067590269362204,-0.2804578277683607,0.23623886612230405
GCTATCATACTCATGG-1,-0.0004819133143721399,1967.0,A,1179.0,1359.0,0.09167587093376288,-0.059838316424039376,0.020348700494341444,0.03679171798241067,0.1788205563718194,0.010201697128653242
GCTATCGCGGCGCAAC-1,0.015328932315469807,4965.0,A,481.0,601.0,-0.14340389278731022,-0.08098870982524725,0.05740314089636751,-0.1757992311438886,0.14098673542057696,0.17081402707862897
GCTCAACCTCTTAGAG-1,0.03211251718547781,7706.0,A,288.0,535.0,-0.18473895603919513,-0.18713520642754672,0.07593552232838133,-0.09603011493164473,-0.10375322419764464,0.45937716817069313
GCTCATTACTGCATGT-1,0.014891334159822925,731.0,A,1368.0,441.0,0.10606405178578684,0.15580167683790536,-0.011901249135935363,0.2692550430363561,-0.2119090653169846,-0.042048191799965745
GCTCCATGAGTGCAGA-1,0.09678315937213022,47501.0,A,1784.0,1423.0,0.19194396736151953,0.08153212141670006,-0.13352294314760604,0.06170709905958366,-0.07744182854243183,0.015903752277596286
GCTCCCAGTCGGTCCA-1,-0.12157071859258667,553.0,A,1577.0,1111.0,-0.1304767453438891,-0.17201759058347124,-0.22998244081131483,-0.024296068157962453,0.02166274022049712,-0.0378838807814109
GCTCCGCTCGCTTCAG-1,-0.013943487645332958,810.0,A,1615.0,1088.0,-0.13137734080585503,0.22520416496156903,0.03683047803074024,0.03420099500483338,-0.02035041736464107,-0.04371654650204369
GCTCGCTCATGTCCAA-1,-0.0033874408363105124,807.0,A,1448.0,1067.0,0.059481150411469126,-0.0010439870885489144,-0.013507400886558673,-0.016634086094014053,0.13184577277428505,-0.09522889632627603
GCTCTAAACCCTGACG-1,0.11415614489462238,3025.0,A,919.0,689.0,-0.0810629795461528,0.4271318342235898,0.5394078563976417,-0.03631158598224324,-0.3803272663628817,0.17059131037191844
GCTCTATGTTACGTGC-1,-0.05439718502734016,1139.0,A,687.0,735.0,-0.10281972356632141,-0.07331520252163268,-0.019479897881928963,-0.0950551039073393,0.1427988103726837,-0.049786973878932037
GCTCTCGGGTACCGAA-1,-0.11476637896436837,3448.0,A,919.0,734.0,-0.25656135554399523,-0.2888781218385002,0.12976853569444313,0.11230279338398576,-0.19914267285916887,-0.20839378810060266
GCTGAACTCTCCAGGG-1,0.019399649379936712,592.0,A,1718.0,1043.0,-0.05715726356232098,0.1108130694496461,-0.10289179543127505,0.17596916684547464,0.13715451602836376,-0.03885060358043633
GCTGAGCAACGGTTCT-1,0.0478437384128548,8193.0,A,262.0,580.0,-0.3145659605722936,0.15642127750229382,-0.13902932976056437,0.06573510810318553,0.2472951719572537,0.09101366667527111
GCTGCACGGTTTCTTA-1,0.05144173661214413,1033.0,A,1113.0,1068.0,-0.0777067290091118,-0.02677589654087842,-0.01772729678773684,0.27112908075405745,0.09841505012682963,0.19331881688470964
GCTGCTACTGCGTAGC-1,0.1314791392405642,2953.0,A,1140.0,1292.0,0.18515145808921524,0.43826392788347956,0.02694545639978852,0.0910378591699913,0.19300933346120172,0.04126101787762991
GCTGGACCCAAAGTGG-1,-0.04209933598614206,1981.0,A,1535.0,462.0,-0.020418786259676254,-0.2653632560982346,-0.10894016493194596,-0.06394601656591636,-0.0013953166131056242,0.19228376643907422
GCTGGTGACTCGTAGT-1,0.026787360728788265,2246.0,A,1676.0,394.0,0.18730670770628932,0.045417634477496395,-0.032962931164599946,0.2458169548049391,-0.23454085962581175,-0.03413505275476485
GCTGTTGCTACCGAAC-1,-0.21893422240199398,951.0,A,1396.0,1022.0,-0.1938128527196893,-0.3684785738505105,-0.23585170937098396,-0.2478294854365513,-0.0960918625016006,-0.04647320551315086
GCTTAATGTAACTAAC-1,0.05508635798694835,1136.0,A,1255.0,1090.0,0.33576917587821337,0.10149507912559644,-0.019431960944951275,0.24689181063984,0.059723443606552025,-0.14984490404987588
GCTTACGTAGTTAGTA-1,-0.03285890282663855,1655.0,A,1615.0,954.0,0.11680256177920777,-0.11321171998150406,-0.042915752583135534,-0.25505516548439516,0.19306603974804135,-0.08132008358869196
GCTTAGGGAAGCGGTA-1,0.09175060011177745,11207.0,A,1766.0,416.0,-0.0896229204360478,-0.04019488568769787,0.2770168884327848,0.13257455373506927,-0.07278838770855975,0.03356657860124578
GCTTATGAAGCAGGAA-1,0.1569099439315692,949.0,A,1319.0,933.0,0.11936812658061621,0.10310851822789538,0.3605842792281818,0.4445989594654707,0.046417259390397286,0.12378588567225227
GCTTCAGTGGGATTAC-1,0.010337906917346595,576.0,A,1624.0,305.0,-0.13282399606379575,0.05165741278785821,0.03637367243480315,-0.06627972479411572,0.08676111320172045,0.20481470749144262
GCTTGATGATAATCAG-1,-0.1727872107008947,3556.0,A,636.0,645.0,-0.09105416339535022,-0.295838178445968,-0.22363143455204856,0.014947235851087946,-0.14372569533629695,-0.3553447298842855
GCTTGCAGCACAATTG-1,-0.08557909987902239,6499.0,A,1677.0,573.0,0.049911234882541705,-0.31163494943635656,-0.047850384617988614,0.04616447227554273,-0.16161215474976393,-0.13904749463310226
GCTTTCAGAGGAGGTG-1,-0.06684655120867242,700.0,A,1396.0,888.0,-0.05837309009147783,-0.1778126457837906,0.04182617121888453,-0.08104512084198129,0.031186555877387917,-0.041365821791175414
GGAACCGTGTAAATTG-1,0.10240071037524687,9086.0,A,780.0,1249.0,0.09983940204744447,0.06758622926075285,0.036315901168733164,0.42022639329719463,-0.14557014696017118,-0.07060713768281134
GGAACTTTGGCGATTA-1,0.1328259463892623,943.0,A,1591.0,1491.0,0.20792807599144925,-0.03474169448683935,0.053240412205860524,0.12832815440441606,0.34569994236703644,0.024821590522720285
GGAAGCTCGCTTACAG-1,-0.03247840696837613,432.0,A,1239.0,396.0,-0.12432165019951849,0.15889424481893316,-0.004170954403119806,-0.26324763379211746,-0.05935326071487529,0.2391007592104653
GGAATGCGCTAGCGTG-1,0.07991273505947176,1655.0,A,1228.0,866.0,0.08710724661499614,0.09747444137185977,-0.10728579332615681,0.07268897487230877,0.31940502176139557,0.04985338909760318
GGACACAAGTTTACAC-1,-0.03165130105260178,966.0,A,1603.0,1200.0,-0.06564252778548564,-0.0531111452120576,-0.11589147615866147,-0.08794232267688473,0.06997934389859953,0.13272732051676187
GGACGGCTTGCGCAAC-1,-0.0629018067027711,598.0,A,1470.0,306.0,0.05004876192828231,0.09670055362343764,-0.008788701331261431,-0.13070963740867092,-0.07467187547581418,-0.038996409824155275
GGACGTCCATAGTTGG-1,0.038177806099905176,3696.0,A,1664.0,462.0,-0.056118292870360575,-0.07482677030361042,-0.04429946110875672,0.38579384148722096,-0.1538505485030174,0.1347128574091374
GGACTCACAAATTAGG-1,0.0755625178361318,2305.0,A,1732.0,1245.0,-0.011049905027650703,0.11600156852257974,-0.08531492219242028,0.12471829771711565,0.45515516729494343,-0.021901650594725854
GGACTCGAAGCTTTCA-1,0.017074550215842192,5746.0,A,1771.0,1491.0,0.06541190318449303,0.04121593894212701,0.0817614353375721,-0.034487310032137716,-0.05658409580730204,-0.02181888102159439
GGACTCTTCCGGTTGA-1,0.14906832774484075,52516.0,A,1758.0,1424.0,0.17523996440003048,0.09167725762386095,0.04946431314649802,0.16163201632197846,0.018492635328551763,0.025796252911277073
GGAGAAGTCATTGGCA-1,0.11807053491818738,5599.0,A,700.0,668.0,-0.02342384499615844,0.01136161951554994,0.3450240550638165,-0.041285525094398055,0.3145295433896591,-0.11215213996857763
GGAGACCATCTACATA-1,-0.009055352207507389,18735.0,A,278.0,1274.0,-0.0033357134913584163,-0.03907372218562219,-0.13381135090999108,-0.0968148650242773,-0.0725768604606577,-0.014992952511524126
GGAGCAACATTTCAAG-1,0.0418904659887694,1143.0,A,1501.0,1425.0,0.07221974091314774,-0.03186138492813591,-0.03720733053534239,-0.0952075677119956,0.24340652537944188,0.03220847742836348
GGAGGATTGAAAGGAG-1,-0.049147046803731,1394.0,A,1110.0,308.0,0.2550227293771809,-0.13245342014544464,-0.03908942608399901,-0.39466017405844916,0.241684249474929,-0.08341816686184383
GGAGGCCGAAGTCGTC-1,0.003417826222652404,2964.0,A,1666.0,1043.0,0.4442671058821965,0.12821535994429153,0.0336881496406403,0.023424392284414276,-0.18046782700188743,-0.24520645459945825
GGAGGGCTTGGTTGGC-1,-0.055667581447207064,1496.0,A,1177.0,867.0,0.10548411723239409,0.00040343894525042556,-0.11770772033526254,0.17576344888398235,-0.21329428502735542,-0.07925851023612723
GGAGGGTCAAGTAAGA-1,-0.012445292383726912,1392.0,A,1643.0,1536.0,0.076662478876694,-0.12330665405652351,-0.02681574693986294,0.47165616128398513,0.002812060505314809,-0.27526977349252635
GGAGTGCCGCCCTGGA-1,-0.025857789818007924,3411.0,A,854.0,577.0,-0.14770654514035536,-0.04446379707963987,0.06761666229678949,-0.15175260571633067,-0.023651464778533315,0.08008402250708493
GGATCATCCCGTACGC-1,-0.016719441470151947,3503.0,A,1471.0,530.0,-0.009395044380388805,-0.023329531050289967,-0.0405977334007294,-0.212586548112077,-0.06204622149354903,0.13799356726090464
GGATCCGGAATATACT-1,0.08053830771907763,1223.0,A,1228.0,911.0,-0.010541035168285223,-0.006679315549666234,0.1000971421468374,0.20963223041363518,0.13408990552394487,0.13896160792593512
GGATCTTGACTCAACC-1,0.14373452342686038,8465.0,A,394.0,1296.0,-0.0691785727801694,0.20089176690560223,0.24311211056145252,0.03780340233889336,0.028076246514226563,0.16981493588435306
GGATGAAGATCGCTGA-1,-0.09863665874389971,716.0,A,1384.0,1090.0,-0.06262246727321055,0.20458842608231215,-0.2654787024788089,-0.15824195109239145,-0.0830480325230383,-0.22359508167757766
GGATGACGCGAGTTTA-1,0.06565910361252265,2460.0,A,753.0,981.0,0.099285903359362,0.003301434490579952,-0.18130246459397906,-0.16542937625857612,0.3760937266174535,0.18576250464466418
GGATGCTGGCGTTCCT-1,0.161318868014174,4136.0,A,419.0,1027.0,0.48097350071432154,0.06792172378974337,-0.1656726926783572,0.290142304388799,0.013630163579428384,0.284585483311804
GGATGTCCTTACCGCA-1,-0.004375042008704519,974.0,A,1344.0,933.0,0.4806943631204095,-0.22505004453001956,0.26827254602888156,-0.08431063287115503,-0.14361116545089375,0.03120983874980226
GGATTAAGCTAAGGTC-1,-0.04927647954786998,1810.0,A,1290.0,307.0,-0.18911319489415007,0.02779467069580717,-0.050832739038015246,-0.23909625842989501,-0.007797629834025177,0.16127618805709001
GGATTCAGTACGGTGG-1,0.11107391347517151,2097.0,A,597.0,579.0,-0.02631453596539927,-0.0640813226255761,0.2638158790216982,-0.10594020967901563,0.5307182850175463,0.08230319024999341
GGCACTCAGCCGACCC-1,0.07072577916572317,16114.0,A,1758.0,1379.0,0.04160921858676567,0.025733234182850895,-0.19305890857663663,0.21675139632907414,0.15042083058723443,-0.024513290903487295
GGCAGCAAACCTATGC-1,-0.0226375551496436,1426.0,A,1500.0,1290.0,0.3484012926319627,0.03596862340168161,-0.13323759100720114,0.01900507352916221,-0.11493383376733622,-0.1150749556226289
GGCAGCGGTAATCCTA-1,-0.06609600087878284,2373.0,A,1458.0,463.0,0.15644200071785927,0.12292035946969551,0.1233712459165331,-0.31544246794770453,-0.26988620298741345,-0.402289480767426
GGCATACAGGTAGCGG-1,-0.04811944033059476,5008.0,A,585.0,914.0,-0.09454913216525143,-0.03180897569077344,-0.12268102091710538,0.04127719754749613,-0.06877635202815019,-0.10396694097338105
GGCCCAATCTAGAGGG-1,-0.036338598619587215,1307.0,A,1676.0,305.0,0.01262167511892899,-0.2153499693855902,0.09563919893565678,-0.048133809957884736,-0.028779194098566475,-0.0002815740921857414
GGCCCAGTTATCAGCA-1,0.05878484977623291,3563.0,A,1663.0,417.0,0.12061503741313555,-0.062354805568589446,0.07110370881787298,0.025432540147531418,-0.029204261431764543,0.10126213281921076
GGCCCTCACCCACTTA-1,0.06293650162046614,3467.0,A,470.0,982.0,0.14643526140069824,0.09618228365549218,0.04594375986358233,-0.08430971782353894,0.11190390213761896,0.13675297155190969
GGCCTGCTTCTCCCGA-1,0.07953624829860936,5168.0,A,1630.0,1469.0,-0.16111278981317356,-0.06378860265200875,-0.024515717591962125,0.3122406777305965,0.1608636127697907,0.10140426851674605
GGCGAAATCTAACTTG-1,0.028194849277701675,1089.0,A,1294.0,1112.0,0.18692260934851013,0.03778406127419878,-0.018668637192635427,0.05893323728286037,-0.009055089602881088,-0.04894106103732049
GGCGAGCGAAACGGCA-1,-0.02917343324992039,6419.0,A,266.0,1296.0,0.15268546255143395,-0.16297992373029774,0.10804563111843095,-0.39352390120422936,0.13070019781242656,-0.14164197484359026
GGCGCAGGACATCTTC-1,0.05220554640761407,3488.0,A,521.0,982.0,-0.15904579095421828,0.3845126917834273,0.048673420601343276,-0.0846367051973977,0.1785950736657794,-0.17604111906039446
GGCGCATGAATTGATG-1,-0.055814004386219626,1777.0,A,869.0,1092.0,-0.034036135714745105,-0.05017733067884283,0.12196467698429693,0.19039219341463187,-0.23539477972386869,-0.32421893605060587
GGCGCGGAGATCTTTC-1,-0.06859169340494943,1541.0,A,1282.0,1448.0,0.1213925293289203,-0.26898855029071855,0.1900709798397044,-0.16215252957658255,-0.12515239615629514,-0.1459802549982569
GGCGCTCCTCATCAAT-1,0.204332098311699,3617.0,A,416.0,535.0,0.014830640114676486,0.5589151708193817,0.1509683589224069,0.44887576723092143,0.03283506947819857,-0.07641247377432406
GGCGGGCTCTAAGAGT-1,-0.019495131212960905,7519.0,A,1809.0,1334.0,-0.024161690984885173,0.05554066224191773,-0.012848268475148708,-0.12969553914297488,0.014281863422232983,-0.1003515172322591
GGCGGTAGGATCATTG-1,-0.16196946876257934,1792.0,A,1061.0,845.0,-0.20273345636273682,-0.049341574170372444,-0.14505827752768916,-0.2869135519828703,-0.1555394831634477,-0.10477365350411764
GGCGGTTTGCCGGTGC-1,0.1386333694063006,6591.0,A,313.0,490.0,0.09848032123879708,0.07818115403805853,0.13292121171272217,-0.026241058607696044,0.08050129697410731,0.3380148069997337
GGCTAATGATTGAAAT-1,0.030494319191150948,3793.0,A,1625.0,395.0,-0.0677479742250644,0.12407361206957357,0.03618542943472222,0.06085698684800804,0.11992282787634462,-0.21771601820915487
GGCTCGTGCCACCAGC-1,-0.15477025138498984,2621.0,A,661.0,601.0,-0.1035374009810634,-0.02255170867641004,0.09466359961829753,-0.006140254038137732,-1.1432961300218223,0.16486771569421282
GGCTGAAATAGCAAAG-1,-0.03870612337888914,2320.0,A,1191.0,1247.0,-0.08540187744499282,-0.013794492041509834,0.16563596455419713,0.01541716442645625,-0.016913024158448198,-0.14727426046750663
GGCTGAGCATCGTAAG-1,-0.0595652057110526,651.0,A,1445.0,351.0,-0.13322552139409533,-0.03546076962207417,-0.010080574125505469,-0.0012455739886782363,-0.014287862373027531,-0.04025245720260144
GGCTGGCTAGCTTAAA-1,0.21338350907681336,7683.0,A,544.0,400.0,0.5824359099334152,0.15641717941341726,0.15807576957724082,0.22877781613959966,0.0835955348843972,0.03417939287487943
GGGAACGGGAGGTTAG-1,0.049008997601452844,3350.0,A,650.0,1026.0,0.03860774886480334,0.048240523419440795,-0.11678751936361477,-0.17539867103040158,0.11375903517015731,0.3264985713660976
GGGAATGAGCCCTCAC-1,0.024508273058823082,5963.0,A,1548.0,574.0,0.12027621799575687,0.07795051069855888,0.10411034347018924,-0.15783347431257086,0.045050051396384024,-0.14914726619705468
GGGAGTTAATGAGGCG-1,-0.07061759775298988,5809.0,A,1138.0,889.0,-0.1349280714202034,-0.10193935834339402,0.15918958801530098,-0.16673697069039584,-0.12277754202250303,-0.1653619776882853
GGGATACGGTAATAAT-1,0.0417632475768846,23549.0,A,262.0,625.0,-0.011003200681130088,0.0039267402681035235,0.007963886942771822,-0.19479106209525993,-0.06678307480707901,0.10051657193064292
GGGATCCCAATACAAA-1,0.005088477664590085,6485.0,A,1716.0,551.0,-0.14067275593882472,-0.28165261714840306,0.12437661715748943,0.21192480250411713,0.10498257381300595,-0.06299458246349171
GGGATTTACCGCACCT-1,0.04923796927720345,694.0,A,1332.0,1090.0,-0.03130392149979515,-0.08129695219086604,0.16882994717941435,-0.006868801332523426,0.19811338364481468,0.13481743139181887
GGGCCCTACGAAAGGG-1,0.07029965566929658,4163.0,A,380.0,1005.0,0.3149439281748045,0.06469748822634652,0.08108656804083227,-0.18167497445875766,0.0788640804590964,0.03432215340010502
GGGCCGGCCGAAGTAC-1,-0.051319443151507646,975.0,A,1254.0,956.0,-0.10748466040244743,-0.1301146703194918,0.030374889731891584,0.025269343778678233,0.03275044684975051,-0.08347832720551568
GGGCCTATTTAAGTAT-1,-0.04522322743541231,6073.0,A,1676.0,439.0,-0.2885952415737295,-0.2516030453991053,-0.012740223643479648,-0.09769669392335378,0.07141491825254348,0.15275957827121708
GGGCGAATTTCTCCAC-1,-0.05035653927917824,4307.0,A,262.0,535.0,-0.3203251825696562,-0.41299458620032076,0.015997732653591758,-0.12194053195620838,0.2062730497298551,0.06400970242622786
GGGCGATATGTGTGAA-1,-0.12059979576469908,8773.0,A,919.0,778.0,-0.07443766706967544,-0.17263163222627798,-0.021558075019197324,-0.30761644366279317,-0.22968010267321542,-0.05543126701036953
GGGCGGCAAATGAATT-1,-0.09474762720010543,3827.0,A,754.0,1249.0,0.015703121543727203,0.027278224455018926,0.12745108718138048,-0.2718604561036295,-0.2628274614282812,-0.1379020267334698
GGGCGGGTTCCCTACG-1,0.0016012786129992324,1429.0,A,651.0,1115.0,-0.03697193914475155,0.058537364413805755,-0.13958123553004487,-0.010920099075014376,-0.046161115563331696,0.19940519608621082
GGGCGGTCCTATTGTC-1,0.018964589266082972,1602.0,A,532.0,467.0,0.17137543013001993,0.3164067858441481,-0.07910936730501854,0.1589746504863327,-0.08923452736014338,-0.10113028282189386
GGGCGTACATTTATAT-1,0.07671240674748708,4637.0,A,867.0,689.0,-0.04805481711624607,0.010452189544259485,0.07186289150512189,-0.027091363370551836,0.36205267243198785,-0.08135679918050645
GGGCTACTATTTCGTG-1,0.04957160633548226,5938.0,A,253.0,1274.0,-0.2815383616506726,0.03535292803172067,-0.12563813044093491,-0.0569171920827653,0.36763118662651123,0.18847867101973248
GGGCTGCCTAGGGCGA-1,0.05401453651978999,5387.0,A,1061.0,890.0,0.3652408701116247,-0.049104351557445004,0.03115592607983768,-0.03751074516445678,-0.12623335522745582,0.130716914674523
GGGTACCCACGGTCCT-1,-0.011918797420879555,3684.0,A,506.0,467.0,-0.1860513097927335,0.0365036550738818,-0.08337455473940004,0.10599633248748992,0.11172311783530245,-0.11333565375042738
GGGTACTTCATGAACT-1,0.0320793907619057,5941.0,A,676.0,981.0,0.09163901274549564,0.043460809139972946,0.01823164631578116,0.08858196168550114,-0.14920225210715096,0.06145118977104945
GGGTATTCTAGCAAAC-1,0.017089748323753845,12331.0,A,369.0,1385.0,-0.21520125882855337,-0.20390240075737442,-0.061718072494767205,0.19107350511110577,0.2211126962186788,-0.08764793168351924
GGGTCATGCGTACCAT-1,0.11200823467674138,9590.0,A,353.0,647.0,0.15143607572402173,0.7292719166816495,-0.2079977981294642,-0.20206266258955785,-0.02574631860466462,-0.06628264370523096
GGGTCTATCGCTTTCC-1,-0.0011319268483953593,811.0,A,1630.0,1558.0,-0.08359876745310237,-0.0013886880826077946,-0.013588957067591396,0.0423518244803785,0.17517512758068704,-0.04373705318692529
GGGTGGTCCAGCCTGT-1,-0.2113447097475069,1985.0,A,1058.0,308.0,-0.49837056915477285,-0.21463753926236984,-0.2219734032659654,-0.012031268566713582,-0.325670956304313,-0.04447514578351288
GGGTGTTTCAGCTATG-1,-0.011780725559322129,1428.0,A,1047.0,509.0,0.05796560067362976,-0.007999671092135566,0.025434919630032943,-0.06064149159134159,-0.05079126967323079,0.1576746442616671
GGGTTCAGACGAACAA-1,0.026974968365666485,6779.0,A,417.0,579.0,-0.0611459101026605,-0.12409800489114717,0.3207874783985166,0.09396001302377335,-0.34182879070454597,0.08887573746631144
GGGTTTAGGATAGGAT-1,0.0028055073459790567,714.0,A,1551.0,1111.0,0.15057885029432383,-0.2359014890288472,-0.09790008739153308,0.011440934410531227,0.13658504544346406,0.23981348450859674
GGTAAATGTGCGTTAC-1,0.030767410434526882,766.0,A,1213.0,397.0,-0.10075039669514388,0.06782927034464939,0.05565683970122661,0.29610060963570894,-0.011311528587336188,-0.04279939804039436
GGTACATCTGGGACGA-1,0.12134220958634627,2627.0,A,406.0,1005.0,0.14492244530074405,0.04700999834785856,0.11753148091885239,0.08397523738031866,0.28171690453055687,0.10678116416647693
GGTACTAAGTGCTTTG-1,0.0004408784260165055,5128.0,A,1758.0,1289.0,-0.16942925130588368,-0.2872438009663306,0.012980063930521452,0.08994398039268328,0.02992356492722933,0.05431959986279386
GGTAGTGCTCGCACCA-1,-0.10816001106755475,6730.0,A,1100.0,912.0,-0.11489698779989017,-0.3155076155129077,-0.03016248937508864,-0.1542920605361887,-0.02690181517866176,-0.11064353196729673
GGTCAAGACTACTTCG-1,-0.08524568560859752,1509.0,A,1526.0,1335.0,-0.2680893723240778,-0.2508418978928233,0.1807676822358682,-0.38105579375032783,-0.040055022524413196,0.004461437428123039
GGTCATTGTAGTCATA-1,0.22767052508247473,8911.0,A,1715.0,461.0,0.199131848685982,-0.1204955194162025,0.11330923232126983,-0.026322159408217145,0.6641906739251129,0.42164569778663896
GGTCGGTAATTAGACA-1,0.1412219365778615,38251.0,A,635.0,422.0,0.28540567787796023,0.09869951099713249,-0.05337684862599862,0.15860726858772178,-0.15666080293263207,0.21621695688296189
GGTCGTAAGCTCGCAC-1,0.05449218700199883,3285.0,A,420.0,1251.0,0.038829911570775866,0.05189477427205515,-0.023839705737861223,0.41859547485185084,-0.18070043631023033,-0.03586330173583314
GGTCTCCAAGTAGTGC-1,0.12505436858682,4716.0,A,1783.0,1244.0,0.018498438979968432,0.17084751199338105,0.020965266618768644,-0.08405410354928497,0.24923546283954667,0.25118616259144233
GGTCTCCGTCCAGGTT-1,0.044520701348338375,26567.0,A,1476.0,1559.0,-0.11769261399638677,0.038415883619742255,-0.07095473374393121,0.12603344927966592,-0.09821510513246234,-0.01757804310531176
GGTGAAGTACAGGGAT-1,-0.014406673252405806,4295.0,A,651.0,1205.0,-0.11107443480463572,0.10623274705743019,-0.024569997798254986,-0.09911304148442458,0.1119897763316253,-0.17159182006042425
GGTGAGATGCAGATAA-1,-0.23053126317175168,2785.0,A,635.0,511.0,-0.33214242230386193,0.22490909426675446,0.0022491505653856243,-1.0604468356408754,0.31287850672114764,-0.18563286082023886
GGTGATAAGGAGCAGT-1,-0.15966211873570083,972.0,A,1190.0,979.0,0.042820871462749426,0.0846641671629883,0.04109059804511739,-0.967133661944463,0.06262796523843173,0.04909036236173131
GGTGCAGAGCCTATCG-1,0.06896627807912839,2165.0,A,1509.0,418.0,-0.23350120206464983,0.17423490018216253,0.21977272343830492,0.31560226943803604,-0.08292513330673813,0.13154272324086583
GGTGCGGATAAGTGGC-1,-0.09850456953336635,2630.0,A,764.0,511.0,-0.5598848187758321,-0.103743881927356,-0.052206261374635986,0.29021359008873515,-0.1083313593906128,-0.09013488661575324
GGTGGACCACGTGTTA-1,0.020784177364873882,1065.0,A,1521.0,306.0,-0.05003684901916118,-0.04557055153806637,-0.01826959779999884,0.1303256868534483,0.37667207286828297,-0.22214332417087818
GGTGGACTGCTCTGGC-1,0.038170366966102875,1255.0,A,1269.0,1381.0,0.08847694163194406,0.3168063305594613,-0.17383626347373113,0.03169748702649899,-0.03678246443483971,0.023641215237070468
GGTGGAGGTTGATACG-1,-0.08888918560861891,1374.0,A,1744.0,1133.0,-0.07820727694848072,-0.1889343986569357,-0.19611904334744223,-0.05886229026473945,0.062728915906972,-0.028375580237870273
GGTGTTGGGCGTCTTA-1,0.06324332309110758,2603.0,A,1757.0,1244.0,0.2502822209488351,0.06848086068826012,-0.11279235246380685,-0.16557317727390167,0.23022730842782632,0.11474986351362029
GGTTACCACCCTCGGG-1,0.17378289137892797,2535.0,A,599.0,1160.0,0.26878960555386866,-0.06912857728876137,-0.03560529287595576,-0.007564629841972546,0.44285088031847225,0.46979443643203495
GGTTAGCTATATGTCT-1,-0.03673458507314328,932.0,A,1294.0,1202.0,-0.010826085785790002,-0.04475560868873514,0.13321608962272485,0.1665761538062475,-0.34083226593436394,-0.04611663729125062
GGTTCTACTCGTCTGA-1,-0.0611522734694398,824.0,A,1525.0,1022.0,0.24770872461251428,0.03529294227609105,-0.03524197056270237,-0.03086777050507067,-0.09280300403688552,-0.18230227762754697
GGTTGTGTAGCCTGGC-1,-0.09372462587725591,1610.0,A,341.0,893.0,-0.11491803779639495,-0.0907674196081417,-0.10685347036427639,-0.09827925787514424,-0.13922412537559484,0.010779471863093002
GGTTTAGCCTTTCTTG-1,-0.029525279301067936,817.0,A,1487.0,1179.0,0.10893216216765099,0.13143901843482647,-0.08342605613042679,-0.01713591146007875,-0.16211708817048368,0.14422008980750492
GGTTTCAATCGGTCAG-1,-0.07676666763635784,1064.0,A,1344.0,888.0,-0.050683155525987525,-0.0058144157961715695,-0.19968907642785835,-0.01060559851707829,-0.18353751095574744,0.06070360410984575
GGTTTGACAAGAAGCT-1,0.010075082099962504,2032.0,A,1612.0,417.0,-0.12906127188565966,0.060618426417083815,-0.2998914810647321,0.1453664062356444,0.10844329789765952,0.30377989113738096
GTAACAACTGACCTTG-1,-0.044096607649172476,6595.0,A,1702.0,394.0,-0.11744798069831315,0.12357610793482138,-0.0651332536621539,-0.080819131135288,-0.19387838731628332,-0.07351846282598679
GTAACATCTAAGATAA-1,-0.011282529595963361,2770.0,A,1591.0,1402.0,0.1794502770256501,0.04778831958574044,-0.3955740565314235,0.236985942138873,0.13891469412254726,-0.280470443616587
GTAAGCGGGCAGTCAG-1,-0.22037008196773553,3051.0,A,983.0,666.0,-0.24608837990296564,-0.814864755960382,0.12751244739649764,-0.13527413683595768,-0.08121495506507276,-0.2633360459503743
GTAAGGATTTGTCGGA-1,-0.06223747007640404,2834.0,A,1046.0,375.0,0.06640315591487485,-0.22850734971884626,-0.33606596773154024,-0.1619723664472414,-0.0039426559086577035,0.34121797722079406
GTAAGTAACAGTCTGG-1,-0.0021807004214711434,769.0,A,1229.0,1046.0,0.06223300751644037,0.15458809663994594,-0.012718144586238565,0.006124782906304839,-0.08634797798360092,0.03491364254060424
GTAAGTAGGGTATACC-1,-0.0945959143560224,2049.0,A,636.0,735.0,0.11879878593763851,-0.17633269697759918,-0.20776146592076672,0.01477276573489868,-0.06715738114517525,-0.12201423537683452
GTAAGTCCACACTCTA-1,-0.029767657388234642,873.0,A,1705.0,1110.0,-0.11084397572853093,0.04357197671835419,-0.014818367739814192,-0.08362221486126852,-0.026652361188704378,0.09509504324811742
GTACAGAGGCAAGGGT-1,-0.1210504784799636,807.0,A,1242.0,978.0,-0.07064106702534095,-0.012585437628271662,0.03695844438241032,-0.08029382138982773,-0.10877445077793446,-0.37408730800678497
GTACGACGGCGCTGCG-1,-0.032937715739729624,1672.0,A,506.0,422.0,0.22852351301884927,0.20115236748470391,-0.055071500839303775,0.15169891846625122,-0.19129601799307144,-0.3146598588559685
GTACGAGATTGCGACA-1,-0.01567567120850804,1983.0,A,906.0,622.0,-0.14299582903264468,-0.22503249545676873,0.041765589138510376,-0.054298480307045975,0.36649235995584356,-0.10178758771239907
GTACGTCACGTATTAA-1,-0.02056218160395437,1701.0,A,1548.0,395.0,-0.019490930748840056,0.03557484886275365,0.0065117814079322656,-0.0328400202238148,-0.11019748312532887,0.06779612857652739
GTACTAAGATTTGGAG-1,0.012629612883723157,3737.0,A,880.0,756.0,-0.11097646991982824,-0.09645673759349332,0.32141309710660737,-0.045822353016501706,-0.19177467443288299,0.11547979969405289
GTACTCCCTTATCGCT-1,0.2527891133498626,2640.0,A,534.0,959.0,-0.03908125698172258,0.6537984426203417,0.3426875152402216,0.405122689534845,0.2717438362389286,-0.03706208503957291
GTACTGCATGAAGCGT-1,0.031045771368152758,2768.0,A,673.0,399.0,0.2251186408226762,0.1658111441156858,0.013927513908686746,0.05401527664581719,-0.05039487417190308,-0.0694172506236835
GTACTGGAGTTAGACC-1,-0.10272949780770665,1182.0,A,1216.0,889.0,-0.044143942227721535,0.07153397537051939,-0.0370944556943776,-0.09666905920434488,-0.3229046295601387,-0.05049589402319539
GTACTTGGGCACTTCT-1,0.043366367893708596,4370.0,A,596.0,534.0,-0.2762690402659318,0.008577446728648894,0.13414493646813758,-0.1172096006823953,0.5192652191691429,-0.03579244665812285
GTAGACGTCGTTACAT-1,0.12112452162821517,5093.0,A,673.0,444.0,0.32632514302860066,0.07745114127153577,0.20885212958541913,0.19240494855206122,-0.1602956461188764,0.22536714203345432
GTAGCGGCTATACACT-1,-0.06934694566057768,4261.0,A,1062.0,1024.0,-0.2578532190822429,-0.2974321082447033,0.056820998280932185,-0.05043194986562738,0.21278648418604948,-0.16088209720312477
GTAGTCGCGGGAATCA-1,0.11378568924513228,2276.0,A,1217.0,1247.0,0.23068395395091698,0.08294465367384476,-0.19233748516431015,0.1944317342758088,0.0035766584828828604,0.35294357859688574
GTATAATCTCCCGGAT-1,-0.047297633014446075,1567.0,A,326.0,468.0,-0.4945841415314649,0.1551034181226388,-0.025531374692654915,0.24173765112758422,-0.06689162636956798,-0.07443220243501604
GTATAGGACTCAGTAG-1,0.06062675867824152,1945.0,A,918.0,599.0,-0.15048084793692704,-0.10232689938130753,0.11406162343167252,-0.18631657432832407,0.5696738583980091,0.08165599801044182
GTATCAAACGTTAGCT-1,-0.025386365975225963,878.0,A,1424.0,1380.0,0.2662166472018919,0.0361114873523917,-0.08283854152881959,-0.03470120289824691,-0.09244105358349211,-0.06498284402353441
GTATCAGCTTGGGTTC-1,-0.239054605880402,1977.0,A,610.0,601.0,-0.8182490696156091,0.014683056534695812,-0.05266698432157832,-0.2301169740454189,-0.061140843879911935,-0.24136766595912826
GTATGAAATTTCACTC-1,-0.004292792819253093,3303.0,A,459.0,1318.0,0.13118079604235364,0.05709052346315308,-0.13744880926685607,0.06072002112477312,0.008764524443931686,-0.18813338645200398
GTATGTGGGTCTAGTT-1,0.013617599259130891,794.0,A,1358.0,1000.0,-0.02007325554101258,-0.2500640287112532,-0.032910559116149,0.12126498058214695,0.24805755081258812,0.18268664571039805
GTATTAAGGCGTCTAA-1,-0.08673473132572926,4786.0,A,507.0,601.0,-0.18477971865534434,-0.5489275303822783,0.17609539750573994,0.20983038636808865,-0.36192231125296914,0.10425035020838856
GTATTAGGGTTCGCGT-1,-0.022384068395359835,598.0,A,1573.0,305.0,0.04654304093303199,0.008802808076598043,-0.2681381291381698,0.08466701444469006,0.15701420952484157,-0.038996409824155275
GTATTCTGAGAAACGA-1,-0.11552527778397127,6113.0,A,664.0,1227.0,0.01322424755774363,-0.15818873394189745,-0.023645642348583826,0.0189097473939668,-0.03097083281311861,-0.6114042068535651
GTATTTAATGGCATAA-1,-0.06051819713989752,3305.0,A,1719.0,1312.0,0.2333270370705016,0.021537209640444692,-0.26868805110467087,0.03454550218561315,-0.12515056719379325,-0.13810812847372345
GTCAAAGTTTACATAG-1,0.10821938540568452,5247.0,A,545.0,444.0,0.30235193393855103,0.04015081672091324,0.13372606341056031,-0.02313243451395311,0.10502124017262715,0.18781257017542408
GTCAAGCGGACTCGGG-1,-0.07841914928449081,792.0,A,1165.0,1023.0,-0.103318162931657,-0.024505035123974513,0.03760473889087955,-0.21866732572213346,-0.0988546360701667,0.0450038433811471
GTCACAAAGTTTCCAA-1,-0.22291861134457075,1450.0,A,956.0,353.0,-0.08528822827590599,-0.04540420028850266,-0.02401315602081147,0.016621546449053587,-0.9717947376734346,-0.14545936154221709
GTCACTCTCCAAATCT-1,0.05397590332755219,4568.0,A,571.0,668.0,0.10505896916089513,-0.053668565622270015,0.002428055131101751,-0.05296139866421193,-0.029739094674874404,0.18466901733317218
GTCAGTTGTGCTCGTT-1,-0.0018952940411156322,2362.0,A,1084.0,352.0,-0.03438130474289094,0.06002084576449547,-0.3693418298065485,0.025559837045395037,0.3754893439778242,-0.04798248310668998
GTCATGGACATGACTA-1,-0.08563029660376476,2360.0,A,970.0,733.0,-0.10686807558420058,0.06287435027877504,-0.36998813260378954,-0.1292744655328032,0.16339550471487985,-0.15550877650510314
GTCATTAGAGCGAACG-1,-0.0014194670683689084,6882.0,A,1036.0,979.0,-0.015398388076542445,0.08428824974386762,-0.007396073795350316,-0.23210071493297577,-0.050184868996545506,0.033616120067233635
GTCCATTACTGCTACG-1,0.032498016631530874,715.0,A,1538.0,1089.0,0.028732605084144366,0.0428760359858118,-0.011548485496890599,0.15113291665034131,0.2169563409654614,-0.041698053767410787
GTCCCAACGTAAAGTA-1,-0.023782924898362062,7280.0,A,1113.0,889.0,-0.28098265186597465,0.02937617795154778,0.4159189585994189,-0.2587603529173995,-0.2008258447451843,0.0681331733934459
GTCCGGACCTGAAATT-1,0.08408406304256921,1385.0,A,1308.0,1358.0,0.1433355815827816,-0.023386621354785336,0.2308101625739746,0.08820801400548987,0.12438875293180285,0.029680587575172945
GTCCTACAGGCGGCTC-1,0.03745784532799257,3240.0,A,378.0,557.0,-0.04689960645842808,0.02794507955081714,-0.08718312765300867,0.06257170579955908,0.14046869967459436,0.037964790888739976
GTCCTACGAATAGTCT-1,-0.049686820328421255,1159.0,A,1346.0,1336.0,0.1489256722050773,0.05596510913794458,-0.16720047255740955,-0.3400442712481126,0.1825364017885459,-0.050118778221374526
GTCCTTCTAGTGGGTT-1,0.06977843941454516,781.0,A,1226.0,374.0,0.04741569378785403,0.23401697039499103,-0.1325577364452044,0.0741825245808525,0.01166421826603356,0.44016922617100496
GTCCTTTAATGACTTC-1,-0.09965586445130087,1087.0,A,1509.0,328.0,-0.11202463112269961,0.1107040287910949,-0.4705460418494554,0.10791308975738528,-0.18649311102724483,0.10936591817382665
GTCGATAGGTGACTTT-1,0.04962596359531944,3462.0,A,1732.0,1334.0,0.23751060659835346,0.02559064367212119,-0.23007908646998018,0.00034986186729747334,0.2778721654949373,-0.08075744898867794
GTCGCGTAACCCGTTG-1,-0.06184736579860124,362.0,A,1139.0,1024.0,-0.10674162386404504,0.004828416583504941,-0.0018793596779124871,-0.1581520713590348,0.10165571617011869,-0.0326016009822866
GTCGGAAGGATACCAG-1,-0.003223997093811463,3015.0,A,1651.0,439.0,-0.14255972565524225,-0.011867804966041796,0.2982843032850242,0.032259126145421826,-0.2165383302992081,0.03650491097816372
GTCGTTATTCGCTTAT-1,0.003423997570401377,934.0,A,1153.0,1180.0,0.21491250139145912,0.22162565997667916,0.09695900905868282,-0.21289297831155554,-0.059192866649697404,-0.046154376226524296
GTCTATTGGTTCCGGT-1,0.10644901243308627,755.0,A,1333.0,1269.0,0.055136637540885755,0.14364336387029245,-0.01242051336761445,-0.012316326308606497,0.28774627281184934,0.23755639109713833
GTCTTAGTACAGCCGG-1,-0.023908449969710713,863.0,A,1175.0,419.0,-0.09600573892350393,0.16083324915096273,-0.014624333787362259,0.04898235235233001,-0.11801090741413162,-0.04478374705604843
GTCTTGAGGAGCAGTG-1,-0.024721853706399774,727.0,A,1666.0,999.0,-0.14645158379574363,-0.05903939479281331,-0.011813562112259597,-0.009870714429187313,0.2204899117921526,-0.041961061713372445
GTCTTGTAGCTATTCA-1,-0.019555575602278913,225.0,A,1615.0,1133.0,0.16988674987718577,-0.059355591511822986,0.0035200155920093595,-0.029485511497338995,-0.15585622321868073,0.16034900223959142
GTGAAACGTGCTCCAC-1,0.0368211995483561,10357.0,A,647.0,399.0,0.3459102776259718,0.028761708478758835,-0.03230570626659895,0.05859668855042828,-0.10546208702667585,-0.08431812510308201
GTGAAGATTTCAAGTG-1,-0.011078928460216582,4658.0,A,1497.0,619.0,-0.0076237995928847,-0.29756252695396146,-0.01840124288922041,0.05679161289378086,0.15531204093046466,-0.07735289013781994
GTGAAGTCACGACTCG-1,-0.0659541922478884,11076.0,A,265.0,1251.0,6.695233014132607e-05,-0.14844309344070575,-0.2306206000361079,-0.1886282780883456,0.08984188373874302,-0.16463001403305405
GTGACCGCACACTACG-1,-0.1758404161167899,570.0,A,1345.0,1023.0,-0.6259717977506358,-0.08887527169957068,-0.008074891297291057,-0.04957081248637596,-0.07094682839859404,-0.038309386177629405
GTGACTTCAGTAGTGC-1,0.011789323469073971,9270.0,A,818.0,1182.0,-0.05072866233915782,-0.1264149640784318,-0.13837664780802242,0.11196936997872668,0.09700552598115124,-0.04367234002168235
GTGAGCGTGCTGCACT-1,0.0991063048666001,5102.0,A,495.0,892.0,-0.018253134600268686,0.10511515438728646,-0.018809768077885147,-0.012945738558004523,0.1736501651107993,0.2741575895371581
GTGAGGACACTTAAGG-1,0.006139973825110431,999.0,A,1165.0,1068.0,0.021740816553015345,0.1506952027850421,-0.09363749531056323,0.1498058380281832,-0.16788309462214612,0.03467743682272263
GTGAGGAGCGGTTGAG-1,0.08701510960853912,707.0,A,1291.0,441.0,-0.09461001901713915,0.024670969684899846,0.19324358056102067,0.19124119565672193,0.21929009683326048,0.062481518773648215
GTGATCACTAACGCCT-1,0.05571053812896963,2084.0,A,1423.0,1201.0,0.09531862573106929,-0.007415121835992048,0.003897513055534955,0.0332865363890746,0.3090832570901995,0.11618244913952203
GTGATGCACAACATCT-1,-0.05058397542588408,901.0,A,1406.0,418.0,0.054085676459037973,0.6066078453919704,-0.2977249846305331,-0.2787083771693472,0.1606566491674914,-0.31565935520392274
GTGATTCGCCGCTCAA-1,-0.0632845529874189,8704.0,A,690.0,1227.0,-0.10666354581622796,-0.08093231952179128,-0.17397020692772303,-0.1653937074399764,-0.15772460622608767,0.082572069527054
GTGCAACAAATGTGGC-1,-0.1908518968365387,1625.0,A,969.0,465.0,0.005562666740510154,-0.05817312179888262,-0.07409092188727483,0.015721734589144547,0.0032826229805140543,-0.977972271183487
GTGCACGAAAGTGACT-1,-0.20234311947967576,3614.0,A,1085.0,531.0,-0.49509041592998726,0.013126820788249276,-0.2438613766520096,-0.0035899145812969095,-0.41590221515187076,-0.1834101276957734
GTGCAGCGTAGAGTAG-1,0.15219478567980835,11524.0,A,1771.0,1312.0,-0.12511921764512968,0.15364083050675795,0.04047776478571859,0.20637406392037427,0.13761395172681296,0.21235181454348664
GTGCCATCACACGGTG-1,-0.0905849626495752,1958.0,A,612.0,1093.0,-0.30325219425158917,0.09878734330614328,0.004902248349408509,-0.06824791510997191,-0.09380361145854992,0.0040816786718615335
GTGCCCGTTCGGATTC-1,-0.00264791264602654,606.0,A,1268.0,1023.0,-0.01472590173464397,0.07196458965729927,0.21333703083373268,-0.14722527392715762,0.014660453782129934,0.07132529489036805
GTGCCTCAGTGTACGG-1,-0.03980177005745629,430.0,A,1368.0,396.0,0.0445846944531722,0.09229586294200375,-0.10830711066728621,0.020941449136565274,0.039134178126032995,-0.01922600514495946
GTGCGACAGGGAGTGT-1,-0.014250483570457162,932.0,A,1460.0,955.0,0.1988567294050967,0.10181334957178513,0.03195633174277113,-0.2081150628672087,-0.09517081099279148,-0.04611663729125062
GTGCGGGTCTCCAAAT-1,-0.06498549372092187,3292.0,A,893.0,600.0,-0.44475733119588867,0.06629941335963238,0.0931811361530737,-0.3429551442932153,0.03832256012742877,0.17346768301738416
GTGCGTGTATATGAGC-1,0.01007263360571603,616.0,A,1242.0,1068.0,-0.219951380639695,-0.021133481500608925,0.3887589914685337,0.212143001159114,-0.07765636948048465,-0.10808883550706305
GTGCTTACATCAGCGC-1,0.1907580606716518,32825.0,A,1667.0,1178.0,0.3931596408587886,0.224541194259413,0.10202706190341038,0.17815497578576575,-0.051650737233023394,0.03877433051123831
GTGGAACCTACATGCG-1,-0.0001228469819201626,6315.0,A,1214.0,486.0,0.0900908114538091,0.024515703962661187,-0.17134289970811137,-0.054271562074964884,0.08972482330730899,-0.09074507758207853
GTGGACCAACCCGATT-1,0.02432354631169836,2236.0,A,548.0,1161.0,0.18736021540004022,0.10326086679336469,0.04826366301983317,-0.2427256511751835,0.0330719504256597,0.12906422364679823
GTGGACGTGCTGAGAC-1,-0.06926541521900999,2095.0,A,674.0,533.0,-0.1779498875212115,0.22945234199342796,-0.11869128326920461,-0.11342309923212954,-0.08646601916359375,0.0036719312571199883
GTGGAGCATGTCGGCC-1,-0.06334776873147895,1165.0,A,1782.0,976.0,-0.04386760961552358,-0.2555676952496918,-0.23197125227469212,-0.10313878163077592,0.3651260899123516,-0.05021761127316743
GTGGCAAACAGCGGCA-1,-0.0076150786828004455,3819.0,A,433.0,1273.0,0.21861482678529362,-0.0349142866249268,-0.0653629125341677,-0.06764919838565032,-0.03560020764905397,0.0443247452561374
GTGGCGGTCCCAGCGT-1,0.1822611687757221,3275.0,A,432.0,1049.0,0.3348914713732163,0.48381168423048015,-0.052463499115089976,0.4191124858626356,-0.18190823979936904,0.10286901830544555
GTGGGAAGACTGAATC-1,-0.001083885396108486,8874.0,A,368.0,1161.0,0.011781202133023652,0.32213574769611497,-0.5162272084065627,-0.11310256698052823,0.09495000600496586,-0.008977410567476578
GTGGTCAGCGAAGTAT-1,0.04544270924110407,788.0,A,1354.0,329.0,0.26850120583968906,-0.027904995396708446,-0.03283926633220498,0.1839275616735716,-0.006793768825117355,0.11408992015577873
GTGGTGATGGTTTGTG-1,0.10204798563609281,13920.0,A,1797.0,1356.0,0.24358947622515398,0.15839250966974908,0.01754061013739034,0.050519227068947,0.0347615556446354,0.03437947670334564
GTGGTGGCCAAGTGAA-1,-0.006478644572338901,3500.0,A,1191.0,1158.0,-0.16131695375973823,0.13585925307481195,0.06408210744386975,-0.0900797251060817,-0.015925182410308228,-0.03025380447351435
GTGGTTTCCGCCTTTC-1,0.19343992195608825,1611.0,A,586.0,1093.0,-0.12213984469424874,-0.11973046540365881,-0.026080357229765608,0.39028767675402876,0.027348187939598863,0.87451036443322
GTGTACGAACCGTTCC-1,-0.028866797142723905,1024.0,A,1808.0,1110.0,0.008399248128106426,-0.06675667960114011,-0.04558600293133035,0.15124828737312773,-0.0994588258104949,-0.05281706454197067
GTGTCGTATAGCGTTC-1,-0.0070339383538033096,1312.0,A,1153.0,1359.0,-0.05647321942572495,0.15289911946540388,0.06788923736709261,-0.10124119304342631,0.1629480118291349,-0.14913538091307485
GTGTCGTATTCACCTT-1,0.10067819939358638,6657.0,A,1676.0,350.0,-0.019801845314299453,0.19689015107241167,-0.1052657738286464,0.1561877405356675,-0.04774965493606057,0.19857198731021697
GTGTGAATAACTTAGG-1,-0.023016340305740887,1402.0,A,1241.0,889.0,0.13751030371320003,-0.06372942338937747,-0.023363767724769065,-0.22171859103875172,0.19473204609928146,-0.13851575869378285
GTGTTACTATGCGTCC-1,-0.060100816262736376,1086.0,A,1139.0,1068.0,-0.06747712863573466,0.3063386106084005,-0.04185864072967158,-0.0518958229643267,-0.24592190159134272,-0.1914945552219945
GTTAAAGTAGGACTGG-1,-0.02274309217528525,2410.0,A,1243.0,1247.0,0.13819658271377194,-0.31785588962050654,-0.08260312638101706,0.16258804614745886,-0.12000167680469374,0.018332950190377444
GTTAACTATGTTGTCA-1,0.02026445142193297,1383.0,A,1602.0,1111.0,-0.05380184899682459,0.1673624193268646,-0.14055074387391844,0.04015165287541944,0.07221274149974775,0.05380253160028181
GTTAAGTTAGAGTGGG-1,0.03193556978574004,1658.0,A,1666.0,954.0,0.05396169111033864,-0.10406075092782224,0.30612907900661196,0.10206690171037149,0.04718356485125682,-0.22170428894893546
GTTACAATTGGTGACG-1,-0.005553900829253781,1731.0,A,599.0,981.0,0.1800136985248336,-0.05490926442791721,-0.17872422340065108,-0.12749717914495673,0.15068556867710028,-0.008722067922665269
GTTAGGCTACCCGTTT-1,0.14313376954057527,7555.0,A,356.0,1363.0,0.04360007420541161,0.052597514131857016,0.29503721002968897,0.22758492068450498,0.11230922984320416,-0.12694377689577052
GTTATAATACGGTGAA-1,0.024993752398277027,2077.0,A,1552.0,1335.0,0.06690140951985482,0.16587529779837867,-0.2777560978877485,0.30711014308585605,0.017786641185097294,-0.0029212777248100365
GTTATTAACGTGGGAG-1,-0.012596953613968565,7229.0,A,404.0,647.0,-0.07311717609188721,-0.10457508630523853,-0.0664165493805747,-0.011487699489307841,-0.2656585915451175,0.24869624289408865
GTTCATCGTTTGGCTG-1,-0.01265664811168913,9663.0,A,1524.0,887.0,-0.21441593469714465,-0.20653882972439808,0.04325686159248674,-0.012502146232943281,0.10147550041915551,-0.04367203240174256
GTTCCAGTCTGACCAT-1,0.008209167930107578,1786.0,A,854.0,533.0,0.16873158496731006,0.16316491415803938,-0.10531648368840497,-0.043640062576243935,-0.0778416008993404,-0.01558017376310673
GTTCCCGTAAACATAT-1,0.12470900054920052,6531.0,A,1707.0,1469.0,0.22860099869036338,0.12251688773355296,-0.06003608796374614,0.06618904888652188,0.15867419431337798,0.15164537265574496
GTTCGCCATAAGTGCC-1,0.15204747696183948,7037.0,A,856.0,980.0,0.12429071128273925,-0.03337026072771933,0.30512512703962524,0.11935791288695202,0.12129920514057338,0.08518939015243737
GTTCGCTGAGACGTCT-1,-0.009270424048107948,2002.0,A,1578.0,1335.0,-0.05330399966488867,-0.0649904109466298,0.14342266647559035,-0.09616564740410581,0.2063338849534318,-0.14935355545259332
GTTCGGATCGGGAACA-1,-0.06214222297492386,871.0,A,1590.0,1133.0,0.029512130688991417,0.03846522519844107,-0.014779687162129497,-0.1450371910527257,-0.14896907846841245,-0.044941459308209544
GTTCGTCTAAAGAACT-1,-0.02578673943662127,1267.0,A,1320.0,1291.0,0.11251626582647013,0.08798173372974741,0.16659658148410694,0.05544318062228063,-0.5211018230869839,0.053551690955576145
GTTCGTCTGGGTCCCT-1,0.0326268136736219,7739.0,A,1703.0,618.0,0.011072574333896551,-0.24196523471216874,0.2995555920457845,-0.06711221889918868,-0.17740741589797993,0.12031937254837632
GTTCTTCCCTCGATGT-1,-0.02027838991719376,2128.0,A,828.0,488.0,-0.04227315211756409,-0.06345660535894816,-0.13096563196952193,0.20651450409843106,-0.018711606911294643,-0.04158995591234216
GTTGAGTCCCGCCGGT-1,0.0733783702585729,3184.0,A,1179.0,1314.0,0.04095360047003678,-0.03535740010835389,0.1102298432304763,0.06719243865805094,0.007153847584821979,0.2972728398836991
GTTGCACGGAGTTTCG-1,0.0629544579974635,11003.0,A,790.0,690.0,-0.3010395661285267,-0.005554336440658017,0.09706958444304445,0.2419389013331954,0.03926949920005096,0.0677287258807325
GTTGCGCTAACATTAC-1,-0.052020456910310785,877.0,A,1705.0,1066.0,-0.24961410805390027,-0.2461678542580979,0.20884151552805066,-0.08381648098322286,0.021420367484935962,0.23524224882821762
GTTGCGGACGGTCAGG-1,0.14264594514725218,6066.0,A,1706.0,1334.0,0.1026274572026182,0.13220269764940334,0.18721930625803296,0.013270145641153724,0.1927245618753051,0.018372375408061758
GTTGGACCGCATCAGG-1,-0.008169624316369263,7486.0,A,1664.0,596.0,-0.05961140310071201,-0.07836691309541077,0.1390784830960431,0.010249934592681885,-0.19354648370676864,-0.03094049435750501
GTTGGATTCAGTGGCT-1,0.24055677756878788,3296.0,A,1407.0,508.0,0.1657255179572549,0.7383627247204536,-0.03390019667627276,0.3396131115902449,0.020179192859007062,0.131860379159985
GTTGGATTGAGAACAC-1,0.009922362907939922,5542.0,A,1305.0,866.0,-0.289103860467657,-0.07780129205954495,0.34475504452911343,0.08556965380355933,-0.2298695887118919,0.032349960660130524
GTTGTCGTGTTAGTTG-1,0.016156730800334865,1204.0,A,776.0,488.0,-0.061299459067389164,0.11880012204746143,0.24489288702588294,-0.26172364516649405,0.00392540378309118,0.08858092969653908
GTTGTTACATTGCGCT-1,-0.08685982776795369,2738.0,A,1689.0,417.0,-0.09902914358381487,-0.1277133718153004,0.052159378068761204,-0.08913751106622513,-0.3195207343583255,0.010783921266358479
GTTGTTGCAAGATGGC-1,0.0785024155193572,7812.0,A,1733.0,1558.0,0.28961406578803994,0.13265488216276647,-0.1945790330872878,0.10737028910798611,0.1634894508913905,-0.07618172220968414
GTTTATGGGATTTAGA-1,-0.02282501029110489,18197.0,A,275.0,647.0,-0.03651794361534616,-0.04633464935891751,-0.21630478907165818,0.005189851604402593,-0.19038903736903107,0.008237755259698554
GTTTCAAACGAGTTGT-1,-0.05350276005508166,828.0,A,1579.0,1514.0,0.14224873221741896,-0.1033004165796603,0.036071483464928264,0.06439137837700752,-0.19574659186316518,-0.04408344515475691
GTTTCATATCGTCGCT-1,0.08141534618959247,2384.0,A,522.0,1026.0,0.21852423269966367,-0.029074894794229526,-0.29567592350531224,0.08594927997750629,0.47066064536131313,0.10612877802172976
GTTTCCTGGAGGGTGA-1,-0.06660824661847073,2664.0,A,803.0,712.0,-0.16831394942126265,0.11843443811053726,-0.048351211149196834,-0.13217565398863765,-0.14378468341254186,-0.0234024652169788
GTTTCTGCAGTCTCCC-1,-0.000851936127130859,711.0,A,1101.0,1046.0,-0.17434349636421648,-0.19858283756122697,0.27978726093065603,0.03351625294410062,0.11602844620992797,0.03831839248015233
GTTTGGCCCAAGTTAT-1,-0.12126183588490899,1063.0,A,1204.0,1090.0,-0.1504215297318917,-0.048256393710940856,-0.08265686227582263,-0.04630304577222909,-0.17420785524154148,0.049364689748472676
GTTTGGCCGCTCAGCG-1,0.10833670707811202,6483.0,A,583.0,422.0,0.6845222840919608,0.17241392381231874,-0.1323766903576891,0.08737858213719894,-0.09152020737694885,-0.05646445078541923
TAAACGTCGTCAATGA-1,0.03429347086966505,2581.0,A,326.0,557.0,-0.23801107153177387,0.13516240427391762,-0.19313454450716389,0.33876202594514826,-0.02486185781050223,0.1204593343806731
TAAAGACAACCCTTTA-1,-0.07712897851330479,1038.0,A,1692.0,1043.0,0.3099309600267983,-0.08739479797584648,-0.1632050802414282,0.03125913105389917,-0.10007559434209504,-0.28388886723978857
TAAAGAGCCCGAAACC-1,-0.01892949485887134,7013.0,A,763.0,376.0,-0.36186596266942384,0.3322618190171769,-0.06283671308934827,-0.19877031554622523,-0.06657022035657437,0.0010146113803522205
TAAATGAATCCGTTTC-1,-0.08963997468261355,2620.0,A,546.0,668.0,-0.14859244484766448,-0.22499703224082776,-0.10974838435282852,-0.21782700496077934,0.18184824185086404,0.012514229297568057
TAAATGCCGTCTCATG-1,-0.049440812465788755,740.0,A,1496.0,395.0,0.005835593905442346,0.10572611245015306,0.20360769128555617,-0.07665099733374209,-0.25015060346440565,-0.042243262312038954
TAACAAAGGGAGAAGC-1,-0.11781493004201733,3247.0,A,623.0,623.0,0.19088744529477444,-0.17691187207414955,-0.19661220552348846,0.0011741750774689232,-0.12769102792818537,-0.34379241349836015
TAACATACAATGTGGG-1,0.04601142250537443,2944.0,A,1075.0,1001.0,0.38696207927938764,-0.11420013563919681,-0.10606723219078343,0.1646851186723111,-0.13865898637322213,0.11721505492535977
TAACCTACCGTCCGAG-1,-0.050531178006549535,905.0,A,1473.0,888.0,-0.19937313027516845,-0.07348131579718849,0.2295871433704037,-0.037617582290068466,-0.09382736698880402,-0.045602324785906194
TAACCTAGGGAGTCCA-1,-0.005394475175390795,851.0,A,1540.0,1492.0,-0.047837811711968214,0.1266831149513232,-0.01438938487049922,-0.06433493066901244,-0.017839929241481152,0.06179454571332699
TAACTATCGAAGGTCC-1,-0.028543792478712166,5373.0,A,610.0,690.0,0.12658700632332487,-0.5387505597569753,0.1318805902812233,-0.06011794330536817,0.15124381383029473,-0.0355901988005806
TAACTCCATGGAGGCT-1,-0.03273251376892161,1591.0,A,520.0,579.0,0.11922809231848622,-0.1171163935244751,-0.2783008052880569,0.2234566101218997,-0.022499440989105265,-0.10465185612420598
TAAGCAGGCGACACGC-1,0.13254433634570784,3647.0,A,418.0,937.0,0.10736235604994157,0.12192024710580339,-0.0687686480813326,-0.15023045872506205,0.5494929927595249,0.1876579175059913
TAAGCCCTTACGACCA-1,-0.02382378617066457,3761.0,A,1638.0,462.0,-0.05474725393775663,-0.010878248275083841,0.04401652360677071,0.027266239977789236,-0.17205930347273216,-0.0371357221418769
TAAGGAACTTGTGGGA-1,0.03356687636926359,5098.0,A,686.0,511.0,-0.2862874855567787,-0.1571843454611743,0.4202563487577882,0.14153424224376088,-0.0847839933859289,-0.013296711106459384
TAAGGCTGAATCCCTC-1,0.032773179132605065,869.0,A,1423.0,1157.0,0.05639464317459465,0.1309023663263834,-0.01474094370834221,0.20472357305432298,-0.1564108910937146,0.04149139129811528
TAAGGGCCTGTCCGAT-1,-0.07411831145660289,627.0,A,1398.0,1425.0,0.1988204040990967,-0.12014807745872909,-0.009504737037220882,-0.18985561516343463,-0.06342051387724502,-0.03969063676352042
TAAGGGCTGGGAGAGG-1,-0.0977324747809298,3102.0,A,405.0,915.0,-0.09929097719286055,-0.07309507184002786,0.005435025462823383,-0.16539129394134583,-0.07298732392259442,-0.16882966971610788
TAAGTTGCGACGTAGG-1,0.12111705553743912,949.0,A,1398.0,1336.0,0.163686697272179,0.025844077232726005,0.03132338676557323,0.2584079117801825,0.14079138034359606,0.14166991892757097
TAATACACAGTAGTAT-1,0.015493988459260501,3088.0,A,996.0,599.0,-0.09224871897326425,0.14484697493297088,0.040060195582396624,0.24246868215881043,-0.05979972328161987,-0.21847684247034355
TAATATTGAAATTCGC-1,-0.06418508354748732,10057.0,A,777.0,533.0,-0.44780595847328664,0.08711284611788003,-0.06527877510121276,-0.15269686562543336,-0.09027709690531738,-0.0578507786303662
TAATCAACCAAATGGG-1,0.12051578651807701,7552.0,A,1783.0,1289.0,0.015048880933111283,0.05156245448259348,0.08179360674136198,0.06342976142648635,0.2667080518616053,0.10411037396335401
TAATTAGATGGATATG-1,0.03443578500834509,10740.0,A,583.0,377.0,0.30799867020804933,-0.0142340327622935,-0.06553974481707267,0.014264605269214706,-0.025545209771627927,-0.022225373396257013
TAATTAGGACATCCGT-1,-0.04726672104569624,776.0,A,1564.0,1089.0,-0.16965093136194664,0.25363447455950444,-0.12044649696623369,0.20383554170368204,-0.4040079702184031,0.05767450728108371
TAATTGGAATCGGGAA-1,0.151521349248429,2093.0,A,1523.0,529.0,0.5924556370885525,0.21749754002128419,0.2000393161246616,0.19830257637828527,-0.22497692637610636,0.10089817966275086
TACAGAAACGGTGGGC-1,-0.16334307777726018,1115.0,A,1270.0,1471.0,-0.11136223417520644,-0.15333689993018257,-0.1215686170730518,-0.2761715157730017,-0.10331842174412537,-0.04938391405395787
TACATCCCTATCCCTG-1,-0.11095815706745332,8031.0,A,355.0,1139.0,-0.3684736678426266,-0.04352890750268553,0.07542540830354771,-0.049196771804047724,-0.2325831767167201,-0.19009766465422948
TACATGCCGGAATTGT-1,0.07060898280299242,6380.0,A,1745.0,1356.0,0.13788238824442262,0.060565921669411764,-0.013712401147293104,0.29645865990808723,-0.22263019075309842,0.06882723710557836
TACCAATAAAGTACCA-1,0.03698364816910983,2135.0,A,1244.0,1381.0,0.10908585702987682,-0.026711494219228776,0.019242952800987548,0.16264180299681727,0.03670219237172126,0.19069934323924942
TACCAGCTAGGTTTAA-1,-0.0867474651523903,1779.0,A,1007.0,398.0,0.12490492972356504,-0.10838060677698487,-0.02807791311690502,-0.14044887250114613,-0.19356036851503827,-0.09208004712382298
TACCATGTATTGATTT-1,-0.11951606063939338,3525.0,A,1770.0,1222.0,-0.47990783426598216,-0.10584560594572254,0.05283491144967151,-0.40834600389133763,0.008781643280211124,-0.04049174151776082
TACCGCGGACTTGCAG-1,-0.148247843137782,635.0,A,1421.0,888.0,-0.07691059339236664,-0.09376449961109456,-0.009698317609242793,0.047573120586877654,-0.003088891275229849,-0.6011437919594248
TACCGGTCGTTTCCAT-1,-0.019008563252286642,2170.0,A,612.0,1138.0,0.23760926579628874,0.07563996374473987,0.04222755033479509,-0.42527533281552354,0.17614767896470776,-0.17925831562307373
TACCTCACGCTTGTAC-1,0.04713202563733991,3053.0,A,892.0,510.0,0.2990811682523232,0.23505086407257703,-0.0734039404500141,0.06774781941473756,-0.0672286115960396,-0.0943897529383792
TACCTTAAGATTTCCC-1,-0.11172897608248128,6031.0,A,548.0,1250.0,-0.8890001254314805,0.06518302220360511,-0.03750929781223043,0.11770510382708241,-0.10829315787640809,0.07889227424899202
TACGATGTTGATCATC-1,-0.016637406733380974,8853.0,A,624.0,936.0,0.031196074062737722,-0.08022262625442798,-0.1414723232111199,-0.0176101279868282,-0.08682414014517335,-0.1044649347281422
TACGCCGCCTCAGAAG-1,-0.056258647255854714,1252.0,A,1808.0,1155.0,-0.3125435049520461,-0.16919893395170485,0.02148681110798381,0.15787021559213263,-0.032324238246170145,0.04416465587281405
TACGCTATAGAAACCT-1,0.02779691324462588,1830.0,A,1511.0,910.0,0.3819578579744513,-0.2925764196475764,-0.0896432953130964,0.19175632112208496,-0.039688949875243865,-0.0066076987308876615
TACGCTCGGTATTGGA-1,-0.10055393536013209,968.0,A,1630.0,1514.0,-0.11888371796440152,-0.1879147180029999,-0.12476934885257657,0.004790329062060353,-0.08248408015204783,-0.005284214054315752
TACGGCATGGACGCTA-1,0.08727209588905802,1479.0,A,1656.0,1558.0,-0.1008526031928604,0.10874469986776579,0.07029180549460778,0.2072367602708791,0.12618264079174574,0.18246985094424695
TACGTAAAGCGGAGTG-1,-0.015231629554218806,67002.0,A,1502.0,1559.0,0.11172106309798963,0.12074959342864214,-0.10198789012081795,0.10944462471189595,-0.09807144677280488,-0.7145629477753114
TACGTACTAGTGCTGA-1,0.10508881871715145,10136.0,A,717.0,1540.0,-0.016643844878948086,-0.010055267347001948,-0.024728590496473024,0.19941990120569614,0.09629497371260873,0.1252054336936479
TACGTGCACTATGCTG-1,-0.06634386767968506,1692.0,A,597.0,623.0,-0.18938846270295168,-0.1706026610845531,-0.04641067994748022,-0.06494852822794168,0.06789332221639013,0.016120683605137104
TACGTTTACCGGCAAT-1,0.04261888354954519,1875.0,A,586.0,1049.0,0.18385683265525912,-0.10921310973928952,0.19099948296608524,0.24561911610781734,0.012601275360406785,-0.2270381427754394
TACTCGGCACGCCGGG-1,-0.049683665055834506,2724.0,A,380.0,960.0,-0.0762162329970757,-0.12014522552315156,-0.2847461275408794,0.004086528346972463,0.1108019559253767,0.005001243027795826
TACTCTTACTTTACTG-1,0.15035305853960637,5489.0,A,1604.0,1469.0,0.3342871183628909,-0.011563402311400642,0.12259193169872264,0.26892879187732655,0.053066683346859336,0.10582153372293886
TACTGCAATCAATTAC-1,-0.060165371330358736,8819.0,A,1484.0,641.0,-0.17027327796461927,-0.01059656892817655,0.22353931943599775,-0.6323998040575216,-0.04988014723734376,0.03266502473636564
TACTGGACAGCTCGGC-1,0.06974500495188743,2913.0,A,495.0,937.0,0.017872703964488135,-0.08922285634434006,0.4014861327149366,0.016160246566632928,0.031688871390666375,-0.05825288746167566
TACTGTTTCTCTGGTA-1,-0.03864688961677402,2040.0,A,1706.0,1200.0,0.01270957649471536,-0.20910802604052076,-0.47090671786091515,0.1574870517471169,0.033485854448205066,0.28614460842689554
TACTTGTTAGTAGTCC-1,-0.06901667836336037,751.0,A,1293.0,978.0,-0.0651338255656992,-0.12431590462551947,-0.1877586693990015,0.22833182878778124,-0.012610770111585325,-0.14052499783574282
TACTTTCCGCACGCCA-1,0.20231553385371995,6931.0,A,420.0,1206.0,0.020538979036045374,0.04871701857375436,0.28890270511743055,0.4281048188383751,0.24783708701953364,0.058801979121874084
TAGAAAGGTGGCGCTA-1,0.037253366716105615,2639.0,A,1215.0,844.0,0.026116595788868123,0.04085998398170723,-0.23467167266413283,0.09488535046780058,0.11595625509227998,0.1611413977119132
TAGAATTAAGGGCAAC-1,0.12032573886400544,3339.0,A,1149.0,375.0,-0.026487067361354005,0.1698138893602567,0.557421824805419,-0.03562295779770393,-0.15911388587033132,0.15435472980427292
TAGACGCCCGTACCGG-1,0.059583772471774654,2629.0,A,1331.0,866.0,0.14775595978188533,-0.049861374714054586,0.08807652704788471,0.11926577365363022,0.0758828287868113,-0.056579712523429915
TAGACTACCTAGCGTT-1,0.013503160795304475,981.0,A,1512.0,999.0,-0.06356900145380792,0.028534731986425678,-0.016819637661787804,0.26788896438013643,0.04520814864376682,-0.044035692081380716
TAGAGATCATGCAACT-1,0.018562026200874767,3810.0,A,509.0,1138.0,-0.07010934663117258,0.07476619670190553,-0.009388493154075087,-0.028477405196629356,0.04432747387241717,0.008335112580913557
TAGAGCTACGAAGAAC-1,0.042963376644048604,3664.0,A,853.0,443.0,-0.09591518450137645,0.0009819561026448952,0.33620934179075734,-0.1752184411554784,0.22859490508849936,0.04776691553287061
TAGAGGTTCTACTTGT-1,-0.010979803761983473,1098.0,A,1411.0,1358.0,0.23851293454732728,-0.07657152264863074,0.0595116739706542,-0.0934634923508977,-0.18497875018838955,0.042484175259340146
TAGATCCGAAGTCGCA-1,-0.07095288331091856,1654.0,A,1097.0,375.0,0.27346473755875633,0.1894373644766415,-0.17788573770925498,-0.3367212151974077,-0.08135324670517147,-0.09503884129042023
TAGATTCCTGGTTATT-1,0.1335967838425475,13750.0,A,431.0,870.0,-0.1260877715611241,-0.0024171062209659006,0.5486718364549978,0.008821064792953026,0.09024938621115651,-0.0305694562778096
TAGCAACCTGTCACAA-1,0.015484805461485451,3576.0,A,507.0,646.0,0.2064247563798759,-0.18465451348948816,0.4718990604737568,-0.105794855026004,-0.04062630845813521,-0.3139970118756124
TAGCCATTTCAAAGTC-1,-0.08790824341151814,744.0,A,1319.0,1112.0,-0.0894866117562802,-0.009680002591124767,-0.3918296197598071,-0.0363614628284351,0.1595969440551038,-0.04232953227560995
TAGCCGGCGGTCAGCG-1,-0.15916857676422083,1112.0,A,1267.0,889.0,0.08847396901950377,-0.5103930149155235,-0.23289533402908918,-0.16568910054711655,0.08123700660502362,0.009121477943644863
TAGCGTCCCTCGATTG-1,-0.03592387179405368,789.0,A,1577.0,1156.0,0.17298105275176212,-0.14361814963183023,-0.013136854614572594,-0.07934303626270038,0.0682903742710152,-0.04328248249054133
TAGCGTCCGGTGTGGT-1,0.08608434017077084,3626.0,A,1166.0,1337.0,0.10384633446705555,-0.0524630304131187,0.043860834096244666,0.5432374935979272,-0.05843143339920508,0.008971362518868717
TAGCGTTGGGTCTTAC-1,0.04320985539930394,2307.0,A,1049.0,1002.0,-0.06132863183317193,0.15864277925609585,-0.0727292211896811,0.2434019235674957,-0.07879203830489995,0.015051274141418877
TAGCTCAGATCCTAGT-1,0.02887499839113814,2528.0,A,1663.0,327.0,0.5413119337339123,-0.004845794020264416,-0.16259934437514634,-0.020398321100891854,0.04594421810666749,-0.29121360509151334
TAGGCGATGAGGTCTC-1,-0.09918523485026307,10418.0,A,318.0,1386.0,-0.050173625922478815,-0.2826912635377567,0.015875490223023717,-0.04352344924959104,-0.07517215389762381,-0.44058481387019416
TAGGGAGCTTGGGATG-1,0.09419291501637461,743.0,A,1409.0,955.0,0.11117398450142271,0.2014509958523153,-0.012162334348537779,0.11459174039941507,0.34566763888694285,0.060833037371460695
TAGGGTGTTTCAAGAG-1,-0.07858469059507227,4837.0,A,867.0,644.0,-0.05896057702254098,0.1806137302561203,-0.0643863693646375,-0.21988831910920997,-0.3231365739369835,-0.03433343210722706
TAGGTCGCCGGAACTG-1,-0.10320599629998571,901.0,A,1460.0,865.0,-0.20337457887293625,-0.15100635397451564,-0.015353419396256604,-0.08496538814117567,-0.023733302283975355,-0.04552535200128522
TAGGTGCTCGCCTAGC-1,-0.008350259879215241,590.0,A,1281.0,1045.0,-0.05687569289690113,0.07371857983382496,-0.008587078450498678,-0.06726358582341548,-0.04768854004805802,0.17463461747823397
TAGGTTCGAGTTCGTC-1,-0.026462023332154083,11806.0,A,1036.0,935.0,-0.26826238035488825,-0.2485175158500304,0.2030427745920413,0.22488982769776525,-0.3214991033700177,-0.05990249213622905
TAGTACCTTAGTGGTC-1,-0.0262606872975296,3190.0,A,443.0,624.0,0.007387500189899568,0.012043075615675851,-0.05749986198816562,0.08124746035289819,-0.157386400669877,0.0616153015919774
TAGTCGATCACGGGTT-1,0.04391454015648495,1819.0,A,1410.0,1224.0,0.1300856681907834,-0.2349128338238122,0.007867082803370302,0.3354495223892098,0.1366873131659302,-0.09849076348306199
TAGTCTAACAACGAGA-1,-0.08916009096212596,2617.0,A,612.0,1048.0,-0.3330629852557429,0.031445094628618366,-0.37617577309712213,-0.042673734279351894,0.05722847194346492,-0.007867409161618183
TAGTCTTTCCGAATTG-1,0.03525753465061632,2271.0,A,1667.0,1267.0,0.09096192327645292,0.02456385049766564,0.09414576325285903,0.005933800542802703,-0.1451686311484816,0.2480946325180673
TAGTGTCAGAAACGGC-1,0.05620869533785655,8698.0,A,417.0,624.0,0.23290571408456773,0.056687236618519564,-0.022325806357186288,-0.28794237081034596,-0.035786516102469454,0.14610256268793712
TAGTTAAGATAGGATA-1,0.13936779558955067,904.0,A,1226.0,419.0,0.06725755360786467,0.17572956351121952,-0.2567761052020024,0.23777663151298056,0.3478257970478068,0.3019249965451146
TAGTTTATTCTTGCTT-1,0.007868980836411396,1616.0,A,905.0,443.0,0.06005396100879884,-0.0010462786869528465,-0.042059633519663985,0.1484071798328884,-0.05794927065333033,0.04852509595784744
TATAAATCCACAAGCT-1,0.03978078303375756,2832.0,A,738.0,600.0,0.08545182363599889,0.3775636149664934,-0.26140723377392766,0.06023836183684375,0.07362147330306595,-0.04106356426535275
TATAAGTGAGGATAGC-1,-0.03610335557890091,3388.0,A,674.0,623.0,0.007719043012943003,-0.21863699949044493,-0.0932601629027777,0.18097908562582765,-0.11422196008269242,-0.023105544535306215
TATACACGCAAAGTAT-1,0.044110739432547785,2794.0,A,635.0,556.0,0.15744885107959905,-0.013362109928196085,-0.1272233756035782,0.30435986914645546,-0.025177733971028477,-0.012214697542701628
TATACCGAGTGCCACA-1,0.06008260749518006,1825.0,A,1719.0,1267.0,0.13472891345420263,-0.23634965461562024,0.08459700104851749,0.11091038185578954,0.3929400179774735,-0.15641393444633472
TATACTCATGCGGCAA-1,0.036088815182391945,3031.0,A,404.0,602.0,0.009927339109456113,-0.042561253997472244,-0.14709448642458003,-0.09837367529472443,0.33259380358372137,0.16932538570884695
TATAGATGGTCGCAGT-1,-0.0005857561069030626,804.0,A,1486.0,1044.0,-0.034377183293954366,0.1715908435770373,0.32709460899229537,-0.1517196625930052,-0.013721137459131276,-0.11663935864712915
TATAGGGTACTCATGA-1,-0.030465253337773668,3059.0,A,431.0,960.0,0.4087481191731049,0.09245663718293035,-0.16820397794934797,-0.11148603361624444,0.07650118988754338,-0.4197259639750893
TATATCCCTGGGAGGA-1,-0.05940334033827995,949.0,A,1434.0,955.0,-0.1625018716526655,-0.22051780884550223,-0.2687461142311841,0.20605467158104734,0.27744484708322714,-0.10541759361558262
TATATTACAAATGTCG-1,0.01273837800558313,3081.0,A,1548.0,529.0,0.10598867768207888,0.027849934587838465,-0.008413398962624991,0.19811730123540902,-0.09711405672434555,-0.06927730919483331
TATATTCGCGTCGATA-1,0.030271711782153918,1103.0,A,969.0,331.0,0.19845439212480045,-0.040714267864736864,-0.018898473203154832,-0.1726228095329467,0.3797537520308713,-0.0491803344569042
TATCACCATGTAAAGT-1,0.16156741525359472,1042.0,A,1393.0,351.0,0.2832115892240311,0.5586130923183761,0.16547313670525565,0.02117535229899673,0.16058880849569265,0.0781052806089366
TATCCATATCATGCGA-1,0.1129568692062108,2411.0,A,841.0,555.0,0.0027582458682890287,0.39796247490308084,-0.08160774250357303,0.3033360734209431,0.05216708214151402,0.03337286815416213
TATCCTGCATGGGAAT-1,-0.07878402716712155,1842.0,A,866.0,465.0,-0.08684131023608344,0.11719653009949392,0.03926266795699691,-0.14149555855212176,0.1441589782955355,-0.40557323887560787
TATCGATGATTAAACG-1,0.00042950485683020123,2828.0,A,803.0,667.0,-0.287673650478518,0.13050259783777002,0.1374617733735688,0.13215161395143854,0.084569963670554,-0.08923269480918017
TATCTAGCCTAAAGGA-1,-0.13167438096295425,5573.0,A,328.0,915.0,-0.12645219388715515,-0.19984787028491477,-0.003394868257398778,-0.2618922223439969,-0.17347882481208007,-0.22049536615415755
TATGATCTTCTCTTTA-1,-0.2034184907541764,1253.0,A,1334.0,1448.0,0.08552618520113812,-0.07990342363551356,-0.0661091897291762,-0.7379598031611952,-0.025468525211103453,-0.12580415610233062
TATGCTCCCTACTTAC-1,0.002733852792464724,2760.0,A,957.0,711.0,0.19798663693374838,0.047138101744678335,0.1743033479886708,0.10714582107363822,-0.2855183484820303,-0.15287965463133374
TATGGATGTGCTACGC-1,-0.12777077067382273,2336.0,A,868.0,734.0,-0.35212857979184814,-0.044780990116142574,-0.0338126946309402,-0.3387456551898327,0.0333116091050539,-0.1229562870896323
TATGGTTAGTGGGAGA-1,-0.1186477802717229,762.0,A,1525.0,1067.0,-0.586268676183427,-0.4382052297166378,-0.08402835913256701,-0.06933661538784411,-0.022314847404250576,0.06210931474956648
TATTAACACCAAAGCA-1,-0.06366384023513176,9094.0,A,305.0,1363.0,-0.21426519449264841,0.06317279735885876,0.019450963332587598,-0.3377852366084269,-0.2368976198233591,0.1490083615120908
TATTACCATCCTGCTT-1,-0.0878585624551992,938.0,A,1409.0,1000.0,-0.13354765157908804,0.24357743760109296,-0.0943743808432763,-0.1298278026439735,-0.13712230803752057,-0.10546836648349207
TATTCAATTCTAATCC-1,-0.029484936499075853,2941.0,A,1126.0,912.0,-0.13021994447638122,0.010802256902701495,0.23013179808643242,-0.05165491027075529,-0.10186185743993709,-0.15429144638910414
TATTCCGAGCTGTTAT-1,0.10164150008643638,1398.0,A,1282.0,1359.0,0.16147537362835268,0.6359656735839335,-0.13727222480997556,-0.07148870732021648,0.017953013796200033,0.08471051965078079
TATTCCTCCGCCCACT-1,0.07009082245793224,6056.0,A,587.0,1228.0,0.07457199785187085,0.13411241316201916,0.2735368329119763,-0.004683945482684394,-0.14013159830133085,-0.011225029177913681
TATTGACATTTCTGCC-1,0.12254254322288351,2865.0,A,1679.0,932.0,0.10028504012928624,0.40358155141656943,0.08064482308251167,0.15674135116002852,-0.1521319746965169,0.06720075729090864
TATTTAGTCTAGATCG-1,-0.020716024191869208,2565.0,A,918.0,555.0,0.058073052494217556,0.038032709562986655,-0.16415431411652895,-0.12328793355934577,0.10172426192004748,-0.027379416104877236
TATTTGATTTGCACAG-1,-0.087136881215141,1971.0,A,1694.0,1357.0,0.03950732665172918,-0.2987364604430242,-0.13782590736303688,0.08757398361581632,0.03203484234922227,-0.17431981059559487
TATTTGTTACCCTTTA-1,-0.1787026868573351,3072.0,A,764.0,690.0,-0.6267695776904728,-0.17028776244356303,-0.3887756571375501,0.11069243821917904,-0.14273826187678962,0.10584765950083354
TCAAACAACCGCGTCG-1,0.08537580074992297,3685.0,A,944.0,689.0,-0.05265128564059438,-0.003435461391623852,-0.02419348994600061,0.21718428943433143,0.06381781638101211,0.17232653867902856
TCAACACATTGGGTAA-1,0.13114748668079543,35316.0,A,622.0,399.0,0.3310912127350757,0.10014059053930277,-0.003482132542986252,0.013153453663785397,-0.02619210653877546,0.06453802399929497
TCAACATCGACCGAGA-1,0.1497900967561511,5647.0,A,381.0,1139.0,0.21389216048706888,0.029488348680894533,0.23900879519293794,0.4025956959306842,0.0648648177458687,-0.07344335034555935
TCAACCATGTTCGGGC-1,-0.1543913367883088,2119.0,A,829.0,712.0,-0.1476753760462609,-0.18159342573190349,-0.1961104115926867,-0.18563786350690642,-0.13398199173918648,-0.003946936101890352
TCAACGCAGGAAATAA-1,-0.06290956270595364,11643.0,A,574.0,1250.0,-0.10256230581612463,-0.03741230007943673,0.03062634988079912,-0.16905556466400024,-0.1798905228091288,-0.14749107792319202
TCAACGCGACCGGCAG-1,-0.04099334848501982,3047.0,A,470.0,1027.0,0.14839516031475347,-0.4601476319278166,-0.04285904216065191,0.1382044594595702,0.10211760805561872,-0.02267682924711995
TCAACTGCAGAGTCAG-1,-0.07598234674383475,820.0,A,1565.0,1402.0,-0.14166351746498726,0.048204538707554895,-0.15367333108812814,-0.0382898896867761,0.07835847310030877,-0.04392095719541856
TCAAGAAATACTAGCT-1,-0.04863171586246635,4622.0,A,1563.0,910.0,-0.24910850662048986,0.06350666896976909,-0.030405103066055143,0.02850203920231387,-0.09408244002935981,-0.07128131614800685
TCAAGCGCGGACGGTA-1,0.057703549788166164,6320.0,A,1643.0,1446.0,-0.02809156596377193,0.1420526599093875,-0.024093932723787743,0.0654713384754431,0.06432989623017578,-0.012273116577645037
TCAAGGTTACTACACC-1,0.04007669109818136,834.0,A,1500.0,1201.0,-0.07878707539078968,-0.21400001377131792,0.12578428312270426,0.2580313511731145,0.1681154215209091,0.05739570183348968
TCACAAACCGAGGTAC-1,0.0045021581526437406,3203.0,A,1399.0,1515.0,0.2102357330159396,-0.11525803858932618,-0.044859416895448985,-0.05884654528193552,0.11353176889529389,-0.01710034960886457
TCACAGGGAATCGCAA-1,-0.010764794867758692,914.0,A,1191.0,1202.0,-0.050497939003481984,-0.06322202305449522,0.0363020885579554,-0.09806969173658717,-0.09926307699298603,0.3871820168056015
TCACGATGTCCGTGGA-1,0.012027491386615116,13227.0,A,536.0,1317.0,-0.01874198543279393,-0.23202097409927497,0.06423095280833738,0.0405847092315442,-0.07091916863650735,0.05621931428692334
TCACGGTCATCGCACA-1,0.05760948083418538,2476.0,A,751.0,667.0,0.10896806634973945,-0.021910710293898242,0.15173177734537457,0.05535728641952724,0.00015001678174254417,-0.02501087926108397
TCACTACGACCAATGC-1,-0.034530932741952985,827.0,A,1393.0,440.0,0.04815056369189688,0.13418587666687548,0.036113259823589344,0.01644980530489689,-0.20776638936312047,-0.04406318429862158
TCACTCGTGCAACGGC-1,-0.1565918787602888,1759.0,A,1368.0,485.0,-0.08632726593298097,-0.07752252640662562,-0.02784779038239276,-0.2704929284443848,-0.35371682677481,-0.3023435576237679
TCACTCTTCGTCTGTC-1,0.055755034416751614,5666.0,A,275.0,558.0,-0.0763388338679391,-0.14634280936674438,-0.09580861628670398,0.1765163899160868,-0.02478207174631212,0.33700003535662487
TCAGACGCTATAGAAG-1,-0.032281133813331836,17514.0,A,1101.0,1225.0,0.07710425226711606,0.056289361796800816,0.07984440505168722,-0.7846605017347927,0.058234270506648214,0.044014540000811835
TCAGATGGAGACGTAG-1,-0.08632024218389289,20334.0,A,1805.0,439.0,-0.11561363307062937,-0.0904488791227953,-0.12161390232316308,-0.06686162433023912,-0.19066540208431965,-0.31330577381292796
TCAGCAAATGCATCTC-1,0.04154325432916721,2908.0,A,1112.0,845.0,0.3879046962017277,0.1399256630546049,-0.007499199226962917,-0.15370832729565803,-0.17915314895154508,0.025289271845700203
TCAGGGCGCAAACTCG-1,-0.02279385444622889,5992.0,A,378.0,647.0,-0.07372038201618414,-0.015770441126302007,-0.025752093318553684,-0.13485716372407897,-0.5050481833508729,0.4636453128173022
TCAGTACTGACCCGCG-1,0.20174903845873857,1626.0,A,610.0,735.0,-0.08403798094441506,0.8388512152272883,-0.22213837446761475,0.8335573057964099,-0.20309094210582954,0.07743933543795437
TCATACTTACAGATCC-1,-0.09883089956158303,2719.0,A,481.0,646.0,-0.07854649937591932,0.005484084821544426,-0.10960532478584403,0.14796744703149686,-0.08527325244714283,-0.45341447582747846
TCATCACTCGAGCTCG-1,-0.08459086460591903,3226.0,A,545.0,534.0,0.2477629572347978,-0.22443299897017832,-0.2522938111501115,0.23584474778042852,-0.14558669937779975,-0.12605143861720633
TCATCCCAGAGGGTGG-1,-0.02210220441921057,3002.0,A,1072.0,420.0,-0.28988989860227404,-0.022264835898472904,0.6167435344060606,-0.27530547546799733,-0.19593350523384223,0.03953762832121266
TCATTCGTATAATTTG-1,0.010914796681133224,879.0,A,1586.0,283.0,-0.017834337778179957,0.005354000390032108,-0.11780764020840005,-0.08391331129284474,0.13744002569808556,0.21312290817309926
TCATTTAAGTCTCCGA-1,-0.059055338581926325,677.0,A,1447.0,933.0,-0.02888869534164619,0.1318791070867011,-0.08294865670157878,-0.25608254450363077,-0.0031288473179790915,0.003716996682632652
TCATTTAGAAGTGTGA-1,-0.050122736056453586,2124.0,A,1591.0,1357.0,0.09402725649951085,-0.06829200165834434,-0.3324836045659743,0.07223488630195146,0.003754870624642223,0.013775988309763093
TCCACTTTATCTAGGT-1,-0.008154025457820298,1763.0,A,1190.0,844.0,-0.17264688078117799,-0.03863414831571979,0.22087755498414205,0.253550713760602,-0.06586265361628905,-0.18116651778471352
TCCAGCGCTATAAGCG-1,0.21267457250551447,7095.0,A,1668.0,1312.0,0.7643334580682667,0.25611581921621707,0.3077959539096356,0.20481605773108577,0.25184326112713795,-0.22840977539069243
TCCATTGTGACCTCGT-1,0.008482091121888385,1169.0,A,1149.0,330.0,0.0843951619287582,-0.06491566364636273,0.2281949053702748,-0.025123286370443774,-0.10545486538046765,-0.024618482110425742
TCCCAAAGACGAAGGA-1,0.034443374302937015,2900.0,A,945.0,734.0,0.007338877295732798,-0.1997884102154558,-0.08630901904214167,0.20620622753119291,0.05799863003407655,0.13149215148589372
TCCCAAAGCCCTAAAT-1,0.036624947433432184,1488.0,A,1679.0,1021.0,0.10664921344390085,0.09601538680751241,0.040101145163251674,0.09840222509359602,-0.06360128230231181,0.1201831763718143
TCCCAGCACACGACAT-1,0.053732110359461766,63682.0,A,1771.0,1401.0,0.047827395013082474,-0.04711175510352206,-0.051636960066267674,-0.10109574816490874,-0.01947951208763926,-0.06618198388407741
TCCCGTGTGCAATTTG-1,0.017970396421359974,758.0,A,1204.0,1135.0,0.0459175119747869,-0.013537722308669689,-0.012484612489931796,0.31291296443578215,-0.013274608935402533,0.06238806831938383
TCCCTAGATCAATAGG-1,-0.036133057099406146,12523.0,A,1639.0,775.0,-0.0051803968970896425,-0.2444335918407091,-0.16241864519129315,-0.055734316645511005,-0.005905165985976887,-0.04465641644309484
TCCCTGGCTCGCTGGA-1,0.10601488508959002,6433.0,A,521.0,892.0,0.20344360254994198,0.015319403119869061,0.1728836803796301,-0.1724270535948117,0.14488578393161422,0.14860351223505858
TCCGAACGTTGCCGCT-1,-0.02547709599241653,2245.0,A,1732.0,1289.0,-0.0020203272299127942,0.04527969139615494,-0.0544730626197557,-0.18145134782395117,0.10055343026531315,0.06922835408569897
TCCGAACTTGGCTTAC-1,0.026849420410341704,9736.0,A,418.0,893.0,0.13359424025535468,0.016675967202536515,-0.12683749661674698,-0.03510635100371334,0.23456940057702175,-0.3543849132584369
TCCGAAGTAGTCACCA-1,-0.04370505687723382,1946.0,A,1587.0,462.0,0.06596269949277794,-0.24913503357307926,-0.10439214921579677,0.06493708363717786,0.05036327527771377,-0.03289371253432084
TCCGATAATTGCCATA-1,-0.126635428126783,2225.0,A,995.0,554.0,-0.3277982470897896,-0.18461302417166786,-0.077040604464594,-0.09227526899497725,-0.07762434653790826,-0.3706513039184231
TCCGATGGTGCGACAT-1,-0.026870810502028653,3067.0,A,855.0,712.0,-0.08044527201629624,-0.01739059228030472,0.03670384893322405,-0.2625484298685133,-0.055610641707175404,0.134351726008041
TCCGCAGCCACCTAGC-1,0.04838054667424592,19011.0,A,262.0,446.0,-0.0788872831730093,0.03981265119715055,-0.04176344544795851,-0.06593310409903404,-0.051734682485277725,0.10892844546849945
TCCGCGGCAGCATCTG-1,-0.09303437881429179,964.0,A,1254.0,911.0,-0.20639943900003735,-0.012894431651828332,-0.1275003333112901,-0.23407080985806072,0.041330614513046156,-0.03789893393581284
TCCGCGGCCCAATGAA-1,0.12826369741429344,1204.0,A,1449.0,1335.0,0.32242638102595855,0.1131841618784799,0.022889307073775282,0.22049358594660118,0.02449086532575248,0.1806793833565907
TCCGCTGTCATCCCGG-1,-0.05372294645654944,1000.0,A,1217.0,1202.0,-0.10237428078952769,-0.08818455534281205,0.11367155642682106,-0.12156191379947892,0.08068569065606612,-0.036066947075418784
TCCGGAGGAAGGGCTG-1,0.10909014314497677,1671.0,A,1561.0,462.0,0.031201585359242195,0.0921005222097239,0.22786632105552151,0.03138327724700511,0.07807882345204346,0.15949246953142882
TCCGTAACCACAATCC-1,0.08656757431503834,10033.0,A,378.0,602.0,0.16268781498877782,-0.11585554860203096,0.34920934438310103,0.18108248925460013,-0.26006040362123684,-0.01228780392241443
TCCGTTAAGCTAATAT-1,-0.0055752548902808455,1785.0,A,1462.0,1313.0,-0.018334438992033134,-0.026186805419391796,0.17097727648464742,0.12115508739610116,-0.08199735409916162,-0.13447344272204095
TCCTAACCGTCGGGCA-1,0.009107148294953918,6312.0,A,768.0,1540.0,-0.17260651396959786,0.2339054819331174,0.01265261697601957,-0.11246745979031238,-0.13576338721805856,0.12311963448200805
TCCTACATCCACGGCC-1,-0.07037198626139841,731.0,A,1255.0,1180.0,-0.06737912529937903,-0.1775395431540791,-0.011901249135935363,-0.07613897009563224,0.06428595824592616,-0.042048191799965745
TCCTATCATAGGTAAC-1,0.03134238910481454,2244.0,A,1719.0,1178.0,0.17499316692853076,0.2913338735070935,0.13485668311423157,-0.0065563233778937625,0.022082191544574137,-0.2969180295755752
TCCTCCTAAGACATTC-1,0.1218674617207839,7382.0,A,445.0,1206.0,-0.17011848889196646,-0.0137524500856155,0.26147797233234243,0.15861067601764142,0.25602179478630493,0.10058605123558109
TCCTCGGGCTGGGCTT-1,-0.02681427600948355,787.0,A,1152.0,1046.0,0.15365473331209012,0.2609403558816983,-0.09864151462548783,-0.23914156898314903,-0.018320256891583904,-0.043240797830490244
TCCTCTGGCCCATTAG-1,-0.08639377761388144,652.0,A,1303.0,374.0,0.18567628617848714,-0.3006963053979754,-0.010104252295715387,0.07287945782058602,-0.40164076613956906,0.07020700497271526
TCCTGCCAACTGGAGA-1,0.10882243961507283,696.0,A,1329.0,418.0,0.006904550734369644,0.17576959199228265,0.042020713892121565,0.2037357014815116,0.2424908528896294,0.0511404286498902
TCCTGCGTTGATACTC-1,0.039931276161500585,2379.0,A,560.0,1004.0,-0.09676077185034059,0.1073806036522369,0.061839143779251655,0.17016351412956743,0.1113316709055662,-0.2723615860982221
TCCTGGCGCTGCCTGG-1,0.07935383471331806,1691.0,A,1535.0,417.0,-0.08117347311015832,-0.042778923019414446,-0.0887111145469163,0.11443925260674705,0.36453983018681685,0.24585331068969893
TCCTTACGACGGTCCG-1,-0.05554287547960573,986.0,A,1397.0,1246.0,-0.29712424388747305,0.0010301943637599856,0.08043114356602137,-0.08882155533339467,-0.29354279900445335,0.4445012531529316
TCCTTCAGTGGTCGAA-1,-0.06110985355384607,2001.0,A,1059.0,487.0,0.2962516269253143,-0.2662024931506845,-0.030508849682939886,-0.32118839404093597,0.13770725437279163,-0.19384070563707181
TCCTTTAAATCCGCTT-1,-0.05058474974976586,821.0,A,1359.0,1403.0,-0.15371554446791302,-0.12341494661583086,-0.013791620587835455,-0.10482653376477914,0.23125246173624409,-0.043941318485439286
TCGAAGAACCGAGCAC-1,0.03986920114308561,915.0,A,1448.0,1156.0,0.16218783002584175,0.025094970294530665,-0.08825391048337365,-0.011391913785098962,0.20164773908854672,0.1419318023459512
TCGAGGGCAACAGACG-1,0.10309675665435325,27253.0,A,1707.0,1424.0,-0.009654064689362363,0.13671805557505737,0.02829312863178733,0.0742514408581369,0.10548138228679464,0.04812961268213427
TCGCAAAGATGCATTT-1,0.017935994553842063,3258.0,A,1140.0,1203.0,0.09820118715857186,-0.11639704911793403,-0.19884730098483533,-0.06859985579570745,0.20020598550398094,0.08746197868327724
TCGCACCAGGAGGCAG-1,0.10266676137073519,1795.0,A,1204.0,1269.0,0.4852714182488256,0.06763046874601114,-0.00033996318218365747,0.05065981998012477,-0.14641058690872907,0.33254579860612077
TCGCATAAAGGGCGCA-1,-0.10005144430846959,636.0,A,1605.0,1559.0,-0.1051729463452724,-0.10134444215657426,-0.009722398851973155,-0.0007424617089495933,-0.1410356390982574,-0.10783694449093534
TCGCATCCCTAAGTGT-1,0.004179731715118394,1956.0,A,571.0,489.0,0.21449532459050144,0.01274232216989766,-0.07268365349502548,-0.004689663120082427,0.06763510566551349,0.008813507211450435
TCGCATTCAATGACTT-1,0.05037330762933022,1522.0,A,647.0,354.0,-0.034183752972953146,0.17851008618838737,0.08171061521598565,0.05889219286065879,0.13817006064526838,-0.04137374934043638
TCGCCCAACTGACTCC-1,-0.09592148468619066,1091.0,A,1573.0,350.0,0.002786398431699824,-0.11264673466440447,-0.15478915475268704,-0.004512467467220109,-0.06947310250206919,-0.16180141961287997
TCGCCGGTCGATCCGT-1,-0.04168185784410034,1400.0,A,957.0,577.0,0.08773301761442982,-0.11922218157682482,-0.12078059212811584,0.0985136872019708,-0.19194145099990848,0.02640102905802455
TCGCGTAGCAGTGTCC-1,-0.04457751783894165,25.0,A,1450.0,1425.0,0.014108145874894368,-0.09967597573294995,0.014118367024474672,0.042962635330277554,0.084278937019752,-0.027852487695841623
TCGCTGTGCGTAAATC-1,-0.13042598488728274,1905.0,A,699.0,533.0,0.31783370823589724,-0.046876458593573145,-0.07550677645970341,0.03562754263057749,-0.5759341263536499,-0.3476292943726356
TCGCTTAATTACGAAG-1,-0.029623802781570764,11511.0,A,1728.0,439.0,-0.18940515001042213,0.10958845662412972,-0.0361913574502919,-0.15458405660831326,-0.1864133748793788,-0.0027988197473904006
TCGGACGCCCAGCCCA-1,-0.11612883911397444,1141.0,A,1190.0,889.0,-0.01993814212088732,-0.1311279727677987,-0.1126109475783501,-0.05061915319182692,-0.17113928163534603,-0.04982031937660026
TCGGAGAGTATCGGGA-1,0.08378522689201028,3276.0,A,471.0,1161.0,-0.10725456318944324,0.09123759470476142,0.12730880988342202,0.05496559533908989,0.09838660614121186,0.1831126085697241
TCGGAGTACATGAGTA-1,0.05513121802518142,5112.0,A,1125.0,867.0,-0.12244306464674912,0.25710705570389186,0.26348738438171243,0.16254199469112374,-0.32008876616188814,-0.0133581576469621
TCGGCGAACCCAAACC-1,0.032800739895389966,1275.0,A,1526.0,1246.0,0.14415036305085602,-0.09972473273472252,0.20144874830434123,0.02061058878427366,0.11896177120995566,-0.05197467988780643
TCGGCGTACTGCACAA-1,0.07568304246838745,21468.0,A,343.0,1251.0,-0.11412388321563835,0.06135721363375991,-0.006278027287863502,-0.0220078889357678,0.1341582384569869,-0.04857873060881163
TCGGCTTGTATCGACG-1,-0.04014723589882076,900.0,A,1411.0,1448.0,-0.03406063277454184,-0.021250923872944763,0.05796950989903545,-0.0849180773082858,-0.03266384828409997,-0.04550607692871083
TCGGGATTCAAACATA-1,0.021999924960343767,3830.0,A,367.0,1027.0,0.12304937309683384,-0.03558096474255234,0.07980855115002139,-0.051175297728123306,-0.034429902059028336,-0.02939206651767142
TCGGGCCGTCGTGGTA-1,0.044805686593336114,233.0,A,1306.0,1045.0,0.13887057101065148,0.10723867618651478,0.0031612727278903033,0.18294088514883536,0.1702203425715844,-0.028438212066509885
TCGGGTGAAACTGCTA-1,-0.025288533509378555,1024.0,A,892.0,376.0,-0.036974404541644884,0.08390131433947264,-0.08170477420242413,0.02658268613083438,-0.14952631836997826,0.06630523623750059
TCGGTCCCTGACTCCA-1,0.07893711248424543,411.0,A,1329.0,374.0,0.30906238010982223,0.07633351639461428,0.2630507489339807,-0.04352778347367495,0.03362261464026621,-0.034052609164128604
TCGGTGACCGCTCCGG-1,-0.052755419996566424,2691.0,A,1574.0,484.0,-0.17889163777716868,-0.11523289726969273,-0.015426360161500306,-0.25229417259642656,-0.04217737439460138,0.2315452747960446
TCGGTTAGCCATGTAG-1,-0.09501226582472891,648.0,A,1393.0,261.0,-0.02035954654646896,0.011592062402435502,-0.010009390896286587,0.19743772996687883,-0.17524475599638634,-0.3055501915201746
TCGTAAGCTCCGAGGA-1,0.06804138809285817,2243.0,A,1535.0,507.0,0.07185226788173171,0.10505466918267323,-0.03293415648374422,0.10242603929788685,0.0802468542799731,0.17993365221344218
TCGTATAGTGCAATTA-1,0.04834626905401869,327.0,A,892.0,420.0,0.041648084366029375,0.47530679959426203,-0.0006310890773521954,0.024911777952786665,-0.04603777772031123,0.08699779286011154
TCGTATTACCCATTGC-1,-0.043422270737643764,3352.0,A,496.0,982.0,0.23034653760459345,-0.03466630131389824,-0.11118964833599997,-0.13671402350115244,-0.06237719783251732,-0.00610288381494627
TCGTCCGCTGGCGTCT-1,-0.1360176671195326,4081.0,A,687.0,645.0,-0.0966102883064394,-0.27449762541342476,-0.10784199026103587,-0.1824906612767253,0.07917139260581188,-0.32496081337048466
TCGTCCGGGTACACTC-1,-0.0015167844068547315,3486.0,A,1727.0,349.0,-0.01878781008560552,0.0812248762936177,-0.4694978901256699,-0.008053468759455226,0.07144037427827746,0.2983736093917845
TCGTCTTAGGCGTTAA-1,-0.08364047552720771,1937.0,A,1243.0,1336.0,0.10194327942307663,0.03483001644001203,-0.10027476463424012,-0.2435928257562594,-0.1789908361419482,-0.04663161364014491
TCGTGTACTATGGATG-1,-0.04457751783894165,30.0,A,1166.0,1202.0,0.007502697311307344,-0.0810277908315073,0.014116907765139554,0.03771818771338464,0.07472565909815701,-0.02665657324486554
TCGTGTATTGGTCACG-1,-0.042658107402537726,213.0,A,1681.0,1334.0,-0.07876694132024253,0.010104525337443382,0.004070666478608022,-0.027444208379320656,0.07695266187083316,-0.027756073852936027
TCGTGTCACGCTGACA-1,-0.024162410581433424,1023.0,A,471.0,1116.0,-0.034262372127769815,0.4976173036724861,0.04756078917011464,-0.08537676663803528,-0.28017667519701933,-0.007141376400656412
TCGTGTTCGACCACAA-1,0.0043031758653960805,273.0,A,1527.0,1425.0,0.07460448805016265,0.11992067633146092,0.0014589820195576308,-0.036779639128661376,0.07801957145070178,-0.029779384289706
TCGTTCGTTATTATGT-1,0.023051890334686367,1376.0,A,969.0,375.0,-0.13836701703724838,0.06816648453335945,0.09218853062973155,-0.0680944602251077,0.09681690704998697,0.10235606011399978
TCGTTGGCTCGTCAAT-1,0.16462430891173727,11215.0,A,570.0,355.0,0.5300184786432516,0.09134898993451492,-0.024636395293309826,0.045175364008404065,0.26036387765589586,0.046047918764085254
TCTAAAGAACAGTCTC-1,-0.03491884584097578,6920.0,A,304.0,1318.0,0.012731102085843257,-0.12117673299588755,0.018272529340503017,-0.04520485244753622,-0.2630160891357067,-0.028177557895466745
TCTACCCAATAGAGAG-1,0.004666455035478606,1689.0,A,1539.0,1402.0,0.02153540181053274,0.006285703075073583,0.27381726794043487,-0.23356432058939386,0.00415643406968556,0.12753567243119704
TCTACGGGCTCAGTTG-1,0.04507230685059062,10384.0,A,1741.0,506.0,-0.06698246681978423,-0.2005471499130319,-0.09868638474501723,0.30986007323451725,0.02296656804959496,0.04228782643143812
TCTAGCAATCTCCGCC-1,-0.009769917696019287,7088.0,A,561.0,1183.0,0.040356153336586986,-0.004150255521933023,0.055514652975995865,-0.03327734022735444,-0.5093813954820313,0.23390696388489435
TCTAGCATCTTCGATG-1,0.1064067380548949,2808.0,A,726.0,667.0,0.3349478576581623,0.14058486207393714,-0.03789435078876134,0.00924061378302745,0.043616091764260685,0.09941348702558424
TCTAGTGATATCGTGG-1,0.08341202943949831,653.0,A,1435.0,1134.0,-0.015330064381055677,0.11578611782844214,-0.010127905776394844,0.08885315637554014,0.08922276895938111,0.3162412121098397
TCTATCATGCAGTTAC-1,-0.16740351917939636,2136.0,A,687.0,556.0,-0.23216047324453382,-0.401188430561512,-0.6182229619901863,0.043533451578277545,0.11277984102619024,0.10498548206013478
TCTATCGGTCGCAACA-1,-0.05380547179606786,3419.0,A,996.0,644.0,-0.23389049897455252,-0.03050235030751131,-0.05433973012433863,0.2177222663185177,-0.22525199776349888,0.008148526214708103
TCTATTACGCTGGCGA-1,0.10265970776870897,6893.0,A,609.0,467.0,0.43390768535766144,0.019679973039849592,0.17775880665302168,-0.1884278009998131,0.042115944595486475,0.18261557949463322
TCTATTACTAGAGGAT-1,0.06154254993767883,4868.0,A,367.0,1072.0,0.30295325821216795,-0.02680887982465071,-0.029108388072717074,0.1450487436190511,-0.03786070331100154,0.055379075402360346
TCTCATGAGATAGGGT-1,-0.04157770467326295,968.0,A,1294.0,1247.0,-0.17195537584793547,0.10859484899741684,0.03421458868292353,0.15582188870998026,-0.23722665482850608,0.036542063296159985
TCTCCCTGGGCAGCGT-1,-0.052262754202528496,2341.0,A,1205.0,1359.0,0.12942678012725506,-0.07950699185398216,-0.19505622863081792,-0.09740209321313559,0.02971198524549255,0.07602102295059293
TCTCGAACGAGGTCAC-1,-0.004107814691483663,493.0,A,1381.0,418.0,-0.12392216378333387,0.2295819970506926,0.05349387455771002,-0.051296092837361695,-0.06560583855483873,0.0671046631974333
TCTCGACGTATCGCCG-1,0.0023902134259233265,2059.0,A,1628.0,1156.0,-0.0815003078885023,0.1801410192663371,0.2811024127990328,-0.18328959893603228,-0.07610560129612529,-0.12906028465162608
TCTCGAGGAGGTTCGC-1,-0.036866441461451654,2769.0,A,1616.0,1312.0,0.059612591096627456,-0.3971467343616473,-0.005861364390811626,0.3453859689327547,-0.15241865332252946,-0.07693987995306932
TCTCTAATAGCTGGTA-1,0.009870706817197716,2991.0,A,841.0,600.0,-0.30235544207073,0.12891162993620064,0.1354044887772804,-0.05450529974144825,-0.02702903450031669,-0.0015843604190227535
TCTCTCGCCGCACATA-1,0.14926480469355952,11877.0,A,1655.0,1379.0,0.09259428885200541,-0.06345583910531252,0.04944063515784169,-0.002930486589224679,-0.042679217769654755,0.62670951550639
TCTGAACCGGTCGGCT-1,-0.09388045916496468,2526.0,A,648.0,623.0,-0.1664123117175703,-0.5853530824361814,-0.3193106349436223,0.08545140225477091,0.0013794939649520621,0.08637008385351676
TCTGAACTCGTACCCG-1,-0.00673850466054321,962.0,A,1397.0,1201.0,0.00932827783564951,-0.20604183446880467,0.004170896092326553,0.05151931372380252,0.37312504324187756,0.03562251018888565
TCTGAAGCACGTGGTC-1,0.03795629195015969,1855.0,A,1257.0,1403.0,-0.11065701510564695,0.14290458886205934,0.09390971943442282,-0.1122847132027335,0.17596793056581173,0.12814398948197614
TCTGAATTCCGTACAA-1,0.021103300039069156,1092.0,A,1383.0,911.0,-0.06400878172340443,0.1885668918930003,-0.018718067508043487,0.011093665040561196,-0.02867688024034873,0.07662653188599423
TCTGAGCAATTGACTG-1,0.1739553454664312,3584.0,A,1616.0,1357.0,-0.01108808072158285,0.210200789095123,-0.12921970027535448,0.39632948022886016,0.34511420332187553,0.18199629593520128
TCTGATGTATTCTGTC-1,0.041396862328696916,1414.0,A,1243.0,1292.0,0.1845039053541677,-0.0010209581709076723,0.3968678397478857,0.06524124305796053,0.11054810474448559,-0.2387221432270638
TCTGATTGGAAATGGA-1,-0.06876531746082754,1735.0,A,1756.0,931.0,-0.026895711007451067,-0.13617097469380574,-0.1846302691439613,0.052573947104005314,-0.0834459471724814,-0.020083157123347746
TCTGCCAGAAACTGCA-1,0.03563382431056679,847.0,A,1191.0,1068.0,0.23281806045826495,0.22261417811658007,-0.014310549263891355,0.049569751553844466,0.10996231678191462,-0.04446571722869977
TCTGCTTAGAACAAGC-1,-0.004020373306012903,11932.0,A,1796.0,1267.0,0.026256877030844547,0.07253832272822004,-0.11332264113344866,-0.32143230294390424,0.17309800301523243,-0.08051149558229517
TCTGGAGCGTAAGAGT-1,-0.03429460281735347,1322.0,A,1795.0,998.0,-0.08970560600330213,-0.005270881695140773,-0.1572924708389448,0.046692502561158006,0.07645910520670687,0.04267385946522222
TCTGGCCGTTCAAGTT-1,-0.0041578354589820316,1351.0,A,1743.0,954.0,0.14086884920512682,0.14076135376900759,0.15328900039558271,-0.060955061577546654,-0.10598342810470733,-0.07641604840203127
TCTGGGAACCTTTGAA-1,-0.009067665430450053,1123.0,A,1435.0,1045.0,-0.1017337765653416,-0.018241332701035423,0.02537624064256411,0.023665800685005393,0.3462847818888316,-0.12028837592734049
TCTGGGTAGCGCTCAT-1,0.04464934262452964,3628.0,A,637.0,1048.0,-0.021949593874684353,-0.18574508268755185,0.1521298826978877,0.10562215948474206,0.05982524403901364,0.0849834125759602
TCTGTGATGGAGGTTG-1,-0.0814130931162221,426.0,A,1637.0,283.0,-0.019001322443856883,0.13507151837018722,-0.003984035507207988,-0.05410615500402209,-0.16929771559949452,-0.20619933683866087
TCTGTGCCATCATAGT-1,0.09574597797655471,1453.0,A,1203.0,867.0,0.1258305943109732,-0.03633346902269871,-0.055055013980226226,0.06192006963681203,0.09460810694418412,0.3705275396697602
TCTTACAGAGGTACCG-1,0.11960800931692171,2163.0,A,751.0,488.0,0.15039248448363646,-0.11931660196490368,0.2372578462782626,0.2426612716146912,0.10240599588747616,0.12658874696044714
TCTTACTTATGCCTCT-1,-0.04436525697072553,813.0,A,1371.0,1157.0,-0.1022638445142453,-0.3375252734595436,0.20919594971026223,-0.13554607304647226,0.06773853425620148,0.1310190239928511
TCTTAGAGCTCCAATT-1,0.045786365694047815,1213.0,A,1564.0,1044.0,0.12945373902546453,-0.04295698692055767,0.02262248747105178,0.0710486889577936,-0.04413095674033561,0.23091765769311642
TCTTAGAGTGAACTCT-1,0.019623811390933263,848.0,A,1448.0,1112.0,0.0682932157947584,0.08405681009205823,-0.014330282734344616,0.024204711544784298,-0.009816489794020389,0.03647163134205493
TCTTCCCATGGGCACA-1,-0.20705635647441373,845.0,A,1408.0,866.0,-0.3020255153724537,-0.23503829604635243,0.03536812495760812,-0.17821598492333024,-0.5599158868039267,0.1376441123721671
TCTTCGAATAGACGTT-1,-0.019860944098279848,2486.0,A,1088.0,1024.0,0.10470324968751524,0.3282855270427163,-0.12510136624667106,-0.19881915841085027,-0.04782028635472458,-0.1707300431914283
TCTTCGCGGTGAGAGG-1,0.054503349551678744,1814.0,A,1669.0,1491.0,-0.04947933952337211,0.004222921290434356,-0.15566339910957377,0.25523268920082615,0.237044526261367,0.0046899734171757905
TCTTCTATAACCCGCC-1,-0.12504405394978452,884.0,A,1551.0,1156.0,0.020725662060599948,-0.06433783207686067,-0.1973901833036677,-0.20870270281864245,-0.09275296461335195,-0.10156608251175854
TCTTGATGCGTAGCGA-1,0.04806889979682162,3931.0,A,1048.0,867.0,-0.0899717883816352,-0.15606519668078495,0.13084597045137009,0.038490296993413366,0.2693778565250238,0.010682250738961464
TCTTGGTAACACCAAA-1,0.018298681312433285,4706.0,A,1008.0,621.0,0.005932995269952612,0.14378192863000708,0.00893244007120043,-0.14445369521693724,0.012058909921097337,0.05281655687355244
TCTTTAAGACTATGAA-1,-0.09951248120991332,739.0,A,1434.0,910.0,-0.07574348382535956,-0.08813864737217461,-0.012075632475434826,-0.0765943861904364,-0.14483427889400416,-0.08168312215363502
TCTTTAGAGTCTAACA-1,0.04094022956343101,2986.0,A,1642.0,1267.0,0.460708940829616,0.04072678175929244,-0.06200245203005126,-0.23715744290353274,0.11771747244403362,-0.2856458836551356
TCTTTAGCAGGCGAAC-1,-0.052436458057012005,2918.0,A,1666.0,909.0,-0.016073681286341873,-0.21392632857616195,0.05135452257166648,-0.20840671857243268,-0.0551778477806014,0.058913605586591186
TCTTTCCTTCGAGATA-1,0.17199813464990768,10260.0,A,1720.0,1446.0,0.37831937135552435,0.13030522272927073,-0.10178471742123313,0.353418034901824,0.06237318552536342,0.1871417147232381
TGAAACTTATGCAAGC-1,0.03822582845143831,1724.0,A,1110.0,397.0,-0.002595910060549444,0.09971076299190475,-0.09196593693347706,0.1270587777070671,0.17621386385213547,-0.032326898892998904
TGAAAGGACCTGACTC-1,-0.1375149329410087,923.0,A,1241.0,934.0,-0.2527824596569189,-0.11376481306413187,-0.12588580578427205,-0.0006269363787728688,0.0822286828471735,-0.30215073374470747
TGAAGAGCGGTCCTAG-1,-0.02058330876711699,1718.0,A,314.0,580.0,-0.2862259854878422,0.025715429287231053,-0.09011001974312974,-0.09329052805243948,0.20754754872144932,0.10976808913312303
TGAAGTAGCTTACGGA-1,-0.13638239177263156,2580.0,A,236.0,535.0,-0.09230176045848189,-0.07839150035851798,-0.344087723913068,-0.1706151709706506,0.10380989395225491,-0.19898467252352006
TGAATATGCTATAAAC-1,-0.06580557284842911,4448.0,A,1638.0,506.0,0.10931317174955375,0.002998337886981013,0.12833203846103505,-0.43215250132765265,-0.20682897517377627,0.08941551858041574
TGAATGTCAGCCGGCC-1,0.027384162497944328,816.0,A,1577.0,1201.0,0.04468834638063188,0.0344891687578992,0.020914652374024695,0.004468884060079011,0.3311250029264882,0.01568624911456465
TGACAACGCATGTCGC-1,-0.12619373714052978,883.0,A,1769.0,1043.0,-0.17663605937828752,-0.02648139289264207,-0.508270865167309,0.026578865943736533,0.18227760257915326,-0.04517642860339412
TGACACTTCTCTTTGC-1,0.12987151928813825,2513.0,A,1484.0,507.0,-0.011655509536189414,0.2277017724891477,-0.035412600612605254,0.0228132992830352,0.5041508668061797,0.12814887090252913
TGACAGGACAAGTCCA-1,-0.02719754861770786,27239.0,A,292.0,1386.0,-0.2626684217768295,0.0033479070706632086,-0.04787458481256882,-0.12669602186366585,-0.031097802583793438,-0.12732759753527012
TGACATCGAGCGGACC-1,-0.05367765709273392,637.0,A,1473.0,932.0,0.005398962942225208,-0.26098838570945415,-0.0659496249772179,-0.0704182611159585,0.35249974470566525,-0.039926095785996915
TGACCAGCTTCAAAGT-1,-0.09512701968606169,1173.0,A,1419.0,306.0,-0.06119669410306677,0.17792082107160434,0.04943999324297235,-0.015860496455982823,-0.8822522003918467,0.23258711514915476
TGACGAATATTTCCCT-1,0.19453861271556278,4835.0,A,458.0,1139.0,0.2885994765648355,0.019607849136828844,0.07378938302462633,0.17006613055076902,0.33238796615607075,0.25495683067955993
TGACGATGCACTAGAA-1,-0.10027531694332156,1004.0,A,1396.0,978.0,0.023732619997485924,-0.03077086755939734,-0.01722526733263542,-0.19908965440987883,-0.09856214799374374,-0.1010376858623939
TGAGAATGCTTTACCG-1,-0.08041845224222054,2567.0,A,867.0,555.0,-0.1959730151746068,0.22778314596187638,-0.03588326542692515,-0.30025870214238304,-0.0023009159329192416,-0.13509555232835252
TGAGAGATTTACCACG-1,0.027782385461294468,799.0,A,1345.0,1067.0,0.10174437496003677,-0.10232436575789373,0.33304616220753064,-0.07987366018206639,-0.08811143334421562,0.07795066650130779
TGAGATCAAATACTCA-1,0.1281593418582007,2425.0,A,981.0,308.0,0.10822939411057521,0.210604459080201,0.23737825073338784,-0.14605071907372377,0.3330457974762499,0.09920858574069877
TGAGATTAGGCCCTAA-1,0.01086212214152081,4146.0,A,1381.0,508.0,0.011599770665248248,0.03590239535405683,0.1220064668883665,0.0302693350971726,-0.02080886860220227,-0.16427802678143
TGAGCCATACAGTCTC-1,0.025939138529828664,4869.0,A,663.0,1093.0,0.046417823869627575,0.013133808731103813,0.02516718271244969,-0.06462553725026511,-0.10227521820705385,0.06703961850531433
TGAGCTCAACTGTATA-1,0.1529779125891509,19204.0,A,1771.0,1446.0,0.39931974092002887,0.16721275736385238,0.026102252678647013,0.15429363594747456,0.04195559581191001,0.013412351281695878
TGAGTGGTCCGTGACG-1,-0.031905652395937525,7094.0,A,1254.0,822.0,-0.15004401608055146,-0.2601314613493661,0.15276067768953194,0.013261405837328322,-0.08850954052598047,-0.01859383817786324
TGAGTTAAAGACATTC-1,-0.02253645879293347,1853.0,A,1616.0,1223.0,0.09935262059899719,-0.11596852594532475,0.47773305804665855,-0.0894168215275691,-0.2758940830724537,-0.187689870651916
TGATCAGGGAACTGCT-1,0.24780460100297733,6487.0,A,483.0,1094.0,0.5132352230043109,0.10523977812933552,0.09576785824120188,0.2727554484799001,0.14016972514114742,0.3687767418406553
TGATCTACGCTGATCT-1,0.10289064912983738,1230.0,A,1458.0,507.0,-0.09803405878352053,0.04041170616348057,0.11563978227256591,-0.08607831559970007,0.22357187168989764,0.4325517022920753
TGATGTCAATTAAGTG-1,-0.14569159228234288,1411.0,A,1501.0,1469.0,-0.7182019353230895,-0.11706278543329199,-0.13469401124431427,0.10737391237475671,0.18553087788193315,-0.05401636438220657
TGATTATGGCACGCAG-1,-0.01441337141984897,3100.0,A,1599.0,440.0,-0.11315182266206913,0.009489272284789442,-0.05030940857342104,0.07390392392872394,-0.08032742182355138,0.04173505622114048
TGATTCAGGTCCCGCG-1,0.0574541933477242,33417.0,A,278.0,1229.0,-0.25845616695160123,0.030050504432789615,0.10649909284488486,-0.19536043870377257,0.020153427120765607,0.05876569034313199
TGATTCTGTCGCCGGT-1,-0.14597642487958054,3544.0,A,741.0,1227.0,0.0694180935528439,-0.12302887855374606,-0.3395899561865307,-0.43770675014711385,-0.027633256780556684,-0.08940077294583933
TGATTTATTAGCTGTG-1,-0.1413155590318109,2459.0,A,612.0,1004.0,-0.28821504495358086,-0.2075228138831319,-0.003372487226414823,-0.2754145884842647,-0.0880693152912819,-0.22276596059720186
TGATTTCCTCCTGACG-1,-0.07303404615071407,1493.0,A,609.0,511.0,0.08155295814373942,-0.12420158968048461,-0.1017524626907131,0.01901071196653064,0.0625507697734946,-0.11506611068713056
TGCAACCCATCTGCGG-1,-0.07172609354890763,3010.0,A,1334.0,1493.0,-0.49496899265480304,-0.40139960888053344,0.1286100642652824,0.1689363126796473,-0.10880606045640895,-0.08940596412652561
TGCAATTTGGGCACGG-1,-0.021215513061703675,3088.0,A,1509.0,462.0,-0.1848983978014349,0.048061803471351056,0.33560472645813383,-0.11662243162046051,-0.06296901799314544,-0.13155316360486463
TGCACAGTGAAGTTAT-1,0.07928650190740036,1203.0,A,1458.0,418.0,0.1552991190971022,0.07595571926974926,-0.02048127045138968,0.133503391412708,0.3621521974327583,-0.12623456990513898
TGCACTATGTGAGTGC-1,-0.016315875230668277,2031.0,A,339.0,535.0,0.017529334982661727,-0.04347976919425233,0.006408048520148848,0.010244968040359584,0.06320066599587079,-0.10405745122797767
TGCAGAACTATATCGT-1,0.07820015136464864,6815.0,A,458.0,1094.0,0.5719830550306337,0.08893786294957876,-0.017980230692615333,-0.10050276333782529,0.021068463624786447,-0.07516384224675593
TGCAGAGTACCGAGCA-1,-0.028559262455059915,1732.0,A,766.0,1003.0,0.1923810465822606,-0.23314685015196668,-0.027533960531172873,0.1103964667014366,-0.12664552844344398,0.03349658732591328
TGCAGATCGTCCTAGG-1,0.14469399986074555,7877.0,A,406.0,1094.0,0.3682216990513443,0.055315058817919094,-0.2338964201187952,0.36589135114812676,0.14294869559209272,0.07894545193203226
TGCAGCTACGTACTTC-1,0.02725782580308203,7971.0,A,380.0,1094.0,0.4066336276349776,-0.026286202616028834,0.040690340734256425,-0.07297613650303227,-0.23953871369945576,0.08617175468549329
TGCAGTGAGGCTCGGG-1,0.15222700157247948,11527.0,A,1728.0,484.0,-0.16256676656580135,0.0006693738753630052,0.43763323345909405,0.23432723985218185,0.27357198796096005,-0.10018980059371227
TGCAGTTTCCTCCCAT-1,-0.06649223483818607,711.0,A,1332.0,1045.0,-0.09788445004146189,-0.022365891850816375,-0.01145944507236293,-0.121475214540407,-0.08272354231973654,0.05114528941818382
TGCATATGTCTGTCAC-1,-0.15631426331229695,893.0,A,1267.0,933.0,-0.019602634237346372,-0.214307356350598,-0.0152017649335002,-0.14553935897949447,-0.17243750642595,-0.25506993494920915
TGCATGGATCGGATCT-1,0.10963599610719998,1909.0,A,1034.0,576.0,0.13184161038783612,0.2640086420827916,0.04345249471099243,0.2131625526078079,0.0159464924966103,0.048193555452141795
TGCCAAAGTCAGACTT-1,0.11784374908598992,11841.0,A,419.0,1116.0,0.4421588916097319,0.0640847128064559,0.1617681695360741,0.02973035715354888,0.027258075426334405,-0.046826812359913914
TGCCCGTACCGTTAAA-1,0.06471235792687272,3889.0,A,1140.0,1158.0,0.18877686664244886,0.00046568754868915596,0.09472276732739339,-0.017152399053174932,0.18342507328137092,-0.02198769186135927
TGCCTAAATTTAATAG-1,0.0389761548527161,1770.0,A,1808.0,1020.0,-0.2583946362723771,0.22579428806230192,0.1605837402450552,0.04199605885628478,-0.046063583820295545,0.08533765516146491
TGCCTAATTGAAGATT-1,-0.05674560096193159,1619.0,A,1527.0,1380.0,0.08644744172823414,-0.04595760371877887,-0.36362121937055686,-0.35670644394426304,0.3882691711950181,0.05574755700870293
TGCCTGATCAAACGAT-1,-0.062205794519231576,7968.0,A,1073.0,599.0,-0.18998872676580159,-0.10426316707067644,0.06013858145213263,-0.0006006264488198909,-0.14308225791191823,-0.09746942833938739
TGCCTTGGCCAGGCAA-1,0.150557342087139,2140.0,A,1230.0,1314.0,0.45400847106749204,0.2149424566564861,-0.10873131091640353,0.22128147595221265,-0.11538394556197698,0.30332135560613505
TGCGAATATGGGATTT-1,0.026316422292389563,11640.0,A,342.0,1162.0,-0.147317055670388,0.06090667293014229,0.041202974266259663,-0.31845514089838656,0.31217965790067914,0.005515231558066144
TGCGAGATGGCGGCCA-1,-0.08435837022243194,3122.0,A,1651.0,395.0,-0.13264067067227747,-0.22315013553918123,0.00206790467428531,-0.2431284955828018,-0.09635996122121972,0.11467291211883311
TGCGAGCCCTTCCGCG-1,0.05771895055315751,623.0,A,1483.0,418.0,-0.08197163745949929,0.18475801234762318,0.16240373511278355,0.13633707270530812,0.36457067392592857,-0.2140095864141058
TGCGATGCTAATGGCT-1,0.018435377910302683,11477.0,A,314.0,625.0,0.028999949126043312,-0.06296249022261582,-0.05418781908714888,0.040740984864442845,0.044339999054715654,-0.14122434733366684
TGCGCCGTTAATAACG-1,-0.13608621584480377,858.0,A,1757.0,1065.0,-0.04071225918366253,-0.5445516545760364,-0.11998101868701605,0.05173401066125118,-0.16573846855018934,0.12287922306115649
TGCGCGATTAACGGAG-1,-0.058725098567888004,1152.0,A,700.0,757.0,0.008415707768577842,-0.3021405067176922,-0.15290336319735587,0.13231494137758945,-0.07199734341612214,0.18460558572783922
TGCGGAGTAAAGGTGC-1,-0.05228133752715453,7129.0,A,1073.0,643.0,-0.0114253083106622,0.08015849574534922,-0.015424857969412,-0.23497737944424804,-0.19629347839030287,-0.05366088636277688
TGCGGCATAGTTCAAC-1,-0.09588818483162354,1532.0,A,866.0,421.0,-0.20235773122446915,-0.03637822592010009,-0.025086362466804554,-0.2169471692657225,-0.06039581149587553,-0.003372420814461711
TGCGGTGAAATTTCAT-1,0.15362502810192669,2437.0,A,1020.0,420.0,0.23613084309815432,0.2589222798911446,-0.02156406331505443,0.25745041768596166,0.15692436166087312,0.010793620569079527
TGCGTCATGACTGAGC-1,-0.01659571641231722,2663.0,A,446.0,1340.0,-0.31976046260839497,-0.11610612823360196,0.009832862029077781,0.16805193016721962,0.15567421398837777,-0.1794860649157403
TGCGTTTGTTGACACT-1,0.04432263322295814,1031.0,A,1152.0,1091.0,-0.1562341845612887,0.18447949197040825,-0.017693002414666707,0.025779236183607945,0.15444491427384638,0.11799503578049177
TGCTAAGTGTCTATTT-1,-0.000744471172899332,1212.0,A,1333.0,1314.0,-0.02389915488686435,-0.0008724415291315596,-0.13301864357280652,0.024663666983292608,-0.07355476105880837,0.4518612296861831
TGCTCCACAGTTCTTA-1,0.00017607556554324888,1011.0,A,1397.0,1157.0,-0.021600647202882253,0.01145847011106415,-0.01734739316669193,0.20580948567670437,-0.15270169303366846,0.12578796859071667
TGCTGCGTCAGAGTTA-1,-0.03770560540150821,3722.0,A,1766.0,372.0,0.07044885427995132,-0.13517881892661626,0.024809818969122065,-0.01219208160417969,0.04896337194175079,-0.16848106583592873
TGCTGGTTGGACAATT-1,0.09974016271549561,9851.0,A,700.0,623.0,-0.16107658674173822,0.07358955461345397,0.10341633798945826,0.20121406060532845,0.13307255280090807,0.07629578624628353
TGCTGTTGAAGAACTC-1,-0.05851203920656863,7269.0,A,1023.0,1002.0,-0.06537816020876916,-0.2796811869753569,0.14940351339780839,-0.22921093275512022,-0.17512056477243132,0.09783675654050777
TGGAAGAAGGGAACGT-1,0.06248168242384337,6680.0,A,625.0,1026.0,-0.07753779293548499,0.06977284136599027,0.18884784320251444,-0.018443620027464625,0.19902695355561115,-0.09986634282275139
TGGAAGACGAACACCA-1,0.02149376724750752,3341.0,A,763.0,466.0,0.24779618104532597,0.16499059750571757,0.07206247424880519,0.10467979724735224,-0.34468266006744275,-0.06014801405133505
TGGAAGGATAAAGATG-1,0.10997576042085369,3528.0,A,1047.0,599.0,0.16703490188776032,-0.09866196315233292,0.038744188829499926,0.1514038066115159,0.13386669286858152,0.21359683227960127
TGGAATATCCTTGACC-1,-0.018079691751002554,8410.0,A,1549.0,664.0,-0.06485579490230112,0.007373625578412708,-0.06232072628012665,-0.3031606356176296,-0.18905024300391138,0.2934976353282604
TGGACACCGTTGCTTG-1,0.04100015919969527,7381.0,A,301.0,602.0,0.020914050576822635,-0.023945008613422206,-0.1701092809551386,0.09090882536102995,0.36927966829903464,-0.1992890640296033
TGGACTGTTCGCTCAA-1,0.08773429281133277,2479.0,A,1113.0,979.0,-0.283309325602793,-0.2718767629454806,0.08755840592980282,-0.025960586148616734,0.6742880589841064,0.3217195803409359
TGGCAAACTAAATTAC-1,-0.0011941115988745171,5556.0,A,1179.0,1270.0,0.12726705924042686,0.18216865104904714,-0.03156006027977755,0.07129624042154928,-0.28989269902081,0.03652689886884644
TGGCAATGGGACGGCG-1,0.04985478197362861,1027.0,A,1539.0,1357.0,-0.020443044359437994,0.25545702347882504,-0.09338017513411095,0.07580016396417463,0.08332579430553431,0.04379247347393865
TGGCATGAAGTTTGGG-1,0.0015088925384479368,29666.0,A,330.0,1408.0,-0.15952445693999578,-0.049552147653713435,-0.11233807362647374,0.01757419063453043,-0.058496200168545856,-0.07507192051139051
TGGCCAATTTGGTACT-1,0.05009470559458648,16253.0,A,317.0,1251.0,0.07248324564798894,-0.16570910822795998,-0.011622735920762697,0.053922616223178205,0.05087557143216745,-0.04933342553133467
TGGCTCTTGTCGCGTA-1,0.08318434669916189,8066.0,A,329.0,1095.0,-0.0966670325149735,-0.18724761328866346,0.1745412390207411,0.28118009841706426,0.029975850656706632,0.05367436058377709
TGGCTTGTACAAGCTT-1,0.026617334022675895,9491.0,A,1664.0,506.0,0.13004194190145013,0.06832263267585757,0.19085137116043005,0.09482089888306046,-0.10908024238006611,-0.26197602189738284
TGGCTTTGGGTAGACA-1,0.17686288591841448,3874.0,A,828.0,577.0,-0.12498606034831938,-0.07316670767874933,0.08301570038777457,0.2661679425742213,-0.00794579552229719,0.7617423309616592
TGGGAAATGCCTTTCC-1,-0.049712715043655153,2486.0,A,520.0,668.0,-0.09869392472679667,-0.10787273520392451,0.11468501318053644,0.1887420260583215,0.042528631979821215,-0.39399600390072165
TGGGATGCACTCATTC-1,-0.08507878640841957,706.0,A,1432.0,418.0,-0.013245477802236408,-0.11688049787362727,0.18375052028671948,-0.07705265955429233,-0.14368060549152212,-0.2208655582400897
TGGGCAATAGTTGGGT-1,-0.11488163940072907,920.0,A,1564.0,1178.0,-0.0417815384172744,-0.0912498171796757,0.036064687035751025,-0.2361294415091351,-0.10818141648404492,-0.045889173406048006
TGGGCACGTTCTATGG-1,0.010095138600878711,11605.0,A,1111.0,487.0,-0.22230418338135094,0.09835721275288144,0.11767762194082844,-0.26877909862949134,0.13837538347476053,-0.20525324751946733
TGGGCAGGCCACCGCA-1,0.10043207300971842,20462.0,A,1668.0,1357.0,0.12163929561204331,-0.09001806399109752,-0.020349083690971388,0.0002700919872261204,0.1734488071553617,0.03578211466333951
TGGGCCACAAGAGCGC-1,0.1062647864358346,5613.0,A,1098.0,554.0,-0.06050289496338432,-0.1754821660671368,0.030334094105221095,0.03107452578886019,0.0483150864032974,0.583141167426258
TGGGCCCATACTAATT-1,-0.0884066880135721,964.0,A,1320.0,1202.0,-0.04679228160712155,-0.06592198639832927,-0.11593277673157994,-0.08466890851180107,0.06339927320511252,-0.11585784862360168
TGGGTAAGGTTCCCGC-1,0.010353866512973299,1719.0,A,1188.0,441.0,-0.1309320256720656,0.02099069607604424,0.019674384952748942,-0.07391520692492617,0.4266118275551251,-0.20983103867795275
TGGGTGGGATGTCATT-1,-0.02861507130365515,1898.0,A,1612.0,372.0,-0.007142663216748047,-0.04730579061869483,-0.08794577920954173,-0.026136859233685368,0.04411849054600372,-0.06040184675833526
TGGTAGAATATATGGG-1,0.03504174274926136,1420.0,A,1461.0,1223.0,0.1186829384879671,0.04908275763599737,-0.07803592586851929,0.28676016873990695,0.07322498729572574,-0.004838465287024592
TGGTATCGCATCCCAA-1,0.09761775378698104,5696.0,A,1046.0,330.0,0.18784102034512182,-0.0934090823930078,0.12331241255877406,-0.06721571521876246,0.24438690279646003,0.10254069265884998
TGGTCTAGCTTACATG-1,-0.033546025610293385,5091.0,A,237.0,625.0,-0.11325869235403745,-0.2591383853065108,-0.037956084944263696,-0.18188297818776816,-0.005320495961979605,0.37062558560270725
TGGTCTGTTGGGCGTA-1,-0.20966439882775684,1856.0,A,547.0,982.0,0.0960505897648121,-0.15806930661092713,-0.5463720329219758,-0.4087249860306069,-0.21951068182128336,0.02336670459400599
TGGTTCAACGGGTAAT-1,0.057830414589231306,2405.0,A,1127.0,1270.0,-0.15081373259846745,-0.05102600860143046,0.39312833597820185,0.13809053288405068,0.19523520627671,-0.1450588658800334
TGGTTCGTAGCAAAGG-1,0.189274232468651,3081.0,A,880.0,667.0,0.15188329927226002,0.013051167074343617,0.030986495770911646,0.5272881654462164,-0.006800756148569039,0.2797613426119643
TGGTTGGAGGATCCTG-1,-0.11427012014789005,481.0,A,1342.0,396.0,0.004111103912784075,0.03154766516596018,0.05429564551696908,-0.29751157123066907,-0.2743608137302321,-0.036006374503706036
TGTAATGACCACAATA-1,0.2079650507211515,4513.0,A,354.0,960.0,0.1154878102363872,0.12899400968260755,-0.039682636206302295,0.6890800957665788,0.19496621191714425,0.09435921556035588
TGTACCTACACGAGGG-1,-0.030449764877095567,1350.0,A,1347.0,1470.0,-0.033649005255215775,-0.18833660462080523,0.20424214680736388,-0.102499363397066,0.16215595964336169,-0.10446623003565086
TGTACTACTCTCACGG-1,-0.04876421514980925,5846.0,A,1716.0,596.0,0.04698812408623553,-0.247932161796074,0.013173738445092998,-0.018432963619553887,-0.013138399028155612,-0.20966857625509416
TGTAGCCATCCCATTC-1,-0.06979740007798654,1130.0,A,1617.0,1536.0,0.042971717401927526,-0.03623409114107305,0.0419502589720733,-0.045081948684937374,-0.11116035412461656,-0.02498753644508673
TGTAGGAGAAATTTCC-1,-0.05402386981199832,1098.0,A,1280.0,911.0,-0.209928094058163,-0.2125859507511728,-0.018816633291153455,-0.025104160665846684,0.2206657989135068,-0.015323259729868356
TGTAGTGATCTATAAT-1,-0.08296483210996934,3147.0,A,598.0,937.0,-0.045181240463200656,0.006597129986095331,-0.09896955421344582,-0.23042966970991582,-0.12094528732555943,-0.08355373151161928
TGTATCAGACTGAAGC-1,0.009890566463660787,2086.0,A,1586.0,372.0,-0.011595470361670409,-0.09012743817480923,-0.024173259475007983,0.030955520515081415,0.18073232767373848,-0.06377738197539477
TGTATCCTTATTCCAT-1,0.08988057563764149,2906.0,A,814.0,376.0,0.09832779503729862,0.12304854919867114,-0.024471669890235092,-0.13965074737879102,0.24375789125703953,0.21008185774050356
TGTATGGCGCAGACAG-1,0.0169163597913055,769.0,A,1371.0,1112.0,0.31926622138664396,0.05766287538876351,0.04251690365836009,0.06799278085347557,-0.2938125768074138,0.10808574122045622
TGTATTTACCTAATGC-1,-0.02979954987811018,1056.0,A,1483.0,373.0,-0.04211507292873047,-0.09793626260911939,0.17307011541344633,0.08853495922324602,-0.05207200327779381,0.1189421007086188
TGTCCCGACATAGCAC-1,-0.1500672320628205,1162.0,A,905.0,398.0,-0.4676977214733365,0.04523880870179158,0.04088894416085938,-0.18938239784417488,-0.3085487683208537,0.08357862756130421
TGTCCGTGGCGCCTTT-1,-0.13643700068672998,9161.0,A,405.0,826.0,-0.2411247617700275,-0.24845923651406454,-0.7243716302787819,0.028306226462495317,-0.12219320374626291,0.25975203440152483
TGTCCTAAGTCACCGC-1,0.03466462417310368,5094.0,A,560.0,914.0,-0.220967541840476,0.1734029068760648,0.08061127416732798,-0.038613885201163635,0.2035992562708263,-0.16661699572500605
TGTCTACAGTTTCTGT-1,-0.01292524932728073,1625.0,A,853.0,398.0,-0.20163096860735522,-0.09782115191439603,0.3897611363351136,-0.07230775801518516,0.04461569078139125,-0.0540209645179696
TGTGCCGGTGCCGGAA-1,-0.09936739479170187,1378.0,A,1423.0,1336.0,-0.2884461147405084,-0.12164296940987909,0.1048486767188845,0.1790439616752849,-0.32347609433815144,-0.029527944045216477
TGTGCTTTACGTAAGA-1,-0.07657317940551492,3138.0,A,406.0,960.0,0.21590761416251894,-0.6884990073140581,0.17720079437950842,-0.10007386783905736,0.20631373638800143,-0.10478638840828762
TGTGGACTATCTACGT-1,-0.209062338805169,8935.0,A,1796.0,1311.0,0.13201288310831474,-1.0257867568182648,0.09608208207967879,-0.14930604254141572,-0.28772168629598643,-0.06432379397923103
TGTGGCTCCCACCAAC-1,0.12054353585428261,1597.0,A,1693.0,1133.0,-0.0862631263202711,-0.034913138700314233,0.4411949182784425,0.2899973706541906,0.12319950174681954,0.04342405216529809
TGTGGTAGGGTGCCTT-1,0.048413575457081075,8757.0,A,1784.0,1334.0,0.23270106189139544,0.0554338258626669,-0.12566980736872282,0.016078588034890824,-0.1349855805783669,0.11820155412941988
TGTGTAGTAGCACGTG-1,0.19164116606606452,1419.0,A,1668.0,1446.0,-0.00574711324488552,0.1481467344976371,0.37881813678761433,0.23370836017085186,0.17285855831395242,0.18992866976256662
TGTGTCGCGAGTTGCA-1,-0.057256875192969126,6744.0,A,636.0,690.0,-0.0783785786546926,-0.3150959532603533,-0.024353116728391553,0.13645751639340203,-0.16105266269846988,-0.062011811114678114
TGTTATTGTATGTGGC-1,-0.07042008805894062,668.0,A,1281.0,1135.0,-0.08347026193157223,0.14318473934138615,-0.027270209016529597,-0.15037337703542614,-0.20104671581077999,0.13770672386658697
TGTTCCGCTTCCATGA-1,0.01069168797496002,10704.0,A,740.0,958.0,0.021537690256034553,0.018103816964855593,-0.04200897556444493,0.0166232210220751,-0.02587899568157586,-0.10963806890875541
TGTTCTCTACTCCCTA-1,0.015461973338320998,5649.0,A,1754.0,439.0,-0.09130288445814808,0.05863530423421562,-0.1058331099505107,0.1377622372380674,-0.239751731133391,0.1715869280381335
TGTTGCCGTCGTCCCA-1,-0.13145204632376545,1096.0,A,1744.0,1177.0,0.01580448900401745,-0.14949681252837665,0.0262416589362212,0.04306441236892596,-0.10254067649294452,-0.31693113834252307
TGTTTAATACTTCATC-1,0.008536576733991375,1509.0,A,1162.0,352.0,0.09518499398372654,-0.17635063806754658,0.4910824555924392,-0.06764922023093667,-0.0007959096694189066,-0.18012035665768772
TGTTTCGGTACTTCTC-1,-0.05924987742365873,3069.0,A,892.0,555.0,-0.2547015409912565,-0.02679269208991234,-0.00846555180984008,-0.06901568659483218,-0.11035237394805963,-0.0017027366843005594
TGTTTGAGATCGTCAG-1,-0.02878423690884918,1519.0,A,1655.0,1245.0,0.03802191842051367,0.06691642829553979,-0.04712994176897701,0.07696125011312047,-0.12781042544618984,0.0812998570554645
TTAAACAGAGTCCCGC-1,0.1447849240898267,24127.0,A,518.0,355.0,0.3638526023746155,-0.039556180965893833,0.05404277333238544,0.032208180182758075,0.29065419193073394,-0.09231263861230114
TTAAACCGGTAGCGAC-1,-0.054640135920384116,874.0,A,840.0,331.0,-0.43220475007429515,-0.11345033394066925,0.14079961732859086,0.09938801611555609,0.17057682179950173,-0.10160534060651011
TTAACCAACCCTCCCT-1,-0.1590492789125344,5223.0,A,880.0,577.0,-0.4248646714223772,-0.19105667400074833,-0.20678376170110507,-0.2791367552946292,-0.20542972385992594,0.12133006459026575
TTAACGTCGCAAGACC-1,0.06267057967908782,1507.0,A,866.0,376.0,0.03599225066520623,-0.01002246870947952,0.19380287529459028,-0.24610572856397636,0.19387630949354998,0.20705365962540245
TTAACTTCAGGTAGGA-1,0.12945013226926588,2159.0,A,509.0,1183.0,0.06433080409601881,0.1039593059291301,0.3238440453891559,0.14991930960938613,0.2049899851612384,-0.005331533675450291
TTAAGACGAACGAACC-1,0.04755561061810293,3074.0,A,1406.0,284.0,-0.0006998863677444081,0.119190253165261,-0.12343705923294244,-0.06572100887797948,0.22281900546575223,0.033126872792256394
TTAAGATAGGATTGAC-1,-0.09082455821390799,706.0,A,1474.0,1112.0,-0.0018671899952961563,-0.06852526639943783,-0.13881608575697651,-0.2751527490954913,-0.08239664345474132,0.14774865863506784
TTAAGCCGACAACTTC-1,-0.08139399716427248,1633.0,A,1162.0,442.0,-0.3785805825917311,0.039859730198797176,-0.11597859787529494,-0.04818661379149926,0.19802043192127436,-0.1011710524303887
TTAATTTCAGACGCGG-1,-0.05257174430829738,1965.0,A,1059.0,532.0,-0.029452248879349316,-0.08852499519045057,-0.005939819486673957,-0.16073927472060506,0.06281563770328843,0.02790734399890832
TTACAACTACGCATCC-1,-0.07350396476738087,4202.0,A,842.0,689.0,0.048300146125882515,-0.04722609036258588,-0.1350972537613185,-0.19292096400078224,-0.13567366835490607,0.09798884895998118
TTACACGATCTGCGAC-1,-0.017555303175188608,559.0,A,1592.0,1536.0,0.07838738811916847,-0.14277107707253767,-0.007788067917007181,0.00756509073086227,0.1229647590360478,-0.038034799509733534
TTACATCGTGGCCTGG-1,-0.12536851041634603,1531.0,A,635.0,601.0,0.34325190563218766,-0.0684133605646393,-0.7169591403624338,-0.0004774619855461709,-0.06852282749387065,-0.19295876548309765
TTACATGCCACAACTA-1,-0.09559875721146653,773.0,A,1499.0,1067.0,-0.20590391875818062,-0.11342132966677487,-0.03487982505327021,-0.14268164613422976,-0.04602915284971943,0.08355875322975237
TTACCATTGATTACCC-1,-0.012396488699531957,5390.0,A,534.0,915.0,-0.09700743395111702,0.031125329642053168,-0.3468087171938976,0.05011908166939032,0.3703039727642002,-0.2018058326329696
TTACCCTAACAGTCCT-1,-0.0437080649253229,2658.0,A,481.0,691.0,0.061795975674158635,-0.21266408502436318,-0.003997201398826882,-0.09238501279430773,-0.05156071543787164,0.04023054465684558
TTACGGATGGTTCGAG-1,-0.10881159619687601,715.0,A,1370.0,888.0,-0.16796091046203987,-0.010177217792388588,0.17289389756719253,-0.07521436483430155,-0.29120064292298503,-0.041698053767410787
TTACTAAAGGACTTTA-1,0.002740071729452162,2824.0,A,1179.0,1225.0,-0.03641231416644375,-0.07057941274134033,-0.03802302565080031,0.023689891397634142,0.034947375688348534,0.08802640954023634
TTACTATCGGCTTCTC-1,-0.09403622212071264,2729.0,A,380.0,915.0,-0.2359108040545176,-0.019575348846016964,-0.2295794801844268,0.014876675828378597,-0.20783669106589375,0.15710319609698126
TTACTCCGGCCGGGAA-1,0.025922234676740465,1570.0,A,1177.0,911.0,-0.3196429965788879,0.020681518299560463,0.17651366441153005,-0.26664592103025886,0.6024363205155778,-0.05624505657071401
TTACTCTGGTACGTAC-1,-0.008742394121507138,1820.0,A,573.0,1116.0,0.05712594446576778,0.14123140904135614,-0.12161443070481878,0.0950950292310726,0.036440398947307516,-0.12268090714015623
TTAGACACGATCGTTG-1,0.2151309097905169,7774.0,A,1278.0,508.0,-0.04847146885472519,-0.17321777449248416,0.10414079925165058,0.16149647017377497,1.0849258051161759,-0.13517270585235774
TTAGACGAGTCACCTC-1,0.08816738989196632,1046.0,A,1204.0,1225.0,0.34801687882504384,-0.014969411978527407,0.03137936374897192,0.007209703302390659,0.30926113900931684,-0.02020396728703811
TTAGAGTTTAGAAGGA-1,-0.07929159751746256,1020.0,A,1281.0,1180.0,0.11830062719932491,-0.10440636183873322,-0.23539897247047273,-0.09027955825072173,-0.09653429357341149,0.08829797881511928
TTAGCAACATGGATGT-1,-0.040062430573561576,2018.0,A,532.0,601.0,0.043685046504793185,-0.20393301868005156,-0.036777039720116755,-0.18035360216725393,0.12008964135671224,-0.0014464225074626563
TTAGCTGATTTGCCGT-1,-0.15771229171638498,829.0,A,1383.0,1000.0,-0.04868943795589238,-0.027829186631946057,-0.46686848766532796,0.02603841290150813,-0.23389772889119548,-0.06951654743272276
TTAGGATGGGAGGGTA-1,0.04013229546954811,1432.0,A,1809.0,1199.0,0.07972369552206118,0.10160437553634175,0.05537041098150143,0.09600481511125639,-0.14355552314694306,0.20900716244758735
TTAGTAGGGCGGCGGG-1,0.05621684327171737,4563.0,A,508.0,915.0,0.33365742183826685,-0.060421785917189864,-0.13785947916191546,0.05499704293586761,0.11816644094222566,-0.13590528151559533
TTAGTTATTCGTGGCA-1,-0.10127719928368456,645.0,A,1346.0,1202.0,-0.13940050330776643,0.013129891194780058,-0.466777974325744,-0.0016494811667981044,0.1051914556089183,0.01933220976411674
TTATATACGCTGTCAC-1,-0.01664125138411289,1266.0,A,1126.0,1001.0,-0.12799750778523028,-0.35160222870791036,-0.03044374882314681,0.10524079917147755,0.28740075522102354,0.05702176686113401
TTATATTTGGCAATCC-1,-0.16257127059603632,2610.0,A,996.0,733.0,-0.10157084702140158,-0.06720838875055031,-0.005243860656918396,-0.463000880582877,-0.07791701880491048,-0.2812381498835499
TTATCCAATCGAACTC-1,0.1158197746611036,11954.0,A,596.0,444.0,0.18707403623534768,0.12644422911741993,-0.0521755181869152,0.23403404596899863,-0.054755398378065555,0.0403841341085167
TTATCCGGGATCTATA-1,-0.011130154915157313,1122.0,A,1295.0,1291.0,0.12144273024983032,0.03383965952230896,-0.3388924528667442,0.34214720832544504,0.030807755252730357,-0.2016015327054141
TTATCCTCAAGGAATA-1,0.017404425368175602,8425.0,A,407.0,1318.0,0.19849375380593004,0.02828400991421825,-0.03970113747638536,-0.0038638185193761027,-0.020647506470948346,-0.26401600905845046
TTATCTGTATCATAAC-1,-0.015700427719636232,2392.0,A,944.0,644.0,-0.05991068675047777,0.09005928641471743,-0.04457946979771248,-0.23072735638880523,-0.13254005496468915,0.23360402641526068
TTATGATCTTAACGAA-1,-0.13020971353256752,812.0,A,1229.0,1001.0,-0.04665625180999436,-0.325039527807861,-0.013609302039152622,-0.2510203875661604,0.36971437568182114,-0.39050767478952936
TTATTAGGGAAGCATC-1,-0.04082321650081934,2478.0,A,931.0,487.0,0.015553796701555166,-0.15122949039760517,-0.10166104102119392,-0.05220469908028945,-0.021619817123382384,0.01771846127190336
TTATTATCTGGAAGGC-1,0.16493663253999352,12130.0,A,1732.0,1379.0,0.4935099948778422,-0.01804887453638604,0.16811626886354528,0.06460620271072609,0.10779042368015368,0.02680698409007609
TTCAAAGTCTCTAGCC-1,0.013963349711939825,1881.0,A,1139.0,934.0,0.0033500334375685115,0.35504254521551837,-0.039172709775501975,-0.11430626131059321,-0.02061974283316994,-0.12247917015130952
TTCAACGACCCGACCG-1,0.032100075176517806,6376.0,A,790.0,600.0,-0.03715435824563047,0.050668169942620814,0.3975811971021082,0.06145102304270683,-0.3457432855721487,-0.0809734725017795
TTCAAGCCGAGCTGAG-1,-0.054447463729413954,1698.0,A,1136.0,442.0,-0.08299364751103014,0.0030616145501253973,-0.08868166894589752,-0.1988797640386384,0.07574804012869664,-0.028073085003315904
TTCAATACTCTGAATC-1,-0.0018844538083929857,788.0,A,1280.0,1001.0,0.051430589867988395,-0.0979331879474913,-0.01311609611483255,0.08089743664297652,0.011491173576677713,0.1463623512988899
TTCACGAAAGGATCAC-1,-0.012433786774690925,11905.0,A,869.0,1002.0,-0.20605736548381892,-0.3303181832591495,0.049771371964025285,-0.05337525422585222,-0.07313133226194841,0.18757169420148573
TTCAGCCCTGGTCCAC-1,0.017194364849572985,1223.0,A,1268.0,1202.0,0.3480156398538233,-0.22298966225407768,-0.08060845814667547,0.03497371042616061,0.017925159744642833,0.10947805295376659
TTCAGCTGGCGTGCCC-1,0.010684901505434843,527.0,A,1398.0,1380.0,-0.12771738285228568,-0.03293841943291172,-0.24148049317425668,0.3235133581300479,0.10839324824426524,0.16356494149404505
TTCAGGCGTCAAAGCC-1,0.08911295706699708,5336.0,A,380.0,1050.0,0.28222035850846744,0.09019625071243761,0.11238144222289176,0.1280893311604515,-0.028922305431791258,-0.04459809897656123
TTCCAGACGAGATTTA-1,-0.051798516502090566,995.0,A,1602.0,1021.0,-0.016146906823455154,0.15695182130436153,0.0799383693251443,-0.005646523948245372,-0.2434714865841548,-0.1052239186143355
TTCCATCATGCGGTGA-1,0.05178968558136306,1846.0,A,1445.0,440.0,0.14883328070046487,0.053654011847920034,-0.18358073716467938,0.4350313975137324,-0.0004183401935314024,-0.1015167850870581
TTCCATCGACAGCGTG-1,-0.01983915517723568,730.0,A,1553.0,1514.0,0.17520693201353155,0.08051347998180264,-0.011879358537116486,-0.288851354456242,0.10001387977230344,0.03717688517698328
TTCCCGGCGCCAATAG-1,-0.031178513901916755,15095.0,A,329.0,1184.0,-0.12305418533015905,-0.028378413268428437,-0.08525736587667898,-0.04362071112556253,-0.17351998212201514,-0.09558313639550448
TTCCGCAGAGAAATAT-1,0.09328635460080716,9260.0,A,1471.0,619.0,0.2147124369140408,0.13807323294393198,0.18029598899244856,-0.13952428267752393,-0.039161102291710534,-0.05823624623052921
TTCCGGCTCGACTTCT-1,0.09813486637501456,1926.0,A,1586.0,417.0,-0.07641782949672392,0.43577190284515,-0.18695558245697438,-0.08769229625029379,0.2645602257548764,0.19409536424591953
TTCCGGTATCTGTGTC-1,0.03307119739347061,936.0,A,1654.0,1066.0,0.18285817110404073,0.11614438038816918,-0.016005872496080424,0.2673097240226728,0.041355608201187805,-0.2534833811652452
TTCCGGTTACCCACTT-1,-0.041732326208381076,798.0,A,1294.0,1157.0,-0.10012175204390582,0.0313225248905743,-0.01332285872096877,0.05606613283655363,-0.08805378154913306,-0.0434693157493158
TTCCTCGAGGGTGTCT-1,0.004995141346898456,3246.0,A,803.0,622.0,-0.016860905260021805,-0.1825089774809215,0.24126509860749573,0.13404001373871954,0.023308788117697533,-0.08572068396003243
TTCCTCGGACTAACCA-1,0.04540562063158255,1057.0,A,1282.0,1269.0,0.19261978255184237,-0.16074630153412495,0.027526585616017847,0.19329456499203776,0.03781541354039772,0.11364345891631411
TTCCTCTGCCCGAATA-1,0.0791638760905837,2761.0,A,367.0,938.0,-0.07947845611034453,0.005875891993765583,0.32362066710615606,0.40811300055465993,-0.202053732823365,-0.023321947496141644
TTCCTTTCTGTGTTGC-1,0.12195868205015886,1431.0,A,493.0,400.0,0.6453959715433634,0.13818966655887033,0.08131275197560378,0.125573409639588,0.012335939732115206,0.14811533514147712
TTCGACGGGAAGGGCG-1,-0.03186562652948899,4055.0,A,739.0,690.0,-0.016766413575880667,-0.003654695167262592,-0.2165977748876809,-0.03314907430883415,0.13817153772003724,-0.05749595237692068
TTCGCACTCGCGTGCT-1,-0.0028115884802685856,3908.0,A,752.0,712.0,-0.2629157862643561,-0.10570255875191323,0.40805417609126676,-0.15101149998593888,-0.1270641768373948,0.13794075363011096
TTCGCTAGGAAGTTGT-1,-0.09972340915772458,744.0,A,1679.0,1066.0,-0.09851373165011079,0.038936291817020977,-0.3667886756266814,0.16618713032581797,-0.17718242822114835,-0.04232953227560995
TTCGGCAACCCGCTGA-1,0.10116122618817558,3899.0,A,1304.0,508.0,0.005656172792796937,0.3797402933464562,0.16485384775887854,-0.2952289466576984,-0.055118004939529314,0.348888124349726
TTCGGCTAGAGATGGT-1,-0.07454168846213807,1794.0,A,481.0,557.0,-0.1103657389418872,0.08383134822996822,-0.00800572742038881,0.04001772838083888,-0.16880307735274988,-0.20255042398433057
TTCGGGACTAATCGCG-1,0.08418682564660905,1720.0,A,1100.0,957.0,0.03832133995553397,-0.14429463465509101,-0.06810594861260742,0.06259550438132666,0.551614948475461,0.11442232994914017
TTCGGGTTGCCACGGG-1,0.04077840744028535,2634.0,A,1681.0,1513.0,-0.03194486856249624,0.0114838200724943,0.11235444230648603,-0.09531606528677199,0.12651372276482123,0.10638398864655542
TTCGGTGGAGACGCCC-1,-0.11578982646623485,1567.0,A,1731.0,1200.0,-0.21496995390258053,0.1598643037396569,0.013349333556027092,-0.24006329176913443,-0.15465149237426176,-0.14480262537191982
TTCGTAATCCCAGCGG-1,-0.07386042574352863,581.0,A,1278.0,419.0,-0.1333233076053732,0.010824311223758903,-0.008358052513744326,-0.05339772533314781,-0.16790425125711156,0.047101439655391354
TTCTAACCGAAGCTTA-1,0.03735540847481736,1189.0,A,1331.0,911.0,0.18827111125747764,0.05993493918030308,-0.12239777294283463,-0.09692670146747685,-0.11019510496548737,0.33224518418559845
TTCTACTTGCGAGGGC-1,-0.039419891268032595,2112.0,A,584.0,646.0,0.02795600086741142,-0.1779436097002072,-0.21215569945133758,-0.061199123542307256,0.2353336056095333,-0.0031257238318140217
TTCTAGGCCAATTGTG-1,-0.01367667898164742,5483.0,A,738.0,645.0,-0.05404122387061845,-0.012636019668795573,-0.023184102207735403,0.1739385117056298,0.12149057893398303,-0.31680343240750214
TTCTGACCGGGCTCAA-1,-0.06693493921952393,1591.0,A,1256.0,1314.0,-0.327529513731052,-0.00440961051455618,0.09034639182344231,0.11665394332142669,-0.05801583425013146,-0.1454222263680946
TTCTGCGAGCGCCCTT-1,0.058897105822169005,10814.0,A,392.0,893.0,-0.052541676458645964,0.24496695797426166,-0.09822639209702001,-0.1891143761672502,0.12153599399523124,0.06160874495853882
TTCTGCGGGTTAGCGG-1,0.08690422588259698,581.0,A,1203.0,1046.0,0.21695068953493835,0.4194660607488786,0.05237528112044501,0.08323513016867777,0.003271843122332571,-0.038581303436856104
TTCTGTTTCCTGTCGC-1,0.0013880217436680513,2687.0,A,327.0,602.0,0.3024463516272333,0.03255231242533441,0.04433217305503468,-0.1933956013882249,-0.0689502723403384,-0.06867152432756975
TTCTTAGTGAACGGTG-1,-0.08628446935263688,2652.0,A,609.0,556.0,0.024871260902600004,-0.30866930151786937,-0.015686574290539778,0.08306482955342549,-0.034595131406137014,-0.04209009655320443
TTCTTAGTGGCTCAGA-1,-0.025093204668550487,1607.0,A,957.0,532.0,0.0523567710618048,0.10681052346405065,0.1457186645568608,-0.07491839285387301,-0.17732980258686648,-0.05674184530445597
TTCTTATCCGCTGGGT-1,-0.05501682565750772,854.0,A,1474.0,1246.0,-0.017641506730638204,0.104338134286096,0.03500088638079632,-0.29427124278443795,-0.06786323052831393,0.003187840236604709
TTCTTGCTAGCATCTC-1,-0.018663275961721237,910.0,A,1589.0,1044.0,0.0039947607473546365,0.006021559170478835,-0.015522891793018582,-0.02400279928231585,0.0661638242564691,-0.07496278680141605
TTCTTGTAACCTAATG-1,-0.01818517450071569,5425.0,A,623.0,668.0,0.05875507094833005,-0.18248062909649027,0.03442557334117222,-0.049202094313877814,0.06087902991125647,-0.16149994475457782
TTGAAAGGTGTAAAGG-1,-0.05553339231804351,2903.0,A,1496.0,440.0,-0.2723354346208645,0.22782719269290436,-0.2709361008096823,-0.16865244026130344,0.32897959641415603,-0.18559880153821626
TTGAACGAATCCTTTG-1,0.043129042111544225,3662.0,A,442.0,579.0,-0.08796229138165515,0.13441251224368853,0.15026366769048652,-0.21310182036276135,-0.02431588981902663,0.10401028812978547
TTGAATATGGACTTTC-1,0.0003603842674608816,2609.0,A,1151.0,912.0,0.14103089708323147,0.020639855635671306,-0.06892924729453152,0.024031596961203713,-0.010589494209379748,-0.16670312626754374
TTGAATCGTTGTATAA-1,0.0015434355401319488,46810.0,A,304.0,1229.0,-0.27751645459423235,-0.03021934360284194,-0.0549061064526266,-0.14831311626208973,0.0036665141747091318,-0.019154489608669237
TTGAATTCACGTGAGG-1,-0.10629892341490632,793.0,A,1422.0,1022.0,-0.42188938924591907,-0.041672292873561737,-0.013219705256864098,0.079480459694999,-0.0842394676797798,-0.04336567006625265
TTGACAGGAGCTCCCG-1,-0.014482779564779155,890.0,A,1449.0,1201.0,0.2193660445441592,0.0721567328457158,0.03356588345931118,-0.09655132637356803,0.12165025858226877,-0.17980129098605216
TTGACATGAACGTGGA-1,0.10244042428201636,1935.0,A,586.0,1138.0,0.02629207001989623,0.19109676124137942,0.1446058303989977,-0.012762349560599155,0.06499934460524148,0.14363699409871644
TTGACGCTCCATGAGC-1,-0.01640939128334612,668.0,A,1474.0,1067.0,0.16788243990250667,-0.12129885424957855,0.14061853084851736,-0.2340089467181004,0.09947500073495233,-0.04064372840160747
TTGACTATTGTCCGGC-1,-0.08339937807850001,791.0,A,1513.0,1178.0,-0.38567047433514456,0.007407743413525306,-0.013178316534293289,0.03982054644224971,0.1645235984353528,-0.20275256561055557
TTGAGAAGTTTAGCAT-1,0.05302011274576158,1241.0,A,1295.0,1381.0,0.31229084776330723,-0.03221524350274388,0.4012644600078588,-0.0283406407873118,-0.11818913638159334,-0.1259043275854524
TTGAGCAGCCCACGGT-1,0.08825898463083386,2844.0,A,1667.0,1133.0,0.14187486672919888,0.6167666838986685,-0.09094214244327621,-0.0933138899386855,-0.1778362497328512,0.09639602816267434
TTGAGCGCCACGTGAT-1,-0.11665463228693132,792.0,A,1692.0,999.0,-0.06844074485949157,0.14259544652375533,-0.013199020027089059,0.14101286155258938,-0.36949402920705177,-0.32971144636187766
TTGAGGCATTTAACTC-1,0.018833036692794874,889.0,A,1341.0,306.0,0.14957946083749185,-0.0401445989820448,0.3737104107509267,-0.00637925405652999,-0.24947222902341165,-0.045293202946950356
TTGAGTCCCGCTGCTG-1,-0.21205874704597866,562.0,A,1705.0,1021.0,-0.3856683175409766,0.052245476198558974,-0.08795109746489871,-0.13676063622161283,-0.49267171924212155,-0.03810995454762039
TTGATTAGCTGTTTCT-1,-0.020046336586745248,5773.0,A,613.0,1227.0,0.10690015926443515,-0.11887958454898116,0.031158603738727503,0.01102762074299192,-0.0842776689720083,-0.1055961757862798
TTGCACGGAGCAGCAC-1,0.006242386865738712,1701.0,A,931.0,622.0,-0.05426218125601535,-0.08235975786641617,0.40703393032384916,-0.189550988124607,0.08319857283575832,-0.13583986722267574
TTGCATGCTGATCACG-1,-0.04549694179550859,1573.0,A,625.0,1071.0,-0.15926467105343647,-0.17770021764560043,0.08322613091806678,-0.03626552389089535,-0.07274851802406386,0.17015889082886673
TTGCCAAGCAGAACCC-1,-0.012341775065350821,2737.0,A,1641.0,1133.0,0.48626673725185204,-0.0062125705439361675,-0.044412699059807687,0.10788230225817458,-0.3103680611072416,-0.3121961160659663
TTGCCATAGCCCGCTC-1,-0.13411826337411198,1951.0,A,485.0,1362.0,0.033274936737958574,-0.3830055805400592,-0.02997998626867534,-0.01765875980342157,-0.17277147922583236,-0.15500608688024448
TTGCCCTGATCACGGG-1,0.04533636686596859,2711.0,A,611.0,959.0,0.04242988459097541,-0.0009441055181681497,0.13724469385898774,-0.016764109793931066,-0.11343098003215825,0.13576654755788
TTGCCGGTGATCCCTC-1,-0.0754865251435623,621.0,A,1419.0,396.0,-0.004773265570455251,0.05901509342864952,-0.03925274269250673,0.0711121495578302,-0.2856542377521436,-0.007262498983993899
TTGCGTGAACGCTTAG-1,-0.010508836890406256,799.0,A,1406.0,463.0,-0.04710476132112068,-0.09986149847164556,-0.013343435127393138,0.13068878729718808,0.09584422797144167,-0.043489999953226915
TTGCTGAAGGAACCAC-1,-0.12853876698728464,4613.0,A,905.0,577.0,-0.2819573286059217,-0.049652574538687294,-0.27687250807933184,-0.20883853499616445,0.048799823066208795,-0.03757429810204721
TTGCTGCACCTATCCA-1,0.05940971917508012,10338.0,A,430.0,646.0,-0.0797344304449594,-0.03521941618070372,0.2915147212173487,-0.15191495327938526,0.04551901797427615,0.0004243010428300817
TTGCTGGCCGGGCTTC-1,0.005500302158755965,922.0,A,1174.0,330.0,0.14203250631652642,-0.03577668635083817,-0.0157470107709995,0.3237094639926432,-0.09467807398882472,-0.04592720741516407
TTGGAAGAATACAGTC-1,-0.05010582523076623,5866.0,A,484.0,1273.0,-0.25771710953980004,-0.031507506371159864,-0.028747830164226884,-0.031758043199391295,-0.09528046256385456,-0.04811750579338374
TTGGACATGTGGCTTA-1,-0.07411025407804395,1238.0,A,548.0,1071.0,-0.1395613567665764,-0.0073374427160018615,-0.021012486879032847,0.08932423260974975,-0.11769092794689759,-0.1969098576805247
TTGGACCATCTGGCAA-1,-0.10138398773722276,1280.0,A,1526.0,1290.0,-0.08512784654079592,-0.2047730445990382,0.020691270823894832,-0.05442565082865979,-0.17846114983165987,-0.05205218904330909
TTGGACCTATAACAGT-1,0.11892768149978211,1369.0,A,1282.0,1403.0,0.030749288816252975,0.08153778222990879,-0.0357354430113998,0.3013443181939508,-0.06503445297788056,0.5904519168422707
TTGGATCGACTTCTGG-1,-0.013439087268523386,1286.0,A,943.0,375.0,0.04622780602668954,0.07284073518910618,0.07254390846169817,0.03001925407810114,-0.019967362413337953,-0.16476831064049818
TTGGATTGGGTACCAC-1,-0.029627651976113042,1786.0,A,879.0,532.0,0.21272615089789795,0.03222164271396454,-0.0561727016018025,-0.1862632598524297,0.06899612636827243,-0.10455003326032986
TTGGCCATCTTGCGCT-1,0.05509542491895662,2105.0,A,442.0,534.0,-0.03328897938457506,-0.1844791516393455,0.4772792743535913,-0.09522685193714939,-0.0016567382615004242,0.1921787709795238
TTGGCTCGCATGAGAC-1,-0.06816503008304144,1842.0,A,649.0,668.0,-0.06817723039890577,-0.09190028669660648,-0.028790204568113334,-0.366583324292121,0.07081920566378157,0.07735020028922367
TTGGGACGTAAGAGTT-1,0.02864619820631264,2188.0,A,1578.0,1290.0,-0.10470091339116777,-0.004052294621187721,0.09724427545255791,-0.005700600940084958,-0.013823488601112339,0.2381269153479042
TTGGGCGGCGGTTGCC-1,-0.2973407454437774,4412.0,A,1151.0,822.0,-0.24721679965458804,-0.47978707389070013,-0.6518309906973081,-0.2994807764895074,-0.07396790232873343,-0.2467054240016956
TTGGTCACACTCGTAA-1,0.026012740234782422,16897.0,A,793.0,1227.0,-0.006017764428527167,-0.11229882613217872,-0.22785229537597088,-0.024233773824446816,0.2118307559603294,-0.0392894397257318
TTGGTTCGCTCAAAGG-1,0.09613124748837175,1001.0,A,1782.0,1021.0,0.09801156894850382,-0.0327826259056009,0.3325602826465783,0.05034944909889996,-0.030536709697264144,0.401546188075638
TTGGTTGCGGTGCGCG-1,0.0357412203365146,6563.0,A,472.0,1340.0,-0.2946185092402382,0.1162182871333852,0.17672272121812577,-0.19790992231067311,0.03463504084395464,0.1578534543812317
TTGTAAGGACCTAAGT-1,0.07698833522143825,15293.0,A,587.0,1183.0,-0.13003751548255355,0.1945444738526031,0.19784703800364167,0.09800119254587218,-0.09366349433768939,-0.017440604735632123
TTGTATCACACAGAAT-1,0.04234700224872309,1934.0,A,1123.0,419.0,0.12509273426755424,0.21921633829360546,0.16959571803810894,-0.19386703068573433,0.07226260922201835,-0.026508920306062507
TTGTCGTTCAGTTACC-1,0.0533489732888087,2197.0,A,919.0,644.0,-0.03268269938146845,0.0918671068315897,0.2173221466314965,0.14488355719060952,-0.058277611528157025,0.02135736386851225
TTGTGAACCTAATCCG-1,-0.07778318891950134,853.0,A,1334.0,1403.0,-0.2237864094150318,-0.05066804614048348,0.20234975481476095,-0.08263854188695323,-0.16736472667185487,-0.15843845913642665
TTGTGAGGCATGACGC-1,0.014431055007043971,6908.0,A,342.0,1117.0,0.07855051690943501,0.010850363646653038,-0.007076482841049694,-0.07765833546200873,-0.06588931043157181,-0.0012854990011234371
TTGTGGCCCTGACAGT-1,0.03242598541363985,1319.0,A,944.0,555.0,-0.0364109939934461,-0.29856387500001713,0.5030022346608976,0.11927926819576182,-0.020601852928270024,-0.052650131054677377
TTGTGGTAGGAGGGAT-1,-0.09393539980917368,8244.0,A,536.0,1273.0,-0.053695007307875804,-0.03315154810490575,0.11433180363761045,-0.7828625705125714,-0.07326613050123623,0.08858071003466118
TTGTTAGCAAATTCGA-1,0.11051597529907899,8769.0,A,713.0,645.0,0.008883090774403885,0.1046195837843704,0.09353584257201854,0.08382288884533098,0.18024643113330938,0.020730734865277115
TTGTTCAGTGTGCTAC-1,-0.0032051322108193458,2872.0,A,996.0,689.0,-0.031632081541981834,0.17494034287609797,-0.16100417515390902,0.10363005461338777,-0.0680339321167561,-0.05159912504892462
TTGTTGTGTGTCAAGA-1,-0.04416524062333391,3999.0,A,1164.0,844.0,0.23700561111231674,-0.049021039591882504,-0.01783416939213691,-0.08173657213200469,-0.17972366584669763,-0.20803337252134727
TTGTTTCCATACAACT-1,0.053023555583401105,2491.0,A,522.0,1161.0,0.042338071049124154,-0.006435888168688688,-0.013629274403107242,-0.004962559686400218,0.17977930205208437,0.17493103974987964
AAACAACGAATAGTTC-1,0.10295443111920966,10751.0,B,391.0,144.0,0.017140509219132204,-0.041954293294857045,0.61483132559743,-0.010009813776255455,-0.028772625715863004,0.0390763175417258
AAACACCAATAACTGC-1,-0.06596064442188943,6522.0,B,436.0,1474.0,0.0059325195120722846,-0.15151169491856697,-0.20463693271635033,0.22448672394101288,-0.34531949398746137,0.13960292438821154
AAACCGTTCGTCCAGG-1,-0.05131241005773056,9259.0,B,733.0,1315.0,-0.2665042822181019,-0.02604973219445419,-0.12256886078525295,-0.005659863522022142,0.02044371804923538,0.13509599817412551
AAACGAGACGGTTGAT-1,0.18860173913159112,16481.0,B,1210.0,929.0,-0.2858343929334576,0.13201654329884743,-0.0806209545661591,0.43358838659997967,-0.03043665448068573,0.8639464140728271
AAACGGGTTGGTATCC-1,0.09118003389237006,14915.0,B,482.0,167.0,0.12432556151538246,0.18222660973098986,0.06094385348560507,-0.08794249923397657,0.1902924611196382,-0.024301117737163883
AAACTCGTGATATAAG-1,0.08200260128466215,24952.0,B,1650.0,657.0,0.2696015725805977,0.031965092378679186,0.2009239907954141,-0.13165900512911313,0.056455683931940066,-0.07515957161824523
AAACTGCTGGCTCCAA-1,-0.044143362556212484,14347.0,B,1056.0,1155.0,-0.32181324710849796,-0.08064308775278306,0.10078566366612521,-0.11136721937437183,-0.1179418769362968,0.19697267808967836
AAAGCTTGCCTACATA-1,0.037897605148338134,43126.0,B,1766.0,724.0,-0.052429873740137564,-0.05365342182625285,0.033789089015420944,-0.10794740705921535,-0.0035525427215333666,-0.0055321066669733465
AAAGGCTCTCGCGCCG-1,-0.0912362742879482,14158.0,B,902.0,1381.0,-0.06245764630345182,-0.11315207653374856,-0.10958185006032223,-0.19113192212172567,-0.251037415482987,0.05714809079489326
AAAGTGTGATTTATCT-1,-0.047972286897120534,7657.0,B,1406.0,1131.0,0.08548477135326588,0.06543354446964539,-0.05897678241291118,0.08525244406406,-0.2023027397626411,-0.16176590631759932
AAAGTTGACTCCCGTA-1,0.10565820679395987,5276.0,B,1431.0,1086.0,-0.09866457124468309,0.36648270407853273,0.13511844369553672,-0.07610357402844056,0.22788576390237605,0.14138578370793553
AAATAAGGTAGTGCCC-1,0.05299058105740926,19182.0,B,1676.0,837.0,0.050863586466938136,-0.05676557164638875,-0.018140527080813543,0.0708186482320167,0.14990789266889398,0.07045566783441148
AAATACCTATAAGCAT-1,-0.06055706242906875,18424.0,B,1082.0,1200.0,-0.10603934840331072,0.1451735812789474,-0.05166786172104958,-0.36098305416544807,0.08596952607919511,-0.1814195813252922
AAATAGCTTAGACTTT-1,0.1096800832426997,19355.0,B,1560.0,950.0,0.21778337232971992,0.13005746178368816,0.1424585191248774,0.10218958018858584,0.008055944992884433,-0.11193154342528897
AAATAGGGTGCTATTG-1,-0.1220288041107116,9891.0,B,1212.0,1335.0,-0.14249077617048425,-0.16058043970064156,-0.04732496763316839,-0.10924883313077845,-0.13653674057915077,-0.26253477528745656
AAATCGTGTACCACAA-1,-0.06169791093334918,9741.0,B,914.0,1134.0,-0.048430338963490034,-0.3732750384664518,0.012986218230152953,-0.003636347063075482,-0.08264429104793496,-0.006016477593930871
AAATGATTCGATCAGC-1,0.09343510626448076,19186.0,B,1623.0,612.0,0.13072261997909207,0.21534497687539675,0.1699566740780731,0.03771996669516871,-0.15332143498770656,0.06328280568903746
AAATGCTCGTTACGTT-1,0.0518868999544107,7172.0,B,496.0,505.0,-0.0839911642942164,-0.046345232429395505,0.01628623516984972,0.15172724804112803,0.19141034985493074,0.17121358631084935
AAATTACCTATCGATG-1,0.08509577547758526,10040.0,B,1404.0,726.0,0.08918291467440236,-0.19474476533118987,0.2504543128322141,0.08494088765061474,0.19528161157546914,0.05699954471417363
AAATTGATAGTCCTTT-1,-0.022514876027407774,13758.0,B,591.0,1383.0,0.10913109933831261,-0.023208079067099416,0.25385726493568816,-0.16729251898899522,-0.0269545288310416,-0.4019561470834113
AAATTGCGGCGGTTCT-1,0.04718987767042025,13391.0,B,430.0,257.0,-0.11668613281115338,0.26415466462130227,-0.03422178891477567,0.07733291243534432,-0.06563516832128417,0.10013364035774072
AACACGCGGCCGCGAA-1,0.11412704382452626,6054.0,B,625.0,279.0,0.21539461841202523,0.15586648379056228,0.06216619595512167,0.4624022612052679,-0.02403016486715842,0.01334547273248974
AACAGCTGTGTGGCAA-1,-0.01791009347232452,28670.0,B,591.0,1473.0,-0.1469510617448847,-0.11088233857947778,0.12986606994577482,0.002665099043958813,-0.2237243009835963,-0.07449776430665894
AACATATCAACTGGTG-1,0.09959597578706778,8791.0,B,1469.0,748.0,0.21719313377142102,-0.15532712758467423,-0.13596951686784953,0.006760947619475391,0.39679819267133054,0.22193407411328683
AACATCGATACGTCTA-1,0.07284454966670878,16248.0,B,1649.0,522.0,0.232413476342228,0.23455863538419194,-0.04850273227875216,0.15448557849964928,-0.13260786856320111,0.0166274096003223
AACATTGGTCAGCCGT-1,0.04681535332895936,10490.0,B,404.0,212.0,-0.042742436592448425,-0.009030115210324922,0.08257509285699595,0.036552450771777295,0.23594634306401904,0.05481487163375927
AACCATGGGATCGCTA-1,-0.1375891321720787,2400.0,B,574.0,459.0,-0.22009503476948705,-0.37164075314575035,-0.1514751065092873,0.3476000531921313,0.08034033626621394,-0.2876141746290252
AACCCTACTGTCAATA-1,0.04079095233690579,5410.0,B,1431.0,1041.0,0.17226373503182482,0.040666625900898125,-0.03626958391835523,-0.020455494781058535,0.0010926462417967762,0.24883792610395433
AACCGCTAAGGGATGC-1,-0.12288210770797625,2564.0,B,1380.0,1176.0,-0.20460066086015705,0.07687015279988876,-0.21172394432674996,0.13602266229976318,-0.3123126606058124,-0.015418419150344843
AACCTTTAAATACGGT-1,-0.17520802508480807,4313.0,B,1070.0,1358.0,-0.07039365417045348,0.12477021107859593,-0.33703968403998746,-0.2617665378968216,-0.01567804077522033,-0.31293210323284437
AACGATAATGCCGTAG-1,0.05014527543897778,8759.0,B,1135.0,1335.0,-0.027524466206773332,0.03765298499502112,0.06209262467597343,-0.03820738182856301,0.1877153985999644,0.1076815056017696
AACGCATGATCTGGGT-1,0.08319327091895455,6070.0,B,1533.0,590.0,0.2584627269658174,0.04094869471276307,0.035731053169755486,0.1540213201215242,0.1501842051522291,-0.02934614696795957
AACGCGAACGGCAACA-1,0.047945648739162995,21994.0,B,470.0,324.0,-0.15286870679924974,-0.012067039608351197,0.1308877013974347,0.05176532300858241,0.09347822215532736,-0.024445961944592864
AACGTAGTCTACCCAT-1,0.13338052702025702,52377.0,B,715.0,166.0,0.16269470281172596,0.20574625252460257,-0.04521546155253045,-0.0999764948849175,0.34177253336147717,-0.08554755355417085
AACGTGCGAAAGTCTC-1,-0.256229854625995,13395.0,B,1146.0,952.0,-0.870713071419799,-0.42564172423370467,-0.169896139826086,-0.7863617363930067,-0.2330002017363199,0.10014344050492736
AACGTTATCAGCACCT-1,0.019494511595380758,8381.0,B,316.0,641.0,0.3775100785360396,0.19658332786100918,0.02002267993863613,-0.4580149018390436,0.15794014628375216,-0.0026231904198506795
AACTAGGCTTGGGTGT-1,-0.07818554174221412,7330.0,B,979.0,1381.0,-0.20353124926774194,0.24499482498193592,-0.036347563896719566,-0.18616423646144492,-0.3241061752109951,-0.009216166412878942
AACTCGATAAACACGT-1,0.14839120437188064,19233.0,B,340.0,235.0,0.5280680212145406,0.10345573938488528,0.014690843047716576,-0.04374290219036179,0.2051258128500445,0.03017980126931552
AACTCGATGGCGCAGT-1,-0.1692332219295693,3234.0,B,535.0,392.0,-0.00013465342217020004,-0.2378881752166086,-0.19849279220971722,0.1275436637686566,-0.22440971410439864,-0.3154485590624195
AACTCTCAATAGAGCG-1,0.13184224610051726,9452.0,B,1392.0,929.0,0.27330477677691417,-0.07010825532423268,0.08062293997147109,-0.02499816008395156,-0.1583588376159107,0.5607862073762878
AACTCTCAGTGTGCTC-1,-0.04899255795920539,28590.0,B,720.0,1337.0,-0.3002240503937929,-0.18403515264535097,0.16983062855676162,-0.09419441566640382,-0.09730602263025606,-0.1941899736403315
AACTTCTGCGTCTATC-1,-0.09140968262235209,4486.0,B,419.0,550.0,-0.23756544678335562,-0.044982076415890554,-0.17537025441461165,0.1558840210178461,-0.006651328438370671,-0.05583902318808877
AACTTGCGTTCTCGCG-1,0.06657061233846692,10891.0,B,444.0,460.0,0.02565732748360374,0.3217582812111505,0.1577585025058425,0.01116819284543115,-0.03136027370016876,-0.10522477177870346
AAGAAGGATCAGTTAG-1,-0.15547327972709848,6367.0,B,509.0,437.0,-0.06442656457651671,-0.16349934696813367,-0.4552789092953065,0.17590005994139873,-0.3281102548230446,-0.1389196965699398
AAGACCCAACTGAACA-1,-0.03178646582054564,22499.0,B,889.0,1494.0,-0.0989618154834819,-0.12788682457008296,-0.03692800347101613,0.09575064350640147,-0.01927093584708483,-0.1990894532938736
AAGACTAACCCGTTGT-1,0.0744718879131007,8177.0,B,534.0,256.0,0.17705402161697248,0.24656813834535576,0.2019068687650378,0.16845912297579865,-0.10577190454637504,-0.1702414208573705
AAGACTGCAAGCTACT-1,-0.013902697898271128,9919.0,B,1068.0,953.0,-0.08379605026599651,-0.09958821546624236,0.33890612075707355,0.037651837742305766,-0.15446586989464434,-0.12776823477432783
AAGAGCTCTTTATCGG-1,-0.016940428960230722,18611.0,B,1185.0,929.0,0.04943259214145735,-0.2768791677677216,0.18030951593405126,-0.2291380183419925,-0.004479110368216105,0.04078475871113197
AAGAGGCATGGATCGC-1,0.011284257514543199,15616.0,B,1224.0,952.0,0.17602160387431393,-0.06507594153682458,-0.013817051247270026,0.006810478846259654,-0.19331719415612378,0.0563704263483797
AAGATGGCACCGGACC-1,-0.10648954614652996,7462.0,B,695.0,1473.0,-0.2911874670841277,-0.12277977525424431,0.16621413287826595,-0.0675383048345714,-0.08925262895512388,-0.1367970791444821
AAGCATACTCTCCTGA-1,0.06736383894635355,3539.0,B,1083.0,1336.0,0.11521870122951715,0.19247157746391155,0.46537100082527255,-0.22470502941336173,0.094996778909827,0.17298231497075772
AAGCGTCCCTCATCGA-1,-0.005980694946301018,7152.0,B,643.0,1428.0,0.01099706899959978,0.016351030657580014,-0.049851760584645716,0.2011544756529203,-0.03748929589236228,-0.008906227318417247
AAGCTAGATCGAGTAA-1,-0.15527934349251762,3090.0,B,1070.0,1268.0,-0.2583758290575558,-0.1465996258551357,0.1423715381829393,-0.5305428201970807,-0.22275512374426,0.12173108485002357
AAGCTCGTGCCAAGTC-1,-0.011716706680166349,6644.0,B,1133.0,930.0,-0.02019451098803891,-0.05622185715024325,0.013206762492417456,0.1251592772855536,0.050966122576055574,-0.13160118204284163
AAGGGACAGATTCTGT-1,-0.13646092481983568,5441.0,B,1378.0,726.0,0.10057237757426421,0.011002185084153578,-0.07292450942841237,-0.3402624221569973,-0.41486483909591615,-0.039618594292267606
AAGGGACTATGCATTC-1,-0.2256215758778204,10944.0,B,527.0,1496.0,-0.08890103645568158,-0.02253362335816626,-0.29311175290145314,-0.6706723020193234,-0.11261254174447966,-0.08959030736763499
AAGGTGATAAACCAGC-1,-0.029937959794130095,2762.0,B,1380.0,1131.0,0.11883495302190669,-0.058255876500079816,-0.08103110754677113,0.26608658456866785,-0.21418016043939112,0.03748509713300269
AAGTAAGCTTCCAAAC-1,-0.008913284779523627,110286.0,B,702.0,143.0,-0.07190067963931251,-0.1442473679350428,-0.10416485940830619,-0.14602887967015535,-0.18138927160321416,-0.10190364623314722
AAGTGTTTGGAGACGG-1,-0.03748959043953466,2499.0,B,1225.0,1312.0,0.050860993588013395,0.03213383881796705,0.2523782173075399,-0.27027011998034833,0.11125495466080862,-0.01833179311044343
AAGTTCAGTCTGCGTA-1,0.07266264268051603,7507.0,B,1532.0,545.0,-0.14388437678127164,0.06402584188597388,0.09931102410451988,0.03025997000613638,0.34079030984897635,0.04531265976355443
AATAACACTAGAACAA-1,-0.0011123346452896962,8360.0,B,681.0,1315.0,-0.0037681175326808782,-0.11553585181135823,-0.22272337377735432,0.24073174772423303,-0.08156816868878695,0.27642619755472647
AATACAATGTTTCAGG-1,-0.09588173741304924,10909.0,B,432.0,663.0,-0.17445648223071122,-0.10377390140189242,-0.1664690410896414,-0.06494892216188371,-0.1537801370159534,0.0717552353436322
AATAGAACAGAGTGGC-1,0.06746536180252653,11899.0,B,785.0,1314.0,-0.12337972384992048,-0.07646103827451908,0.12375306081459897,0.050091567423257335,0.17868077446189917,0.1838678920573992
AATAGAATCTGTTTCA-1,0.01740333787655303,2729.0,B,1302.0,1222.0,-0.09172981369282819,0.08133295254609119,0.034621134533526415,0.11183430931025311,0.11127480557421018,0.08182316979955964
AATAGCTACCGCGTGC-1,0.026802645302563544,43093.0,B,1623.0,567.0,-0.07357296769075233,-0.08864475771513328,-0.04104169140495632,0.03007181650335182,-0.1287774951660141,0.07505622101738608
AATAGTCCGTCCCGAC-1,-0.03227583972572749,5822.0,B,928.0,1426.0,-0.03606800435242747,-0.479879964431448,-0.015615253658792318,0.07530553214096564,0.08869521330185112,0.26362487609014323
AATATCAAGGTCGGAT-1,-0.03388598740591875,4161.0,B,729.0,323.0,0.09338573393474489,0.25227502047197586,-0.32424613980125133,0.1955552311447703,-0.24817263098937492,0.09181474874745604
AATATCGAGGGTTCTC-1,-0.06974928013256285,7059.0,B,1495.0,748.0,0.020206033307217625,-0.2777490513437992,-0.015622939199495364,0.024044046723237747,0.06275943080242237,-0.1012315427935775
AATCAGACTGCAGGAC-1,0.03353026013464446,10113.0,B,482.0,257.0,0.10917523197882403,-0.056340880055740936,0.12680168085605567,0.014933990959405528,0.17250521035936386,-0.1982515958443492
AATCCATGCAAGGGTG-1,0.007211315744558196,9674.0,B,521.0,324.0,0.0017391138168770279,0.06902423543637631,-0.08396396814622008,0.18624210935487231,0.03830770746190834,-0.05955670168147646
AATCGCCTCAGCGCCA-1,0.09933240406103618,7308.0,B,1211.0,1019.0,0.26419079103711257,0.07326001524935298,0.2118372618758857,0.0414119599387351,0.1970434156826277,-0.033613861540697614
AATCTATGCCGGAGCC-1,0.05723352138196974,40136.0,B,1611.0,725.0,0.27404700478837674,-0.12285112013092495,-0.08266435465820413,0.11202133016484951,-0.20431781197018198,0.029454576169437058
AATCTGCGTTGGGACG-1,-0.04906646374307698,8863.0,B,1379.0,861.0,0.11180396236818635,-0.11811490850951754,-0.014100121542657676,-0.2801577885026383,-0.056071787228115115,0.16388109075426638
AATGACGTAGGATGTC-1,-0.16256740083943816,4611.0,B,1198.0,1132.0,-0.36752190901627596,-0.40501622973283613,-0.1351653936116905,0.11239354153994281,-0.2787354775448208,0.08271090968418263
AATGAGTTCGCATATG-1,-0.03994802596297362,21621.0,B,457.0,482.0,-0.059210177909126534,-0.18598694684783398,-0.13472677903764932,0.10519165535218994,0.07933315569870178,-0.25120928278063503
AATGATGATACGCTAT-1,0.06159977366995456,10890.0,B,1391.0,658.0,0.1636401418255317,-0.09095773720527164,-0.2501636416264842,0.18491037850648015,0.16116618222021528,0.2456034870882441
AATGATGCGACTCCTG-1,0.002318570084845553,12801.0,B,1494.0,703.0,-0.33878456994563166,-0.1998016295352013,0.20553402289903075,-0.018046643486944732,0.31598755750551144,-0.014045734462663752
AATGTGCCCGAGGTGT-1,-0.09300152432668662,3870.0,B,539.0,1383.0,-0.16330194619221025,-0.05630071518814112,-0.023524704855342634,-0.04138809905790678,0.10736503359468663,-0.21253050326762968
AATTACTCGTACGCTC-1,0.05348985275758653,5950.0,B,288.0,370.0,0.04242024752820493,0.18609911289786654,0.013896421757727649,0.23255282258980414,-0.04514250806422905,-0.049677086715217124
AATTAGCGCTGCAGCG-1,-0.11492648302051156,3291.0,B,1005.0,1291.0,-0.19010604280759208,0.028187696952444524,-0.06875405970976513,-0.1665610306417831,0.28344496699830735,-0.3575983386764646
AATTCCAACTTGGTGA-1,0.27322354278916894,14474.0,B,352.0,212.0,0.553690194822682,0.49890479980032965,0.04246698468962236,0.13215963958245952,0.5781738344340481,-0.14018946277070304
AATTCTAGAGTTAGGC-1,0.05202084138001689,2854.0,B,1005.0,1246.0,0.46200696404856956,0.06425134473924421,0.07648616687026207,-0.03670520385609967,-0.30696234357453583,0.20041737568896345
AATTGAACGCTCTGGT-1,-0.2082591441726911,4401.0,B,1263.0,1154.0,-0.22874722386098045,0.14549012289431326,-0.11535938246946387,-0.3199659719683976,0.07391718504393427,-0.5795114199640417
ACAAATCGCACCGAAT-1,-0.024666253148682607,20929.0,B,1251.0,1267.0,-0.23287035417249063,-0.19917935915740187,0.23656328093311768,-0.020583720930536217,0.038875248447408334,-0.20704464541200718
ACAAATGGTAGTGTTT-1,-0.09062384536897303,7664.0,B,1276.0,1132.0,-0.33222137840955157,0.055177857516692665,-0.1709599476448825,-0.2045662009706674,0.0897457659513273,0.09090590373805414
ACAACGGTCCCTGCGA-1,0.013483977354707855,4640.0,B,575.0,639.0,-0.141785121566123,-0.008194462686989827,0.2405740910789889,-0.04190140622839817,0.1761515575548313,-0.01914075382847629
ACAAGGAAATCCGCCC-1,-0.15151582100205818,6239.0,B,1160.0,1245.0,-0.15010258657421746,-0.10486740989358771,-0.22359314918650103,-0.11320809219394219,-0.013263937686270048,-0.030024136997726592
ACAAGGGCAGGCTCTG-1,0.044235412443390895,7707.0,B,1173.0,1132.0,-0.33731903314003614,-0.10737498978432047,0.4762043362321677,0.1912827912046905,0.08535838973281556,-0.002519732007757144
ACAATGAATACGGAGA-1,-0.15731048234287565,13216.0,B,591.0,1428.0,-0.18418726226200413,-0.2216117515921502,-0.14257348826991695,-0.2577084293618932,-0.15935842546919296,-0.024035530957773797
ACACACCAGGACCAGT-1,-0.01711047385339398,4851.0,B,1354.0,1131.0,-0.01569071869695475,0.10384106088831403,0.08964901032084303,0.02821055164634828,-0.16417403663094338,0.07613154108304976
ACACATTGACGCAACA-1,0.24523577257510648,8666.0,B,288.0,325.0,0.16701116441284483,0.3776583698303286,0.34444595017997925,0.6033930283119926,0.14257136218320055,-0.06452604538712693
ACACCACATAATTAGC-1,0.04967268823399845,59747.0,B,1702.0,837.0,0.012853273448340474,-0.0062258850712240375,-0.17232187393536813,-0.045638112308991535,-0.0018195930296302926,0.022849839072193706
ACACCGAGCGCTCTTT-1,-0.017586994394658072,9067.0,B,250.0,483.0,0.18818535829512906,-0.2321020476078759,-0.15656960381809618,-0.0815610636936446,0.11765042252717729,0.04992818491482757
ACACTCCAATGTCACT-1,0.06718697147269499,6062.0,B,406.0,527.0,-0.12790953646865647,0.3738070275181,0.0773344344523633,0.3307883764348086,0.14082665878767436,-0.18314009420618182
ACACTGATCAAGGTGT-1,0.0808244284517171,10215.0,B,811.0,1314.0,-0.09840021743448249,0.1061536455251784,0.13349219607074134,0.16669123656972845,0.2402902421829854,-0.09506940728745164
ACAGGAGGCGCAGCCG-1,-0.027921535316405195,6054.0,B,184.0,190.0,0.21555469054230483,0.149926752011527,-0.21021681794545605,-0.10943481671543444,-0.03748322795650596,0.10742735350780852
ACAGGTGGAGGTGAGG-1,0.04993821318169633,14419.0,B,694.0,1292.0,-0.13600783846273554,-0.07751725705863276,0.0036082847170492427,0.0707658241386339,-0.010068240976915152,0.19845297521901617
ACAGTATACCGTGGGA-1,-0.030657674546249174,21973.0,B,1727.0,566.0,0.012544773479985213,0.06636062204387799,-0.04734732489449901,0.10624286879422087,-0.12890756555240512,-0.31430822428188326
ACATCCCGGCCATACG-1,-0.1613402023856706,5807.0,B,928.0,1381.0,0.17670670548242762,-0.2605573233934766,-0.22196152336645633,-0.21601998976033251,-0.46062615460938444,-0.00813655623590397
ACATCCTGGTAACTGT-1,-0.026812862837625573,20324.0,B,1509.0,1086.0,-0.24840550228282215,0.18418970880455632,-0.05331210695998575,-0.3287849947152979,0.06225393260115361,0.007292146773113621
ACATCGATCGTTTACC-1,0.0560302423724182,7982.0,B,991.0,1088.0,-0.15693612666802137,-0.1686590078341841,0.13797495553413872,0.020625849139746955,0.05660111511813149,0.42112519490670747
ACATCGTATGCAATGG-1,0.12567529663951166,18387.0,B,1237.0,1155.0,-0.10554726008790577,0.12307042045277676,0.07319461702927058,0.11568163747183319,0.13182903148921205,0.20738258775222423
ACATGGCGCCAAAGTA-1,-0.01724092948449555,16869.0,B,1535.0,1041.0,-0.008259307211118297,-0.042195213386522795,0.02667833671935266,-0.0011209316374294412,-0.11632691352074817,-0.04824257216746963
ACATGGCTCAATTTAG-1,0.08936940703115578,3841.0,B,366.0,325.0,-0.03797030634343343,0.2288626642651792,0.011856437940861265,-0.04559936579690178,0.16963110681610072,0.4427411014851859
ACATTAGTTTATATCC-1,0.07979609378150058,3679.0,B,979.0,1291.0,0.48907093411165115,-0.23458499501650185,0.21363941119114413,0.2055344016067992,-0.24365575369348086,0.30021754234520787
ACCAAACACCCAGCGA-1,-0.005830735195194623,72101.0,B,1675.0,522.0,-0.029435473896662956,-0.19540144386825808,-0.04251540539405806,-0.10807698425067963,-0.1809633817378904,-0.015554124199824007
ACCAACACCACACACT-1,0.1493561565506677,25075.0,B,1610.0,590.0,0.15989533298447672,-0.038582219530003764,0.07757406315427737,0.5462339092380012,-0.08748616425036906,-0.061385269216496535
ACCAACGCTTATTTAT-1,0.06997914949315892,15324.0,B,824.0,1337.0,-0.2579946920669729,-0.03059552922537385,0.023256361690721955,-0.042878560358653395,-0.12323831212789876,0.6376709530978234
ACCACCCTCTCTTCTA-1,0.09309816313653255,20412.0,B,1753.0,656.0,-0.01843139757801618,-0.21974371318071673,0.08555846072181175,0.5318403072680007,-0.019010515131843646,0.043611034077421444
ACCACGTGCAGCTATA-1,-0.13258493223625767,6820.0,B,1173.0,1222.0,-0.017623305704136553,-0.010706065072823234,0.01370883490421076,-0.0015908172048217442,-0.133053661214056,-0.5693961121243635
ACCACTGTTCAAGAAG-1,0.08184870539699259,10595.0,B,263.0,370.0,0.20942223173734845,-0.04744893849145068,0.18131790455105026,0.24248854318872679,-0.06503484889760595,-0.03747533918858374
ACCATTAAGGGTGTCA-1,-0.008204245908089358,12007.0,B,250.0,438.0,-0.057385055666471695,-0.06772218844228363,-0.02568696034038432,0.12818918452895334,-0.056879697108744534,-0.013783759599889983
ACCCAACGCCCGTGGC-1,0.05637180153511081,12025.0,B,1301.0,816.0,0.07199274307629497,-0.05320316342420931,0.19915014435241796,0.19767990641680724,-0.1083009825459782,-0.036874170082930216
ACCCGAGCGAAATTAC-1,-0.11863884751338127,38745.0,B,566.0,1518.0,0.14349401402193007,0.0159578503110198,-0.16357320532488828,-0.12136488115068396,-0.6630016132426834,-0.2482235993890336
ACCCGGAAACTCCCAG-1,-0.0722065743487503,6784.0,B,1031.0,1426.0,-0.2320593101588595,0.04027933514243913,0.12077869910272425,0.15104101422002453,-0.15347836997883194,-0.3197683778448663
ACCCGGATGACGCATC-1,-0.07881893181737415,28977.0,B,1483.0,996.0,-0.24714237867495847,0.17584072254911318,-0.3044964057672874,-0.08853394214555656,-0.35351838397262725,-0.07042436821610423
ACCCGTGTCATCAGTA-1,-0.007568166885408026,17347.0,B,889.0,1449.0,-0.12273887032961064,-0.010725443138933564,-0.14383340444394327,0.0962629537753616,-0.006126169678161392,0.011942945644876302
ACCCTATAGGACTGAG-1,-0.09549224632491668,7954.0,B,444.0,415.0,-0.4177596285514631,-0.063298781473828,0.10521861344010576,-0.04833844100380271,-0.039076317727769594,-0.04851970797296849
ACCCTATGCCATATCG-1,0.060099278365971884,9012.0,B,708.0,1405.0,0.058075405745217676,-0.09256971341280719,-0.43111013047859736,0.19167999871715985,0.45229439855403764,0.16228542728462414
ACCCTCCCTTGCTATT-1,-0.049468492257087424,4653.0,B,1277.0,1222.0,-0.08933779140826087,0.2662054160898579,-0.12411182036542995,0.07758351424006318,-0.1635640491025231,0.08962303240415995
ACCCTGGTAACGCCCT-1,0.05715489421016615,38151.0,B,1675.0,612.0,0.04892871484638432,0.07182842945667614,0.13807104034974646,-0.08334469997337324,-0.03533196801559769,-0.10594838243498123
ACCGATGGTAGCATCG-1,-0.03956400198432071,12888.0,B,1379.0,951.0,-0.17370175298297882,-0.09594398975579148,-0.12589623082045445,-0.4176496957588101,-0.0616742595302128,0.4220537705912358
ACCGCAATAACTGCCT-1,-0.09514522979616288,4558.0,B,1212.0,1290.0,-0.18238011842832938,-0.18700742519441954,-0.24674082592353339,0.09980092900965198,-0.06520216054514319,0.09949685535856768
ACCGTCCACTGGGCCC-1,0.0003019617432117594,949.0,B,255.0,1565.0,0.06411746913492095,0.02443877723401766,0.15302985064249836,-0.11168710385473438,-0.05925183057714187,0.2629091951667014
ACCTCCGTTATTCACC-1,0.05341725108223054,43963.0,B,1638.0,905.0,0.060544149438743255,-0.2633844333657703,0.14499141727824255,-0.1397684380604438,0.0359289900730137,0.05220389944828936
ACGAGAACCCATCACG-1,-0.1068740490425589,5218.0,B,625.0,324.0,0.056067722307694724,-0.10075354426664833,-0.08491064822802982,-0.20439138633701479,-0.2684096636037317,0.12074834940185213
ACGAGTACGGATGCCC-1,0.008837323773684947,10903.0,B,1533.0,770.0,0.049954550204326445,0.06772500622725046,0.17276601420806098,-0.04163794531083018,-0.12177531721964105,-0.07320828330264144
ACGAGTCGCCGGCGTT-1,-0.003548343583834355,13256.0,B,288.0,235.0,-0.2364356172249678,-0.00036629500895653255,-0.029269311862500112,-0.011005869149594207,0.2113490798468212,-0.04801487124076034
ACGATCATCTTGTAAA-1,0.024731022616559538,12453.0,B,1508.0,951.0,0.1501098828950509,-0.05559835792810312,0.11642111958027063,0.06220335123814279,-0.020119731147806293,-0.0789765233932596
ACGCAATCACTACAGC-1,0.14526400242022866,24026.0,B,1598.0,702.0,0.0007965882896394799,0.3134080303453517,0.17185499328249373,0.22964115632093418,0.048184075292058114,0.01101783276104358
ACGCCGCTAGACGACC-1,-0.17125033517614874,3186.0,B,1108.0,1110.0,0.2837467336918431,0.05675343280765513,-0.14327028130728423,-0.08833584583171988,-0.6325583509090387,-0.08885210447639888
ACGCCTGACACGCGCT-1,0.2087692786018629,4639.0,B,184.0,145.0,0.896428039160997,0.17031769122001797,0.021777529867290698,0.20104281218692688,0.13247206340776607,0.15204792185790783
ACGCGAAGTCAGACGA-1,-0.27545467043496014,3930.0,B,953.0,1246.0,-0.6267049367473879,-0.5076276231939701,0.12164566943076308,-0.2081485698011024,-0.2319462557349185,-0.025252706317975583
ACGCTAGTGATACACT-1,-0.02706229089632003,9103.0,B,1482.0,770.0,0.028060262664675605,-0.12961974015681055,-0.11675429054695673,0.23139989935662833,-0.1696713258430359,0.03806050599681021
ACGGAATTTAGCAAAT-1,-0.03223899423367092,7385.0,B,535.0,482.0,-0.39108542931847745,0.1012524267411208,0.10104668959004412,0.2035719138701102,-0.08547906444418255,-0.045842871938933674
ACGGAGCGCAAATTAC-1,0.11014077176877447,10749.0,B,1584.0,545.0,0.2443116638483229,0.04053953538858795,0.12161274337351148,-0.15160836591087515,0.37847253274792186,0.06733472342705218
ACGGCACTTGCTTGGG-1,-0.07484108648836268,3229.0,B,966.0,1314.0,0.17152100315994837,0.10518582516121436,0.007519600995214162,-0.03535610613707553,-0.03578274857810402,-0.33162280490974005
ACGGCCAACATGGACT-1,-0.04275831191801928,9704.0,B,902.0,1336.0,0.11275209787718812,-0.19685923923014126,-0.08501993710642702,0.04040983224888662,-0.12025879030917792,0.16281631300384533
ACGGCGACGATGGGAA-1,0.021493177518485437,5007.0,B,1186.0,1245.0,0.19700791456535766,0.23326490388559687,0.04519122927155313,-0.11596468188281348,-0.14380633368319692,0.16983109397976714
ACGGCGGGTTGCCCTG-1,-0.1293371164780576,4048.0,B,586.0,256.0,-0.05027455309067348,-0.06711246495494974,-0.1558423454156294,0.23753704957541463,-0.11845118122841897,-0.44403235068939195
ACGGGCGTATGCGACA-1,0.022168172814572923,30649.0,B,1714.0,679.0,-0.022184688234816577,-0.351229550751155,0.058062156182293774,0.035370711918804434,0.06174908139425279,0.21583658999537253
ACGGGTCATGTGACTT-1,0.1578606783413174,25357.0,B,302.0,483.0,0.3800734608208291,-0.03257358964814952,0.13089870006159043,0.046506444684175835,0.10546569163545821,0.12227664617753621
ACGTATTACTCCGATC-1,-0.1908513343828202,3831.0,B,1444.0,1063.0,-0.019609638272806332,-0.11561963336128449,-0.15475885119081195,-0.18775734062594934,-0.08599456967181396,-0.5358187761977787
ACGTTAATGTCGAAGA-1,-0.24173274670806796,3128.0,B,1082.0,1065.0,-0.038876179086952595,-0.23032241211232835,-0.06786901379344401,-0.1361491295440724,-0.39991060028062936,-0.31391533892986967
ACGTTATTGGTCACTC-1,0.12989780383928562,4274.0,B,354.0,573.0,0.0901844304044881,0.18458899289645905,0.3562914421421285,-0.27528679216255764,0.40331859507077183,0.157632028063172
ACGTTCGCAATCAATT-1,0.04300038002210045,52396.0,B,1651.0,882.0,-0.08217103571369333,-0.07994766636070745,-0.03768284384910399,-0.09911175388250457,0.15712495738010712,-0.028559383294501195
ACGTTCGTTCAGGAAA-1,-0.11738649011164334,14825.0,B,760.0,1495.0,-0.2601474342104951,-0.27701823818094107,0.09161775669481245,-0.2315619043971737,-0.19171146850536203,0.061609283277602706
ACTATCCAGGGCATGG-1,-0.01202468840354375,14621.0,B,1586.0,995.0,-0.011806491602166336,-0.010672876872374226,0.03966570746394513,-0.1510731241698221,-0.15163240838643025,0.03983749465313524
ACTATCGCCGGCTAAA-1,-0.06877175369225721,21766.0,B,198.0,438.0,-0.016970809647184212,-0.014490391413939561,-0.25791655358266097,-0.23865154500012592,0.04145096137191177,0.036226207727161036
ACTATTTCCGGGCCCA-1,-0.09870133876579634,10557.0,B,721.0,1472.0,0.07128929580935978,-0.3724921936202226,0.0366531532799373,0.08731592433658265,-0.24034860805541913,-0.23942110629322658
ACTCAACGAATGTATT-1,0.027086631397472194,10098.0,B,612.0,301.0,-0.03748680244201892,0.09023745879882368,-0.03865134722831074,0.1010244285537477,0.1122313841982688,-0.03166472580567764
ACTCAGACCTGCTTCT-1,0.04408057140104559,9968.0,B,742.0,346.0,0.0009718917856758975,0.6244873460235738,-0.08352827705211428,-0.17889125794683788,0.09551497079463037,-0.17958105043226583
ACTCCCGAATTCGTTT-1,-0.11953821951610466,7977.0,B,1534.0,860.0,-0.09346288295834417,-0.16728081670235828,-0.24400334520849365,0.013676742882274214,-0.10508437398081066,-0.27000089355448165
ACTCCCGTAGACTAGG-1,0.04823969466272035,38605.0,B,1779.0,611.0,-0.05153241897202071,-0.23102423305119496,0.26184131046422976,0.017466145772336655,-0.061699723267428674,-0.014586949279007555
ACTCCCTAGAATAGTA-1,0.046655710292737705,5788.0,B,1095.0,1223.0,-0.04819544000472764,0.23136551161138624,0.33763544461180384,-0.26772555470733167,-0.09030033267842945,0.12398824368483574
ACTCGATGTATTTCAT-1,0.08138436147527844,8124.0,B,315.0,550.0,0.1570125452085589,0.021637588634687538,-0.0012714129187519595,-0.17729310235692697,0.528463785689672,0.13233262770266016
ACTCGTCAGTAATCCC-1,-0.11093712570935482,11982.0,B,1198.0,952.0,0.0682398456521165,-0.48141551737500005,-0.042168329751215886,-0.16258892049283058,0.0743334296401198,-0.1436425467327913
ACTCTCTGACTTAGGT-1,-0.07624179511693034,1713.0,B,1198.0,1087.0,-0.0690600066169387,0.0560504543299046,-0.20979549656803226,-0.07903716765072097,0.13101484646407113,0.10688055244397517
ACTCTTGTATAGTAAC-1,0.00298095429699783,4776.0,B,1094.0,952.0,-0.04916204761662672,0.4957890225591638,-0.02289540374711659,-0.2053926276852739,-0.17429961357678458,0.10440525602711828
ACTGAATGGCGAAAGT-1,0.05755829297169971,4091.0,B,1264.0,1199.0,0.6374528981855255,0.12540713102012319,0.11495407733819922,-0.0936871624999518,-0.42655583176441514,0.2971402923680077
ACTGTATACGCGAGCA-1,0.012225167563321097,9226.0,B,651.0,369.0,-0.09946313162159462,-0.07019863746341722,0.4794544186675508,-0.08709905199402392,-0.1820632296226027,0.04696165149390292
ACTGTGCTAGTAGATC-1,-0.005598351709256502,2801.0,B,587.0,436.0,0.19649154419100007,0.23023522954776196,-0.21261237046887688,0.26269423057897184,-0.05708524067655712,-0.19267812616845553
ACTTAGTACGACAAGA-1,0.0198067539908231,2988.0,B,600.0,459.0,0.09553320109572898,-0.030515266595232356,0.062247908339588015,0.29349629697767504,-0.021454003668196046,-0.04596359333962038
ACTTATACTTACCCGG-1,0.06659330339788319,7381.0,B,1353.0,951.0,-0.05007434396667598,0.1083730003435457,0.22955367455989523,0.10245164234697782,-0.12018797136455948,0.23805050582882356
ACTTATCTGATCTATA-1,0.06634800721220958,17134.0,B,598.0,144.0,0.01715466782616646,-0.051168567793674485,0.057236805832455225,0.08845192902354729,0.0880149859844793,0.10831458196170252
ACTTATTTATGTGCCA-1,-0.06683690275290845,2874.0,B,1354.0,1177.0,0.06873065445085863,0.21028504562123235,-0.10900046135378803,-0.14190417425887986,-0.26502803898805144,0.1240007344262618
ACTTCAGGCTGATCCC-1,-0.0997217298251889,8512.0,B,1238.0,1290.0,-0.21415367862079232,-0.09479454426472371,0.14977707662770803,-0.379369793741007,-0.17146756537960822,0.10557077165607996
ACTTGACTCCCTCTTT-1,-0.06609729729408857,2179.0,B,1121.0,1087.0,0.16112808922779556,-0.13685221321528168,-0.16514715661097779,0.051885408914401326,-0.22691620706589366,0.21863796231992993
ACTTTACCCTCATGAA-1,0.027854930283274917,6526.0,B,1560.0,860.0,0.0950049989843533,0.06633662685030046,-0.16609229294918235,0.14368831125966885,0.03149532819740751,0.223366100665342
AGAAGAGCGCCGTTCC-1,0.038942345112335686,43.0,B,1327.0,996.0,0.10404031416279541,0.16441680595639308,-0.053236158149025894,0.019991560706263067,0.33696312687287017,0.20594501375192725
AGAATTATGGATTCGA-1,0.12742222360655878,26019.0,B,1456.0,861.0,0.18384948368798257,0.05500952673410222,0.06671090698729423,0.11047213655662828,-0.05736600879088277,0.20120208175734294
AGAATTGTTTGACATA-1,-0.05031444539515482,7208.0,B,483.0,527.0,0.0071771916728317516,0.05659999309694219,0.11048729346742463,0.08998734708331357,-0.3313855441896526,-0.0739806111535752
AGACAGCTCAGAATCC-1,0.009368596163431154,4878.0,B,341.0,640.0,0.06915540686924837,0.07133297235618904,0.009783913698250716,-0.1252611912373661,0.921460464814136,-0.6750002702327637
AGACCCACCGCTGATC-1,-0.17111106041380736,3066.0,B,1031.0,1246.0,0.05903337535558463,-0.16452345653015485,0.13900493358126234,-0.2540415507942281,-0.3011081962234337,-0.3192068678907531
AGAGAAGGAGTACAAT-1,0.03825442412864204,23786.0,B,630.0,1450.0,-0.23592032546342734,-0.1686969164654474,0.06049910754941158,0.15661166639338622,0.007936977704626293,0.14222423794452427
AGAGCTACGAAAGCAT-1,-0.009942674583828817,7212.0,B,392.0,370.0,-0.02572846548375542,-0.007550390735652037,0.034338320340009824,0.15249489151588697,-0.10480340183217289,-0.05432610177741436
AGAGTATAGTGTTACG-1,0.04806587284775125,32278.0,B,1767.0,769.0,0.04719619310858193,-0.07132141075430257,0.007123256262478152,0.02744930038953519,-0.020954521551839272,0.020359920863465053
AGATACCAGCACTTCA-1,0.02482763354847932,47062.0,B,1714.0,499.0,-0.05193639794282193,-0.04176827503781292,0.03793908449312193,-0.012427545133682216,-0.1472522352503658,-0.0773922233766183
AGATACTCAAGATCGA-1,0.054777937596598596,6092.0,B,1250.0,1177.0,0.022796905315139858,0.016600376297740235,-0.33886902287257686,0.28427222993710183,0.16406311452672118,0.28277846316236055
AGATCGTGCATAAGAT-1,-0.0006044321356923812,16259.0,B,1442.0,613.0,0.04492700009394328,-0.09710888778464853,-0.07317271948724216,-0.04095045097188068,-0.04216046357168908,0.088024142334632
AGATGATGGAGTCTGG-1,0.02046830762658302,13429.0,B,1560.0,905.0,0.011535044186939354,-0.0447939183180042,-0.08440110315557629,-0.05751617899107913,0.2843616945572854,-0.057701801137684756
AGATGCAAGACGTGCA-1,-0.0765385848568131,3570.0,B,501.0,1451.0,0.0062255204431286015,0.04131736670631169,0.18980949308897624,-0.22284460129497025,-0.054518991351054015,-0.11261284689612022
AGATGCTATAACGAGC-1,-0.026894276497524017,16530.0,B,276.0,393.0,-0.23102029236636706,-0.14756552405843285,-0.021453019208320837,-0.0991138531232827,0.22732295168106428,-0.10959537972561009
AGCAACATATCTTATT-1,-0.1372963246180703,7750.0,B,1392.0,1064.0,-0.37522291708622446,-0.024806245235175106,-0.026570029292364305,-0.198392745955236,0.039478055925779666,-0.24837172894865306
AGCAACCGAAAGTAAT-1,0.020257190255134512,8514.0,B,449.0,1406.0,0.12772495019016375,-0.06997594701345258,0.09186491372052169,-0.21213301277484095,0.11274446271452983,0.052305701222082425
AGCACTACCTCACCAG-1,-0.14212843962404745,4837.0,B,1238.0,1335.0,-0.13193723122312953,0.003325975600291074,-0.4072854004578371,-0.06091861140536079,-0.024601386981027325,0.0595048364585251
AGCAGCCAGATGAATA-1,-0.026058621170951646,6968.0,B,941.0,1404.0,0.2412397800937471,-0.08894471500087361,-0.1025624270007092,-0.024012275600959265,0.09604907073821195,-0.19536837486014225
AGCCGCTTGATTAGCG-1,0.10665592963181258,16343.0,B,198.0,393.0,0.17670059752675682,-0.05578157332799528,-0.11939441750383888,0.23861498777520435,0.11493624493211019,0.17462434871243232
AGCCTTAAAGCGGAAG-1,0.024719474875562353,9229.0,B,380.0,618.0,0.10395720574923514,-0.06988718616270426,0.22809732928318308,0.14558637605431926,0.02346723509214787,-0.16900567473517802
AGCGCATAATGAATCG-1,-0.0661774767142357,10979.0,B,902.0,1426.0,-0.1764554001227192,-0.3241357238597742,0.05757861928734654,-0.04721037666944466,0.18543242999645163,-0.10696358893907841
AGCGCGGGTGCCAATG-1,0.07972856017913128,9580.0,B,1378.0,681.0,0.2723280587929985,-0.04146051268330107,0.02906657003065111,-0.01700642961942888,0.08716848808839255,0.0887387521861106
AGCGGGAAGGGTCCAT-1,0.04959894643581858,1836.0,B,664.0,436.0,0.8855191766071973,0.06923462043722588,0.12226822237860277,-0.08495236323953333,0.11028443997033877,-0.314636408548706
AGCGGTTGCCGCTCTG-1,0.07958924769623685,16522.0,B,1688.0,544.0,0.10628527392325496,-0.05956657074614568,0.05400686267982784,0.006203140783908961,0.12910570253120307,0.14612035133605877
AGCGTACGAGAGCTAG-1,-0.03546450006880006,8676.0,B,495.0,324.0,0.07590548918064778,0.06900433551985376,-0.19038060625214934,-0.14198250717620156,0.17599278137319194,-0.158243705618428
AGCGTAGCGCTAGACC-1,0.07518693001792877,14471.0,B,508.0,212.0,-0.12448158710003893,-0.1954375646115853,0.011011192753003888,0.3098532541481054,0.1610674534343855,0.22594363106199514
AGCGTCTGAACCCGCA-1,0.13329081666212064,4626.0,B,651.0,278.0,0.36600958668118494,0.33352174007669133,0.1153942443517046,0.14078371849185778,-0.06850415491853672,0.1567157325663231
AGCGTGGTATTCTACT-1,-0.09054165800920752,10423.0,B,1108.0,1155.0,-0.12658143153049226,-0.035066391683718126,-0.39775227099238364,-0.048180138854289165,-0.12858707093391175,0.1710366630810066
AGCTAACAAGCAATGT-1,-0.031886347739187415,28450.0,B,617.0,1518.0,-0.1867465132186253,-0.14099647271724436,-0.10631574939959973,-0.06325341279729377,0.02864490540408239,-0.014269622940668712
AGCTAGAAGCAGAAGT-1,0.04649581941502093,11294.0,B,1468.0,613.0,0.19988371155856277,0.05876131878965565,-0.32345525839647826,0.07824486070310754,0.13102632116203944,0.0393929557134535
AGCTCCTTCGCACATC-1,-0.11603260599138626,6104.0,B,1303.0,1312.0,-0.07421722953501156,0.26961984942977096,-0.4717196440259632,-0.08071351559583612,-0.2260138036029994,0.020217700553016943
AGCTCTAGACGTTCCA-1,-0.1323625472196912,8487.0,B,1172.0,997.0,-0.03318636938587275,-0.06836215555344466,-0.4190972719245488,-0.09919149939904001,0.028660915875715138,-0.09804200357511586
AGGAAAGCCTCTGATG-1,0.15245834787320545,15802.0,B,353.0,257.0,0.1881181065707148,0.32389104350334214,0.07941119900842185,-0.039073764272518755,0.12913881909160033,0.1906945835908803
AGGACAGTCGAATCCC-1,-0.05203464837599339,6837.0,B,1289.0,1109.0,0.11113463813776264,0.07064297562887241,0.15076301835541042,-0.11349780019736393,-0.22859573742661748,-0.1095820510957825
AGGACTTATAGGAGAA-1,0.024789227065972863,22934.0,B,224.0,438.0,-0.19081415003032304,0.13865432113105086,-0.011712411604555665,-0.039881146632529015,0.053357139968118604,-0.054712045098134626
AGGAGACATCCACAGT-1,0.03173828261923832,22684.0,B,1766.0,679.0,0.05513939563369069,-0.11495409683343583,-0.10786283615649256,0.18745752011281552,-0.0800107475805828,-0.01896282805109959
AGGATAAAGTCGGGAT-1,0.007864664535469197,4014.0,B,1031.0,1336.0,0.00737990966600173,-0.2485551375105833,-0.3312307852011395,0.2743864720974793,-0.0027914818403362504,0.43796513262027065
AGGATATAGGGATTTA-1,-0.06246245850061294,12446.0,B,1432.0,1176.0,-0.06719403474366926,-0.09741808864493626,-0.1844454107615371,0.05691462434722426,-0.16914962108215464,0.06454568686986317
AGGATTGCTTACGACA-1,0.0429740918337358,57251.0,B,1741.0,814.0,-0.055818453478780505,-0.18947791874898195,-0.08332369442230872,-0.11501952256325097,0.03850748628929587,0.1088005049557785
AGGCAAAGAGGAATCA-1,0.02785432920647512,55150.0,B,689.0,166.0,-0.04379863152903285,-0.15059945493089585,-0.022485694238745236,0.03300463799897771,-0.05180115100152547,-0.10627944599723829
AGGCAATACGGAGGAC-1,0.08385670391063785,16429.0,B,197.0,213.0,0.21169584212610454,0.34533341199633044,-0.32968690517481625,-0.13044964672242407,0.020303809374521895,0.2025919951288408
AGGCAGGGAGCGTACT-1,0.0009797901888250141,9166.0,B,824.0,1472.0,-0.14841543366800752,-0.005190654094768614,0.036208552246451545,-0.053784030775358815,-0.15581879791898234,0.3476641760672043
AGGCCCAGTGACTGGT-1,0.012100935273132551,3853.0,B,379.0,347.0,0.0026460380334062256,-0.18916494749763704,0.1872916466018624,0.1383078279835034,-0.1283069435292178,0.2288863893566267
AGGCGGTTTGTCCCGC-1,-0.13710238348713352,23318.0,B,410.0,1474.0,-0.17398340884368602,-0.14389060433083758,0.12722095610817047,-0.07979220170431062,-0.7041639089629808,-0.09928451888423792
AGGCGTCTATGGACGG-1,0.0709992537852458,26208.0,B,1636.0,499.0,0.20354769431558944,-0.032069271020263496,-0.08801266806334783,0.02328001976907558,0.04606794229893135,0.036165933006065125
AGGCTTCCCGAAGAAG-1,-0.05910192451185419,15886.0,B,733.0,1270.0,-0.19552558750932528,-0.09405434405913926,0.010214243010554389,-0.1267929894208471,-0.07761492995214599,-0.02530751347214481
AGGGACCGGCTGCGTT-1,0.09472806679528657,99540.0,B,1612.0,950.0,0.05245551824130501,-0.0345509068818231,0.007534191408251373,-0.021413499478234566,-0.08035611084074834,0.04485161538069454
AGGGACTCTACGCGAC-1,-0.11739453552379264,10663.0,B,876.0,1382.0,-0.3207778160988607,-0.07284235641073024,0.18603187962080528,-0.13393529844282015,-0.16055631624824643,-0.24583917488500967
AGGGAGACATACTTCG-1,0.041672736429964434,11980.0,B,1650.0,792.0,0.14703742975023,-0.06000146461718203,0.07372465982480568,0.05824501334483131,-0.05064459157366427,0.020641901617467387
AGGGTCAGTAACCCTA-1,-0.0018328812024439901,37690.0,B,1649.0,477.0,-0.06406419523158696,-0.1021177267510668,-0.1221327193638031,0.014262480641939801,-0.0580711031612136,-0.09840416782311777
AGGGTCGATGCGAACT-1,0.1333618063341784,8267.0,B,1444.0,973.0,0.2574891782084714,0.2421407827992721,-0.0188365469978346,0.45206940114466126,-0.047878095836587906,-0.0518450385240868
AGGGTGCTCTCGAGGG-1,0.009949663425298176,7539.0,B,1379.0,906.0,0.12134373233512155,-0.13449994394386164,0.01097799197878355,0.18643457611109604,0.1770982907648646,-0.1856357870089964
AGGGTTCCCTTTGGTT-1,-0.04587727089887347,10245.0,B,1327.0,816.0,0.13085034717751984,-0.20232543533345274,-0.34655443002166225,0.13568006649378708,0.054707907015565674,-0.040471139784291725
AGGTATAATTGATAGT-1,0.052215659054176564,43144.0,B,1599.0,928.0,-0.10066785674024337,-0.014355389022747956,0.14924234079446944,-0.10460096513884087,0.03160428337752662,-0.04082108019524684
AGGTCGCCACTTCGGT-1,0.14790460067550032,14172.0,B,534.0,211.0,-0.00014826390894841224,0.19474358027903632,0.20146973135602803,-0.16024999326744363,0.09921567283879393,0.37231016824520974
AGGTCGCGGAGTTACT-1,0.018681645611813277,9711.0,B,1533.0,725.0,0.09056095397235119,-0.021485140106772896,0.023099908245171264,0.1731552279820131,-0.15963286691223624,-0.03529443529362148
AGGTTTCACACACCTT-1,0.08635936857998086,3812.0,B,1056.0,1065.0,-0.16991582999420204,0.042294020963644,0.44482119361924943,0.21283429230077347,0.07182419216806672,0.08124010350405071
AGTACATCATTTATCA-1,0.14183860498105286,14416.0,B,1598.0,792.0,0.06793718432790616,0.26446308468458224,0.17852423010090307,0.04507883389181175,0.1363944869520239,0.14104718862980062
AGTATAATACTAGGCA-1,0.0435784344060027,4651.0,B,614.0,707.0,0.1519632652200369,-0.05760960818772967,0.32917334790492125,-0.2078653924922842,-0.06495372619174702,0.20871918012045843
AGTATCCATAATAACG-1,0.24089846788780872,12794.0,B,495.0,234.0,0.23560994650749087,0.1266389468059644,0.32991545969254443,0.26145458592504406,0.09650081896574178,0.3782059243451323
AGTATGCTGGAGACCA-1,-0.047660124043775176,5211.0,B,527.0,1451.0,-0.15242047149554586,-0.045914679349486565,0.11911357513805343,-0.08852467422527277,0.03563096378099139,-0.10772886370427176
AGTATTTGGCACGACC-1,0.009511969674052285,11350.0,B,863.0,1449.0,-0.054998334988545894,0.0748132863772838,-0.06777510494376962,0.19353161254325518,-0.09706063863798874,-0.03735762869583164
AGTCAAGATGACACTT-1,-0.21302304354266408,4043.0,B,1354.0,1222.0,-0.23463100814624405,-0.2914891554330796,-0.0034400769800129044,-0.48363271412042286,-0.14563925156279633,0.008087545811612983
AGTCACTCCGCCTCAT-1,0.055181991896183114,3749.0,B,573.0,279.0,-0.08081114543164161,0.08419931665399205,0.24476775935518905,0.22559293946143086,0.20339538756627484,-0.017996735032720812
AGTCAGCCACCGCCTG-1,-0.17051453613580397,2327.0,B,548.0,504.0,-0.5203693106097278,0.0336003815845302,-0.046950650203794936,-0.23727943847486532,0.0651718024398599,-0.07874728760752411
AGTCCAGCGGGTACGT-1,0.03678182452906382,16315.0,B,443.0,234.0,-0.005687928202761823,0.14031959620128046,-0.054551472326538855,-0.052202370286079505,0.10793371312277066,-0.16395432041994204
AGTCCATTGGCTGATG-1,-0.1415184119712653,14460.0,B,1483.0,1086.0,-0.3684745498956868,-0.0806623031235679,0.06373905526429044,-0.1913388917250333,-0.33973907781289037,-0.09026876712779464
AGTCGACGGTCTCAAG-1,0.13660425226185485,15674.0,B,1353.0,996.0,0.02531462925737564,0.00530590065067732,0.08746934116505575,0.38013250029838086,0.16275424574058395,0.03952721448941026
AGTCTAAAGTATACTC-1,-0.0167915653192322,12504.0,B,1624.0,792.0,-0.016531030838582917,0.25627783801963594,-0.2283359317771993,-0.09902915501123377,-0.17667066630498215,0.0917441626412947
AGTCTCACAAGACTAC-1,-0.12555851494321424,5619.0,B,578.0,1360.0,0.007825818818583019,-0.2615068624316997,-0.01709205271637527,-0.20523811516898388,-0.11404530435396368,-0.11250119634793451
AGTCTGGACATCCTTG-1,-0.12503514936849347,4351.0,B,445.0,550.0,-0.015204638819129118,-0.07369519896873473,-0.09781029548544691,-0.3025648115549897,-0.11163193993827525,-0.04323220948316603
AGTGAAGATGGTGTCC-1,-0.06607389499065422,31659.0,B,1753.0,611.0,-0.06540140090041675,-0.3069846545423037,0.05218028142225302,-0.046234311867469374,0.006312775626579344,-0.14923126475091492
AGTGAGACTTCCAGTA-1,0.06817739922360622,9086.0,B,1314.0,929.0,0.052200141082506306,0.039275528790900203,-0.06302496048437072,-0.05594890947348889,0.3024128531458068,0.06171648940832395
AGTGAGCCTCGCCGCC-1,0.049086777937916354,10022.0,B,1521.0,793.0,0.3509578382291973,0.04001446160870102,-0.1589217775740384,-0.029283606119601464,-0.07152595930675366,0.1888302757232514
AGTGATTCAAGCAGGA-1,-0.021109380271012286,11020.0,B,1314.0,884.0,0.10245618686619361,0.015325198634349755,-0.16545080814627533,-0.3706982223542798,0.38999655096387803,-0.0069624299757304955
AGTGCTTGCACGAATA-1,0.06367863943480778,7805.0,B,1341.0,1064.0,0.048647643478826524,0.2148870898258196,0.17906500371794215,0.20380221403870175,0.06533305870924244,-0.20028477220002971
AGTGGCGGCAATTTGA-1,0.04724305929331202,13300.0,B,1404.0,681.0,0.15368260460489136,0.16094277538097346,0.02262048768500698,-0.07895121707203354,0.0020521474018919787,-0.12607514464119937
AGTGGGAGTATACACG-1,0.0989764714008116,18013.0,B,184.0,281.0,-0.16248045349577467,0.1824717071822775,-0.0322405674142196,-0.044416085563440254,0.3413129429455605,0.10805033531609967
AGTGTGCTAAGATCGC-1,0.09475087413093279,23979.0,B,315.0,460.0,0.1722119095856049,0.10819834589164307,-0.09983436082263705,0.008684541359642917,0.034799340586869565,0.14099499556193187
AGTGTGGTCTATTGTG-1,-0.1347601987663931,10697.0,B,484.0,617.0,0.040984730907475446,-0.37532380936776344,-0.2696729387644349,0.09954196211587923,0.004046930108849428,-0.1711667495889914
AGTTCACCGGTTGGAC-1,-0.06004252865945511,7094.0,B,289.0,596.0,-0.0737127029992493,-0.1081870097341104,-0.23645676729786033,0.04228157025887102,0.18521795140654954,-0.16389193917969377
AGTTCCTATTTATGTT-1,0.10549391468669078,4526.0,B,1030.0,1110.0,0.14084660183630385,-0.010348556632296821,0.10406274461888451,0.08291417594050149,0.2651376871363826,0.08112147396469484
AGTTCTGCGTTGTATC-1,-0.0867500741144757,23661.0,B,431.0,437.0,-0.4122193400969695,-0.04950610774017283,0.09204756997830175,-0.22026357188524884,-0.15073997890476798,-0.013931258046442178
AGTTGACATCGGCTGG-1,0.07988931438880598,8978.0,B,522.0,369.0,-0.03310994828381867,0.012092399485289996,0.04344072229885321,0.23445947542046522,0.2339672401895328,-0.017487720431045073
AGTTGCTGACTGATAT-1,-0.09754330140049419,4224.0,B,419.0,505.0,0.10695011313412581,-0.06795933546219843,-0.07740367692031287,-0.16693174197117874,-0.20468708776238406,-0.07061353924119704
AGTTTATGTAAAGACA-1,-0.14982122943816928,26833.0,B,1753.0,702.0,-0.7913856278291919,-0.13303892419453262,-0.033586210592878356,-0.07416690842885384,-0.029806487472871054,-0.007553723095725752
ATAAACGGACCCGTAA-1,0.15994858768188452,4701.0,B,979.0,1201.0,0.09274717075021631,0.13766819714994075,0.22838666866294982,0.4357147247748251,0.01676841628274329,0.1688631990511353
ATAACGCCGGAGGGTC-1,0.07918870280376639,14502.0,B,1236.0,929.0,0.38137772567533457,0.011130310207452854,-0.08870543111660031,0.11975698084600513,0.07475144175044451,-0.08961172187241404
ATAAGGTGGAGAACAT-1,-0.03460666968610308,3432.0,B,1121.0,1268.0,-0.1150662123505192,0.08463593720208809,0.2017612236431283,-0.41224361545801946,0.36482424211127723,-0.2222506551289082
ATAAGTAGGATTCAGA-1,0.041552822959935634,10315.0,B,1520.0,748.0,0.17146273275155208,0.13978469265539042,-0.1564657708996152,0.0750034192225935,0.16551919339759621,-0.030316614289396353
ATAAGTAGGGCGACTC-1,0.1483953785728744,24153.0,B,1586.0,950.0,0.358936994535118,-0.18280088842110462,0.0545407514860784,0.5224253288406133,-0.08138611804046972,-0.018110175443248836
ATAAGTTACCGCGACG-1,-0.09816498098195739,9070.0,B,862.0,1179.0,0.09304096939374194,-0.12372128782677308,-0.23945183427945033,-0.23501970961507102,-0.06492845463299854,-0.021725896961020532
ATAATACCGTTAGCCG-1,-0.174837183231236,4463.0,B,393.0,505.0,-0.222551021046588,-0.16630100987431345,-0.37458423887962655,-0.3922915470500797,0.03986166675370141,0.08996550004552817
ATAATAGCTGTTGAAT-1,-0.04328218354451722,4669.0,B,1005.0,1201.0,0.10226958314932053,0.17300648616815847,-0.06957429818003469,-0.09799306861888911,-0.18435289099543187,0.09491527407847127
ATAATAGTGTAGGGAC-1,-0.03139229409093766,1946.0,B,574.0,549.0,-0.07216132294131677,-0.014608123454638092,0.256839551274241,0.14545882175973568,0.0801795882647091,-0.15702477506504794
ATACCCTGGCTCAAAT-1,-0.06952637557896621,9779.0,B,352.0,167.0,-0.17136661216863203,-0.051019752241043374,0.020713231072249642,0.10620068343276598,-0.007496448172123674,-0.2145156579102746
ATACCGTCATCCATAA-1,0.1258339194034485,62215.0,B,1675.0,477.0,0.023429512722509427,0.20484416576154313,0.060273107604992944,0.06598491836459985,-0.07079431972128843,0.03512544595742101
ATACCTAACCAAGAAA-1,-0.06873640710111968,8182.0,B,1019.0,1448.0,-0.21390527562156741,-0.0844653394568154,0.14757810459697002,0.015154762792918155,-0.039113995312934004,-0.17796443701335493
ATACGCCGATCTACCG-1,0.11882254754742844,7719.0,B,585.0,166.0,0.27208300595684837,0.03537282189637814,0.31370475427651245,0.14556172742489235,0.06471347011072945,0.04353687378466449
ATACGCCGGCGAAACC-1,-0.019128221733582695,7218.0,B,1198.0,1042.0,0.12107119589391879,-0.22562160317029042,0.04267286606067504,-0.2360304621127475,0.024388818279668247,0.23567603691610753
ATACGGAACGTCGTTT-1,-0.11712265815867398,3099.0,B,475.0,1406.0,0.24318375124520064,-0.3111373139251581,-0.20347026541102103,0.023648818601335123,-0.15656968555078526,-0.01437664871724248
ATACGTCCACTCCTGT-1,-0.23998412016566417,5708.0,B,1393.0,1199.0,-0.8207317552614861,-0.021327956901566462,-0.44354903016877506,-0.213544814947696,0.1277931235481902,0.017470491546355948
ATACTCTCGCCACTCT-1,-0.16955519049918852,9141.0,B,508.0,347.0,-0.277614313987337,-0.22598647556074625,-0.2569734609377546,0.05200931438645346,-0.21700152767433853,0.04047119348133161
ATAGACAACGGGACCT-1,0.10410659111135108,31973.0,B,1378.0,771.0,0.050992966424071876,-0.08101886768245391,0.16938200597910963,-0.05572721238395418,0.0348345639431212,0.11782563153915658
ATAGAGTTATCAACTT-1,0.05607254113358891,17746.0,B,1391.0,748.0,0.26832372804652527,-0.03530861732228183,-0.11282045966561013,0.11111354921493291,-0.0555694056562185,0.05010490935931712
ATAGCCTCAGTACCCA-1,0.021208535098087775,3957.0,B,367.0,550.0,-0.1362541796550936,-0.0010052872329528659,0.07133650622310064,0.04279446760398959,0.14447558514174993,0.09097737571823739
ATAGCTGCTCTTGTTA-1,-0.06751680115102637,12227.0,B,315.0,505.0,-0.12146032926622519,-0.178110790830147,0.02426182847112008,-0.09780556971638889,-0.07874136604718418,-0.07263298376575097
ATAGGCTAGCTTCGCA-1,0.10035648341849371,6407.0,B,1443.0,703.0,0.06711524169219571,0.23337197831376116,0.08295623879181438,0.11645549152456736,0.016144702498527036,0.18304200988383032
ATAGTTCCACCCACTC-1,-0.11555458477139186,19928.0,B,1509.0,996.0,-0.21972168750294857,-0.09051679558088865,-0.10836772539765255,-0.3244672544145833,-0.051030761908854375,-0.07048418170371731
ATATAAATGTAGCTGC-1,-0.046105066594221845,12965.0,B,1148.0,1358.0,-0.33436985494156574,-0.013026301562974331,0.05573561881455848,-0.21296687006747547,-0.18146238917898375,0.3099829174996324
ATATCAACCTACAGAG-1,-0.030178505598480936,13887.0,B,1547.0,973.0,0.03030114093435106,-0.0422933355247833,-0.2118528653800637,0.147329537480649,-0.05887031565932155,-0.029276642384450314
ATATGTCTCCCTAGCC-1,0.0372138868731523,10168.0,B,1444.0,928.0,-0.15471382968540465,0.01847800737047718,0.09395662040290563,-0.10081611470542673,0.1847823233147703,0.1648056731607317
ATATTATCCCGTATTT-1,-0.0057539154129059925,22286.0,B,198.0,348.0,0.02645794393807885,0.11155554152795498,-0.0516993431482647,-0.20737465995519255,-0.12858218979327052,0.020100545826237978
ATATTCCACATAGTGA-1,-0.0895091236748906,6103.0,B,1186.0,1290.0,0.03769327461017512,-0.21019756231502487,-0.12684593491882643,-0.21144983895556183,-0.041572589978987835,-0.038573649841988786
ATATTGCTGTCAAAGT-1,-0.06749142666467417,1972.0,B,600.0,549.0,0.3899247424887225,-0.09859041008098302,-0.13331504958128698,-0.32149158178823267,-0.10455356242509337,0.18263687220842412
ATCCAGAGCAACAACC-1,-0.06674576553901565,7482.0,B,862.0,1269.0,-0.33690676148237075,-0.0995348404639031,-0.22167693710779893,-0.32945580308842765,0.4792580473319313,0.144372683001649
ATCGACCCAATACAGA-1,0.03633993288197225,5233.0,B,1004.0,1111.0,0.1624329998427324,-0.13656707883846209,-0.30218193465601895,-0.013818329103263444,0.5441775709808906,0.042321185762580475
ATCGCACGATTGTTCA-1,0.016661872587247148,8145.0,B,405.0,302.0,0.09940615419102194,0.2496082693758717,-0.12708369662176522,0.17753351127916084,-0.21638948981525616,0.0902771762611369
ATCGCTGCGTGCAGCA-1,0.06765714952453898,18583.0,B,1624.0,657.0,0.1617189834918611,0.038378929585736486,0.09511579301430846,-0.0521098195039411,0.03369570386572951,0.03268567601042846
ATCGGAGACAGACGGC-1,0.14279951041532435,7467.0,B,1173.0,1313.0,0.08072269321325422,0.02639931601524288,0.045663720804767376,0.2031127653169818,0.2628827426730722,0.21317153082358412
ATCGTCCAATCGAGTC-1,0.035790842068677664,4004.0,B,353.0,347.0,-0.0032598264223051843,-0.13165761189001002,0.09554584115127271,0.34063725967547603,-0.06578197633956076,0.10876614041967875
ATCTAACGTCCCTATG-1,0.14070435779134527,20837.0,B,224.0,348.0,-0.06434282026492417,0.33949500936390387,0.24281337989772123,0.055131721253113025,0.25959524258835115,-0.08361261854092879
ATCTAATATCCTACGG-1,0.028850578726619072,4038.0,B,1057.0,1381.0,0.12367696159420766,-0.22409376140024231,-0.013823736121097881,0.022659286536460675,0.21003653286094498,0.13371871076101025
ATCTATCGATGATCAA-1,0.28834744669949147,35701.0,B,223.0,213.0,0.45053449706491905,0.47782761653847217,0.1579910412575114,0.15262982988471754,0.15797922173273657,0.13146814592815803
ATCTGATAGTGTCTTA-1,-0.008743946765985312,4187.0,B,341.0,505.0,0.22745158816578848,-0.13265747520123522,0.07608621175981184,-0.010388489839582613,-0.10530567960379636,0.035222298152966444
ATCTGCACCTCTGCGA-1,-0.023697423701170183,8239.0,B,1495.0,793.0,-0.12851207285338753,-0.2847273242125304,0.17681619455410957,0.13304470977633714,-0.12714939891196964,0.18016885264132027
ATCTTGACTTGTCCAA-1,0.09889838037927585,8584.0,B,1585.0,815.0,0.1831833098801415,0.032739979111088474,-0.06409985887149407,0.03530910497823551,0.4003029423644082,0.12082417199074023
ATCTTTCGTATAACCA-1,-0.004384848910599294,25199.0,B,1740.0,724.0,-0.07837247853575488,0.030258390243589322,-0.08937476440537655,-0.10463345781293196,0.055752955755709835,0.01198095134194662
ATGACTATGCGACATT-1,0.10407654660944354,3454.0,B,1328.0,1222.0,0.01799135093614991,0.04962616478673114,0.14140816467144066,0.6380174680590731,-0.09857323578495267,-0.07119699595708164
ATGCACCTTCCTTAAT-1,-0.0966304924729988,5527.0,B,264.0,596.0,-0.1556672879232403,-0.08184527720313055,0.1317224008784076,0.16269987537405334,-0.4225558149571406,-0.08044428853992937
ATGCCATTTGCGACCA-1,-0.0683562045596744,3069.0,B,1367.0,1109.0,0.1035680563326623,-0.3968323350100599,-0.07137809643773349,0.27867224025384013,-0.194638799762697,0.032080498250362556
ATGCGACAGTCCCATT-1,-0.08426351476707596,9346.0,B,1107.0,930.0,-0.15415489266573362,-0.4669110715853777,-0.09285822817754835,0.14838541376705983,-0.266347290484658,0.28701206751247843
ATGGGACCTGCTGAAC-1,-0.12015683526309145,17254.0,B,592.0,1518.0,-0.3263002222560831,0.051353855550161885,-0.10272344985317411,-0.17852285114199443,-0.07507796772690256,-0.16710375471206715
ATGGGCCTCGGCCTCT-1,-0.05628208896622977,3302.0,B,1367.0,1154.0,0.20024039552725634,-0.31594528315617304,0.014431423579471393,-0.4101300883220282,0.35249348810868464,-0.036387452629995085
ATGGTCGCGTGGTTTC-1,-0.05702833227295236,3891.0,B,1289.0,1154.0,0.15958781851790166,-0.1153326877956522,0.19105370998468224,-0.3562731209472686,0.13555474706737128,-0.24300659478260828
ATGTAAGGCTGCTCTT-1,0.11739365268354762,10850.0,B,1638.0,860.0,-0.01599708434895738,0.2520320008655129,0.14746467782485229,0.10484257252546382,0.0962515801960474,0.07993918678020842
ATGTCATTTCCCATTG-1,0.040794497838795525,5301.0,B,237.0,551.0,0.04307531398029575,-0.3086860415554884,-0.005337271569132336,-0.013622459733970957,0.44238876044652947,0.11063371937237151
ATGTGGACATCTTGAT-1,0.09967730201788481,16274.0,B,1108.0,1200.0,-0.14106447702684005,0.09113027379878075,-0.10922600647856262,0.3928024824296824,0.3484107726705846,-0.07509932330701204
ATGTTACGAGCAATAC-1,0.061281987467689814,4147.0,B,561.0,482.0,-0.1406686167598059,0.04197613139471369,0.3329459063419993,0.272099584414537,-0.08760351676517929,0.16266642480275834
ATGTTCCTGCCCACCT-1,0.15060985136552482,21935.0,B,289.0,505.0,0.4738879879214262,0.4374286201314276,-0.06505940542471483,-0.09192156597624565,0.18957924729233963,-0.25867817027816936
ATTAAACATGCGGACC-1,-0.17754417522120355,19930.0,B,952.0,1111.0,-0.1769775447058355,-0.3258412840967503,-0.025520944834108515,-0.335447013673249,-0.12148663871221868,-0.29673896390763443
ATTAAAGCGGACGAGC-1,-0.007574252274248376,5347.0,B,210.0,145.0,0.4492084995320454,0.042214478864648575,-0.3051149470479745,0.05071840033344441,-0.03811553575779416,-0.024802252466209162
ATTACGACTCCACAGT-1,0.09491264760349032,25263.0,B,1753.0,566.0,-0.18583051083634428,-0.022104476919347464,-0.23608018744562748,0.0003271247620428991,-0.11129147950948229,0.8013415764258981
ATTACTTACTGGGCAT-1,0.03734829389337263,5689.0,B,1481.0,635.0,0.3409313930604544,0.017677368525920313,-0.11700602910024473,-0.0199109132872805,0.30346153256585057,-0.21509319513485606
ATTAGATTCCTCAGCA-1,0.10101495057522387,16526.0,B,1546.0,702.0,-0.012683819068411761,0.053601785257660337,-0.37976523351405184,-0.3716514059043818,0.3241485687529473,0.3238246623363068
ATTAGGCGATGCTTTC-1,-0.0006318713177487847,5180.0,B,1107.0,975.0,-0.1781975889914484,-0.18336082636225318,0.23665640592919884,0.08148693679202573,0.12045523383443829,0.03425815256387864
ATTATAGCTACTTTAC-1,0.00910374598810023,61168.0,B,1676.0,882.0,-0.0011531422257855528,-0.16282812187255669,-0.07589289527794721,-0.1039425030288835,-0.04304677138441529,-0.08682206953773838
ATTATTATGTCCGTCA-1,-0.179227669492815,6186.0,B,669.0,1473.0,0.0018428295081421228,0.023028524548950692,-0.25666760255307114,-0.03236235607351552,-0.39397563286318377,-0.2696034759267305
ATTCAAAGTACCTGTT-1,0.036897772738872105,11417.0,B,262.0,325.0,0.03511904239038023,0.1847785583032024,-0.15509708855879373,0.003676926922260574,0.29534209749375756,-0.20192676155338662
ATTCAGGACCTATTTC-1,-0.06927698332030045,6829.0,B,1455.0,590.0,0.07404199774280047,0.1309098383309845,-0.6196481537537617,0.1542413862243868,-0.1935548005861682,0.14183969042193842
ATTCATATACTGTCCA-1,0.03900906341071593,5398.0,B,966.0,1178.0,0.2988254021294839,-0.04850750525902113,0.21673196778089057,0.07716621191822134,0.011991920506249209,-0.16387659598370505
ATTCCTAAGACGTGGA-1,0.0588104916195495,11321.0,B,1571.0,477.0,-0.06322997254019119,0.015396567255120237,-0.1491278169814523,0.24966333376814592,0.13797976708541873,0.14395910186810681
ATTCCTTCCAGGCGGT-1,0.027069184773103758,7272.0,B,496.0,369.0,-0.2046787007546749,0.3451462253799421,0.09101331549447751,0.18896123142919502,-0.11300639722430182,-0.09910458228386747
ATTGACCGGCGATGAC-1,-0.005174347208142624,53690.0,B,1662.0,589.0,0.05778001493075491,-0.20668085820463736,-0.07284623912543337,0.004936710308966752,-0.09648490199517351,-0.07253228627408091
ATTGATAGCAACGAGA-1,0.08803210764143292,5896.0,B,470.0,414.0,0.3888663463832153,-0.013228038988811471,0.22479668423104396,0.2497010051726205,-0.26276685454505533,0.03259285137032874
ATTGATGAGTCCTAAC-1,-0.08372929472856265,25399.0,B,1469.0,883.0,-0.0006886257050474076,0.06162543846599394,-0.8641300234218791,0.064318866401007,0.0557851320558269,-0.04596908542160076
ATTGTACAACTCGGCT-1,0.05605847317173182,10511.0,B,1521.0,928.0,-0.049351009975637065,-0.016049348569502526,0.2506075988349182,0.10574810744016444,0.025205928005707878,-0.03095857732021403
ATTTACTAAGTCCATT-1,-0.0632506158614239,9365.0,B,1624.0,837.0,0.016913305947052606,-0.06037782276290165,-0.28097565556155557,0.16408813307114706,-0.21645887580539686,0.056605309916663044
ATTTCCGGGTTCTGCG-1,0.054515437431287665,7475.0,B,643.0,1383.0,0.03656456292387291,0.38659747521733373,-0.09534194339082427,0.3092866626677584,-0.07904093878990873,-0.10736978858743561
ATTTGTCTTGGGAGCT-1,0.14460092387384443,4704.0,B,1276.0,1042.0,0.08877604054327415,0.004687343795461185,0.14424363013039043,-0.1206071786581002,0.538040264676823,0.23519718694809225
CAAACGAGTATCGCAG-1,-0.17629646818899686,5066.0,B,797.0,1202.0,0.1721834741684725,-0.035549831527798045,-0.6246046430954034,-0.0854757350339679,-0.18748843021551315,-0.06977893730699888
CAAAGATTATTGGGCC-1,0.042699741552912,11325.0,B,578.0,1405.0,-0.14729179767145822,0.11748554972127961,0.21279096065037661,-0.2016081116578009,0.17057724153143317,0.02688198863482885
CAAAGTCAGGTTAGCT-1,-0.07172476427997582,4414.0,B,327.0,348.0,-0.30952564032780194,-0.06314086364869251,-0.09368245660738637,0.05250953928766343,-0.14891020274700661,0.22323345892406116
CAAATTGGATTATGCC-1,0.00824538558618925,21787.0,B,1688.0,634.0,0.019393475493529072,0.012717513330471273,-0.10330935349729126,0.04521565763345576,0.06494796644653156,-0.1584912650797714
CAACATGGCCTGATAA-1,0.005360249350404592,20559.0,B,340.0,280.0,0.1696173477039688,0.18494989670251807,-0.15000579010911141,-0.0011929438253204805,-0.18117257149182497,-0.0253518246355385
CAACCGCACCTAGACA-1,0.0981032666718534,13003.0,B,250.0,393.0,0.40015881306478407,-0.01116508536824408,-0.07281244916297659,0.11131341278768234,0.10767263195583528,0.0653782112339634
CAACCTGAACCTGCCA-1,-0.015299815800218115,41470.0,B,1779.0,701.0,0.053056362043256936,0.04121862402524797,-0.09477871860047232,-0.058788064455431624,-0.1744942775575875,-0.15253920825203987
CAACTGCTCATCCGAT-1,-0.07129360948213184,37293.0,B,902.0,1472.0,-0.2444387820505048,-0.17448494524005895,-0.07933868481151181,0.03872842094040649,-0.2042606816120731,-0.09861205427139509
CAACTTGTAGTGGGCA-1,-0.042484254439507534,5193.0,B,716.0,346.0,0.09924245359137851,-0.1709512042321541,-0.07050196557648679,-0.040512289157571386,0.023448962395858253,0.026804070103337418
CAAGAGGGCGGAGTAC-1,-0.1311989734197274,7547.0,B,1147.0,1178.0,-0.22974516727586003,0.06431354855056184,-0.15867317724872554,-0.21684543584713506,-0.21331358679878398,-0.1602685599052477
CAAGATATTATAACGT-1,-0.03836432571095724,3257.0,B,1341.0,1154.0,-0.23798840388915615,-0.0803432048762201,0.13997557950169637,0.26808068309869226,-0.03464268742084646,-0.0516422040264853
CAAGCGGCACATAATT-1,-0.008976030574380386,23159.0,B,1122.0,1358.0,-0.09329071538407983,0.052052515907849345,-0.1771285485401276,-0.16430039548289924,0.028211100199239378,0.11287252898143618
CAAGGATCGCATGTTC-1,-0.009964349696358458,4589.0,B,1069.0,1043.0,-0.06291317853500127,0.11586580058605674,-0.1453304098310933,0.01317212383443489,0.14718262649814653,-0.045744238209255696
CAAGGGAGTGTATTTG-1,0.05855410258000758,17778.0,B,404.0,167.0,0.08887222792534702,0.13817619366512385,-0.11326351538148219,-0.058328854874581004,0.10993612870890022,0.03633613816005176
CAAGGTCCTATAGGCT-1,0.08011254039056012,23639.0,B,1612.0,905.0,0.15594450793379147,-0.47913497734590466,-0.08699286258457185,0.10893777798903394,0.43368212862990535,0.11997893588332202
CAAGTGTGGTTGCAAA-1,-0.12355573678707894,5990.0,B,1405.0,1041.0,-0.14019891012729363,-0.06157365141667155,-0.1839199321535057,0.11883884690016541,-0.22797737024546208,-0.042758995490971646
CAATATTCTTGACCTA-1,-0.17274093631227386,17608.0,B,707.0,1360.0,-0.19093480117106487,-0.4867209842986824,-0.045236077167708166,0.003921122798384108,-0.14390184031241954,-0.23701582817378497
CAATATTGGACTAGTG-1,-0.06966963270469176,27210.0,B,418.0,325.0,-0.2922892123118775,-0.004579269326836839,-0.02720859358299053,-0.233581510354415,0.042731849906806826,-0.2030567954352914
CAATCCTGCCGTGGAG-1,-0.0800213772512289,9143.0,B,496.0,459.0,-0.20586026321601816,-0.15780214718092564,0.10005949918954189,-0.061868762287794754,0.016701388514203323,-0.14111288985813364
CAATGAGGTTCGACTA-1,-0.1776508404397784,35749.0,B,1728.0,792.0,-0.060247624380349515,-0.27412955223970364,-0.1761545475208231,-0.01068764050925318,-0.011182563447696588,-0.8830542883364089
CAATGCGAGAAGTATC-1,-0.35000972867346036,14161.0,B,1251.0,1357.0,-0.2200149401513526,0.6065870399273124,-0.3124573513029661,-1.036909519546615,-1.1619338414184974,-0.02225642702422118
CAATGGATCTCTACCA-1,-0.06014949418551114,12398.0,B,1300.0,771.0,0.0501567693073776,-0.16816560129745972,-0.2445386779429597,-0.25773283098632355,0.028931319591677794,0.10452018047272554
CAATTTGACCGGGAAG-1,0.022517664415990984,8860.0,B,353.0,302.0,-0.007216939402041009,-0.052185532309092356,0.2602862068826151,-0.05362625615324355,-0.2635953768616513,0.063656223271755
CACAAGAAAGATATTA-1,0.0812788708545423,24578.0,B,1636.0,454.0,0.04841589744317651,-0.17281931664659125,0.2800925834565205,-0.03631356933968628,-0.01307305548922819,0.0317932340193332
CACACGCGCTGTCTTA-1,0.13941479981435903,13412.0,B,1340.0,884.0,0.03874593899658006,0.08390831806306737,-0.004077328708757106,0.3038457235400581,0.2861628177471246,0.006964953849431545
CACATAAGGCGACCGT-1,0.000397661789038134,8218.0,B,559.0,166.0,0.1794859113539408,-0.08295176760481841,0.16895607173459734,-0.06141674422665752,-0.07751262449360763,-0.05056936858888725
CACATATTAGCAGGAT-1,0.060284836586301516,9608.0,B,1134.0,1200.0,0.08611154492126259,0.36073868631987444,0.4371967990320353,-0.17491268919651726,-0.08624403310212624,-0.13018309759037197
CACATCGTGCACGCGC-1,-0.0759225566992497,24280.0,B,682.0,1495.0,-0.4471105447333084,0.0846387040854799,0.09203585383081571,-0.2064062115396755,-0.12374221593267397,-0.14044696778212912
CACATGTTTGGACATG-1,-0.14172020303798308,19481.0,B,418.0,370.0,-0.24083785123769688,0.02183259942437794,-0.2374362765695314,-0.016220834009224736,-0.13863851652397993,-0.34728055035008026
CACCAGTCAGCATGCA-1,-0.13067132903960804,18697.0,B,475.0,1496.0,-0.3175388647004339,-0.20628811892884474,-0.23627968163503474,-0.14865520653572892,-0.17953476690782127,0.024494609873068833
CACCCAAATCTTATGT-1,0.032863818539248066,18584.0,B,1547.0,928.0,-0.035509760183475,0.2292913094464106,-0.12851723018995836,-0.09518971187388339,-0.029158927045365195,-0.006266165682647436
CACCCGGTTTGTGACT-1,0.018505419958837015,8002.0,B,694.0,1337.0,-0.28070126665021283,-0.11874120479523051,0.17415114826934858,0.15721544781658384,0.22169755963053692,-0.05701319193572881
CACCCTTTCCTCGCTC-1,0.048954747690980134,3550.0,B,703.0,323.0,0.17296167876564977,0.31912011005138025,0.03979381856333894,-0.2083976923261536,0.18114344214559294,-0.006111395270592554
CACCGCGTCCACTCTA-1,0.055934584837672566,5519.0,B,1532.0,500.0,0.42725487922522226,-0.06744291057584151,-0.16207397626547349,0.021674426010091806,0.13226025787352672,0.05802757743954196
CACCGTTAGGGATCAC-1,-0.006089792145073825,5784.0,B,668.0,1337.0,0.2405474017027075,0.15884514015067763,0.0004199223192987815,0.09909233539774205,-0.004722397847168339,-0.2973575861891641
CACCTAATAGAGTCGT-1,0.000799705910437442,7587.0,B,509.0,527.0,-0.07585241580885033,0.1368888484536341,0.2885012076177014,-0.008577191494047703,0.010575715802754423,-0.06873607653251468
CACGCGGAACTGTTGC-1,-0.07847383702079547,7750.0,B,1457.0,1086.0,-0.13562038425421938,0.11053339337936509,-0.06276282815545095,-0.3341810473700368,-0.1407991308259582,0.12858425118099723
CACGTCGGGTTCTAGA-1,0.11263942147631015,8072.0,B,198.0,483.0,0.12216508620982251,0.0433187923546204,0.035044387613121786,0.1280646233526918,0.4557842559255322,-0.11462713421406333
CACGTTCGTGCTCTAG-1,0.09988663674999178,13809.0,B,1237.0,974.0,-0.0877612293570745,0.20324771447404125,-0.06818735092623034,0.3425661073185785,0.09395624933606594,-0.04726344305842446
CACTCCTATGTAAGAT-1,-0.033760861511198816,6965.0,B,656.0,1405.0,-0.10957285305063491,0.0372190252648178,0.03218854264625102,0.027887618692611815,0.09844639732366829,-0.21716074765519702
CACTCGAGCTGAACAA-1,0.034503690631918826,14572.0,B,1147.0,1223.0,-0.49339763024175476,0.21761647769099318,0.2217459663526463,-0.10655396445557408,0.1024455484785567,0.03268076771330028
CACTTCGCCACAGGCT-1,0.04163403870682593,3114.0,B,587.0,617.0,0.20187017535521354,0.151240585876511,0.04213693623084395,0.10605180705176981,0.1760246623853634,-0.015375978768760748
CACTTCGTCTTATCTC-1,-0.13647095808782259,6601.0,B,367.0,460.0,-0.12247131731178426,-0.1744789337202097,-0.18202727322376305,0.1567474926827061,-0.17980636950518655,-0.17408643525300463
CAGACACCGATCGCTG-1,-0.029180651995404303,8327.0,B,850.0,1337.0,-0.3161302764445502,0.15670607769356615,0.1773533068376297,-0.1251550443704228,-0.03892566174609607,-0.08479540539357716
CAGACCTGTAAGTGTT-1,0.11374028099487432,23228.0,B,1469.0,838.0,0.1304018720940511,0.03422346702864663,0.008570976848199675,0.04786583744207439,0.14180089024198128,0.0760428287376015
CAGACGAACCTGATAC-1,-0.07853364911128904,6685.0,B,836.0,1269.0,-0.0733401905390251,-0.3779374246141254,0.01176107645335125,0.028784447701834394,-0.015139873234851357,-0.019217984078592147
CAGAGACGGTCACCCA-1,-0.10913219272936184,2996.0,B,927.0,1291.0,0.34045960870808756,-0.152048667247203,-0.2316512774276349,-0.05852094197645426,0.09777412084817244,-0.30839294396278716
CAGAGGCGATGCATGA-1,-0.03890633583406845,10926.0,B,811.0,1359.0,-0.02511762508514597,-0.1330439861724626,0.03998270128539546,0.21984832906762053,-0.12508385995048038,-0.2587239703179524
CAGATCATTTAAAGTC-1,-0.0002495885383575697,13328.0,B,1585.0,635.0,-0.06502196813134475,-0.13353072741675326,0.07442328889026179,0.14848077061443254,-0.11779912041645654,0.13544092588603993
CAGCGATTCCCTTCAA-1,-0.08312945131511902,7843.0,B,746.0,1337.0,-0.15542108534408608,-0.756057713367356,0.36060316318563596,0.02139092954998498,0.17996269952927324,-0.1404846842445488
CAGCTCGACAAGTTAA-1,-0.06468780968014298,12479.0,B,1352.0,771.0,-0.011845216959528206,-0.2973012791322869,-0.10703677725885988,0.03319335706925875,0.1426862426989065,-0.14637146684873972
CAGGATATATCGTTGT-1,-0.10666292168993584,6583.0,B,965.0,1133.0,-0.21000574066027852,0.06372136555260166,-0.29854133751408735,0.03207502253499114,0.14846414346740702,-0.24756332750359403
CAGGCGCACGGTGGTC-1,-0.147610012970774,7649.0,B,552.0,1406.0,-0.23419063936638473,0.06479197528323115,-0.1723389549666441,-0.4771316655810526,-0.24737721115061886,0.10578504764515169
CAGGCGCCATGCTAGG-1,0.20876952735191692,5534.0,B,1134.0,1245.0,0.21190091837118705,0.5922498141504218,0.042712411830165914,0.1926629980760395,0.10865497492386497,0.32214663986543274
CAGGGCTAACGAAACC-1,0.042912407483362794,12047.0,B,288.0,190.0,0.4228277875263359,0.0255556073578282,-0.054070767160543494,-0.1909638029977451,-0.038553199021982704,0.1337137515565236
CAGTAACTATTTATTG-1,0.07605662687776986,5524.0,B,1494.0,568.0,0.45676974690180827,0.1640333472960299,0.19667765871830686,-0.20241553389096956,0.035239427202758945,-0.11989712807675007
CAGTAATCCCTCCCAG-1,0.034073655288007036,8468.0,B,510.0,617.0,0.2742584139883146,0.06554852971399071,0.18245146498322562,-0.4364377269446522,0.01680586206444166,0.09229281064449597
CAGTACATTCTCTAAA-1,0.14745139531012927,6376.0,B,1507.0,590.0,0.6108005885293362,0.1807582444185941,0.05700125353519819,0.07534817096194316,-0.05059211751024228,0.11294991058546909
CAGTAGATGATGTCCG-1,0.03328884277359058,18820.0,B,199.0,528.0,0.20491151157433904,-0.1297894439949452,0.06198158066938603,-0.06351435581151736,-0.10477403441457636,0.08543980689606341
CAGTAGCCCACGCGGT-1,0.012950310637253716,18442.0,B,1365.0,703.0,0.07988653032850632,0.018269556343205325,-0.04594228987567163,0.12062187108003017,-0.005333339691054637,-0.13671415442988422
CAGTAGCGAGGTAGTA-1,-0.03226280058577905,8578.0,B,573.0,234.0,-0.09284794599490691,-0.1687088116209361,-0.22773906757886436,0.22297409068895094,-0.0015917585308081765,0.07320142997639212
CAGTCGAGGATGCAAT-1,0.06928584112833117,8047.0,B,1468.0,703.0,0.14183794085611648,0.29688239845458375,-0.1169732878508948,0.1401483787977024,0.14896178836921672,-0.1694240050566075
CAGTCTCTCGGCTAAT-1,-0.020435943734577397,5647.0,B,547.0,279.0,-0.12293567109723394,-0.12249682284428094,0.3619730895175489,-0.16857147880856346,-0.07845821128002675,0.1464968116409174
CAGTCTGTATACTGGG-1,-0.03649478713214378,11743.0,B,1043.0,1088.0,-0.32356168141063973,0.002112040147184302,0.06753238394999504,0.0414167581907159,-0.1903956202944588,0.13863866297984573
CAGTGGTTGCACATGA-1,-0.09876153278528282,13732.0,B,470.0,505.0,-0.1020330992260726,-0.27685281029621006,0.09215311775073654,0.008721734340990411,-0.07596356113405014,-0.21301799792152187
CATAACGGACAGTCGT-1,-0.0679783004365932,9939.0,B,1405.0,951.0,-0.10622681901416224,-0.1546141968090225,-0.09072816420756455,0.009582252392831267,0.30444981227482076,-0.3925692101054488
CATACAAAGCCGAACC-1,-0.08254840560500756,2546.0,B,638.0,436.0,0.1551812397224414,-0.02269640427970171,-0.06445357609218685,0.04670065133447528,-0.13027764038706963,-0.21326724678009717
CATACGGCGTCTGGGC-1,-0.0140514254604132,6454.0,B,1004.0,1020.0,0.041529764778501996,-0.1685013010968758,0.08849640623142271,0.05621309429905931,0.011810135203288734,-0.12052805605381813
CATACGGGTGCATGAT-1,0.01155757144482196,15764.0,B,404.0,257.0,0.041394139712053635,-0.17872996174937691,0.056874372721589406,-0.1624315106492933,0.3882660897043773,-0.11401298387690355
CATAGCGTTGCCCACC-1,-0.02734163697279652,12189.0,B,733.0,1360.0,0.13006382332666638,-0.525048420559731,0.2639012353773612,0.17304106597082414,-0.1310339913869988,-0.04616855778906527
CATATACTACTGATAA-1,0.06324341244666967,14175.0,B,1507.0,545.0,-0.04415863155257527,-0.03897005821667272,-0.1699631214084514,0.323644988157989,-0.0703340742096672,0.1553684975299811
CATCAAACTGGCGCCC-1,0.020469992152920596,41478.0,B,1700.0,476.0,-0.057553421169786054,-0.15975984680669528,0.05538338919850345,-0.006854751210887383,-0.14697024227737668,0.08271657576401246
CATCAACACCTACTAA-1,0.07145830723726945,21506.0,B,276.0,483.0,-0.058968581868211925,0.20950990561535407,-0.08148931948465224,0.00475467857062542,-0.02228413070898609,0.12179955146921356
CATCCGCAGGCCCGAA-1,0.01941217009222626,5060.0,B,380.0,483.0,0.0984803575499195,-0.01930680287414638,-0.07210729026004062,0.10391685041785488,0.010905405302693995,0.1368619547605241
CATCGAATGGATCTCT-1,0.08619620291333159,15690.0,B,430.0,212.0,-0.059430350388800665,0.48218973312927194,-0.0697204356126824,-0.07456652425721469,0.09399281486682054,0.07646024856385743
CATCTATCCCGTGTCT-1,0.22222729910625094,7884.0,B,1481.0,545.0,0.4150728868378999,0.5969782451667851,-0.06846983625293418,0.03977082977480626,0.35828539408639765,0.06696476666859118
CATCTTACACCACCTC-1,-0.06810244221780047,15150.0,B,1470.0,973.0,0.0245333726845188,0.06956508298756664,-0.11758078410307914,0.0732497177693403,-0.09746345427929468,-0.4570579071424231
CATGCGACCAGTTTAA-1,0.07385712263464257,11541.0,B,1456.0,725.0,0.2296334227127529,0.16785102205135086,0.1239741488730282,-0.11884584135177335,0.06644086693027945,0.010587695458113888
CATGGTAAGTAGCGTT-1,-0.11782786156371783,13650.0,B,1134.0,1155.0,-0.5119732602408862,-0.12899952492293745,-0.17702429540298895,-0.07183645265436191,0.018380279736629767,0.19098814951500426
CATGTAGGAGCGCCAA-1,-0.04066527213566319,9455.0,B,1623.0,477.0,-0.08297067564954712,-0.21476309893602266,0.0046975142876388085,-0.006381144767441671,-0.01474485920062923,0.09115074144649371
CATGTCTCATTTATGG-1,-0.17215834238205222,2599.0,B,1290.0,1244.0,-0.07499447350427031,-0.028466174046582582,-0.047369968288239875,0.15512349561102107,-0.6820564703642907,-0.1343633160737852
CATTACATAGATTGTG-1,0.029243671244375512,19385.0,B,1702.0,747.0,0.21244727983667935,-0.18215678612870734,-0.28864022570721576,0.2536838374084083,0.005400699451284765,0.09361837630919878
CATTCAGGTCAGTGCG-1,0.002011590098391948,9647.0,B,456.0,257.0,0.08415154856185612,0.19202402888779024,0.125168164086694,0.06741251616342137,-0.26919103071597594,-0.08820057721198664
CATTCCCATTCCGTCG-1,0.13368178825525182,36945.0,B,1715.0,859.0,0.160830794966142,0.11630539899794107,-0.0883257419708926,-0.03904852222349249,0.2685627318912451,-0.012855270950367287
CATTCCCTAAGTACAA-1,-0.02616802456112871,15446.0,B,418.0,415.0,-0.3129080564558287,0.0756206351626531,-0.095798510324053,-0.037923176429017415,-0.07578938433540207,0.13613753159452874
CATTGATGAACACGCC-1,0.06605188418570168,14535.0,B,1727.0,657.0,-0.02362006426006081,0.04859829759745916,0.45377902916240676,-0.06414024895041054,0.16052798070591662,-0.20844097575583745
CATTGCGGGTCAATTC-1,0.2015173287555979,34107.0,B,1676.0,702.0,0.3393048358418721,0.06124673278114991,0.035345030953140816,0.3358146113474192,0.18530431633529443,0.07929032439192057
CATTGTGTGCTAGATC-1,-0.05405444164902681,15015.0,B,379.0,437.0,0.10240509494663946,0.029986504919485284,-0.02711662900418514,0.019659982050055955,-0.27795528478745457,-0.30606709818041306
CATTTCTAGCAGACTA-1,-0.15353228721465903,3181.0,B,522.0,504.0,0.0033228962757744646,-0.2822658686314047,-0.2468363715636371,-0.054848276550852865,-0.14349185361363115,-0.022408091739855147
CATTTGAGTGGTACGT-1,0.05805425421583102,8447.0,B,811.0,1269.0,-0.06349348118874869,0.010371723989911636,0.2604789673009029,0.25356826209544225,-0.011692425895094621,-0.05881095421061486
CCAAAGCAGTTGGTTG-1,0.07250891359493526,7177.0,B,314.0,370.0,0.05441747718691739,0.16162290524167172,0.7091133222383865,-0.10175004538208418,-0.2473324683618556,-0.01829879979408677
CCAAAGTCCCGCTAAC-1,0.0167770655718691,5583.0,B,663.0,211.0,0.43637375069418927,-0.2410631267285923,0.12921813432754034,-0.013749395298734257,0.260457040049473,-0.24430388674121203
CCAAGAAAGTGGGCGA-1,-0.15231183924013103,16887.0,B,863.0,1314.0,-0.8680370229555953,0.2832205436219023,0.17582832401386075,-0.31637097127386327,-0.018384203992750765,-0.23023409436138587
CCAAGCTTGATCTCCT-1,0.15744708633148832,9331.0,B,417.0,144.0,0.17815075089925306,0.23008703736388678,0.392094870589961,-0.15864481533632144,-0.01159452514166894,0.31794770438673636
CCAAGTTTCTACAGAT-1,-0.0483854417849826,9905.0,B,289.0,460.0,-0.21896680254353393,0.04121022848807786,0.056571023808468075,0.032798180515165844,-0.23071948545578913,0.07349403168909065
CCACAATGTACGTCTT-1,-0.06795431157539338,24107.0,B,1288.0,794.0,-0.046703912986997886,-0.43044716238094805,-0.11232557705823523,0.03294269659601326,0.1187854727587401,-0.29332916888960103
CCACAGCTGAAATCAT-1,0.05408568403117489,9988.0,B,547.0,324.0,0.018923974787872867,0.058160995336481024,0.11633462784225813,0.13304835696748987,-0.013154480630368162,0.11408492944788942
CCACAGTACCCATCCT-1,-0.17216419621715284,8444.0,B,1380.0,1221.0,-0.019870872986660428,0.11609888926376288,-0.30189038953919506,-0.33245954532301397,-0.18735386644711655,-0.2870060151912774
CCACCAACTTTACTGT-1,-0.1453237296042308,15952.0,B,707.0,1315.0,-0.12537110464353599,-0.04118406148301218,-0.032717350932392905,-0.2679634276166233,-0.46807392180677226,-0.13367222705517617
CCACCCAAGGAAAGTG-1,0.00848833055138432,10706.0,B,1159.0,975.0,0.1764988583441403,0.053345712172974576,-0.16928695766292143,-0.1681581024367784,-0.012133370572899909,0.11103999047839434
CCACGGTGCCCGGTAG-1,0.12114145311075611,11395.0,B,1573.0,928.0,0.04085734072974548,-0.18539783580128685,0.13445736448848472,0.29019604183208236,0.05480046280328941,0.33797823951130096
CCACTAAACTGAATCG-1,0.24810792908743642,16538.0,B,417.0,234.0,0.25053224617397096,0.20841842997682175,0.290713548407216,-0.2106952792502229,0.4109849741861118,0.446413732649199
CCACTATCCGGGTCAC-1,0.04151580331417415,17788.0,B,1689.0,814.0,0.11096613583041853,0.11483580816437995,-0.28208621667267925,-0.014982287945338617,0.039333448191804996,0.059825251249345936
CCAGAGACAAAGCCGG-1,0.050257598001316364,14919.0,B,458.0,662.0,-0.15140564542678514,0.2525390020644678,-0.004027409292443274,0.06942075671767144,-0.06480367635317254,0.043559051697590945
CCAGATAGTTGAGTGA-1,0.15968491901141021,21183.0,B,1274.0,771.0,0.09371033272152793,0.4686228231384168,-0.32268208722359587,0.07592682705875814,0.2624772729455924,0.14183384799583265
CCAGCTACGCCTCATA-1,-0.03422966930537003,5583.0,B,638.0,346.0,0.159663138952789,0.23814333180837394,-0.07130721549632865,0.28719744977553374,-0.10233000569780218,-0.533054709726692
CCAGTAGTCTGATCCA-1,0.01801718677909627,9188.0,B,1365.0,748.0,0.09916283226380115,-0.11225743201568403,-0.20061771601783907,0.022554269242613882,0.19790379071791941,0.10704809577588625
CCAGTCCATTATTCGA-1,0.0016890121549995168,8656.0,B,470.0,369.0,-0.12160185004746557,-0.2323214330712679,-0.2522104809976179,0.2638979128908047,0.05935756085144689,0.23023799402946962
CCAGTCTTGTCATAGA-1,-0.08787058918710808,32363.0,B,954.0,1471.0,-0.2572441616011718,-0.11991622622750893,-0.03556476537091833,-0.18180280377972668,0.020214772441017548,-0.3281901095377755
CCAGTGAGCTCCTTGT-1,0.004619451804385508,9762.0,B,339.0,145.0,0.13337322099196558,0.0625799416200511,0.08727765832697666,0.04767027423858341,-0.165399479634455,-0.14832148008827253
CCATACCTTTACTTGT-1,0.1110097266677186,16163.0,B,1508.0,815.0,0.29944924457034716,0.06901352514604717,0.11531052602409776,0.2439511368921001,-0.07928048553525222,0.011662024916816179
CCATAGTCAGTAACCC-1,-0.08727611997835791,3089.0,B,406.0,482.0,0.001640246571167972,-0.27840851051865306,0.09017525526342184,-0.2278547883682868,0.1583210134358113,-0.09905075902088284
CCATATTGGATCATGA-1,-0.008763230679078068,9690.0,B,327.0,393.0,0.04447187129289802,0.25049409775486303,-0.11874293590855999,-0.3848413351967694,0.15325664342742923,0.043114945843627545
CCATCGCAGTTAAACT-1,-0.03279638635923056,3384.0,B,992.0,1268.0,0.13179105222280288,-0.06545076450668977,0.17045711531193572,0.08675477829978748,-0.18876700736623425,-0.13680484180079427
CCATCTCACCAGTGAA-1,-0.04036173425546841,17247.0,B,1457.0,996.0,-0.00448459105916757,-0.0664439756424898,-0.19074122612213906,-0.011260152500525825,0.07132941825000348,-0.14380461146214876
CCATCTTGTTCACAAT-1,0.058847135146705226,12791.0,B,715.0,301.0,-0.07220030490878022,0.30888360640095586,-0.22735657093089456,0.32198546564076985,-0.1800884877355946,0.21784080825644175
CCCAAACATGCTGCTC-1,0.08991019150693033,13410.0,B,1327.0,906.0,0.12102162935398411,0.0371177437978338,0.12599458168430552,-0.02332614326396571,0.2695616904387552,-0.04134281683431659
CCCAATGAGATTTGCA-1,-0.1221651289662393,26356.0,B,708.0,1495.0,-0.2632361652954486,0.03734429686167143,-0.1659050935932719,-0.1306603703673167,-0.42931893610762734,-0.016917718039710088
CCCAGAGGAGGGCGTA-1,0.11239649138548355,7146.0,B,1546.0,612.0,0.14848180036590394,0.3941959410316441,0.12586853301457473,0.010379966373333695,-0.06682765539479248,0.1806615255786694
CCCAGTTAAGGCGCCG-1,0.010164621354650356,3448.0,B,1250.0,1087.0,-0.11471459252592969,0.03346434009397345,0.13540637973971298,0.1347347471988209,0.15803322983512452,-0.06126661001104999
CCCGCAGCGCGAACTA-1,0.014966495208216107,3843.0,B,1057.0,1246.0,-0.11065628493960117,0.06395917337647611,0.3727773169083765,0.09809274210904621,-0.08710459356018792,-0.09657298414502222
CCCGCGCAATGCACCC-1,-0.08088845605920794,3274.0,B,484.0,572.0,-0.12588249101202587,-0.134440957801469,-0.12227477952345213,0.0019322988808644775,0.245664913174305,-0.04586561414648893
CCCGCTTGCCCTCGTC-1,0.04676691971178123,20119.0,B,702.0,188.0,-0.05717014507901364,0.0017657767162836888,-0.07027162767933484,-0.1950863508624095,0.21829176595414077,0.24738327758161932
CCCGGCTAGGTGAGAA-1,-0.034053522817159815,15760.0,B,211.0,371.0,-0.0105275081460251,-0.1674758634864492,-0.3959612604697096,-0.174573338626093,0.1554266570848741,0.10565259280965464
CCCGTAGCTGGGAAGA-1,0.006456771016092063,13137.0,B,695.0,1427.0,-0.16569418876081507,0.19920340827239885,0.07903843007904976,0.015459617222529327,-0.004186444345403027,-0.08794766614101879
CCCGTGGGTTAATTGA-1,-0.0059789722396705255,15996.0,B,301.0,212.0,-0.03958597291753386,-0.2572434688504858,-0.17136809352373242,0.06376710553714572,0.13922528155101235,0.0060900002424982
CCCTAGTGTCAGGTGT-1,0.040774802299373594,8918.0,B,444.0,370.0,-0.030975761891497592,0.03824825250585734,0.07767549998615512,0.23127701388965913,-0.06068288669054881,0.056390664738336996
CCCTATGTAGAGCAGA-1,-0.10006088938120822,16857.0,B,501.0,1496.0,-0.09950082447277939,-0.21354134741551334,-0.11245083450072593,-0.11698738105457715,-0.1346428883500513,-0.12522182702324386
CCCTCAAGCTCTTAGT-1,0.05403143141531975,9667.0,B,238.0,596.0,0.18625234611415997,0.01292337399634367,-0.04526217460004899,0.02435915471998525,0.07844847823149839,0.09963550885715776
CCCTGATGTAACTCGT-1,-0.05651507261131475,6259.0,B,392.0,460.0,-0.06486995618169669,0.16471376212035102,0.2731550047651119,-0.028677453757599905,-0.5764491811096479,-0.04686439675566834
CCCTGTTGGCAAAGAC-1,0.03655502707479367,11376.0,B,315.0,415.0,0.09591706558352302,0.12440229254392987,-0.018089913599692874,-0.30666973651315,0.0021058360960260966,0.2870009607975099
CCCTTCTCGTACGCGA-1,0.09080066109591613,10715.0,B,650.0,188.0,0.07591567012736264,0.25928508396451344,-0.19980891642766588,-0.05268711374540813,0.291110135356287,0.2123676774753952
CCCTTTGACAGGTCTT-1,0.11113255482809982,7253.0,B,914.0,1269.0,0.21383373517092716,0.25185009075845566,0.1660706410391824,-0.08778486204820768,0.13615324050742275,-0.03290586481291253
CCGAAAGTGGTGAGCA-1,-0.04735944422687844,4232.0,B,535.0,527.0,0.008722151421344956,-0.13638252352129562,-0.08665169750200624,0.02538041812619176,0.1064258889018011,-0.013549069184924926
CCGAACCTTCCCGGCC-1,-0.024982947477232443,3441.0,B,1108.0,1245.0,0.2876178556299049,-0.3508996671956122,-0.18002130650709666,0.024869025508428934,0.13244679665466752,0.06650132570118647
CCGAAGTATATTGTTC-1,0.08234297041581755,6352.0,B,471.0,640.0,-0.07234434493292155,0.03783435311234964,-0.058166994725252434,0.09858149940214085,0.3642495039509759,0.23026480791225357
CCGACAAACACATGAG-1,0.008488826765344931,5111.0,B,367.0,505.0,-0.12218638977674469,0.06413520569279454,0.011123467721826107,0.0160049268727442,0.05280364927475546,-0.006536363016957723
CCGAGCTGTGCTTGTC-1,0.07023301618922084,2218.0,B,1636.0,544.0,0.11141131918545569,0.34017889041440297,0.12657342029517193,0.11682870612649189,-0.01847177688554033,0.07690208978776653
CCGATCTCAACCTTAT-1,0.014402175865964479,19566.0,B,1496.0,973.0,-0.16507935849523223,0.3529645973520752,0.005363072486901165,0.006679864990074703,-0.09287886831986647,-0.21970906325087589
CCGCACAAAGACCAAC-1,0.1051427496931167,22708.0,B,1172.0,952.0,0.27828886702547323,-0.045405542426487096,-0.19839276390365537,0.1853064188809418,0.05025366660878223,0.21884654406241705
CCGCATGTGGTACGAT-1,0.021657951219636616,3981.0,B,1044.0,1403.0,0.2331420476446423,0.05306505334007375,0.21296173861444445,-0.15121401622502006,-0.0981585653464612,-0.13722151965525917
CCGCGGAATGCGTCAC-1,-0.14261057221691625,6540.0,B,772.0,1292.0,-0.0590886474994482,-0.20735630773533967,0.23647603295646877,-0.4961540590704273,-0.1816735021766214,-0.12301119031890487
CCGCTATCAGCACCAG-1,-0.047562576551193,7617.0,B,1004.0,1156.0,-0.16438242815645956,0.09474686367201642,-0.13351537609839462,0.0534206855914501,-0.010230493068503063,0.06848336503417249
CCGCTTCGCGGTTAAC-1,0.017961721885527783,12037.0,B,676.0,188.0,0.008357357760335544,-0.23784480403947467,0.16664840545639242,0.10763993797086731,-0.03970762990215211,0.0939734950003489
CCGCTTGCTGACATGG-1,0.06131176001725579,22481.0,B,1650.0,747.0,0.08355880246821942,-0.008728525332139487,-0.013584878220954024,0.17383724423734054,-0.06372066968926904,0.03331583095533706
CCGGAGCGTACTTTCT-1,-0.011515873636770958,19202.0,B,915.0,1449.0,-0.1428723828321902,-0.09441192549847537,0.05690877774305564,0.058317064995829615,-0.06211655397207293,-0.029117087444327457
CCGGAGGTCTTATGGT-1,-0.011654444563978471,12147.0,B,1714.0,544.0,0.21525737739476616,-0.26230371888539006,-0.047397576201048314,0.08116453639616536,-0.1657248600775729,0.12075846532053747
CCGGCACGACCGTTTC-1,0.04323611416590344,81105.0,B,1625.0,927.0,-0.023804433308192596,-0.1857688417329218,-0.1184897480856973,-0.02029489941812651,-0.06415623564411066,0.02480564166317073
CCGGGCTGCTCCATAC-1,0.00672927361220077,12735.0,B,1301.0,951.0,-0.009330946815995791,-0.03367862849528229,0.07401175918610398,-0.08285199027015726,0.10897511902874268,-0.05497770110730165
CCGGTGCGAGTGATAG-1,0.044479422003031774,8513.0,B,275.0,303.0,0.02447782553862344,0.3643607447779155,-0.22428240498291732,0.022556742257475334,0.09332444541932176,0.02746297678885279
CCGGTTTGTAATTGTG-1,0.02690438249154363,8973.0,B,734.0,1405.0,0.2634813662801119,-0.0956644241576011,0.1653299547063259,-0.005468834840978111,-0.25598591849152724,0.1458536479305763
CCGTAAGTTGGTCCCA-1,0.06753543202860973,6335.0,B,1184.0,884.0,0.1044573968823756,0.25712981416527503,0.015799119530290093,-0.2343697749233876,0.02413585372329146,0.3311286535339359
CCGTACCCAAGCGCCA-1,0.07264418751813169,2101.0,B,625.0,414.0,-0.087401690837979,0.5700173815195104,-0.13210922173239165,0.36093677572738964,0.09689847462996537,0.00780759198379509
CCGTATTAGCGCAGTT-1,0.003744881113139989,5633.0,B,1623.0,522.0,0.1227368515537691,-0.12497108192675974,-0.1759333116148948,0.07194778246713768,0.05637178011662307,0.09189253559008669
CCGTGGAACGATCCAA-1,0.04220397220843311,9805.0,B,1559.0,680.0,0.3196886715193152,-0.18628281240254613,0.17120863270715259,0.12149782818643812,0.1438395108318052,-0.17189064382169633
CCTAAATTAACGGTTC-1,-0.11140863776667961,6944.0,B,1069.0,1088.0,0.045623979321032106,-0.21753937728899936,0.05056697981497563,-0.2579778341441661,0.1645255270726272,-0.4455183667508888
CCTAACCCAAACAAGT-1,-0.11419890297008818,5732.0,B,1341.0,1244.0,0.06667754291909225,0.02874420745884543,-0.2493706837063982,-0.08788471556712485,-0.312384648918495,0.0731293538272359
CCTAAGTGTCTAACCG-1,-0.05603578113339897,12431.0,B,469.0,189.0,0.07635497413526865,0.0652341277365878,-0.7151054693287485,-0.15819768238680923,0.20997664755330156,0.19156967066462677
CCTACGGCTCAGTCGA-1,0.011496870576534035,1446.0,B,600.0,504.0,0.16558153576837617,-0.30005226533444884,0.1976072003839727,0.04419738463967056,0.10705930420837913,0.11977326644354222
CCTAGGCGTAGCGATC-1,0.11318826144087803,11620.0,B,1327.0,951.0,0.050627945915716045,0.10495607291596873,0.09242842712816136,0.10817918896731635,0.13234573925801682,0.06841735152949252
CCTATACCGTCCTGTC-1,-0.2907638475166862,5434.0,B,772.0,1382.0,-0.5601821794343986,-0.16396739636229493,-0.05397790983556075,-0.6229923593297385,-0.08052309222447172,-0.049207337207699396
CCTCACCTGAGGGAGC-1,0.19243666168455245,8599.0,B,1508.0,770.0,0.4870485467816413,0.06244020331085709,0.14271455897473753,0.27188798993009566,0.22648432140029134,0.022090797705491685
CCTCACCTTAGCATCG-1,-0.14079298027490528,6577.0,B,1443.0,748.0,0.017610398570756393,0.15430565817380965,-0.4622178185648122,-0.1697166370071342,-0.10843909738874898,-0.030615948573300727
CCTCATGCAGCTACGA-1,-0.030015224848778114,5347.0,B,573.0,369.0,0.15425388292743905,-0.14899375326890035,0.009500597114535747,-0.10022683452763179,0.08350814348802645,-0.1585003957218243
CCTCGCGCTGTGCGAT-1,-0.1532265622938263,6739.0,B,954.0,1426.0,-0.17508790833762028,-0.1734912912711857,-0.29717429588656635,-0.08363295784592495,-0.06967579056976651,-0.0035719962129948657
CCTCGGACCGGGATAG-1,0.09426676943255725,3587.0,B,1289.0,1064.0,-0.06281190509038369,-0.21365069887354993,0.3099661146074168,0.4246526591599567,0.008134937645435644,0.09928500668994406
CCTCTGTACTATTCTA-1,-0.10399962265510238,4952.0,B,979.0,1336.0,-0.07312949863129893,-0.4842648382796072,0.2523879349051963,-0.09073275645615628,-0.04943876234059333,0.10246814414241223
CCTGAACGATATATTC-1,0.07212545349107388,12487.0,B,1288.0,974.0,0.16082353696679585,-0.1435532793850922,0.13874620596748855,0.2924548771352586,-0.22247263676402976,0.16304976600380428
CCTGACAAACTCGCGC-1,-0.03559014160807231,10617.0,B,225.0,573.0,0.19139602508858142,-0.15250284455473256,0.04222756469751936,-0.2198644027034943,0.09840509640642144,-0.19524907437969888
CCTGACCACCGATGGT-1,-0.07540553287187494,4024.0,B,978.0,1156.0,-0.16612666025762074,0.01581429147852974,0.1400579622619524,-0.16247525984320765,-0.1770404727896342,0.032424350686978465
CCTGCGATAGAACTGT-1,-0.0749267436139117,46012.0,B,444.0,324.0,-0.4345799024830794,0.16334981725643857,0.0320982191406957,-0.12833237907233525,-0.2630697801309514,-0.2345999822192732
CCTGTGCATAGGAGAC-1,-0.012657922841630103,10247.0,B,391.0,235.0,0.1871464779466701,-0.004189427242632788,-0.04609433346156446,0.0778751430916722,-0.1847539831689652,0.039613834988644084
CCTTTAAGGGAGCACT-1,-0.017291684705523568,5172.0,B,837.0,1449.0,0.3155615837260322,0.18907496978941038,-0.058185552712053855,0.02997814324809322,-0.07002197208168258,-0.3653986677541291
CCTTTCAATGAAGAAA-1,0.05001087610358592,12852.0,B,1417.0,703.0,0.20561552256419652,-0.016760529642861826,-0.05616381637059199,-0.16621591627035906,0.2174256253371708,0.0182548595183311
CGAACCCGCATGCGTC-1,-0.041335878672705016,5211.0,B,823.0,1247.0,0.021926906966235428,0.05351494838063993,0.08672652021917296,-0.17942512272005814,0.029317019816767792,-0.0016190323348474478
CGAAGCTATAAATTCA-1,0.056177589620371615,8090.0,B,1546.0,567.0,0.031299800186088154,0.0885354958814504,-0.03837335334788897,-0.0420147120104135,0.23664123996357828,0.08596491904324471
CGACAATTTGATCTAA-1,0.08953952554391306,11106.0,B,1418.0,1109.0,0.18706195132940895,0.06997316473205498,-0.04354679693200316,0.14901276666151053,0.14714230825689312,0.005744238960922462
CGACACGCTCCGACAG-1,-0.05309975801802601,6410.0,B,1406.0,1176.0,-0.2319376817256118,-0.11592225754872,-0.000567082329757421,0.10349629839290517,-0.34020962676483435,0.2713269782545087
CGACTTTGTATAGCCT-1,0.07014295719214908,11287.0,B,1599.0,882.0,-0.06756445489040672,-0.04926237809295134,0.05168670490030962,0.11491886572530999,0.27306156315955016,0.11396579805632708
CGAGACCCTAGAGTGT-1,-0.021743895010355757,8719.0,B,978.0,1111.0,-0.03417379305126635,-0.4721395044414156,0.1580082483461058,0.05373746528974192,-0.19473200316712053,0.45629022666384605
CGAGATGTTGCCTATA-1,0.02961550662650264,5443.0,B,598.0,189.0,0.26594848992724435,-0.329330748423893,-0.06268888568247419,0.046159466274850756,0.37967479781004654,0.045455774662741866
CGAGCCGAGCACTCGA-1,0.08712564920986356,13820.0,B,224.0,393.0,-0.3040250244870766,0.005293639467343609,-0.013653119973229126,0.22771965358095506,0.2505474214125167,0.22532603130229722
CGAGGAGCTTCCATAT-1,0.10162284413859013,28166.0,B,1701.0,657.0,-0.06775242784909474,-0.07614556396914002,-0.011778462738183046,0.24683846859371944,0.030655036095024214,0.14092669848424555
CGAGGATCGGGAACGA-1,0.018364426005474478,20558.0,B,1715.0,769.0,0.18114802661564094,-0.023262743405633533,0.02405026795697404,-0.09070312063698215,-0.07830326898672793,-0.027846030722783695
CGAGGCCAGGCATTGG-1,-0.13751119744297685,15339.0,B,470.0,460.0,0.005509580299822431,-0.0719256216031437,0.08394622179992003,-0.08802350520955057,-0.7026744991407302,-0.019509572086716123
CGAGGGACTGCGGTCG-1,0.007507491332587546,7760.0,B,1198.0,997.0,0.12064798553638527,-0.17326518585501194,0.06959662108536517,0.2006784656301715,0.02573886388375901,-0.11927849704130514
CGAGTGAAGGTACCAG-1,0.0985341071132835,11897.0,B,565.0,1383.0,-0.10460117078995199,0.07596086159324324,0.04268554769325592,0.18574852914250728,0.022130268708323398,0.23186743081128372
CGAGTGCTATAGTTCG-1,0.003998747797526327,13182.0,B,677.0,368.0,-0.01485726730708489,0.19953816143600198,0.11716041703087335,0.0733888562779285,-0.25087141926231626,-0.03380221315959199
CGAGTTTATCGGACTG-1,0.1887056159760494,18335.0,B,1392.0,974.0,0.40926964206643957,0.04690356485007102,0.17913085634727008,0.17646214222284076,0.24336612499478083,0.01821950257811561
CGATATTAGCCGCAGG-1,0.02153938010641185,6579.0,B,638.0,301.0,0.1211697749361357,0.23897620875820094,-0.033242072217527105,-0.17295629924961642,0.2580664873180659,-0.11748463040321823
CGATGGACCCTACGCC-1,0.04492452926035085,7890.0,B,1429.0,635.0,-0.020819479592646014,0.0031567750309915146,0.05129109460556568,0.00912125113427243,0.04769595086902083,0.30314062515883644
CGATTAAATATCTCCT-1,-0.09761983257798532,6191.0,B,993.0,1404.0,-0.13092186149107635,-0.13035400225771904,-0.15344849831532198,0.02944763452022094,-0.18422019872762074,0.008567172040598002
CGATTCGCCTGGCTGC-1,-0.049165859993342026,5424.0,B,1135.0,1425.0,-0.029830743360795407,-0.28354424382137394,0.017659730563091048,0.3020616742564982,-0.015043271987418245,-0.18767490348681462
CGCACATGTCCACTAC-1,0.11585586468320853,5196.0,B,1314.0,1019.0,0.1384295856533653,0.21737164544408774,0.04275618998937585,0.30961218054311973,-0.07341126085502524,0.25930478939446844
CGCACGTGCGCTATCA-1,0.030364038861524868,9546.0,B,1470.0,1018.0,-0.27530692163888226,0.2906661606443694,-0.2473483300157661,-0.07791317562238512,0.4232956848397933,0.0173923173529401
CGCAGATCTTCACCCG-1,0.13609512107599925,22361.0,B,1650.0,702.0,0.2887150526209268,0.3338835926310857,0.10839703037572236,0.15576055583298315,-0.10865968576524121,0.02442480871456179
CGCATCCATCAGCCAG-1,0.07498060724352099,21837.0,B,1689.0,769.0,0.0012624906299195104,-0.22898670423119702,0.0424268270650082,0.25889700541289873,0.16601605165675312,-0.012702297398663409
CGCATGGTGCGATGCT-1,0.051774570511602745,6989.0,B,1043.0,1043.0,-0.08160231230153006,0.19521798003301058,0.018849457019893837,0.2770695701160254,0.05239169859889633,-0.03876502904082278
CGCCAATTATTGCGTT-1,0.04864037993561378,28065.0,B,223.0,303.0,-0.10063375695591899,0.012633523816689236,0.05658364296598117,0.10024111942167281,-0.07883541864663532,-0.00936096163552528
CGCCACCCGCATTAAC-1,0.08432351920110709,20489.0,B,418.0,280.0,0.13049058487126974,0.1288542559135536,0.06317957378264999,0.006629558521954633,0.17764421778378506,-0.11342614181213455
CGCCCAGCACGCCTAG-1,-0.024173977592855375,18598.0,B,850.0,1472.0,-0.05756155016297967,-0.08806046519720227,-0.1277923192835599,0.010080614178769112,-0.1251895102845103,0.09217854193651724
CGCCGCCCATGCCTGT-1,0.14415316385651739,16604.0,B,1263.0,1019.0,0.010753554993620684,-0.013448734878101509,0.296282616747682,0.2246349173707262,0.07788888026310174,0.15531418634818575
CGCCTCCCTCCTCTAT-1,-0.09606888275446315,3767.0,B,1134.0,1110.0,-0.4032460230956424,0.19216769499703812,-0.15598946989933005,0.05814013344557521,-0.07754267425427994,-0.06307363105988781
CGCGAGAGGGACTTGT-1,0.005889448993615622,13734.0,B,1584.0,499.0,0.1738158412304026,-0.13687048788064338,0.12665592854277052,-0.09320177896131542,-0.15107883266712227,-0.03642628058781468
CGCGCAAATGTCCAGA-1,-0.07372306652376348,5894.0,B,500.0,1406.0,-0.29928163202850194,0.381175883939205,-0.11564762806796394,-0.2741623887977065,0.012849690504167772,-0.18213851866319092
CGCGCAAGGAACTACA-1,0.024301389741727242,9963.0,B,560.0,256.0,0.021031625201330856,-0.12704267296701305,-0.06144795442104794,0.2370883427702421,0.05539199873983083,0.0224144516081767
CGCGCATGTTTGATTG-1,0.052623010524300864,5429.0,B,888.0,1269.0,-0.057474481137943095,0.18257227883162666,0.19183860183022744,-0.029511163831138026,0.20177667972862603,0.03662683510014682
CGCGGCAGTATTACGG-1,-0.142306859539247,19874.0,B,392.0,415.0,-0.09103705386314465,-0.8936323988845641,-0.2204700121086229,0.3012088502014145,0.011812023740561325,-0.08231602662917745
CGCGGCTCAACTTGAA-1,-0.07272623482993572,16059.0,B,1444.0,1109.0,-0.11721067117890013,-0.14920053103374617,0.041708175176253526,-0.10077680479997056,-0.3743227216135296,0.042531467304973536
CGCGGTAAGTCTAGCT-1,0.037262762056341964,59958.0,B,1715.0,814.0,-0.0459545966967827,-0.2795440055415877,0.04465456199472716,0.05342858072724732,0.004561726378291692,-0.042561155814034385
CGCGGTCACAAACCAA-1,-0.06374202084604173,5268.0,B,1558.0,545.0,0.3558629286273237,-0.23363865975314446,-0.0718157975060831,0.06584703866912724,-0.1987845335853577,-0.047643300332134625
CGCGTGCTATCAACGA-1,0.022834489951267488,11922.0,B,534.0,166.0,-0.04721669395963007,-0.08974782398587859,-0.00575125309883539,0.33129505755346617,-0.15992112265565028,-0.05190962552342632
CGCTACCGCCCTATGA-1,0.06533108087263147,17842.0,B,728.0,188.0,0.12578527421162058,0.18275976024385931,-0.054466705093278014,-0.22455490565291306,0.11978539121939888,0.034812119122555565
CGCTAGAGACCGCTGC-1,0.0039910838241537985,10288.0,B,1496.0,1018.0,-0.24600022783216843,-0.05926200715457279,-0.04094079559357578,0.04044237088266028,-0.1331038474525461,0.25289546983723915
CGCTATACCGCCCACT-1,-0.21547115903103847,1706.0,B,651.0,459.0,-0.22330322258158591,-0.3416654264640503,-0.05448520762003753,-0.057856994483196186,-0.281066572574501,0.13416485047689938
CGCTATTCAATGTATG-1,0.04199810068234698,4706.0,B,587.0,572.0,0.24799580929389836,0.29551533490680215,-0.010203891804777782,-0.22016049142274416,-0.08696759905533896,0.25138482013280283
CGCTGAGGACGTCCAA-1,0.10800276025139961,6383.0,B,702.0,233.0,0.5678120935579021,-0.029686779514322345,0.3561777777769523,0.02691729152581043,-0.06621299351854365,0.04547620910117297
CGCTGTGTGGATGTTG-1,-0.055659861587108915,9085.0,B,747.0,1472.0,-0.14155980235655508,-0.03538494444705807,-0.07771208360694637,-0.09276737798796723,-0.010138597082512357,0.08513495969283728
CGCTTTCTTGCATTCG-1,0.14304734567854993,11439.0,B,1288.0,839.0,0.3990955295970196,-0.04354251646066855,0.1841472312603249,0.24856249259686097,0.08270674860708044,-0.11637078640805876
CGGAAAGAATCAAACG-1,0.013708808518675869,9769.0,B,811.0,1449.0,-0.03322980945894882,-0.014107765479100606,0.24751766494812327,0.1633505320010323,-0.15078078075450072,-0.07165666726192374
CGGAAAGCAAATGTGC-1,-0.12969285978970965,5585.0,B,263.0,551.0,-0.09053323800673371,-0.07769281849907005,-0.08011803845653304,-0.10752655234085462,-0.19049418602512114,-0.12774886162184274
CGGAGCAATTTAATCG-1,0.09655358344398343,5980.0,B,966.0,1359.0,0.13822528533109238,-0.15611137208251866,0.20230349800228803,0.24222233815536726,0.17023216124544072,0.11502118037427797
CGGAGCATGGCGATCC-1,-0.10916819087066351,5352.0,B,1055.0,1020.0,0.18682944224829273,-0.14678429600314602,0.14461468089567595,-0.4202698160307329,-0.20704175086142124,-0.1528282410509611
CGGATAAGCGGACATG-1,0.09054034858783433,9077.0,B,406.0,573.0,0.2973309336110631,0.018879279975474644,-0.11193796731319812,0.06314696883192354,0.27159816831453415,0.003998435371260567
CGGCAAACATCGTGCG-1,-0.07595368251584139,13104.0,B,1044.0,1313.0,-0.08582671844033594,-0.19283031696245304,-0.16564522626186032,-0.14257381477807254,-0.0022970910368094073,0.15320912807120773
CGGCACTCAAGAAAGT-1,0.0008673670450573545,2862.0,B,548.0,414.0,-0.06601559665497497,-0.10648500375395534,0.10535327369748756,-0.08369023466789746,0.3458212730599323,-0.03633913630455819
CGGCAGGGTCGGGTTG-1,0.07300634266598396,12915.0,B,1404.0,861.0,0.12169129083437111,0.11816696579360572,0.015959919669654973,0.09606894682079821,-0.041206484401505476,0.036168359766609544
CGGCCCAACCTGTAGT-1,0.13495043107648516,26682.0,B,1637.0,770.0,-0.021588051596545213,0.09712563082327226,0.06692436566153111,0.22627468811700202,-0.00403603404041928,0.18741446792829813
CGGGAATTTATGTAAA-1,-0.022249476959656386,13830.0,B,1030.0,1156.0,-0.14158021526020242,0.06885784988299705,-0.25762320962767304,0.04776681341458307,0.10600419527081573,0.018811684381244986
CGGGAGCTTCAGTGTA-1,-0.056023676852579515,4237.0,B,1367.0,1244.0,-0.16337006481084126,-0.10991846346391895,-0.028111544599561916,-0.1492087747892432,-0.04861934360582873,0.33489381449254124
CGGGAGTATACCGCCG-1,-0.049316664974983944,4643.0,B,380.0,573.0,-0.22581739472700676,0.0036122217038692186,-0.12222404372348711,0.021300634409246153,0.16454376118666378,0.014593093450785605
CGGGCCATAGCCGCAC-1,0.10029770252055745,9196.0,B,418.0,460.0,0.08475163453648886,0.203372827692695,0.047667299000780816,0.14399224809708358,0.12088750863119753,0.008835708424937088
CGGGTGTACCCATTTA-1,0.19730584293085884,23205.0,B,1301.0,861.0,0.21694291398910537,0.3030674495709264,0.23121878735312562,0.041338383188583155,0.12439354944574438,0.008651541876498206
CGGGTTGTAGCTTTGG-1,0.013012035119943609,11194.0,B,456.0,212.0,-0.07912501203666358,-0.07831979980320605,0.23079655180842443,0.0024551258460383286,-0.0600969369597779,-0.09478401081724014
CGGTAACAAGATACAT-1,0.2112467152113423,26410.0,B,236.0,190.0,0.23269549689823943,0.27295301599422556,0.18427601708787425,0.20122853776452865,0.15654141150579576,0.08191046198294406
CGGTACTAGAATCAAA-1,-0.04687134044394217,10204.0,B,1263.0,1109.0,-0.023892480396118403,-0.1027667440157083,0.2262009260422475,0.060159927091858544,-0.1899925880493774,0.0014993289772626188
CGGTCCATGAGACTCC-1,-0.03882795012370017,31584.0,B,1714.0,589.0,-0.17897759881088499,-0.24626719253857488,-0.13277353168453826,0.05949413990127324,-0.07157257624832808,0.06575273737951119
CGGTGTACTTGATCCC-1,-0.029000429992825427,1692.0,B,587.0,527.0,0.06397971624149787,0.23409743188564436,-0.136426914053012,-0.2566705421079358,-0.14691829744034723,0.3175524006178938
CGGTTATCCAACAGTG-1,0.05444288769136231,27734.0,B,1456.0,816.0,-0.10440522534576589,-0.08306719066556377,-0.05808171251571142,0.11843794953942022,0.132044041834046,0.008308553649245286
CGGTTCAAGTAGGTGT-1,0.03330108590383528,10474.0,B,1455.0,680.0,0.0905582719739496,-0.022119555243874794,0.016128649416441782,-0.12224514024853934,0.15225214710601923,0.07165988469307595
CGGTTCCGGCTTCTTG-1,0.004944393388437043,5564.0,B,560.0,346.0,0.1886631417576944,-0.02807228315056325,-0.04156567932507997,0.07032958802794192,-0.15356662226992282,0.049311454855178585
CGTAAACGCTTGAGTG-1,-0.0677041151477018,3463.0,B,483.0,392.0,-0.05973087369543596,0.06339740110191722,0.13314656724773546,-0.4837358769395606,0.06476430606348937,0.1031134240686477
CGTAATAATTACGAGT-1,-0.020636825743503354,8416.0,B,263.0,461.0,-0.12205188695039065,-0.12568554411704835,-0.06383051757662692,-0.1460721182549271,0.15554289898742413,0.14951933779210705
CGTACCGAAAGTCTAG-1,-0.0734774773506257,9997.0,B,340.0,370.0,-0.12776100877087254,-0.05751264334751019,-0.2181760879160184,-0.17159563664695612,0.14123301930695012,0.026744398889642876
CGTCAATCTTTAACAT-1,-0.07888953245403699,15433.0,B,302.0,393.0,-0.08243165532748398,0.01981774982257593,-0.28498929648045235,-0.015727630287704512,0.03359085452586552,-0.1568336013502808
CGTCACGTCCATTGGT-1,0.052123173872873824,6474.0,B,849.0,1201.0,0.11403882766860053,-0.012318113721599605,0.18387782724208152,0.03993873412460516,0.0006806686873268852,0.005733751583899733
CGTCAGCTATTTACTC-1,-0.05358761505011097,3168.0,B,328.0,528.0,-0.18120124729677015,0.061093520007293525,0.08473822241439162,-0.1165109200216279,-0.16452977397192087,0.14545248720824713
CGTCATACCATATCCA-1,-0.10953187161163942,10157.0,B,445.0,595.0,-0.16725738332954682,-0.020534781897978367,0.038935297705365086,0.013838574766370522,-0.3215468358807482,-0.25283450844342703
CGTCCAGATGGCTCCA-1,0.1757688866034026,12469.0,B,185.0,416.0,0.3033499947535301,0.09925160818551687,0.18240378067393406,0.2928117296081674,0.08243704801611998,-0.05068236448682405
CGTCGCGGCGGGATTT-1,-0.035279556797871814,30895.0,B,366.0,415.0,-0.28877665407478814,0.13293600461440588,0.043201204163075525,-0.042073226801862984,-0.21074630122913038,-0.2218146777456564
CGTCGGATAGTGTTGA-1,0.06744878846712983,17714.0,B,1431.0,906.0,0.15012542022280015,0.05907294350162878,-0.0015587645421776906,0.016815034633110716,0.06998799122194882,0.024073461913621894
CGTGCAGACTGGGACA-1,-0.2076175429033733,1205.0,B,1146.0,1042.0,-0.34474439185007977,0.00785017020988138,0.15222916518013327,-0.33582639315245155,-0.236225545237852,-0.28346155351386004
CGTGCCCTCCCGAAGA-1,-0.08148838915391578,2505.0,B,1185.0,1110.0,-0.22979286332989174,-0.3689075024293109,0.3594385158522032,-0.051215976140983874,0.018280331849038878,-0.01568033517091518
CGTGCTGGCCTAGTCG-1,-0.015300841151336064,29839.0,B,431.0,347.0,-0.17413010793270542,-0.06723871400022595,0.04402387077456203,-0.023837161310528848,-0.0004415002333459442,-0.03947625593973808
CGTGTCTCGTTACGAC-1,0.04515083654999026,4741.0,B,630.0,1495.0,-0.08564157467548619,0.25433287930797915,0.047555305002874915,0.04721761723493684,-0.33854324326297175,0.5269860269091761
CGTGTGTTAAACCCTG-1,-0.036882090462104215,31987.0,B,1689.0,860.0,-0.1717054948449302,-0.06496674905212986,-0.16759712637299518,-0.024846175231420582,0.08192241958115595,-0.14439617395031706
CGTTCTTCGCACACCT-1,0.24937369369169465,19956.0,B,1597.0,567.0,0.3790948230646606,0.3753562462048078,0.12362589947543806,0.16757581614265354,0.1289478885642396,0.0633559133490102
CGTTGAGCGACCGTCG-1,0.13277162943726245,5317.0,B,1147.0,1132.0,0.14078908854830247,-0.055311196542143,-0.10414258654090765,0.2772965347418171,0.30518120598533505,0.29414780217456477
CGTTGTAAACGTCAGG-1,0.05848647577803617,3950.0,B,354.0,618.0,-0.04820388316578772,0.1497750298931666,0.18847178007756257,0.08769694046234497,0.18033981921462378,-0.0731227620059937
CGTTGTAAGATTGATT-1,0.10979775253253023,33143.0,B,1585.0,725.0,0.2660512133506352,0.23712614032619447,-0.07839940235013285,0.025674456425899175,-0.0926734689556334,0.024930281313112854
CGTTTACAAGGCAGCT-1,0.06661873842866223,26321.0,B,1701.0,612.0,0.032043203435183826,-0.1347823587702799,0.013834009540430455,-0.055285770677858656,0.028632092801833556,0.1810652071271395
CGTTTGTGTAGAGGGT-1,-0.11120697340141912,12186.0,B,720.0,1382.0,-0.21838287899388198,-0.13136886196304928,0.22777644493882573,-0.05664209276391084,-0.3308308239430356,-0.03995532926254038
CTAAACGGGTGTAATC-1,0.01900142065759281,5833.0,B,728.0,233.0,-0.12874706523752238,-0.09811504851849322,0.24574533266787024,0.09108565840555055,0.26473820669668735,-0.08947092195787737
CTAAAGGGAAATAGGA-1,-0.23564387677535922,7824.0,B,991.0,1133.0,-0.6539901303856275,-0.01897523051906868,-0.7458140350385744,-0.6584375860199457,-0.1442307678350149,-0.24190426721634367
CTAAAGTCCGAAGCTA-1,-0.043809131541422144,10928.0,B,469.0,234.0,0.019675472709355837,-0.045899921698238276,-0.20871289025213527,0.032191596600688814,0.18594095177011416,-0.3281393559787385
CTAACGAAACTTGCTG-1,-0.0022532784399569364,8969.0,B,1404.0,816.0,0.03867554004005024,-0.28841049204003,-0.0904128816698682,0.012382936692850895,0.26750604696560315,-0.06142051714157291
CTAAGGGAATGATTGG-1,-0.054038110990371147,4349.0,B,1121.0,1133.0,-0.033201344542279534,-0.20679438151048166,-0.11962850580741013,0.21785856427284184,0.1416731641044619,-0.16391380372901543
CTAATGCGCCCAACAA-1,0.07149736543096735,9189.0,B,184.0,236.0,-0.11598934663420256,0.1052530838197869,0.15076033429301922,0.08734359037697079,0.1839872543745062,-0.010143135297202331
CTAATTCTCAGATATT-1,0.054463963275922296,12316.0,B,1546.0,748.0,0.16615136166035263,0.15738359748274783,-0.02994621958883645,0.05575493970346495,-0.13880727311572771,0.1950715684742937
CTAATTTCAACAACAC-1,0.0025932309239305035,7387.0,B,536.0,617.0,-0.4218039070625638,0.38115173896765486,0.16171787745776928,-0.13293699623774696,0.004970679698531587,-0.06267936663823918
CTACAAGAAATAACCC-1,-0.24653526079990362,29520.0,B,708.0,1450.0,-0.07313469508525455,-0.18764986453961374,-0.5241475662540006,-0.49859512582939114,-0.17304476092936172,-0.2462863521646796
CTACACTAGCTTGTTC-1,-0.05988904675553644,5304.0,B,676.0,233.0,0.013377253534364808,0.4682997325649593,-0.6691337976651204,-0.09956006848621934,0.35032350385797983,-0.29708225035009217
CTACCCTAAGGTCATA-1,0.09004314676829789,11405.0,B,1365.0,839.0,0.3125405607130992,0.06342743698282845,0.16542069757688244,-0.01106703790398159,0.26329200143317855,-0.19952766985768308
CTACGTGTTGCCACCA-1,0.11227259105266159,9202.0,B,495.0,279.0,-0.08517458993678903,0.2582804974125495,0.1316740543121268,-0.14441169451216188,0.3311170614813287,0.08161353262448609
CTACTATCTTTCAGAG-1,-0.040509237121054684,10806.0,B,1391.0,793.0,0.14688969995097736,-0.271641608687716,-0.13437346580035406,-0.08862132567457114,0.032420380820689015,-0.04683420940654575
CTACTCAAGGTATAGT-1,-0.08671073632176038,19825.0,B,734.0,1495.0,-0.15406985691161185,-0.06714394720898272,-0.18406079756269225,-0.07935133108944394,-0.24419934650274275,0.049063587801713125
CTAGATAAACTCCTCG-1,0.001148494548796692,7318.0,B,508.0,302.0,0.2302334678885762,-0.21062437920656946,-0.09858645533810956,-0.18327281128293305,0.35424190994138643,0.0035812749370393963
CTAGATGTGAGTGTAA-1,0.04604959399627711,9041.0,B,1521.0,883.0,-0.22079964767904103,0.24985818629451484,-0.06057024757901737,0.025788946017620468,0.05755164608887824,0.12154751652616931
CTAGATTTACGACGGC-1,0.05178823562089813,1573.0,B,1146.0,1087.0,-0.05586759535610286,-0.17072666533430103,-0.24428249381704478,0.2776110128033615,0.6534038509918528,0.09605947186824179
CTAGCAACTAATTTAC-1,0.18772936353181316,12669.0,B,547.0,189.0,0.10913269344393173,0.02601328085033324,0.39399882768104094,0.37128950899915647,0.14944481393249456,0.09927797179332792
CTAGCCGATGTTATGA-1,-0.10998782328944672,6977.0,B,1494.0,658.0,0.30858715297117284,-0.7062864147128143,0.06590141018874722,-0.004479591457969608,-0.07691620698818852,-0.002289685651884952
CTAGGCGGCAGAGAAT-1,-0.017784236689098634,7944.0,B,599.0,234.0,-0.07193858412059341,0.1004859209635898,-0.07437432943454893,-0.13794004471835625,0.04011974844776349,0.071545568543226
CTAGGTCTGAAGGAAT-1,0.05459031759583239,15675.0,B,1534.0,950.0,0.12667431064332677,-0.06437342617011121,0.1105814897835106,-0.13340230806074732,0.16644922368359583,-0.07234670794269354
CTAGTCACGTCTTAAG-1,-0.13068128437644508,6519.0,B,1081.0,975.0,0.03103180707847524,-0.1664845619446602,-0.07245942953968865,-0.10368604373181327,-0.02275756062859293,-0.2474679042049101
CTAGTTACAACCCGGT-1,-0.02092475578138689,3031.0,B,1057.0,1336.0,-0.16510178022441996,0.04805472215490002,0.08191519249020228,-0.038051210696159396,0.05687002687355038,0.20473289299633296
CTATAAGAGCCAATCG-1,0.21314118764912512,6987.0,B,1481.0,725.0,-0.0643691729126904,0.0034938498487528218,0.2524059025794014,0.24572236702992523,0.17704829927054028,0.5860732157159729
CTATTCATGTGTCCCA-1,0.07793265221137458,2709.0,B,992.0,1313.0,0.18431721398645912,0.15852455555275904,-0.03790763164334138,0.035237473129989136,0.24483521941831238,0.1007826296301594
CTATTTGGTTACGGAT-1,0.0813150940374553,25670.0,B,1249.0,952.0,0.003127404294059666,0.010113021753852109,-0.06157527631901641,0.12435987999388255,0.018191384090163326,0.188263373509354
CTCAGGACTCACCTGT-1,-0.11618553887844962,1823.0,B,574.0,504.0,0.010227848218258034,-0.023874889293325235,-0.583618573010745,0.2185245124734405,-0.5175580466870626,-0.05966652053309825
CTCAGTCACGACAAAT-1,0.01620684167285709,13331.0,B,1429.0,680.0,0.2768910196148153,-0.16520746191780017,0.19171169867587462,-0.05283292424285256,-0.1449716989468756,-0.01945401880210682
CTCCGGCTTGTAGACA-1,-0.08880128669922646,9204.0,B,431.0,482.0,0.23704843371537887,-0.31861752723658876,-0.16334939080149394,-0.06991340082076282,0.01548242225676704,-0.10099757821232094
CTCCTAAGTTATGTCT-1,-0.1212286074079768,2730.0,B,574.0,414.0,-0.1825429586642399,-0.09581078179607344,-0.26490596683890444,0.002831615466788104,0.08804635090905336,-0.0835635105965511
CTCCTTTACGCAAGTC-1,0.0824525216080034,13215.0,B,1598.0,657.0,0.18083211236913133,-0.06893937391078235,0.22412601660794296,0.26390857505152415,-0.21661861111542347,0.06518343684030219
CTCGAGATCCAAAGCA-1,-0.0016110169877172759,12248.0,B,353.0,392.0,-0.20817375639123728,0.007669220302410046,0.24607560458260466,0.12973079410034236,-0.2582661268858993,-0.023987067560390457
CTCGATATTTGCGAGC-1,0.028807895927440992,8214.0,B,1468.0,658.0,0.25221365731317374,-0.2666884630331219,-0.03459917471393617,0.03243492694095198,-0.05595394211312445,0.17667750878080596
CTCGGGTTCTCTGGCC-1,0.00994931071937924,18233.0,B,540.0,1518.0,-0.19736086046310586,0.03195765116714297,-0.05236160053178997,-0.27825268414423465,0.22213959030989622,0.07633152109378438
CTCGGTACCACTGCTC-1,-0.08833586547876215,3112.0,B,1237.0,1064.0,-0.05512461226406477,-0.17831215063112044,0.004540718605533553,0.05415963193705959,-0.1493869853206145,0.05273080808972792
CTCGGTTGTCGGCCCT-1,-0.2490569282390173,4516.0,B,526.0,1406.0,-0.5312630011301946,-0.2842582534522671,-0.2602954241663914,-0.11602206723795638,-0.24770643042141435,-0.16070090992147334
CTCGTTTCTAATGTTT-1,-0.04066289854104646,12908.0,B,1533.0,635.0,0.30107507286947616,0.38074026765900115,-0.5248483976097793,-0.050756565010234074,-0.16018743508650435,-0.01719299246637303
CTCTAATGCATTGATC-1,0.07397786880748855,14338.0,B,1611.0,680.0,0.13904606329415195,-0.046576340883977704,0.1588929291989022,0.10866244932625815,0.016479973785599455,-0.008624432137849195
CTCTATTTGGCTGCAG-1,-0.07807599244067587,3464.0,B,1069.0,1223.0,0.15317535098824342,0.05159190914665855,0.07707743203770767,0.0895865357733525,-0.17843691170987422,-0.49676765547487145
CTCTCTAACTGCCTAG-1,-0.05757242698430831,6203.0,B,462.0,1429.0,0.05372406404726054,-0.11917948281072656,-0.09151762007358748,0.06492626643502011,0.09614823834569695,-0.195989062662146
CTCTTGTCCCGCTTGG-1,-0.03149376854180194,8146.0,B,940.0,1359.0,-0.1422372686018686,0.07914432972825597,0.17897645763816838,-0.039990591835989964,-0.09460596513992282,0.004580310052719116
CTGAATCCGAGACCTC-1,-0.1286338878830125,13208.0,B,875.0,1201.0,-0.13466168856263047,-0.09823588057709982,-0.2544358484377582,-0.03886251313101333,-0.22811605904786628,-0.1581927252357905
CTGAATTTATTGCCAG-1,0.1183807707373841,8885.0,B,1559.0,635.0,0.33629161083030124,0.21030769462020418,0.07589332083106086,0.10052421132647846,0.29679003563095047,-0.15532950142980417
CTGACTGCGCAGCTCG-1,0.14942436886938382,14895.0,B,1495.0,838.0,-0.030459151610562757,0.0971043569675953,0.21786160983025674,0.33524225665182417,0.1655434593639041,0.06349916143989853
CTGAGCAAGTAACAAG-1,0.026913032366282362,12179.0,B,509.0,482.0,-0.21665644140403711,-0.16449373303384818,0.07103739961705371,0.08409336874981027,0.009085435942540805,0.2621798297090755
CTGCACAACTACATAT-1,0.027151718405053867,4894.0,B,1173.0,1268.0,-0.032435312231486185,0.04064769110745843,0.048587434760039225,0.2987366069280804,-0.029329139978206454,-0.041595917089239196
CTGCACCTAGTCCACA-1,0.08172311654651819,18880.0,B,1702.0,792.0,-0.056054054276198494,0.01645588525028477,-0.19964810182174994,0.2204746161244054,0.2543625824046552,0.07811538507871234
CTGCACTCCAGTACAG-1,0.00808630051785681,11926.0,B,1096.0,1358.0,0.1173995874660314,0.05025557846395909,-0.1321648213575717,0.09819296044045597,-0.11213870054877133,0.0023841687122794254
CTGCAGGTGCTCGGCC-1,0.09857092018672531,16960.0,B,262.0,280.0,0.1479070467960808,-0.18960789396628508,-0.05488688469504849,0.07413115370119111,0.0606647727104459,0.43305900398311326
CTGCCATGCATCACAT-1,-0.12347873162277354,8539.0,B,991.0,1043.0,-0.36171409094230444,-0.12756553496785428,0.19957156402013929,-0.09668126187420045,-0.30667097537888466,-0.0459504259944566
CTGCTTGGCGATAGCT-1,-0.038244210354393945,18194.0,B,1161.0,1335.0,-0.20598425488845418,-0.061448165174704895,-0.0030661306888788535,-0.06125774940041254,0.07303469379248431,-0.19088265898461299
CTGCTTTATGTCCGCG-1,0.005871533894775044,28922.0,B,1636.0,589.0,0.2408798087401164,0.06443286670761063,0.05613800352909933,0.32827118027703117,-0.8502495890612889,-0.00030629327628462627
CTGGAAGACACGGTGG-1,-0.02444516247285962,6290.0,B,1329.0,1267.0,-0.1832978614412596,-0.07503928071005783,0.032771879759477734,0.3290665276669438,-0.03215022304903189,-0.1123138496320307
CTGGATTTACACTTGA-1,-0.02934670434851719,10446.0,B,901.0,1246.0,0.04980019195832087,-0.1822442706037381,-0.19528361322589535,-0.11461223099879721,0.38163366419926065,-0.07476295578262804
CTGGCGCACAGGTCTG-1,0.12660337439025823,8146.0,B,1340.0,974.0,-0.06508500144388497,0.06435768141133748,0.1663403691647222,-0.034608770518891066,0.45766868695070867,0.08555618948527437
CTGGCGGGAATAAGTA-1,-0.07692741516426484,7230.0,B,471.0,595.0,0.13002954548614673,-0.3600050523877739,0.1486118073144942,0.06704774379341077,-0.310535957600369,-0.07142172759083432
CTGGCTCCTGCGGGAT-1,-0.07996910840470178,5447.0,B,534.0,302.0,0.08795033996223381,0.1118885067423182,-0.09570365358557965,-0.2547035747599733,-0.136405925576369,-0.07311538332109238
CTGGCTGATTCATCCT-1,0.047573623446560576,24136.0,B,1432.0,1131.0,-0.0593006798614453,0.1579802354833086,-0.004510599339939612,0.008377014163288274,-0.016626646214307567,-0.03778656247098533
CTGGCTGCTAACGTAA-1,0.04933223277023434,9112.0,B,508.0,257.0,-0.04095620861377056,-0.17416870414898597,0.3688079461686301,-0.10191989004579628,0.0579225316753051,0.06502703926068366
CTGGCTGGTTGTCAGT-1,0.12724365028300838,5395.0,B,915.0,1359.0,-0.2783615792578894,0.13409016694428147,-0.026457275883213942,0.35931474661724266,0.4821815884164223,0.15745879103694987
CTGGGATAAATAATGG-1,0.009464558831832129,19144.0,B,1276.0,997.0,-0.01115551531071425,-0.3223680156742366,-0.007863210274895269,-0.06644267984448793,0.1166223753613151,0.15919279671798006
CTGGGTAGGCAGTTAA-1,-0.016406916199434837,3436.0,B,1211.0,1110.0,0.18811851234692417,-0.06975824023249409,0.06730886959826228,0.1784484036214205,-0.06976941566325129,-0.034853248982297656
CTGGTAACACATAGAA-1,-0.06271676457830026,6727.0,B,1328.0,1087.0,-0.17131450331162412,-0.08247466897420415,0.05159146142184291,-0.08299907026809758,0.0588018792916252,-0.18902666755764924
CTGGTAACGAGCTCTT-1,-0.22699976654159376,8216.0,B,1443.0,793.0,-0.25816334416770376,-0.14879228247951165,-0.5931546238294729,-0.1522127146511979,0.12584361005653116,-0.2781316552284511
CTGGTCATTCCAATCC-1,-0.11049853245553241,3876.0,B,380.0,663.0,-0.0408734044650417,-0.00841268021280377,-0.27003919308220836,0.029725872395151384,0.012749485922443918,-0.25764799247607945
CTGGTTCAACGCATCA-1,0.12224156566708927,3213.0,B,677.0,323.0,0.27465181076929346,-0.017471440308256113,0.07544468545257639,0.06149838390699916,0.44319857364685566,0.10409116740104209
CTGGTTTCGAGCAAGA-1,-0.08905544463303906,2512.0,B,1328.0,1177.0,0.05944460099828247,-0.028223484170156653,0.32425318213957444,-0.2066790956552288,-0.09541653642223002,-0.1546836219406833
CTGTAGCCATCTCACT-1,0.0138973665992581,6954.0,B,785.0,1404.0,0.07304286433560296,-0.08439312155168313,-0.07909646327434677,-0.09977981161900715,0.09076244049571452,0.15744374422543841
CTGTATGGTGTAGAAA-1,0.06928814858327649,3022.0,B,600.0,594.0,0.18711705510583546,0.00507018657258386,0.1701803593481601,0.025607179817984133,0.01673614200193442,0.3266866648695703
CTGTCTGTGGCTGGCT-1,0.029008688268222366,43199.0,B,185.0,326.0,-0.03788412753729774,-0.14276234606677551,0.07203998627062097,0.3961313343687219,-0.3369593037627432,-0.14169873751413714
CTGTGCAGGGTAGGTC-1,-0.09203392520651522,3514.0,B,1095.0,1088.0,-0.35415065347469465,0.08573455588218477,0.11549126108740554,-0.2734829817195033,0.20180889367046684,-0.08095944068979738
CTGTTACCCAATCTAG-1,-0.09378959062266115,4000.0,B,940.0,1224.0,-0.22649200152715415,-0.0921289393217625,-0.305370504743885,0.16299751941755664,-0.12523453902583984,0.25818593729931405
CTTAGTAGGCCTACAG-1,0.06201779319495548,9339.0,B,1508.0,860.0,-0.19745779559463586,0.1980743100518054,0.04306270259758106,0.04078811958702464,0.20398198953442928,0.019744414654389687
CTTATGTTGACTACCA-1,-0.03888561856176266,4087.0,B,535.0,437.0,0.17583647284640663,0.030767391657157115,0.08818323871868097,-0.330083204881902,-0.004043298183173179,-0.06122058849545633
CTTCCGCTCCGTGAAG-1,-0.2233533223205714,6825.0,B,837.0,1404.0,-0.09531511989367304,-0.15226192189146806,-0.06338321512068779,-0.11279095100796983,-0.5677128388663478,-0.08280042457569425
CTTCGTGCCCGCATCG-1,0.05764122251301756,11790.0,B,469.0,144.0,0.29373531881815074,-0.05149544653711693,-0.018457464414586563,0.18297196252466275,-0.023353544658172715,-0.07503678671011849
CTTCTATTAATGCTAG-1,0.012045092783810406,13085.0,B,798.0,1292.0,-0.027410485188338007,-0.06267903294739281,0.025034579847744164,0.20357290949882118,-0.2195200660547861,0.10234013406754755
CTTGAGGTTATCCCGA-1,-0.17767093678828313,3084.0,B,496.0,414.0,-0.37764303780254177,0.03225004315201209,-0.034543990727359655,0.03985453430836236,-0.09919061482245149,-0.3415326879544039
CTTGAGTTAGGGTAAT-1,0.09380010436002845,9025.0,B,1392.0,1019.0,-0.029837649713833802,-0.16414130464919005,0.04311570747392514,0.1787165555929875,0.17576873930906653,0.43434485159991765
CTTGTCAACATTCGAG-1,0.020006725756097056,5151.0,B,1044.0,1268.0,-0.08301884813321087,0.010761570509146152,0.035678514871185764,-0.04331851156209692,0.4715666661874035,-0.13118309981483964
CTTGTCGTACGTGTCA-1,-0.05455411007274631,3573.0,B,624.0,188.0,0.2148766202715309,0.051056821987921566,-0.3834697430679663,0.10787039387520012,-0.031161567080969788,-0.09245289930417938
CTTGTGAGGACAGCGG-1,-0.011619076759024075,6449.0,B,314.0,280.0,0.21207858146390993,0.05486811903224357,-0.331427807175764,-0.02742796345393595,0.03219954417683539,0.1455653882956838
CTTGTGAGTCTTTGAC-1,0.010720101919867497,2908.0,B,625.0,369.0,0.2217096668112738,-0.2476604331482718,-0.071503880094715,0.11816126768080547,0.32372287747048833,-0.07151274902076216
CTTGTGCTCACCGATT-1,0.11326448284612949,11765.0,B,1403.0,636.0,0.17449558489705752,0.12494946718385504,0.1356992261569775,0.006408923481932527,0.05432451529650521,0.14940492939823213
CTTGTTGCTGAGTCAA-1,0.07150770056452761,15411.0,B,1224.0,997.0,-0.09787500275624564,-0.09395965265137747,0.08126616641152315,0.21872127376598172,-0.005801992801275649,0.16560509522286593
CTTGTTTATGTAGCCA-1,0.02273325037470751,4675.0,B,548.0,549.0,0.5178043240854124,0.19911634342670387,0.16781142392526427,-0.048741961397227015,-0.2034696576619499,-0.11249921094416039
CTTTAATATTGGTCGA-1,0.012153862224007314,5450.0,B,1134.0,1290.0,-0.16966168834973874,0.24366430619168578,-0.23699701002132748,0.2731900540603888,-0.04970954104201458,0.1482998230149577
CTTTACCGAATAGTAG-1,-0.15008591810783706,8327.0,B,1277.0,1267.0,-0.20601807029126887,-0.0504158497729197,-0.4042024627494674,0.002382992154622232,-0.09131156735875945,-0.17911180686985725
CTTTAGGAACACTGTT-1,0.07525962850383283,5080.0,B,1315.0,1064.0,0.3378960028737489,-0.01607999635593014,0.12707517485896416,0.06257640164105263,-0.20435681983379592,0.24785699535133024
CTTTAGTGCTATTATT-1,-0.10082113143736385,5205.0,B,1017.0,1133.0,-0.07259866106296742,0.06718526910439286,0.17898779298612333,-0.4397717242628093,-0.012501162605236947,-0.13148975157422416
CTTTCTGTGCGGGCTT-1,-0.11414635433986274,2634.0,B,1044.0,1358.0,-0.21107283441436167,-0.26228991544796926,0.3880864219224291,-0.19409547362395047,-0.26609070854875966,-0.06791441868898387
GAAACAGATGACCACC-1,-0.049813520702430204,9525.0,B,1379.0,1041.0,0.029926931059689518,0.0070867556686538425,-0.1844351595027905,-0.048784827463081736,-0.1911772789803559,0.060263261268283706
GAAACCATGGTGCGCT-1,0.11163577602126576,34334.0,B,1598.0,747.0,-0.033387304528595396,0.09718475403488033,0.22930354412780468,0.00772990650426332,-0.024102087375535382,0.0508917056572743
GAAACCTATACAAATG-1,-0.007853827580812631,26681.0,B,863.0,1494.0,-0.1259857276278194,-0.149033641938217,-0.06290801074571675,-0.0448754200960486,-0.0434015559908398,0.08508543795661788
GAAAGAACAGCGTTAT-1,0.064113047167231,25287.0,B,1521.0,973.0,-0.10194451178694447,0.11007940065446334,-0.08141579004141274,-0.020850172113399457,0.17550708135805254,0.006535818306866274
GAAAGCAGTGCACTTT-1,0.1289094433000279,8758.0,B,889.0,1404.0,0.6786685614905498,-0.08764138599002233,0.25361148662568506,0.16458222058063468,-0.13572936710871092,-0.130324762532614
GAAATACTAAACGTTT-1,-0.12173394649395458,3867.0,B,471.0,550.0,-0.07146567745775788,-0.16242265431096387,0.1160144957372931,-0.09586688025489357,-0.34312706248199565,0.04836637865807767
GAAATATGCTTGAATG-1,-0.05922799145627379,16569.0,B,1610.0,499.0,0.12448036080776803,-0.2660754074064627,0.04258595064120571,-0.1860626064041549,-0.15299934630830486,-0.12460591105123758
GAAATCTGACCAAGTT-1,0.12779865807903595,7498.0,B,212.0,551.0,-0.025878081482156895,0.23190234523769382,0.19271318053619962,0.2661732337040106,0.1410116024474917,0.037188468707823226
GAAATGGGATGTAAAC-1,-0.00562576014308851,16903.0,B,405.0,437.0,-0.17325887400307133,-0.17299759117173455,0.14300586366087767,0.007491752130402506,-0.07993330518080236,0.03830050555001918
GAACGTCTCATGGTCG-1,-0.013889574314639178,11205.0,B,1314.0,839.0,-0.05394813738338454,-0.17465421039298382,-0.01088437346702258,-0.22872749102503712,0.08213272595450113,0.10339912954531309
GAAGAAACGATATTGT-1,-0.20452346156990586,11945.0,B,565.0,1473.0,-0.3415105304871264,-0.027932336802978804,-0.29047120910709184,-0.14136457257901652,-0.34215036844205976,-0.14443375874768466
GAAGAACGGTGCAGGT-1,0.07557806379580981,1574.0,B,703.0,458.0,0.15372779329239047,-0.15283498951879632,0.36922408292128006,0.06743460958713762,0.08756473769764182,0.165595014628744
GAAGCTCTTTGCTTAG-1,-0.08165241257060457,11454.0,B,237.0,461.0,0.012009586621207297,-0.5562675419607408,-0.02454310297900606,0.037384631341773916,-0.13517448784984495,0.18703367830389195
GAAGGACTAAATTGAA-1,0.14505960957207287,14383.0,B,366.0,235.0,0.22782481749587463,-0.04317303398907588,0.34912877013997423,0.11731911021382431,0.11894709267799777,0.0901476328301628
GAAGGCTACCATTGTT-1,0.05131580562353186,19797.0,B,1727.0,702.0,0.06529952247813589,-0.1027516361138305,-0.06136568906892153,0.18458933536069277,-0.06261531156924048,0.08857588068711
GAAGGGCATAACCATG-1,0.050370254859794246,12715.0,B,327.0,302.0,0.24985369471746147,-0.10192311493062298,0.016055470429907757,0.06686580744280265,-0.05254182591920982,0.04129972544254309
GAAGTCAGTTGCACTA-1,-0.07001252040955128,6741.0,B,940.0,1314.0,-0.25507676357295483,-0.02521334426385576,0.023803798967678962,-0.022785164700672603,-0.11780796062355951,0.08066048627258224
GAAGTCTCCCTAGCGA-1,0.08786314455241488,15322.0,B,1366.0,974.0,0.12582026374273195,0.005215079984243049,0.3003495601058232,-0.04134869827607139,-0.05304151361698593,0.09668858788846076
GAATAGACGCGACCCA-1,-0.10329754832381097,5504.0,B,1380.0,1086.0,0.09543924493027788,0.18244218702645026,-0.22076230167928404,-0.3512556534131958,0.040551782240477036,-0.04782139755214669
GAATAGCCCTGCGGTC-1,0.018294528774040773,4849.0,B,1610.0,544.0,0.2150533834204489,0.14161143499592962,-0.14805905876862058,0.06115370367054486,0.07438591425388438,0.06056255828182838
GAATAGTGCTCGATTA-1,0.01614374621893895,15008.0,B,656.0,1495.0,-0.21113439541990414,0.4754215819278338,-0.2776634288157642,-0.1097841722931841,0.07201760595708198,0.011189667087624481
GAATCGCCGGACACGG-1,-0.11519814311417574,5664.0,B,716.0,391.0,0.15165485910199725,-0.22227863148808794,-0.06993613423631188,-0.3494962471247549,0.02478860369315508,-0.17486574237634409
GAATCTGAACATTCTC-1,-0.16814043566467804,4698.0,B,1017.0,1088.0,-0.02404917345128485,-0.5008746588468065,-0.11910907595179808,0.03472858741616139,-0.24747202056924042,0.0022967927667750243
GAATGAAGGTCTTCAG-1,0.047537547159771036,48318.0,B,1701.0,521.0,-0.2784466444890382,-0.01833900320905962,-0.045539325468407735,0.09951525092764982,-0.005588191399468673,0.059530845667961255
GAATGCCGAAATGACC-1,0.015594318551306455,21722.0,B,406.0,618.0,-0.20239461271371356,0.012268203006386286,0.00021409519019794168,-0.0641615757483749,0.138673720121281,-0.02165739324172701
GAATGTGGTCCGGATT-1,-0.10377262592537768,4668.0,B,1237.0,1109.0,-0.20619138624277744,-0.11229168981181457,-0.17235607496398997,-0.08345454277355424,0.05858583192732491,0.029600803283345134
GAATTCACCCGGGTGT-1,0.01769342412826578,17768.0,B,901.0,1201.0,-0.004655279489549774,-0.22033954927099905,0.21072560446689417,0.05405199550480045,-0.1111548613746218,0.019193238184566894
GACACGAGTTAGAGGA-1,-0.20721487052860904,4089.0,B,510.0,572.0,-0.6332224661983402,-0.02930030707828788,-0.2963387333925486,-0.10273620065014924,-0.10873562613110212,0.06618328223916062
GACAGCCAGACCTGAC-1,0.018602275710271038,11841.0,B,1302.0,1087.0,0.2082254284264199,0.1308803034548645,0.013598193351323676,-0.0390340796158977,-0.2008943789397406,0.08451558707335029
GACATACTGTCGCAGA-1,-0.01756150744474262,21283.0,B,303.0,618.0,-0.01769525117934012,-0.04041070501034985,-0.04256872440529705,-0.1548915907855594,0.2658525222869261,-0.2191706138143554
GACATCGATTTATAAC-1,-0.0891245485499361,27130.0,B,837.0,1314.0,-0.10005246188665015,-0.15105446744088372,-0.022181048991709224,-0.027466320399786234,-0.4010438820153418,-0.06579357956921542
GACCGACCGCTAATAT-1,0.09407955182245528,15049.0,B,314.0,190.0,0.08979498322670096,0.1917759117658691,0.15534752888420494,0.06019601676495984,0.14140338980820377,-0.08678008229839959
GACCTGGTCTGGGCGT-1,0.02316187180339103,10172.0,B,185.0,371.0,0.23809051704021164,0.0341836410906527,-0.0539139362425049,-0.05918613270107597,0.024777212119567377,0.09458450440091835
GACGACGATCCGCGTT-1,-0.21856868050910222,3791.0,B,1096.0,1313.0,-0.3314379084210775,-0.1959845195893633,-0.000308430129661752,0.1005631817805753,-0.39912774307435783,-0.2911020505360614
GACGACTTTCCAAGAA-1,0.23884303455701666,17301.0,B,326.0,167.0,0.22886687066753822,0.18220770623816693,0.3595320962226059,0.2258972892077318,0.18861578728366077,0.14762584848414106
GACGCCGTAAAGGCTA-1,-0.011175361636245024,17364.0,B,889.0,1359.0,0.13601605084200763,0.2585599780168202,0.023929416268629662,-0.22248440288328208,0.19875122159282993,-0.5163460190983157
GACGCCTGTTGCAGGG-1,-0.05446306737567502,2659.0,B,586.0,391.0,-0.012337996725905936,-0.17411156007051748,-0.004448427039496803,0.2895196878170367,-0.2364005589674707,-0.01134972008557874
GACGGGATGTCTTATG-1,0.11717350728305966,16494.0,B,508.0,166.0,-0.06587670258394153,-0.10940174739184656,0.31405002360412965,0.3432921651861908,0.1839242244226208,-0.05796153450068191
GACGGTCAATAGAAGC-1,0.072268824609107,15711.0,B,1482.0,815.0,0.26130250734502564,0.09070242102199635,-0.053036015398755146,0.1277448580495047,0.07874196260071183,-0.18509649410323364
GACGTGAGACTCCATG-1,0.011488425551874619,6582.0,B,573.0,324.0,0.18648048103047593,0.1032106905126918,-0.10593360743296128,-0.0072366574832108226,0.015997593897055323,0.08440310299195874
GACGTTCGTAAATACA-1,0.13780980314545732,31787.0,B,1688.0,679.0,0.2067126697657372,-0.03654843358158997,0.0010785032099541528,0.0608689793171696,0.14340771302176147,0.14424619077896172
GACTCACCCACGTGAG-1,-0.019437206091375718,18524.0,B,1560.0,995.0,-0.18227200559640327,0.14669531028467978,-0.0182006162109536,-0.08729130368768426,-0.03886174660324471,-0.07351295466224847
GACTCCCAGAATAAGG-1,0.07275400165313216,40872.0,B,1624.0,747.0,0.013694802147260265,-0.10793535599282086,0.09003750285526313,-0.055810002333228394,0.060857121037488734,0.05342910185484896
GACTCGCGGGAATGAC-1,-0.027594184767154434,10983.0,B,1430.0,771.0,0.18399031493998536,0.019881814227864697,-0.09303988564368496,-0.1717086855409306,-0.1387044721610561,-0.021041507296619306
GACTGCACCAGCCCAG-1,0.000970352249664002,13248.0,B,1225.0,1177.0,-0.03978765584071482,-0.2638653874556059,0.30991215455834986,-0.159870495680129,-0.03368860077270882,0.0038651810375137097
GAGACTTCGCGACCGA-1,0.04073602893741117,8291.0,B,927.0,1336.0,0.04577066221892023,0.157245854179422,-0.08568072225466383,-0.21107961439646938,0.15022159344418282,0.17244706799749268
GAGATCTTCCATGACA-1,-0.05384327715230354,7721.0,B,1186.0,1155.0,-0.10266977049736767,0.07399543437532027,-0.0051136085058928835,-0.15728250948157413,-0.03433450699873801,0.006151368558330065
GAGATGACAATCCTTA-1,0.060602306122723756,39378.0,B,1754.0,747.0,-0.11443240434430389,0.04801707565962289,0.07866930316287264,-0.0636077755841565,0.08299050717254025,-0.06199587600816149
GAGATGGGAGTCGACA-1,-0.10345263914369104,4797.0,B,1122.0,1313.0,-0.1123450949447002,-0.048842919716239434,-0.08457032903538872,-0.038833742170084125,-0.5399248029408618,0.28794312414547196
GAGCATCATCCCTGGG-1,0.007118202062145029,2023.0,B,703.0,413.0,-0.005551567079584679,0.16517100541936042,0.06831004005542433,0.05452465003400772,0.12971527382004522,0.03335577100987305
GAGCCACGGTAGTAGG-1,-0.09555714733417439,2757.0,B,793.0,345.0,-0.497478779070059,0.14776715605356883,0.1793493185291702,-0.20922921506547226,0.04731101242724832,-0.05703405101515815
GAGCGCTATGTCAGGC-1,0.03857668990418399,8804.0,B,443.0,144.0,0.3198813232117742,-0.0010830440010878087,-0.13528293301719105,-0.3938161372090266,0.253393368497259,0.31708134062450094
GAGCGCTGTTAGGTAA-1,-0.18121732551758496,16159.0,B,488.0,1519.0,-0.13762520342359902,-0.041351313837876186,-0.30453331967769187,-0.3285674480012209,-0.5445996565979424,0.0015093126295587095
GAGCTCTCGGACCTAA-1,-0.05990886221770657,1497.0,B,613.0,481.0,0.12143870911646605,0.2100765439703473,-0.05691278869502362,-0.0334305497168009,-0.27691841843637377,0.054293499871094025
GAGCTGTCGTCTCGGA-1,0.1762810474640566,16041.0,B,1584.0,590.0,0.26813184363642184,0.31864946104145514,0.11773722765884045,0.3842467377715414,0.08926185593818514,0.06710789200161436
GAGGAGATCCTCATGC-1,0.08077051884655315,13308.0,B,289.0,415.0,-0.10691469925272719,0.16819534258006316,0.16862883546773016,0.11741447022097778,-0.024194966595480132,0.07105899053602847
GAGGCATTTGCAGCAG-1,-0.016248953426936823,24613.0,B,1739.0,499.0,0.04095645058067196,-0.08566805555436648,0.17844571450139618,-0.07689576056496156,-0.4191082905492899,0.020866671910506243
GAGGGCATCGCGTATC-1,-0.13486827969540277,2888.0,B,612.0,391.0,-0.09158819894431827,-0.20786137001280588,0.024481430431211777,-0.16521176349116073,-0.12734995592267126,-0.05913846940104268
GAGGGCGCAGCTCTGC-1,0.02075801481208772,10272.0,B,1339.0,748.0,0.22063432336590594,-0.010949240845570632,0.06323704316551557,-0.19805921313724223,-0.05673549779203009,0.19535498129696194
GAGGTCCCAAAGATCT-1,-0.0034909979762261373,4413.0,B,522.0,549.0,-0.18935258415007203,-0.03815613470490883,-0.019715868554192065,0.31097408675766447,-0.0003259718678638897,0.05396908313838814
GAGTATGCCCGCCTTG-1,0.07535115075901712,6397.0,B,746.0,1247.0,-0.10396041325366984,-0.05075238241128295,0.25092400317286834,0.34481428924221513,0.1041488365960376,0.024213747580094383
GAGTCAGACCAGAATC-1,-0.08229915062751268,12891.0,B,811.0,1404.0,-0.2743065489382249,-0.31944787097187716,-0.03595373941794229,0.19074971667556706,0.15233845669019366,-0.2183332493193275
GAGTCCGCTTACCGGA-1,-0.020662592252955785,6953.0,B,940.0,1178.0,-0.003042511515555176,-0.1789448894141467,-0.025372205032366278,0.365644897083568,0.011675973963149558,-0.3276461031608344
GAGTGTGCGGTACCCA-1,-0.03031224720232189,18469.0,B,1328.0,1132.0,-0.10062912471990092,-0.1598252565278383,0.14574126925932196,-0.10599311070154802,-0.2199599132128647,-0.001847531682719828
GATAACTCGCACTGTG-1,-0.036875677433139555,4625.0,B,1340.0,1019.0,0.24321193183843656,0.024848439013863247,-0.1849966942504707,-0.11564491978573466,0.029090993301626258,0.040095712414555916
GATAAGGCAGATGCAA-1,0.010482052641515492,9711.0,B,547.0,369.0,-0.08041569328606592,0.0828496476002535,-0.13287636180618165,0.23346173460556846,-0.15067567849709057,0.09036994805180384
GATAAGGGACGATTAG-1,0.038844774704677384,15308.0,B,223.0,168.0,-0.04011482269269437,0.13941468699198983,-0.14078012107946378,-0.4744380215063491,-0.032805123313364576,0.029721412268994937
GATAGCGTACCACGCG-1,-0.01499919434996308,9844.0,B,211.0,416.0,0.05169469334216144,-0.28012035140296676,0.2688427962134899,-0.09263240138556772,-0.13160733173147304,0.05963553244343288
GATAGGTAACGTTGAC-1,-0.09569327288184884,2112.0,B,966.0,1223.0,-0.26098003096880945,-0.060793393735990256,-0.01928419898901431,-0.1813975305317029,0.2490236625780519,0.02142484893303915
GATATCAGTATGTATC-1,-0.012208223369594155,5234.0,B,301.0,348.0,-0.05540102157374419,-0.14280147461231701,0.28669670680377624,0.022707802358767806,0.11962885803676412,-0.055916362409626316
GATATGAGACACTAAC-1,-0.0549122503605526,9975.0,B,1237.0,1019.0,-0.2106917028086353,-0.18487250394682805,0.011355085097899361,-0.015284084513604855,0.11053238537006117,-0.14085528818858617
GATATTGAGATTGGCG-1,0.04077344962362811,12985.0,B,1482.0,906.0,0.15472098756348693,-0.12355143466099996,-0.17329625436167828,0.17781188370844292,0.012932694564337804,0.12452848612689768
GATCCGGGAATTAACA-1,0.0042213341306028135,29197.0,B,1133.0,1020.0,0.05787022799756615,0.12567623512171175,-0.16265401927424256,0.02313097619335437,0.10707363279447207,-0.3517622384085367
GATCCTAAATCGGGAC-1,0.024506678660628244,9470.0,B,1417.0,748.0,0.22976720032734238,0.015476940005641222,0.17946040423358062,-0.31223875520853156,0.04562632834303802,-0.023569541230104046
GATCGCTATATCTCAG-1,-0.14953866642464356,19390.0,B,514.0,1518.0,-0.19462121581193506,-0.08441883438781081,-0.08819828152403346,-0.39580231798067067,-0.10640777059855616,-0.2266598077349815
GATCGGCGATAAGTCG-1,0.08115980996426185,4305.0,B,367.0,595.0,-0.09114808955668481,0.28290445329954583,-0.12212912625701965,0.15485921057671873,0.1630907272476371,0.15461134418183342
GATCGTGACTGATATC-1,0.17343123076874328,24089.0,B,1120.0,997.0,0.00788495710627661,0.18065902767075243,0.46114844076328676,0.04107508629845927,-0.01568125435880054,0.08584184014580754
GATCTTCATTGTCCTC-1,-0.04317066983075491,4104.0,B,302.0,573.0,-0.10953576758596806,-0.10051658911941379,0.18953654698105268,-0.11499107220936602,-0.0014108013375012801,-0.026169915824511114
GATCTTGGAGGGCATA-1,0.049604084341506614,4683.0,B,1095.0,1133.0,-0.33660030877954017,0.2616241856206937,0.6784821757116258,-0.17384083804381772,0.17485650138998732,-0.2155980131652631
GATGACAAGTAGGGCA-1,-0.039840475591125024,14807.0,B,617.0,1428.0,-0.041925638057988025,-0.11397001413251558,-0.1715086673389459,0.07484878616245356,-0.06576562527544473,-0.01606907060225978
GATGACGATGATCGCG-1,0.13949768791795333,68670.0,B,1649.0,567.0,0.21031794854153563,0.03411801173726779,0.0064424867271836925,0.12500425056836728,0.047925708747474136,0.08490803235938965
GATGATTTGAAACTGG-1,0.09315615273488168,24398.0,B,624.0,143.0,0.08750541911907403,-0.0052163399483571155,-0.11452885056888062,0.24402703134672193,0.09231935234514942,-0.01262795235148903
GATGCCACACTACAGC-1,-0.0025686254529533256,54441.0,B,676.0,143.0,0.0485859148082434,-0.1448144340182332,-0.09221034888372401,-0.12907055097474454,0.0103979471157193,-0.14736183333340996
GATGCTGTATTTCATC-1,-0.11183679979169417,3350.0,B,1160.0,1110.0,-0.3211272502943452,-0.05442318453055129,0.24383717010324524,0.007121311186688628,-0.24619107771968196,-0.14364787255782838
GATGGCGCACACATTA-1,-0.08622963738214114,3068.0,B,561.0,572.0,0.3251466365677226,0.09649032193771181,-0.1516688577144013,0.10657070058447465,-0.26027539937164806,-0.2025518056411119
GATGTCCGGATCACAT-1,-0.0919493685384352,9868.0,B,664.0,301.0,-0.0403702291225149,0.01949870906321713,-0.14222711379116576,-0.06419194666156508,-0.3155241318469764,-0.13624756067008167
GATGTTTGTGCGAGAT-1,0.1501582769719712,4349.0,B,574.0,594.0,0.39937761867180666,0.40268021143370564,-0.014486803892041513,-0.3077788302709193,0.45947617173603383,-0.011336730138458512
GATTAATCCTGGCTCA-1,-0.00799312242026415,12137.0,B,547.0,234.0,0.12963034386461078,0.1994568825459883,-0.22153691229682707,-0.028482658468946633,-0.10636742926041284,-0.018460531292036227
GATTCGACGGTTCACG-1,-0.03254766678667359,3113.0,B,1107.0,1065.0,0.10908636997611111,-0.14830838271055846,-0.06764582968433415,0.035405090512191165,-0.08675714869433573,0.285654623659507
GCAAACCCTACATTAT-1,-0.04570233496686751,6518.0,B,1251.0,1222.0,0.07250442911799199,0.262608314866889,0.25337346807544703,-0.34091064820714445,-0.1018466609187285,-0.1817186920228009
GCAAACCTTGGCCATA-1,-0.04744717447361592,7758.0,B,1057.0,1426.0,-0.09128163376543544,0.06407148356394303,0.1301132104563442,0.026036647499026302,0.10914511474078885,-0.43516021069719457
GCACAAGTGGATCATA-1,-0.03414395880747623,9772.0,B,263.0,506.0,-0.33206454818866915,0.052164299731429956,0.11579598523330262,-0.15459012660296476,0.06495827581046251,0.03498875101090856
GCACGCCTACTTAGAT-1,-0.047378816509590006,8495.0,B,695.0,1382.0,-0.08189624001411484,-0.16788963990208597,0.09477429692090965,-0.026502249733784275,0.1735858637144168,-0.2581040202469175
GCACTGTGCAAATGTA-1,0.05976897855560265,8546.0,B,612.0,346.0,0.21579598437125094,0.008013155811297705,-0.06918806012246506,0.16963896085475447,-0.1570017445043364,0.34324729253355446
GCAGACCCAGCACGTA-1,-0.09522218371162121,31595.0,B,1522.0,1018.0,-0.28325327194573846,0.016909041036884807,-0.09414633764572455,-0.1372551525135091,-0.1245080762696561,-0.2667960994593614
GCAGATCCATAAGACT-1,-0.0013042992089585675,3033.0,B,1290.0,1290.0,-0.02729597438415915,0.0918072048707495,-0.17227253045214797,0.3907912745490157,-0.05884694520467364,-0.08753870593973528
GCAGCCTATATCACAT-1,0.15978452463686532,53407.0,B,1651.0,927.0,0.0795779503550926,0.34043395118288267,-0.11589795708209805,0.104420420043625,0.12249145045592646,-0.03412903940094665
GCAGCGGTGGGCATTA-1,0.02116037463369507,6251.0,B,586.0,301.0,0.06482115764819354,0.20870742982134463,-0.33797210064962663,0.26025665696710026,-0.039684873530614534,0.05894182978000183
GCAGCTATGGACAGGT-1,0.15143186918863755,41914.0,B,1648.0,432.0,0.38218633438822863,0.20750426988654092,0.11130740569769818,0.2247974247409919,-0.17517890236997813,0.07055867481858648
GCATCCTCTCCTATTA-1,0.09266434614345008,15907.0,B,262.0,145.0,0.3255052262881367,-0.11835717355780287,-0.09817154309178368,0.08675161736052753,0.07923238278379999,0.14001413795537795
GCATGAGGGACGCGGC-1,0.11335678354167379,18255.0,B,1352.0,816.0,0.09480968358363337,0.13793964777210144,0.0684776153769465,0.1359851308025565,0.021591675211946115,0.07040014873732875
GCATTCAAGGCAACGC-1,-0.014820993114317643,17535.0,B,1585.0,770.0,-0.2047781685645669,0.14771063049705285,-0.14884219235184482,-0.098048156307528,0.07763171356574647,-0.05829332447509663
GCATTTCCAAGGCTCC-1,0.07912534399210507,17849.0,B,1625.0,882.0,0.23195265440453772,0.048073215229701774,-0.2225472291442358,0.19158568828685552,0.10914034226156949,0.018496427007176432
GCCAACCATTTCCGGA-1,-0.02653343310894602,15651.0,B,1559.0,725.0,-0.10323922091165022,0.029126354110357626,-0.13112184491809656,0.1570467383621522,-0.3099919757419023,0.16086342024222727
GCCAATAGGGCATCTC-1,0.025211414214728514,18189.0,B,1520.0,703.0,-0.13513543544522266,0.25299806128116353,0.07749538805010218,0.05776541923995758,-0.16418885186922227,0.001087834380275144
GCCACCCATTCCACTT-1,0.021963601219255925,10282.0,B,197.0,258.0,-0.17946254838170053,0.06163969398746055,0.01882696487962957,-0.02119409903647938,0.30616974403260466,0.0629934356511389
GCCAGGCTTAGTGGTA-1,0.0933971332429002,13331.0,B,249.0,348.0,-0.27855006181000613,-0.07207814342555062,0.11957552165805091,0.12078298749903638,0.2502489313497412,0.24450188788138602
GCCATCGAGCTGCGTG-1,0.012862564479301576,9653.0,B,798.0,1337.0,-0.18982908944663027,0.04417953584447505,-0.013403396681352748,-0.17199731823026848,0.2866647176937752,0.07329252699610703
GCCATCGATGCTGCAT-1,0.0851753362611174,7074.0,B,1612.0,860.0,0.09159899125295413,0.4732858329399561,0.255200671214622,-0.21716344338744237,-0.21174658052941508,0.25433527682243
GCCCACCAAGGCTGTC-1,-0.20334184505439293,3060.0,B,677.0,414.0,-0.048694622376301955,-0.2081169717539252,-0.744579523129102,-0.10474109893426542,0.10531273433347516,0.09114940478907527
GCCCGATCTGTGGTCG-1,-0.018007118088005036,3888.0,B,1005.0,1336.0,-0.22496929520631168,0.002852315778276583,0.030215260642589926,0.07336209966200258,0.24310660318307153,-0.07011707262017194
GCCCGCGCGTAAACGG-1,-0.06828084050036637,7442.0,B,720.0,1247.0,0.03695016122255524,-0.06344191631751783,-0.036494495720495575,-0.04183750225698736,-0.1405659053077389,0.04913384906571524
GCCGATTGGCCAAGCT-1,0.10634937574477242,14407.0,B,978.0,1066.0,-0.11073755316888487,0.2502760172361324,0.15075183232666295,0.18917814729354712,-0.0028856240671207324,-0.07501870422102365
GCCGGTTTGGGCGGAT-1,0.07840247452731368,6599.0,B,573.0,189.0,-0.44932831122165484,0.025746158174953942,-0.07983285036996383,0.4649827714193228,0.5019279992473509,0.015780474146986096
GCCTATAGTGTCAGGG-1,0.05047897261432937,19896.0,B,1365.0,793.0,0.20667075068408644,0.02638331160372894,-0.049985348698997456,0.018229217129127645,-0.08833151022826444,0.0805498583495782
GCCTATGCTGGGCCTT-1,0.19546582529063775,3426.0,B,1662.0,544.0,0.23062335248658317,0.0941820691835365,-0.015718106431775312,0.3983028849327587,0.3342748263181234,0.4045400820080793
GCCTCATCTGGAAATA-1,-0.043437523317274324,5403.0,B,1418.0,1064.0,-0.3325858153755536,-0.11852699801725047,0.2534698924004852,-0.12367568555379707,-0.010900486164995324,0.15456414697622664
GCCTTGTATATGCAGT-1,-0.07088220301632385,4685.0,B,380.0,528.0,-0.0981683130842128,-0.18792636445646296,-0.17031594411250806,0.17890400529287856,-0.2250187573312215,0.15752337647174114
GCGAAACTTAACTGGA-1,-0.0926090910053858,10427.0,B,1250.0,1132.0,-0.16709941026128222,-0.05368413286258951,-0.050351031879289965,-0.10560755860226582,-0.09591433674523472,-0.10185209932138749
GCGACATGTAAACATC-1,-0.047261557012239566,25134.0,B,1573.0,973.0,-0.2078523174778974,-0.03985400305065828,-0.010555266220337735,-0.10358542460237918,-0.15100245832241616,-0.06104051929595217
GCGACCCAACCATCTG-1,-0.11718729467037892,9960.0,B,617.0,1473.0,-0.26995002251521943,0.12127201433047123,-0.08334281897544388,0.07823017369638004,-0.5357749100893255,0.00608205345871116
GCGACGATAGTTGTAC-1,-0.0136490103467506,10253.0,B,888.0,1224.0,-0.3539544305953189,0.08284662760727211,-0.022917040123615357,-0.06884549389331995,-0.10527192849214069,0.16285405327171726
GCGAGAAACGGGAGTT-1,0.00394399976639466,14036.0,B,354.0,438.0,-0.009010057299178031,-0.1479290267166276,-0.04837533050256382,0.12666688661553827,-0.002109657602257578,-0.0915145594071283
GCGAGAGGCCATGTAA-1,0.12692946037453928,31127.0,B,1649.0,612.0,0.19153535070747868,0.020490249629607958,0.09446396217879377,0.11269613561704597,0.06737954890472764,0.0902573234251524
GCGAGAGTTGCGTCCA-1,0.024057144634566912,6332.0,B,1573.0,883.0,0.24788393421513683,-0.020868806275957292,-0.3557036811924682,-0.25545709873284006,0.402417664658205,0.1176271795964348
GCGAGCGCATGCTCCC-1,0.0747561980724905,42804.0,B,1599.0,973.0,0.1346918906767914,-0.0965970709006339,0.1942275811560637,-0.05145025064056328,-0.035180610494398926,-0.05518618273822652
GCGAGGGACTGCTAGA-1,-0.05849164392393895,15363.0,B,275.0,168.0,0.1273856489208789,0.0007146029349752829,0.10726241576026688,-0.15291574313330364,-0.506775873985485,-0.012159622897305853
GCGATTGTTAACGTTA-1,0.009007046730883456,10384.0,B,1185.0,975.0,0.07951508234286192,0.07604643501250119,0.054070102522160664,0.25638677875475463,-0.03842492099021666,-0.3859336959660118
GCGCAAATATATTCAA-1,0.06246113747780879,10432.0,B,552.0,1451.0,0.05723817104496472,-0.0512842589592031,0.06935602016993911,-0.1213134044636381,0.4254468399450248,-0.07293414772694082
GCGCAAGAGCGCGCTG-1,-0.07433008021381185,4945.0,B,1483.0,1041.0,0.22012141051380393,-0.03753307618729778,-0.28074779048727855,-0.15874208010832017,-0.0738162800434907,0.07672491924545027
GCGCATCCAGTCAGCA-1,-0.14658741649802506,7058.0,B,1417.0,793.0,0.2207426834675962,-0.6197458678469682,0.05080821671086542,-0.1147709590186631,0.0010595011683035395,-0.2820119956999691
GCGCCGTTCCACGATA-1,-0.1041161870234352,5713.0,B,1030.0,1065.0,-0.17865633371088005,-0.30966605134283004,-0.07850393106821718,0.19981378519282705,-0.02412056657336681,-0.18255219987017585
GCGCGTTTAAATCGTA-1,-0.015154767333078245,12557.0,B,300.0,167.0,0.16461554093711217,-0.07391483031873548,-0.0577774847580273,-0.2329606242883814,0.10537474737907387,0.05476404186979851
GCGCTGCTTTGCATTT-1,0.0447111262430198,16092.0,B,1404.0,771.0,-0.11131423746080035,-0.004564941747583415,-0.07757564472631225,0.13114028541115927,-0.17316236847884817,0.376429895568399
GCGCTGGCGGAAAGTC-1,0.05212149943827956,37238.0,B,211.0,326.0,-0.006581277438388211,0.01221645944534126,0.1273740281672865,0.0032863414124082446,0.049470146805759244,-0.20339648268410893
GCGGACCGCGTTGTGG-1,-0.08710088757446277,9356.0,B,746.0,1292.0,-0.184127830815346,-0.2668326014824642,0.19436907342216148,-0.013997151945705005,-0.2554777113337086,-0.00023251400658896946
GCGGAGAAACTTCGCA-1,-0.12792469648431087,23640.0,B,617.0,1383.0,-0.2654353456437045,0.027587168517417108,-0.13004523485288494,-0.15646816181919274,-0.20556148210414538,-0.20103455277587373
GCGGAGAGGGAGAACG-1,0.08129275013901249,9696.0,B,1199.0,1177.0,0.24441580008341046,0.21611252737155845,-0.15648473943237629,0.29010769386262425,-0.0930171360218243,0.10459749798377113
GCGGCAAAGTATTGCC-1,0.06171359005238519,6602.0,B,540.0,1473.0,0.780477281075118,-0.17860970718971125,-0.023844096332441347,0.05353345561763839,-0.08241599483292372,-0.20918028326347143
GCGGGCGAGCCTTACC-1,-0.020251724852078844,18600.0,B,850.0,1382.0,-0.4301969216249192,0.1268523739806459,-0.09383765182351837,0.01965163121067716,0.02586399069134448,0.13009665619269972
GCGGTAACCCAAATGA-1,-0.03718344825079343,11320.0,B,482.0,302.0,-0.17631929134295832,-0.23443859727098765,0.004992198262084902,-0.1517213858579607,0.06800316667530767,0.07706453088049756
GCGGTCCCGGTGAAGG-1,0.0488189497185324,47648.0,B,1727.0,521.0,-0.11190232000434196,-0.15453952275741392,-0.03689114490593665,0.042562575620647816,-0.019965383215772292,0.13464192861676821
GCGGTGCGGAGCATCG-1,0.02993041693913527,7269.0,B,251.0,573.0,0.03659483392067993,0.37284922562854306,-0.15727102111694224,0.14249048199272055,0.04677600127555333,-0.06320421540660563
GCGGTTCCCTATCATG-1,0.0006811341532614243,13726.0,B,823.0,1202.0,-0.4009001732633896,-0.047484546772836755,0.226730052080441,-0.1431945267955919,0.2182383292960092,0.044848386630078264
GCGTAAATGGCCATAA-1,0.12606731822362957,13826.0,B,1508.0,905.0,0.18696364781688007,0.2041025065790268,0.10629050134319276,0.4006911387449364,0.07129806880280899,-0.2828257463643601
GCGTCCAGCTCGTGGC-1,0.03384419452565546,2859.0,B,637.0,211.0,0.0914172911880561,0.021163177808956116,0.031077403293361887,0.12762356617821435,0.047513237565725175,0.11793886569787383
GCGTCGCCAGGGTGAT-1,0.023928548602917335,5894.0,B,992.0,1358.0,-0.0411317937980633,0.08765283899329263,0.11487595823101615,0.1974812837794731,0.033000804833386216,-0.02203689303726357
GCGTGGTACTGGGTTA-1,-0.024641997160941915,12526.0,B,1418.0,928.0,0.21265525296155063,0.11803615134648844,-0.14976192071670308,-0.10869862036147894,-0.11855570994154073,-0.13255756324894216
GCGTTCGGAGACCGGG-1,-0.1703280207515756,5797.0,B,1520.0,567.0,0.06884177501207907,-0.030609138025974467,-0.11917611855955522,-0.21305047207005576,-0.18684942084147788,-0.4352216044185141
GCTAAACCTGAGGTGA-1,-0.01674275020773021,3581.0,B,484.0,662.0,0.11126192395271736,-0.15773695155406242,0.01399922022419934,-0.1489780641130663,0.07034647775366769,0.12337085473792306
GCTAAGTAGTTTCTCT-1,0.033256767798793205,10574.0,B,1223.0,907.0,-0.4097543367648014,0.06551345239014833,0.0882548879413181,-0.08533170953169178,0.0024298314062367026,0.5597371252779075
GCTACACTGTCCGAAC-1,0.0908009235005989,15397.0,B,443.0,189.0,-0.17449797464233435,0.05212976872811756,-0.060297234984256064,0.041134043563105537,0.16303487659384674,0.2419608283420802
GCTACGACTTATTGGG-1,-0.029458919807387046,4018.0,B,1082.0,1110.0,0.03585172311577245,0.06239073731618443,0.22265222466072757,-0.1740550645471028,0.07026333884136429,-0.19873926767173536
GCTAGCTTGAATAGCT-1,-0.12264097715461689,7542.0,B,759.0,1314.0,-0.07437696961887574,-0.18405089858419085,0.11455506311395226,-0.25088271053847727,-0.1859179849451216,-0.1620531833726303
GCTAGTAGAGCTTGTA-1,-0.04539544903149146,6427.0,B,1030.0,1020.0,-0.15585050670584757,0.19831124539758294,0.13057061706546633,-0.0926988509514692,0.07552050950225968,-0.3591824478890042
GCTATCGCGGCGCAAC-1,0.001829734865043453,7694.0,B,497.0,595.0,-0.1309817507454028,0.17921076145111642,-0.06659957613569462,0.09079222540614101,-0.18313926731366229,0.05726811649116889
GCTCAACCTCTTAGAG-1,0.11149945799708905,14939.0,B,302.0,528.0,0.03290421377915569,0.2921777519150436,0.09473582661200529,-0.1655298857604729,0.1593830036297271,0.13898729047957914
GCTCAATCCGTTTATT-1,0.11107677934994926,6030.0,B,643.0,1338.0,0.020601519245914357,0.45107534474249256,0.3246194526613696,-0.1339152696764312,-0.0689776765188148,0.14395840298893192
GCTCCTGACATACTGG-1,-0.10549481129373695,16612.0,B,604.0,1405.0,-0.2130374810783151,-0.18308836628248396,-0.28744292382067815,0.0029034003506412595,-0.22165495943943328,0.16988573626312206
GCTCGCTCATGTCCAA-1,0.07720009631607073,5238.0,B,1470.0,1063.0,-0.005930955323626745,-0.07317072614639784,0.049766518378875496,0.4764085099727848,-0.036543961609774626,0.20005605336632284
GCTGAATCTTCCAATC-1,-0.11897796076239373,5982.0,B,488.0,1473.0,-0.06668187693426622,-0.15781419268508076,-0.2936048734691062,-0.16400447261513956,0.06469396081784844,0.006847149560374719
GCTGAGCAACGGTTCT-1,0.014637703990137294,6316.0,B,276.0,573.0,0.14163174967099132,-0.1192482291434942,-0.07715293468251345,0.17518049263898752,0.03833215783828016,0.05923609088917614
GCTGAGGCGTGAGTAT-1,-0.21643541733284308,12087.0,B,1017.0,1043.0,-0.09150823563360043,-0.30012792474571703,-0.29049689186845895,-0.21955826271741524,-0.12007588405100736,-0.3030027736836679
GCTGCACGGTTTCTTA-1,-0.07541522762663413,3338.0,B,1133.0,1065.0,-0.18228824510212102,-0.004455777951644722,0.0898756174480084,0.15527316179054473,-0.1524954678193485,0.04208569913711924
GCTGCTAAGTAGTCGA-1,-0.19084874382947076,13247.0,B,915.0,1404.0,-0.6811762586681271,-0.11473318571895155,-0.32036134836089714,-0.12730210152693122,0.027131829705746492,0.034519020123405436
GCTGCTACTGCGTAGC-1,0.021086463464362458,6578.0,B,1160.0,1290.0,0.07209942557694184,0.36054944865657923,-0.11417729012520014,-0.10386522979913672,-0.05804398180992501,0.015171636498630792
GCTGGCGGCGCATGCT-1,-0.009585703182814292,3658.0,B,1018.0,1358.0,0.03552888556131885,0.05164843898582027,0.3419989341933137,-0.1496248635308611,-0.08108094904968607,-0.061953206726328855
GCTGGGTCCGCTGTTA-1,0.029950408004085848,9716.0,B,378.0,212.0,0.216763015394512,-0.02590033888583071,-0.19285815372084472,0.3382285823471661,0.09627923844535682,-0.20553507983173638
GCTGTTGCTACCGAAC-1,-0.000779818413139721,7582.0,B,1418.0,1019.0,0.06559702063723391,-0.10763713379046211,0.053780871062536734,-0.05659509979216604,0.11143604691001852,0.029444874977363332
GCTTAATGTAACTAAC-1,0.014415139834981765,8621.0,B,1276.0,1087.0,0.09301044301656824,0.016286299827394442,0.2773647445709423,-0.017610715790782404,-0.11328018362881254,-0.010509699338009593
GCTTATGAAGCAGGAA-1,0.21869028963958606,14714.0,B,1340.0,929.0,0.10293804259402536,0.6201082338360645,0.07282773373891563,-0.048154064223834586,0.25759640722046023,0.23632438171273568
GCTTCCAGCTTAGATT-1,-0.022731076983284082,5347.0,B,392.0,325.0,0.04078217065244969,-0.15819090093925728,0.15581860573374645,0.055156230669887236,-0.025622254331760907,-0.06708571333137127
GCTTGCAGCACAATTG-1,0.04190552654290272,37542.0,B,1701.0,567.0,-0.004277416493573369,-0.07319771533808277,0.018122112271829964,0.12970421614660768,-0.10380332622963434,-0.007738156835045584
GCTTGGATCGATTAGG-1,0.06858157184725819,19792.0,B,1443.0,838.0,-0.03936094108455776,0.12105823300623753,-0.00961886140251974,0.02649346814362047,-0.09037013334906788,0.23904830699093205
GCTTTCAGAGGAGGTG-1,0.1173615980342708,20644.0,B,1417.0,883.0,0.014373283935668571,0.08628211200103685,0.25566041667600103,-0.13085540125607673,0.18416860638532756,0.06120262597494374
GGAAACCTTGTTGAAT-1,0.0022611844508662188,8653.0,B,1559.0,590.0,0.27033746676793075,0.06976023272082923,0.0763546145227618,0.007862360670226696,-0.2634301276330562,0.07306181983207685
GGAACCGTGTAAATTG-1,-0.04914906040011206,6401.0,B,798.0,1247.0,0.10852391666494648,-0.23996386590758903,0.27624921598210733,0.013933633162169789,-0.0988256643790805,-0.18834875248808375
GGAACCTTGACTCTGC-1,-0.19583744868556507,5967.0,B,462.0,1474.0,-0.0394697920054723,0.0010309077912564481,-0.2634472782304909,-0.31891492116915854,-0.3903403106392199,0.1799785495117577
GGAATGCGCTAGCGTG-1,0.04349388867565088,11247.0,B,1249.0,862.0,-0.047939995645994396,-0.06564828568249842,0.0026576955273724685,0.047097450198077324,0.06484583031155448,0.13842923726453008
GGACCAACAGGATAAC-1,-0.040939134733883664,6170.0,B,1057.0,1291.0,-0.24002241543935565,-0.020218129036312704,0.08794399639695238,0.029888232439962355,-0.1912780222484903,0.2543833428784462
GGACCTACGGTAACGT-1,0.01829260323713207,7712.0,B,1597.0,522.0,-0.05517114495625615,0.10488222455734335,-0.01929466601527438,0.07650263433396913,-0.09015267876004027,0.12611736450244249
GGACCTCTAGGCCGCC-1,-0.14526238642652975,16825.0,B,578.0,1451.0,-0.4143289550787097,-0.2489526982647648,-0.3539430396411664,-0.03191347530069874,-0.23863003720960635,-0.03669453233298171
GGAGACATTCACGGGC-1,0.04534603054096285,19130.0,B,249.0,258.0,0.3805589051293247,0.10616769895925571,-0.1595337044748233,-0.12205407285776755,0.01102270099895606,-0.08386225844571257
GGAGACCAATGTGCTT-1,0.08793314952139013,24916.0,B,1714.0,634.0,-0.014156258342238992,-0.0323996938542368,0.22258568786575772,-0.03734614497089088,0.11534172480357269,0.037278382142835666
GGAGACGACACCTTTG-1,-0.06153826186921456,9265.0,B,1056.0,1110.0,-0.10510402296406117,-0.17234932889177193,0.15396742662555785,-0.017509068444239807,-0.20942428647539466,0.0005277249788895703
GGAGGAGTGTGTTTAT-1,0.09277878106093057,20069.0,B,262.0,190.0,0.39333077330196997,0.17434457107001286,0.04123975283504487,0.05514752535775916,-0.15165465548331236,0.10886502010856466
GGAGGGCTTGGTTGGC-1,-0.0077629047630471786,9153.0,B,1197.0,862.0,0.4687558597380395,0.0574012267772223,-0.3111033602113875,-0.4630728296746374,0.23570359302247484,-0.05559508404599186
GGAGTACACATGAGCT-1,0.0009735135363977149,11894.0,B,211.0,461.0,-0.05483905500340416,-0.06312495515270436,-0.03456150020035666,-0.07564714101433263,-0.06659522474678897,0.2164467576953058
GGATACTCATGAATTG-1,-0.07855147284219588,3193.0,B,767.0,346.0,-0.006909339230505712,-0.28053775393555047,0.07478165595420563,-0.06858633001994183,0.19529718170748572,-0.23374804606931132
GGATCCCTACCAGCTA-1,0.07475038437570666,5139.0,B,340.0,325.0,0.39254950018027635,-0.1257214131613431,0.23489082952887244,0.28086854721164484,-0.04317242351676574,-0.08663620743298074
GGATCCGGAATATACT-1,0.03354778610487753,21030.0,B,1249.0,907.0,0.18830365850921643,0.032253553809341466,-0.3677104117892718,0.35924990048235295,0.05583444259476322,-0.14386894282692766
GGATGAAGATCGCTGA-1,-0.11584202105732107,4154.0,B,1405.0,1086.0,-0.10044162485300677,-0.07482303886329486,-0.07398179432825322,-0.10528322022633925,-0.05195106323448955,-0.09785458614230433
GGATGTCCTTACCGCA-1,0.08363425707660126,8525.0,B,1366.0,929.0,0.19204411525060086,0.17805006547645913,-0.08979738042050993,-0.03411086680773161,0.16798906289475865,0.019669652444634228
GGATTCAGTACGGTGG-1,-0.11290536268779557,1856.0,B,613.0,572.0,-0.2272639450585531,-0.0020880287346470294,-0.25942454776169094,0.14037080470810753,-0.0735864541067432,0.004745333929360912
GGATTTCACTTCTATA-1,0.01993568913584387,28921.0,B,1262.0,839.0,0.016548376389307173,-0.1505492963821546,-0.009650660435938489,-0.02355490946458136,0.04906249477153947,-0.037868238355954376
GGCAAAGGCGCCAATA-1,-0.01869422151869854,12683.0,B,630.0,1360.0,-0.25379658503226155,0.07475716700199889,-0.3337473424772977,0.02556743663787937,0.022330110558629074,0.16069122810745798
GGCAAGCCAGGGATAG-1,0.006604245816957989,33800.0,B,1752.0,521.0,0.20070252708664615,-0.18413256029769576,0.024342007124896176,-0.1903511274798461,-0.09484605746811317,0.028602877222070472
GGCAAGGCGAAATAGC-1,-0.08027242498220552,13273.0,B,1082.0,1155.0,-0.07756269098823318,0.16833913807506842,0.048506994995593126,-0.2399318862994072,-0.07641735142797877,-0.2502670185778712
GGCCCGTATACCATGC-1,0.04331229715668595,24549.0,B,1728.0,747.0,0.09564514702733819,-0.06743439584287875,-0.08358067703970884,-1.669361851283635e-05,-0.10458591205725638,0.039596718405709816
GGCCGTTTGGGTTTCA-1,-0.020421278735418727,6295.0,B,773.0,1472.0,0.004154339746892284,0.16776907353380618,0.2809883682240683,-0.17370441410674126,-0.0005741150853768116,0.051388332143116
GGCGAAATCTAACTTG-1,-0.14203187081656704,7311.0,B,1315.0,1109.0,-0.08520794275671689,-0.038425697355518866,-0.276767539442878,-0.17995747395152933,-0.1464371956826119,-0.0034426340444776455
GGCGAGCATCGAGGAC-1,0.10622271309656317,13195.0,B,521.0,144.0,-0.026784994167925773,0.2726219847533447,0.15626404474609087,0.3349638695627269,0.05916460772800922,-0.18546698682801607
GGCGCGTTCGAGTTTA-1,-0.26902658072100016,4364.0,B,953.0,1201.0,-0.2795466059404845,-0.25071132639953,-0.18278486345995962,-0.18870594182276496,-0.31355636416182425,-0.09968894133197002
GGCGCTCCTCATCAAT-1,0.0008424037074099347,6274.0,B,432.0,527.0,-0.24587245163197272,0.12089230748709523,0.08837189454876192,-0.1255914228813459,0.09728975885734154,0.0942117436917031
GGCGGTTTGCCGGTGC-1,0.08119792113236865,10773.0,B,328.0,483.0,0.026521088975774543,0.191529724922109,0.15752462776699602,-0.030447631502648464,-0.05546337717412598,0.1330495578158181
GGCTAAAGGGCGGGTC-1,0.11448046448260261,2009.0,B,1468.0,568.0,0.535257835418316,0.27663785515625616,-0.4030667415705191,0.013765651785387661,0.544831755422143,0.1863882757204107
GGCTCCTCCACCTGTT-1,-0.024040792216115343,5747.0,B,643.0,1473.0,0.08201633086195195,0.3449239934254866,0.059933275197109115,-0.4711364642240512,0.11200340254311376,0.07338775789738551
GGCTCGCGTTGAGGTA-1,-0.02012931818128459,15580.0,B,1391.0,838.0,-0.009616993427385798,-0.004241968338129176,-0.0059940618030218384,-0.07727012694469687,0.263264422429308,-0.2969763013164387
GGCTCGTGCCACCAGC-1,0.03804339230290163,1734.0,B,678.0,594.0,0.06660409956280158,0.29647192507904563,0.1525109103230799,-0.220258312322051,0.048034180429029336,0.26370655815970906
GGCTGAAATAGCAAAG-1,-0.01443678791870313,8703.0,B,1212.0,1245.0,-0.3071769752961077,-0.03403141385041001,0.09125036039394946,-0.031831005196208,0.133046552140746,-0.12252056983045657
GGCTGGCAGCTTTATG-1,0.11043351872019071,17511.0,B,210.0,280.0,0.19485861870660254,0.28253472345958774,0.1381308225644695,-0.22083337694617605,0.1464376852919558,-0.006496794433114392
GGCTGGCTAGCTTAAA-1,-0.05459889998756849,4586.0,B,560.0,392.0,0.032051815824074396,0.06575584259357803,0.08710587458698725,-0.04108784878866798,-0.11257818537811769,-0.11832660838036302
GGCTTTCAATAAGGGT-1,-0.2405281141989294,4708.0,B,993.0,1494.0,-0.14779483799652748,-0.9249158783792796,-0.10512908946246326,-0.1753342178280931,-0.06495330845390124,0.1015476282731757
GGGAACCACCTGTTTC-1,-0.005776846469388974,9214.0,B,637.0,166.0,0.08040503153718907,0.1440132123617453,0.030121311414986265,-0.14294501485770422,0.19428897009424187,-0.3839044773809563
GGGAATGAGCCCTCAC-1,0.18305082018724544,10387.0,B,1571.0,567.0,0.5407632961052953,0.2159460663585454,0.09675342785479729,0.22122626422339162,0.02059669660403226,0.09209926725287702
GGGACAGAGTTACTCC-1,-0.009920339991896815,14822.0,B,436.0,1429.0,-0.24018564986795166,0.1130492763427621,-0.06801054666379909,-0.43648359637431394,0.0842062355690559,0.33070719780397906
GGGACCCGTATATCTT-1,-0.010867193485447915,6465.0,B,876.0,1427.0,0.040910995010171494,0.08775189911473802,0.12918674639132008,-0.17214871164167506,0.13059010662069023,-0.1929131970026231
GGGAGTAATGGCTGGC-1,-0.1356257536921743,14867.0,B,729.0,368.0,-0.12143472792226329,-0.004514896796966511,-0.036906474590692614,-0.18594007846340316,-0.2029079179232786,-0.22609122657139935
GGGAGTTAATGAGGCG-1,0.12116416809925057,14046.0,B,1158.0,885.0,0.08847394770039341,0.3292223952375043,-0.02397303864924975,-0.13357125615114626,0.23288393773465987,0.1284235745407287
GGGATCCCAATACAAA-1,0.09825872665106161,14283.0,B,1740.0,544.0,0.3792468294525102,0.38910987180473044,-0.31936029489716844,0.17970240699915713,-0.041421173294352506,-0.08278447731017533
GGGATTATCTCACAAC-1,0.1294501389599321,14944.0,B,262.0,235.0,0.09856763797815926,0.1699773922295716,0.039781029960466646,0.6424122309111235,-0.1289988807618418,-0.06850063721384944
GGGATTTACCGCACCT-1,-0.18015453349845972,6007.0,B,1354.0,1086.0,-0.3407309723014622,0.14171104183617972,-0.13428879592020573,-0.30114867261682,-0.10963579880292795,-0.0979400109950197
GGGCAGAGCAATCGTT-1,0.007061952526231888,7811.0,B,967.0,1449.0,0.1427950794561721,-0.12076464889135377,0.17472461733403974,0.20543942141126847,-0.01777351451982059,-0.2454836525710498
GGGCCGGCCGAAGTAC-1,0.07542103627971466,41779.0,B,1275.0,952.0,-0.0869516299260884,-0.2020816920244687,0.2776929487754911,0.03880472547993502,0.07674987502892089,-0.04715787048060174
GGGCGAATTTCTCCAC-1,-0.042431925544511306,9651.0,B,276.0,528.0,0.07815994402645868,-0.038386641360888415,-0.17184500786598644,-0.06737544252003298,0.0141099074519039,-0.12424684215108928
GGGCGGCAAATGAATT-1,-0.09974927746350523,7369.0,B,772.0,1247.0,-0.12065405773439537,0.24357653286253084,-0.4740879358851936,-0.22777898691042503,-0.03179694340913368,0.05954442135970635
GGGCGGTCCTATTGTC-1,-0.1024808021055166,5486.0,B,548.0,459.0,-0.40985588158621966,-0.028529904513394724,-0.12816251032583645,0.13407150082774233,-0.12699278456893007,-0.00506924980883185
GGGCGTCACCACGTAA-1,-0.19399515189390323,6522.0,B,836.0,1224.0,-0.161079865574709,-0.16211636646939626,0.006275189293248091,-0.16955195841710352,-0.11315735164458185,-0.4565014695721159
GGGCTATGATCGATGG-1,0.017609021064043193,5591.0,B,850.0,1427.0,-0.2482607837641077,0.10234173434219822,0.30562123159617177,-0.10054491740378833,0.13395893399714642,-0.08611163107653569
GGGTAATGCTGTGTTT-1,0.10995248733515463,24770.0,B,457.0,347.0,-0.040851780041801115,-0.0505420806223705,0.07093696996756906,0.25475576567765096,0.03478501611291079,0.1974117055535648
GGGTACACTCTGGAGG-1,0.09232725897340927,9725.0,B,288.0,280.0,0.14727358626713674,-0.08735061876645431,0.0722985491667821,0.23367807375839192,0.05429057756051019,0.13953625904053435
GGGTACCCACGGTCCT-1,0.11264715773857167,11756.0,B,522.0,459.0,0.20484354474481536,-0.0072156087925094176,0.0018579453776488251,0.1759381422720136,0.24537318461704943,-0.016956467286807077
GGGTCATGCGTACCAT-1,-0.06735554530885136,3872.0,B,367.0,640.0,-0.10371857015543365,-0.1913637140867356,-0.25390340395025024,0.23628565016286132,0.10690497233636398,-0.015809318778007488
GGGTCGTGGCAAGTGT-1,0.12469182196308758,20848.0,B,1572.0,702.0,0.45360053449318444,0.2276892775227618,0.040445636368247856,0.10387381301055056,-0.17454173303637913,0.14674092578967055
GGGTGACACCTTAACT-1,-0.16188788001268484,15009.0,B,914.0,1179.0,-0.770588097470865,-0.20345458890836945,0.0763920292252893,0.23923141308774287,-0.07470114838605173,-0.2341391878796862
GGGTGCATATGAAAGC-1,-0.03312619904182269,15308.0,B,1637.0,815.0,-0.0729876090732723,-0.2465670227524368,-0.027671554340240406,-0.3254243631642364,0.17022681389360167,0.10156138061140466
GGGTTAACATTTGAGT-1,0.014713631809980893,24529.0,B,837.0,1359.0,-0.16131488529892357,0.025797744185012485,0.06430515589469057,-0.19150724117067602,0.13062302794906802,0.007353149457615553
GGGTTCAGACGAACAA-1,0.046489269971008676,14799.0,B,432.0,572.0,-0.10406680540694571,-0.08712508901039275,0.06068904808062849,0.12305771237377572,-0.06549570832994388,0.2365185586813774
GGGTTTCCGGCTTCCA-1,-0.09133742801881536,5617.0,B,365.0,145.0,0.1250695750445557,0.11488707955354262,-0.22756006793475306,0.21705213207697005,-0.0503346610208859,-0.4533143057984071
GGTAACCGGCAAAGGT-1,0.07339392446660375,22950.0,B,236.0,280.0,0.14246074794080846,-0.010185937189727587,-0.06624832704476184,-0.00935347615950799,0.16593714697838716,0.003650456131924544
GGTAACCGGGAGGATA-1,-0.08482059892291938,7394.0,B,539.0,1428.0,-0.3089777605586321,0.061426321555008795,-0.01573722442192579,-0.16493200197495292,-0.18428630150352743,0.13742655674752857
GGTACACCAGATTTAT-1,0.02901632280265439,19493.0,B,1715.0,724.0,-0.02245930456411039,0.035577223714217635,0.0628103056591094,-0.08713051171980182,-0.13461397874671513,0.09701648110515373
GGTACCATTAAGACGG-1,0.03728570921628573,10888.0,B,1547.0,793.0,0.26668724788036496,-0.17275083199128474,0.08755932885162343,0.17594066831033064,0.06757368440865474,-0.1461709501120371
GGTAGAAGACCGCCTG-1,-0.04597171056626255,7953.0,B,1109.0,1335.0,-0.06322647746687257,0.007483890042007623,0.007275158069436999,0.07961106922856953,-0.2077390974839759,-0.14718511046650798
GGTAGACCGTTGGGCG-1,0.07819565681980145,9450.0,B,876.0,1336.0,-0.11120916154567413,0.15379710700832838,0.26059095798878384,0.21864261563609602,0.049389367493672204,-0.1807263224005184
GGTATCAAGCATAGAA-1,0.26485385044788423,18735.0,B,327.0,212.0,0.03791194856267302,0.3120552809140501,0.05270323448285978,0.0786397459156647,0.2630387808401114,0.7868506165005864
GGTCACGTTAGATTCA-1,0.03891965801942757,8158.0,B,677.0,278.0,0.14868738259172315,0.3047224635327872,-0.08474942277984919,-0.23122181749476123,0.19676391858475667,-0.03183913211410559
GGTCAGTGGGTCCCAC-1,-0.1552972201482233,2614.0,B,992.0,1223.0,-0.15147812367172273,0.0038964860947840116,-0.005486926609926827,-0.18465007330205585,-0.2741029711806605,0.00048478430852914867
GGTCCTTCATACGACT-1,-0.019481647690537313,10526.0,B,302.0,438.0,0.21372545944314567,0.002354611285910033,0.1351578577552111,-0.3123244668234409,-0.044034190324647,-0.11598191050639414
GGTCGGATAAACGGCG-1,-0.0062666433083665984,17927.0,B,1442.0,658.0,0.1726987561970605,-0.11535806663723346,-0.47807206550029746,-0.13417515385685094,0.10285472967169597,0.21092281805325108
GGTCGGCCAGGAGCTT-1,0.21206644196549196,30494.0,B,1275.0,861.0,0.20403227715296662,0.15991297169215898,0.0602876763748622,0.14914566001649213,0.16118643437121172,0.22805386911710757
GGTCGGTAATTAGACA-1,-0.0867059951909522,4327.0,B,651.0,414.0,-0.1105850947828837,-0.49537435037124694,-0.18079809079549658,-0.08878130637384435,0.3555718270487741,0.10315917850411334
GGTCGGTCGTCCACAG-1,0.044503569041348154,5639.0,B,863.0,1404.0,-0.01572414540046605,0.09334303425723856,0.044325728605777825,0.24374046617396236,-0.04294105386865909,0.07574502191147872
GGTCTTGGTGTTAACT-1,0.12218823425934207,39387.0,B,197.0,303.0,0.07796618215650718,-0.02979291292596014,0.10296646015983554,0.08260668165455726,0.19772292192479765,0.011018168521312502
GGTGAACGGGCTAGCC-1,-0.0193436575995689,6554.0,B,599.0,324.0,0.09506310691117921,0.013418632007877997,0.23594406112589844,-0.2800891521969753,-0.11459508028598314,0.23793409254757433
GGTGATAAGGAGCAGT-1,-0.027337314528284612,16577.0,B,1211.0,974.0,-0.1889726918452173,-0.10562642077276999,-0.04295217977772961,0.19882367982243238,-0.13210544384278594,-0.01614453979642701
GGTGATTTCATCTTGT-1,0.01265474726777819,5606.0,B,690.0,346.0,0.0434935217514438,0.03167607756242716,0.15348834835011535,-0.07964185719465262,-0.0390203436853275,0.18606809217869036
GGTTAGCTATATGTCT-1,-0.03328515192281735,3015.0,B,1315.0,1199.0,-0.3593986047338673,0.27057071194669335,-0.03562279537414173,-0.16371833107998823,-0.09899886598067677,0.34063916573151054
GGTTTAATTGAGCAGG-1,0.19546199905989625,20587.0,B,1689.0,724.0,0.1946267911324656,-0.15957970841618388,0.06331693058046986,0.8154791209691398,0.15771215691469553,-0.04942191520495992
GGTTTCAATCGGTCAG-1,0.057171224221276636,13956.0,B,1366.0,884.0,0.2975158148421377,0.16269225868094045,0.012860905860933169,0.006850661356760383,0.06671069560705788,-0.1247653344219914
GGTTTGAGTGCTGGAA-1,0.01969976061856049,1587.0,B,729.0,413.0,-0.17267303425736283,-0.13867328607180873,-0.057652268674360775,0.0933091432066244,0.050167880927109554,0.5921779298484529
GTAACTTGCGGCAGTC-1,-0.059953326950118874,14406.0,B,703.0,368.0,0.061896737767543,-0.22551689296562122,0.0347389410069924,-0.018842865169179247,-0.07672822968813625,2.0498593867612075e-05
GTAAGTAACAGTCTGG-1,-0.0007764691640763932,3899.0,B,1250.0,1042.0,-0.19344493851061786,0.10247948586508797,0.1268814442812379,0.2482200014284551,0.10547463263651063,-0.21628906193624337
GTAATAAAGGGCTCCC-1,0.04670392111622221,10903.0,B,1521.0,838.0,0.0077284499385266905,0.01892893200242701,-0.022688820068727755,0.11705944477092065,0.2922542007358102,-0.038775182341577764
GTAATCTGATTCTTCG-1,0.004697141029895546,7828.0,B,759.0,1269.0,-0.11820521964750565,-0.14877100680110397,0.10690416924239264,-0.05574990890194058,0.21772852935782402,0.18613450390086272
GTACAGAGGCAAGGGT-1,0.030707587792433703,13650.0,B,1262.0,974.0,-0.004025190311595227,0.2603084695345808,0.01827236423276592,-0.1320283485167702,0.022710520691391064,0.1327835891030585
GTACGACGGCGCTGCG-1,-0.13432291378919808,2764.0,B,522.0,414.0,-0.46557243484250715,-0.2339347307827423,0.2937392046965315,-0.20251169908785582,0.18403814153395026,-0.07993942437991329
GTACGCTTCATTGCAC-1,-0.056476595303987645,12979.0,B,1121.0,1178.0,-0.23705640561903857,0.17184899976273293,-0.24020338624685886,-0.12688115233609784,0.1604214599624964,-0.1141899829917081
GTACGTTTGCCCGTCA-1,-0.19208094716199994,2796.0,B,1069.0,1133.0,-0.009906813560247474,-0.018676679084534457,0.008041057075761054,-0.5532494607352791,-0.13006790991835449,-0.12035621336290445
GTACTCCTGGGTATGC-1,0.006604650901410873,9047.0,B,1507.0,725.0,0.20683557619797102,-0.010068259651405892,0.048713066145489946,0.2992436737295298,-0.1004797975921308,-0.3652029968571545
GTACTGCATGAAGCGT-1,0.008377136015551373,11739.0,B,690.0,391.0,-0.006661075760139915,-0.12073494166734516,0.027872412325974857,0.1216238282399555,-0.010474668909173038,0.05164347944061429
GTACTGGAGTTAGACC-1,0.06715051603573165,11486.0,B,1236.0,884.0,0.28265514535727415,-0.07740456547142471,0.1853412633812105,-0.17479004898688114,0.30672454822343875,-0.09276981343758986
GTAGACGTCGTTACAT-1,0.13924866368248331,1455.0,B,690.0,436.0,0.24522793959849248,-0.11614469653985067,0.31440280504220325,-0.09539285802684459,0.1820944332322833,0.6495709928174092
GTAGCCAAACATGGGA-1,-0.10670414892362418,4021.0,B,1095.0,1268.0,0.02929220663606852,-0.18649689351112728,-0.018054333502426377,0.28569169719678683,-0.05579996102128974,-0.3968093075253581
GTAGCGGCTATACACT-1,-0.00554865388155678,7435.0,B,1081.0,1020.0,-0.1591918980437624,0.1842103345907323,0.15840563946989855,-0.13600842498774998,-0.0755895630070229,-0.020968111446925515
GTAGCTTCCTCTTGTT-1,0.07805798116333204,15849.0,B,1340.0,839.0,-0.02072108846793992,-0.09654785525878838,0.03762712798104251,0.1312481907606458,-0.02693611668628447,0.26067943297321067
GTAGTCGCGGGAATCA-1,-0.09940355610854273,16219.0,B,1238.0,1245.0,-0.2998186021577315,-0.04173602708035445,0.13151447236235506,-0.47036416108379453,0.13194124335008586,-0.21465447638573626
GTATAATCTCCCGGAT-1,0.14325419161722436,12004.0,B,341.0,460.0,0.19657377179600924,0.30808357635325706,0.10318614393571157,0.11260817400084489,-0.025918047791597065,0.18172022795754317
GTATATGTTACGGCGG-1,-0.015575253411395762,17839.0,B,443.0,279.0,-0.3393601839661569,0.08478426488596384,0.03406896251058339,0.1063008870513882,-0.1643688960682519,0.05316213388266654
GTATCGGGACGAGCTG-1,0.09208677332606502,9473.0,B,379.0,257.0,0.11273866644135208,-0.04331542066269893,0.20352922670413712,0.12753852447657107,0.20610480733303493,0.06446552094152021
GTATCTCAGTCTTGAC-1,-0.08590758637091357,2411.0,B,475.0,1451.0,0.06275489870108956,-0.0995353314631821,-0.18530444325852627,0.044954809148830974,5.678179712428899e-05,-0.13409651262785072
GTATCTTTCATAACCA-1,-0.08432704892593715,8792.0,B,1043.0,1178.0,0.17113914960270768,-0.2159282134349574,-0.049538585441146823,-0.4566736496152035,0.10337201134891442,-0.021489335283552066
GTATGACGTGGGAAAC-1,-0.07032909012880255,7258.0,B,560.0,301.0,0.1847795960834959,0.05974805227259636,-0.5674813269575913,-0.049175066322381444,0.08632379980250057,-0.0252528558417735
GTATGTGGGTCTAGTT-1,0.0823821616991556,28321.0,B,1379.0,996.0,0.021341076174170137,-0.0965260192659519,0.12099147746897254,0.13346709023465847,-0.009766221255707142,0.09327264815276617
GTATTAAGGCGTCTAA-1,-0.20597244657404568,21729.0,B,523.0,595.0,-0.38235600946757137,-0.5201032331888936,-0.07134792062769546,-0.19426303507893283,-0.1422390068322226,-0.02354017516454558
GTATTCTTACCGTGCT-1,0.11348922775593902,14410.0,B,456.0,302.0,-0.10713867118281842,0.1423674774221876,0.30193864997934533,0.05142982352389572,-0.05023435349615803,0.0695965077728247
GTCAAAGTTTACATAG-1,-0.010193428957549239,3195.0,B,561.0,437.0,-0.0002827272550228743,-0.05034719242084064,0.25849110235569484,0.008321801022999481,-0.007027469978700324,0.1680474296251417
GTCAAGCGGACTCGGG-1,-0.044467132309018546,7126.0,B,1185.0,1020.0,0.08591303617669746,-0.16045285183361707,0.007988812487555653,-0.1908682366310037,0.1541590959761107,-0.06421082293891014
GTCAATGCTATAATTT-1,0.05921334271556802,21674.0,B,1740.0,634.0,-0.0768877801478718,-0.005340253429223486,-0.04299943278799211,0.03962341011553116,0.11024428093272085,0.1472390730812495
GTCAGACAGCGTTGGA-1,0.10725022640106989,22811.0,B,236.0,325.0,0.1905363754404928,0.04054193907133942,-0.0009660523492069431,0.14180315394886842,-0.0553568008494905,0.1486828291250466
GTCATCTCCTACAGCT-1,-0.07812682832069986,9503.0,B,340.0,415.0,-0.020371409755044437,-0.062452692745836876,-0.029730449436030693,-0.29193225810382534,-0.13830184619029304,-0.027990431322337597
GTCATTAGAGCGAACG-1,-0.07647419944716154,4906.0,B,1055.0,975.0,0.08166366799230677,-0.05191296813583967,-0.07390223154533077,-0.20751288519289418,-0.3083015402863498,0.31927231345790097
GTCCTACAGGCGGCTC-1,-0.08829628853557321,3666.0,B,393.0,550.0,-0.08276536315605224,0.0715467543035018,0.05156140185063846,-0.2303239584996054,-0.017466166559375045,-0.08978064027462762
GTCGCCGTTGTGTGTT-1,0.08938695716473502,12712.0,B,747.0,1427.0,-0.03602683539852615,-0.1685206380576198,0.2652724020055069,0.4231721940593851,0.10922508553899231,-0.1520151694200223
GTCGCGTAACCCGTTG-1,0.11808175232432906,4962.0,B,1159.0,1020.0,0.004551020436626016,0.5202959063205499,-0.0766006307110193,0.19169741208014557,0.16542244215186735,-0.08349296675632059
GTCGGGAAGCAGAAAC-1,-0.005215342891712799,6715.0,B,1032.0,1471.0,-0.07276448160402438,0.043338312183633716,0.2234815767712618,-0.11248215785625022,-0.09566797316311687,0.10761117823799861
GTCGTACCATCTCGGG-1,-0.036009518047249445,2115.0,B,991.0,1178.0,-0.3933109648967714,-0.25680877359326804,0.1022263169744372,0.3373866053930511,-0.06843111523709079,0.3574336497538877
GTCGTGTCTGGTCATC-1,-0.1395846353324547,840.0,B,1611.0,770.0,0.022654953633633595,-0.06101537883338415,-0.05078623052491478,-0.11413966169503284,-0.19640171427481726,-0.05608480370170388
GTCGTTATTCGCTTAT-1,0.14199533765642325,3542.0,B,1173.0,1177.0,0.09771150239136653,0.17790418583640727,0.29906171356334127,0.4911532975865255,0.08959135719011099,-0.0045798151993993105
GTCTATTGGTTCCGGT-1,-0.0670882692080211,13312.0,B,1354.0,1267.0,-0.008618354873491618,0.06050160049818586,-0.08399820104850207,-0.35952515079882325,-0.04613159903908849,-0.06562504735016786
GTCTCGACTAAGTTTG-1,0.16134735209691403,22788.0,B,1624.0,702.0,0.061129756491547824,0.15383865739896016,0.20209053671020674,0.1305393169140458,0.013084382430185268,0.21796075897975126
GTGAAACGTGCTCCAC-1,-0.12868136160774485,12059.0,B,664.0,391.0,-0.39306717568124566,-0.21789041228229875,-0.2485232508838324,0.1324474671813537,-0.10757012090595224,0.005418693207623228
GTGAACTCCCATTCGA-1,0.013056720301204985,9306.0,B,1534.0,815.0,0.03478530040058284,-0.14073156300254056,-0.10981980450426646,0.10733286887099441,0.232227952332114,-0.03840442248283655
GTGAAGATTTCAAGTG-1,0.037829230303438474,4985.0,B,1520.0,612.0,0.07471417803428707,0.048627211533391695,0.15338058770492277,-0.016662988898080267,0.024976642163713685,0.12781681306877335
GTGAAGCCGTATAGTC-1,-0.018135765385734658,9507.0,B,1572.0,612.0,0.07101587817994072,-0.09958174986291135,0.1651576643946453,-0.2341330609771504,0.11112629523540858,-0.07267075325359863
GTGACCGCACACTACG-1,0.03561340780719887,9565.0,B,1366.0,1019.0,-0.025867266843574092,-0.028645398536459022,0.05236880375378022,0.1250533123806282,-0.06048051090666366,0.18220707793004304
GTGACGAGGGTGACCC-1,0.047947220365322035,25891.0,B,1663.0,860.0,-0.05978647074602036,-0.051435894879847,0.005802213266416903,-0.003429724622661376,-0.03379122253944293,0.14427937564507654
GTGACTTCAGTAGTGC-1,-0.16396779476552673,17428.0,B,836.0,1179.0,-0.049397198827466945,-0.3902873863864943,-0.20049064691149232,-0.05140193702110461,-0.3357322255064703,-0.05783406470877649
GTGAGGACACTTAAGG-1,0.09054953409491516,5456.0,B,1185.0,1065.0,0.2806434211625284,0.08527908699098018,-0.07708596935933018,0.19018686421964306,0.015216752346271446,0.12811988138028774
GTGAGTGGTACAACGC-1,0.03447340164682186,4150.0,B,914.0,1314.0,0.08388850091440384,-0.020530282886234,0.066646455818235,-0.14324316446894297,0.2623409119265817,0.14514679339024184
GTGATCATAGATCTGC-1,-0.043076276852415586,7284.0,B,927.0,1156.0,-0.09159782831572096,-0.0346230131527554,-0.15129580258632078,-0.11320239519165294,-0.018708895536787454,0.240674477139295
GTGCAAATCACCAATA-1,0.03582581760461853,21224.0,B,236.0,145.0,0.26040417439755265,0.0656106955976333,-0.10680041064499288,-0.027603757420440685,-0.06973358923227385,0.08814783348720388
GTGCCCGTTCGGATTC-1,0.12717337508214874,14253.0,B,1289.0,1019.0,0.022982405634202896,0.07765909799009685,0.15288470097226833,-0.013390948567235092,0.40894424569178567,0.0007699772638196829
GTGCCTAGCTATGCTT-1,0.0688962001022306,16019.0,B,328.0,438.0,0.018015168728117585,-0.019209506852535155,0.0734419228590937,0.010187849172014367,0.26162751824777986,-0.0763181400288329
GTGCGACAGGGAGTGT-1,0.06091186882912319,10440.0,B,1483.0,951.0,-0.11137788571948129,0.08781795650479506,0.08263013621484482,0.13829830515867578,0.07070199677884215,0.16650792419830043
GTGCGCAGCTTGCTCC-1,-0.08205712248440764,4196.0,B,612.0,256.0,-0.23775034855669783,0.017375438622217482,-0.04821327079586668,-0.24830068686863893,-0.012186299728245038,0.03996942084556095
GTGCGGGACCATCGGC-1,0.1548176249685511,6416.0,B,702.0,278.0,0.13084538485942898,0.03875784740767631,0.10188447625216548,0.4763540318645105,0.031924008973758564,0.1599228480958867
GTGCGTGTATATGAGC-1,0.052142740993800604,3949.0,B,1263.0,1064.0,0.21405120662824745,0.3123438896273678,-0.2533504608614271,0.32526519803853843,-0.03195583637540848,-0.1919396229782232
GTGGACGCATTTGTCC-1,-0.09157570897100618,15060.0,B,1018.0,1403.0,-0.05789890532878311,-0.011973896571900275,0.06858292555826581,-0.09877513614360041,-0.2686046948351312,-0.37018754719876096
GTGGAGCGTTTACCGA-1,-0.14696535252397555,13557.0,B,397.0,1451.0,-0.5204031558024332,-0.2437524521213879,0.07699902078450817,-0.10047305446623278,-0.2817713986603653,-0.03870335103271172
GTGGAGTCGGCGGTTG-1,-0.13691250584912723,10727.0,B,682.0,1360.0,-0.3696350155582387,-0.11764930236375412,-0.0023611228247180415,-0.04116304244373279,-0.20050857230006186,-0.12557193179512444
GTGGGTCTTCTTTGCG-1,0.014590236966317525,10907.0,B,417.0,189.0,0.04985398076821189,-0.2043830411894652,0.14966458812737324,-0.12423171915510929,0.1898605691756303,0.06408687461727566
GTGGTATAGTCTGCCG-1,0.005102744912536372,18926.0,B,721.0,1427.0,-0.04672999660144506,0.06428189641890418,0.09712576156906289,0.08203962183613772,-0.0709548599518038,-0.13414878321873874
GTGGTGGCCAAGTGAA-1,-0.07302536203672357,8936.0,B,1212.0,1155.0,-0.10849564815257086,0.1340084055246548,0.07350736656847438,-0.1925983033335767,-0.20380824153029228,-0.20510090075175064
GTGGTTACTTCTTTCG-1,-0.011908566812732047,6088.0,B,1547.0,838.0,0.1779048814230435,-0.15903712887223953,-0.0342183096957189,0.02704997014488701,0.1733483455688449,-0.13182965062274188
GTGTATGACTTTAAAG-1,0.10522788723936097,12187.0,B,715.0,256.0,0.5594984800849707,-0.0036243275107518125,-0.21457173772305677,0.053377324688520036,0.33852971678959326,-0.06653414204615146
GTGTCGTATAGCGTTC-1,-0.0643987455356486,3439.0,B,1174.0,1358.0,-0.28873811640806263,-0.10148154432268369,0.04281458112723789,0.28238959941765823,-0.1300740637075128,0.03467443012967573
GTGTGAATAACTTAGG-1,0.13861872569850242,18911.0,B,1262.0,884.0,0.2147818049658596,0.1856170828115471,0.026962166821014887,-0.020194822036270647,0.29452533859065416,0.02939766696555507
GTGTGAGCCGAGGTGC-1,0.12067791153966217,7934.0,B,611.0,166.0,0.17521058803040573,0.09878214909664106,0.13832082228119918,0.25880291148696566,0.05263365933868968,0.13561114448485423
GTGTGTCGACGTCGCT-1,-0.06301177791634771,8401.0,B,224.0,483.0,0.3036372469627128,-0.003332636058242907,-0.26477172649010566,-0.38184469561118517,0.1109838256935212,0.0011313741035469168
GTGTTACTATGCGTCC-1,-0.006443787961921188,3092.0,B,1159.0,1065.0,0.24622053835539703,0.06126433036754072,-0.20023371378993018,0.08245147069765711,-0.05916775266959176,0.03371276134304236
GTTAAAGTAGGACTGG-1,-0.047354269740798594,20276.0,B,1264.0,1245.0,-0.23392014772142955,-0.11316130913415275,-0.03996872659504264,-0.1258578607153894,-0.1643933417399183,0.04716197275419289
GTTACCTACAACTTGC-1,-0.012335575171702917,14358.0,B,1056.0,1200.0,0.12738936758048716,0.22583732766678782,-0.13183821922740097,0.11942960844554451,-0.1792363720629211,-0.20275071718876006
GTTACGAAATCCACGC-1,0.11275476280004472,8593.0,B,611.0,211.0,0.35746120560408023,-0.1352942680874063,0.24284620093655399,-0.06339664823790266,0.14212363355436664,0.07491274988409312
GTTACGGCCCGACTGC-1,0.08744911720711171,4959.0,B,689.0,211.0,0.1603161187199329,0.11992717780114272,0.3005374037306434,-0.10330927913116134,0.29287911375483566,-0.08680141314301533
GTTAGCCGTAAATCAA-1,0.02497240138958421,19008.0,B,1611.0,815.0,-0.026445639128606507,0.03166506220077602,0.006614144356509061,-0.12068375435406437,0.10800710476445205,0.04308778055498452
GTTATATCAGGAGCCA-1,0.18296679677194877,30120.0,B,1675.0,657.0,0.1948441401192481,0.44935545719548736,-0.033056507753308324,0.07226653115100728,-0.08626851677680278,0.1921953229873051
GTTATATTATCTCCCT-1,0.06373874237894853,4156.0,B,914.0,1224.0,0.1620237883425094,0.2760340453451269,0.18589791481634985,0.013433104887268212,-0.06370909730730505,0.033575963339743706
GTTATTAACGTGGGAG-1,-0.02470076500204363,13118.0,B,419.0,640.0,-0.2758615334070375,-0.10207554416755905,-0.12322825406536105,0.07895796583690012,-0.015114527503976629,0.1659580713022024
GTTCATCGTTTGGCTG-1,-0.15736369326061678,5591.0,B,1547.0,883.0,0.1506499893828628,-0.45492517070122895,-0.28260398699360384,-0.03984616095149096,-0.12822987710698644,0.04208056661139387
GTTCCAAGACAGCGAC-1,0.027923840120667665,8794.0,B,521.0,234.0,-0.14270208663032719,0.06232112129758903,-0.04251763129710438,-0.09606417398705153,0.13354772461232944,0.164677020893588
GTTCGGGCGTACCATT-1,0.09503704122062348,4287.0,B,1586.0,860.0,0.07699643571710735,-0.07348360498416161,0.25321091090317044,0.03184163794077815,0.3712910013058959,-0.02256166746453344
GTTCGGTGTGGATTTA-1,0.23987061612101068,16960.0,B,223.0,258.0,0.29914968620220683,-0.004998487295879685,0.31852642712462637,0.2603452186128831,0.262522952890923,0.12872547822438005
GTTCGTCTGGGTCCCT-1,0.22914078399929472,13020.0,B,1727.0,612.0,0.050728178995252705,0.6789550693544126,0.07122894797230789,0.11241392602348652,0.3470904417772377,0.0179064397650393
GTTCGTTGCGGACCAG-1,0.08149310834909856,46016.0,B,650.0,143.0,0.04096831680878765,0.13821378636733797,-0.08951052019552988,-0.06635886493233355,0.13057993588685418,-0.0667477362085267
GTTGAGTCCCGCCGGT-1,-0.0952679923512249,9237.0,B,1199.0,1312.0,-0.17728422928393328,0.013471627717953938,-0.08109350827810355,-0.14432280920060403,-0.08669363466621598,-0.06584502161965738
GTTGGACCGCATCAGG-1,-0.00036767550908684,43008.0,B,1688.0,589.0,-0.011856511228726108,-0.37973151572287595,-0.08717622304294723,0.09034638377548886,-0.02031846162157217,0.031781015973264826
GTTGGATTGAGAACAC-1,0.039663940861004714,15770.0,B,1327.0,861.0,0.07162717878333108,0.19439553806903087,0.031016558269022037,-0.1588483884429687,0.0679366712532281,0.01823693449950942
GTTGGTCATGCTATCC-1,-0.04585501539997386,8698.0,B,1005.0,1381.0,-0.3030063001528494,-0.21593862398313535,0.0962458470478958,-0.032783661575637876,0.18624616857051335,0.025090032992507567
GTTTACGTTCCATCTG-1,-0.013112400064528212,2502.0,B,1018.0,1223.0,-0.11970609282999824,0.10301864472678399,0.1191808729562264,0.4163462188669238,-0.2408608355254145,-0.0042348292503146395
GTTTCTGCAGTCTCCC-1,0.11233074108854936,7899.0,B,1120.0,1042.0,0.03465285076443836,-0.010521947899666368,0.16376985150861234,0.1514773838226523,0.008009631946862151,0.2768085362019999
GTTTGAGCGGTTATGT-1,0.07204981488166826,72607.0,B,728.0,143.0,0.19593050509491966,-0.015237461145105428,0.09243150699144204,0.0746349285552948,-0.10755568450927833,-0.06654496225051797
GTTTGGCCCAAGTTAT-1,-0.15299214056005336,3749.0,B,1224.0,1087.0,-0.33474519628111515,0.04112437562771744,-0.21348329587515874,-0.0597327193873066,-0.04976985035917876,-0.015784632362446843
GTTTGGCCGCTCAGCG-1,0.06253200334662404,2123.0,B,599.0,414.0,-0.29390990231523406,0.06840831705092545,0.31460257792214363,0.08237319076145289,0.19278948935742685,0.20447075910421264
GTTTGGGCTTGTGAGC-1,0.08524953335816672,10171.0,B,1031.0,1291.0,-0.15829969703452565,0.08358857137736198,0.4570588745319362,-0.02378964336251981,0.0823945828457052,0.05580721941706061
GTTTGGTAGGGTCAAC-1,-0.10377327357395755,8414.0,B,953.0,1336.0,-0.06512340810611737,0.11611749988717247,0.24611508842820617,-0.41906362197788954,0.15349728808709187,-0.6277338144660072
TAAACCCAGGAGGGCA-1,0.025303207226969243,7034.0,B,656.0,1360.0,-0.06417285456398725,-0.06627496069706242,0.07072913437109683,0.28986139432114577,-0.11418676432615063,0.0557483937117609
TAAACGTCGTCAATGA-1,-0.024658099264275743,3895.0,B,341.0,550.0,-0.11370976771752134,-0.10337846360121103,0.22675140196852211,0.30579593860472026,-0.3281748162309814,-0.0336018309506015
TAAAGCGTTAGGAGAA-1,-0.07025349937133912,7040.0,B,1326.0,771.0,0.3273401257941712,-0.15934979874127062,0.004063285852913021,-0.3524786684586351,0.050832251872724395,-0.2544442857287402
TAAATCTTTACACCTC-1,0.013560303301101133,23971.0,B,1740.0,679.0,-0.1794280961500978,-0.18378767563247672,-0.0242151856276203,-0.04302286238001518,0.31000172736573933,-0.029945851632395125
TAACATACAATGTGGG-1,0.05522190429816155,12577.0,B,1094.0,997.0,-0.19205929052989468,0.0867432380020382,0.007434463564850808,-0.06714611994054201,0.040310198856237676,0.36058630016240895
TAACCGTCCAGTTCAT-1,0.13763391425946556,13739.0,B,378.0,167.0,0.20196924300578425,0.35515803859807565,-0.016259589083022514,0.0912664642205088,-0.009308968296600918,0.14978913857455878
TAACCTACCGTCCGAG-1,-0.22693995722671423,10010.0,B,1495.0,883.0,-0.7878347225068968,-0.10548285454281343,0.03110307993869925,-0.055743580227344665,-0.12237223587195525,-0.24272484565028246
TAACTATTACGCCAAA-1,0.052083178679893385,15443.0,B,1572.0,792.0,0.1144917708676317,0.05908081099796106,-0.04083148523287204,-0.001352456190768618,0.0032792264532282393,0.233165570958255
TAACTCCATGGAGGCT-1,-0.019945145632165623,3548.0,B,535.0,572.0,0.09923792975928741,0.027388034276484417,0.03288771280198385,-0.16564341535387747,0.07513802206101061,-0.07276653782665314
TAAGATTTAGCGGGAG-1,-0.05146724822026384,3705.0,B,650.0,233.0,0.11243149168063211,0.12493481820715889,-0.2104654206254084,0.20724791795685313,-0.295649850688838,-0.05790212020313405
TAAGCCCTTACGACCA-1,0.027875000093718256,73124.0,B,1662.0,454.0,-0.04148474726490392,-0.15615441607337358,0.03549764180235373,0.054943493642302915,-0.23738961814970455,-0.009878167253664125
TAAGGCATAACATCAA-1,-0.15518693754827567,12392.0,B,824.0,1427.0,-0.4269510407739029,-0.0430505174477986,0.1263627370235865,-0.38377549782361464,-0.09464636966980243,-0.13673253300017063
TAAGGCTGAATCCCTC-1,-0.09321120729616598,15010.0,B,1445.0,1154.0,-0.01450920569830079,-0.4300770439964157,-0.14071035514772703,-0.013471325422243885,-0.03793976449401572,-0.023747008918295176
TAATAGAACAGAGTTA-1,0.05680161789857628,18043.0,B,681.0,1270.0,-0.03783761621752522,0.006040390910212981,0.0666447670222814,0.006290995319687465,0.21987337996534514,-0.13016522392340793
TAATAGGTCACCAGAA-1,-0.021269574600721507,7794.0,B,462.0,1519.0,0.11457705226480838,-0.15876230130523689,-0.193297397411916,-0.058162827479858396,0.15882986933944754,-0.000837878499601619
TAATCGATCCGTACGT-1,0.04685066042890612,8416.0,B,1391.0,703.0,0.033355128363933895,-0.2111035608666643,0.4026900782613751,-0.04471622793889361,0.3898078452147243,-0.1717411365337816
TAATTAGATGGATATG-1,0.043299136993547996,5100.0,B,599.0,369.0,0.19070589291754259,0.15479022644336593,0.1561913884348382,0.03379882373211134,0.10223443816207636,-0.12147350412312757
TAATTGGAATCGGGAA-1,-0.023778233253551967,1461.0,B,1545.0,522.0,-0.053453178822993164,-0.04359797241309539,0.23569675004708437,-0.060575469158236556,0.07916811338443788,-0.030580314567437136
TACACCGTCGTTAGTC-1,0.09056174620330382,30010.0,B,1702.0,702.0,0.07693968844775277,-0.09493501005224805,0.13459178870534988,-0.025906484305718097,0.06247932389292763,0.07288318170955102
TACATAGGCATACACC-1,-0.06965992701090291,29961.0,B,965.0,1043.0,-0.24120230723170463,-0.0489623401658123,-0.024357892142143168,-0.21311903582845665,-0.1673913569773563,-0.12619399672159004
TACATCCCTATCCCTG-1,-0.13483678222671958,655.0,B,370.0,1136.0,-0.05441822768478807,0.26076085942981864,-0.0488151545611326,-0.09261601395133084,-0.1549807886665888,-0.31002422732970764
TACATCTTGTTTCTTG-1,0.06917588549374663,8127.0,B,224.0,528.0,0.09874057376714739,0.6134235031470031,0.09002503115306364,0.0019020736331162563,-0.1575570818221198,-0.07498733538824534
TACCAAATAGCCCAGA-1,0.017702895768967174,10189.0,B,980.0,1471.0,-0.1119750028353701,0.27258725330061256,-0.13221652358166228,-0.042685268851152446,-0.010692883029996955,0.08345276894382489
TACCAGAAGTAGGTTC-1,0.0664503918493528,5539.0,B,849.0,1246.0,-0.022125141518082363,0.21099885713710687,0.31566352711974627,0.006022397519258843,0.14522626503258063,-0.2921780682279044
TACCGATCCAACACTT-1,-0.04368879377610422,7445.0,B,197.0,168.0,0.15256911759442413,0.02958352711743789,0.03466582862928838,-0.29607733512940504,0.07531051226338312,-0.18255665034600027
TACCGCGGACTTGCAG-1,0.018450207202679564,22787.0,B,1443.0,883.0,0.07862863021441051,0.07448785572951785,-0.3264515194764095,0.09778547938204377,0.0730398435469739,-0.05694803426909484
TACCGGCTCACTGCCC-1,0.26928080124417053,6987.0,B,1030.0,1201.0,0.16683802962197578,0.07443523499305903,1.4639079088266442,0.10949805485069732,-0.06944914627643312,0.03414505717600866
TACCGTAGGTTAACTA-1,0.023530975247308884,37158.0,B,928.0,1471.0,0.06727832386262479,-0.1303298704284387,-0.03424517418855296,-0.03927262298463653,-0.026413743951524654,-0.06471320376399793
TACCGTGCCTCGGACC-1,-0.018168559249827486,4056.0,B,1083.0,1290.0,-0.03142415879005592,-0.01557951456857435,-0.3757227413916572,0.030364105996418745,-0.18201433190542504,0.697009369224345
TACCTACTCCCAGTAT-1,-0.0846532388657176,4825.0,B,993.0,1449.0,-0.21310037985832747,-0.30467188572060333,-0.06727292761750235,0.03369561792359493,0.050789423216180865,0.06618632710859287
TACCTCAGTTGTCTGT-1,0.06348060736361791,10301.0,B,838.0,1494.0,-0.09823207407632603,0.05374355622754474,0.10568437911807152,0.20975761998589199,-0.01374927288785646,0.20444725799760896
TACGACGCTTGCTGCG-1,-0.148000705754314,10547.0,B,888.0,1179.0,-0.0769825472159765,-0.0937705027118916,-0.3900941559414834,-0.12302034936327547,-0.1868745684926876,-0.2093172636337588
TACGACTGCCTCTTAG-1,-0.0833673176574799,3235.0,B,1043.0,1133.0,0.27804328691196656,0.015386601812451578,-0.16864194658951026,0.10479182381171849,-0.2831031571442101,-0.1309893070287784
TACGCCGAGGGTACCC-1,-0.07250736395575424,6853.0,B,630.0,1405.0,0.16924743718810137,-0.1353150828954675,-0.1484761810335828,0.20231248566152982,-0.29179052451088366,-0.0788211100734611
TACGCCTCCATTCCGA-1,-0.024078844820031114,9491.0,B,954.0,1381.0,0.1987132725261812,0.1435232407505704,-0.0345488792124203,-0.06152383496985309,-0.2098866678111207,-0.18745995168868834
TACGCTATAGAAACCT-1,0.21477981226638068,18148.0,B,1534.0,905.0,-0.0666394648078355,0.072009742515359,0.31291395094387686,0.40375098515200086,0.469848093486435,-0.008051423140323928
TACTATGGTTCCTCAG-1,-0.06873308810203076,18024.0,B,798.0,1427.0,-0.33894487598189865,0.25828760106404275,-0.008225397195467367,-0.1755810357077746,-0.008992982223911938,-0.15138006845646623
TACTCACAACGTAGTA-1,0.08918520498743285,21628.0,B,210.0,235.0,0.29814132745679,0.10791670970818831,-0.04816155203035036,-0.053868108884053204,0.0882807693435225,0.11057219761959142
TACTCTTTCGTCTTCA-1,-0.12903317140088935,8976.0,B,786.0,1450.0,-0.33937961943390177,-0.34439243702756756,-0.569329904491049,0.08398041970306054,0.05977583764121476,0.2969873933759766
TACTGAACAGATTTAG-1,0.0734599959597699,7621.0,B,759.0,1405.0,0.1767669384778945,0.1327834973191056,0.10523961617459895,0.21661470903688834,-0.013665912420810038,-0.029211979763606212
TACTGCAATCAATTAC-1,0.05435623943346964,7189.0,B,1507.0,635.0,0.157336670893972,0.21725780724430965,0.06017462331859506,0.12059092970395446,-0.17310830640678224,-0.1041793980553414
TACTTGTTAGTAGTCC-1,0.10978269114663056,7192.0,B,1314.0,974.0,0.060588283980106065,0.10527040181477365,-0.04670540639956479,-0.15079066972488503,0.2801036399293333,0.35281573459216
TACTTTACTGAGCCGG-1,0.06668374843350773,8070.0,B,1430.0,816.0,-0.04991454911135021,-0.022482581846391576,0.023105837397460933,-0.05514511665239956,0.3082568203045247,0.21884507034900402
TAGAAACACAATAGTG-1,0.06806411421369604,18409.0,B,185.0,506.0,-0.05556992220655006,0.0891313097111712,0.1883653152730804,-0.09452219697972185,0.20758501053226217,-0.06022465472413495
TAGAAAGGTGGCGCTA-1,0.06891126092949053,9492.0,B,1236.0,839.0,-0.05009578700089827,0.2860611172039,0.13870285757797565,0.16437252276467196,-0.01764743819895774,-0.13836460397398828
TAGAACGCCAGTAACG-1,0.04702530955204533,17211.0,B,275.0,258.0,-0.08725014006808589,0.08962696659892788,-0.03659767585519715,-0.022396461526036318,0.18110533747399152,0.03505166107106663
TAGACGCCCGTACCGG-1,-0.008862822209039875,10152.0,B,1353.0,861.0,0.18240001873761058,0.3621213301898418,-0.5461039889357974,-0.029514670995494624,-0.007918461730504955,0.15309129831880622
TAGACTACCTAGCGTT-1,-0.03036937083630929,11338.0,B,1535.0,995.0,0.06250390104596876,0.13230690484121574,-0.21173961305048225,0.025654239686294628,-0.05927734692934926,-0.19215904263904726
TAGATATGGACTGGAA-1,-0.1335558353102514,10150.0,B,875.0,1246.0,-0.24986092744651642,-0.7388970984225491,-0.0027153910357534386,0.024301556700410745,-0.014493049924425853,0.015464103922512233
TAGCCAGAGGGTCCGG-1,0.14900422630805973,5852.0,B,301.0,303.0,-0.05075317433596311,0.01932461768238017,0.4964405096123118,0.24932386758621475,-0.01514402434874178,0.22859340758353114
TAGCCATTTCAAAGTC-1,0.036774589947045605,13147.0,B,1341.0,1109.0,-0.10083405927715708,0.08727551303483372,0.30834653957521163,-0.062426184773563306,-0.003867587508227993,-0.08098496587459443
TAGCCGGCGGTCAGCG-1,0.10192917590052486,14464.0,B,1288.0,884.0,0.07716733100723361,-0.023710992138299147,-0.1522765879134092,-0.16657882767461174,0.23427600453478542,0.4772204500260117
TAGCGTCCGGTGTGGT-1,-0.0251081561655237,14051.0,B,1186.0,1335.0,-0.20470903470757149,-0.0658752491930974,-0.08673553867979565,-0.1784578747862537,0.0008185180007568224,0.16372728183293445
TAGCGTTGGGTCTTAC-1,-0.043057639014579055,2803.0,B,1068.0,998.0,-0.13175372503374738,0.10275534791255649,-0.021161586699247087,0.24932182727241978,-0.3522292844991309,0.0626762160765108
TAGCTAGAAGGCATGA-1,-0.0727208760519129,12459.0,B,850.0,1292.0,-0.1569153308098103,0.021448686830157677,-0.27908202024506934,-0.1979426608636724,0.01880799834050438,0.04770224864852423
TAGCTAGTGATGATGG-1,0.039202770229119804,9173.0,B,812.0,1495.0,0.22711480224531705,-0.05536078002345035,0.025640662596639295,0.0720102637101976,0.16517403493543514,-0.10367204253362351
TAGCTCGCCTGATAAC-1,0.03688918642929293,3861.0,B,940.0,1269.0,-0.345397714329755,0.5368923331126689,0.1447577130493322,-0.17020263891895768,0.06463036550959204,0.14435731723872036
TAGGGAGCTTGGGATG-1,0.03311534466373527,11857.0,B,1431.0,951.0,-0.19582879127245953,0.14061302647376603,-0.21784115125385128,0.16544165574759456,0.12922271946548006,0.12315957797415707
TAGGTCGCCGGAACTG-1,0.014511620253040619,15400.0,B,1482.0,860.0,0.03168784022052979,0.051494375364666584,-0.0007339404508683121,-0.11012947125520416,0.16855104360746512,-0.13116418361689514
TAGGTGCTCGCCTAGC-1,-0.032200915348007994,3483.0,B,1302.0,1042.0,-0.06903961877285733,0.09701281117582362,-0.002385093380475597,-0.03294971435980229,-0.05099834374993451,0.061897411241419925
TAGGTGTTCCACAGAT-1,-0.011424616790571898,9138.0,B,967.0,1494.0,-0.19801159258041406,0.07614897627221837,0.34118727222497464,-0.12381909961673375,-0.16578190753067665,-0.08611248093135775
TAGTACCTTAGTGGTC-1,0.04502339418223694,6848.0,B,458.0,617.0,0.13877577037981165,0.23986337943119174,0.09542284011177005,0.1294784015014278,-0.2693252218035438,0.03407106396279354
TAGTCCGTATGCATAA-1,-0.0874193602588952,4957.0,B,354.0,483.0,-0.2947694835536029,-0.28368196933437745,0.09082753318890197,0.2514962367413654,-0.22642021638352638,-0.08500480682775566
TAGTCGGGATTCTTCG-1,0.012228064372607136,10483.0,B,237.0,416.0,0.3124003052782321,-0.2149714416860585,0.03361876606051799,-0.03283889654402856,0.0973178295976947,0.022585685966870803
TAGTCTGTGACGTTGC-1,0.08422335305242899,7415.0,B,1520.0,658.0,0.05476739976019089,0.19367176102935454,-0.05575698164299913,0.09082161416239476,-0.19789591743890067,0.4279657905720582
TAGTGAGAAGTGGTTG-1,-0.021185493160985155,4256.0,B,715.0,211.0,0.2029698073654958,0.3789233134848326,-0.13985694529335457,-0.3051824339910854,-0.0853469000519001,0.05022834366914336
TAGTGCTTGAATCCTT-1,0.057968723310470496,14242.0,B,237.0,370.0,0.21049971386325944,0.6029511261352055,-0.30261518255634556,0.016627825335536615,-0.010197818834188493,-0.12009055028358212
TAGTGTCAGAAACGGC-1,0.0353981860552297,12220.0,B,432.0,617.0,0.00083726669663425,0.03662234509984849,0.07509296023011537,-0.23711649056204112,0.40886722078785936,-0.09511919885933337
TATACACAGACGCCTT-1,-0.07331311884805071,2943.0,B,966.0,1268.0,-0.12726355882213103,-0.03911117219174235,-0.11593898935197043,0.12840558352581938,-0.06866415447698382,-0.04948222081213769
TATACTCATGCGGCAA-1,0.0434066730939418,18457.0,B,419.0,595.0,0.03701271243885848,-0.031012090861569693,-0.1016989615860459,0.03416849164314047,0.10880880898349131,0.09573012698523813
TATAGATGGTCGCAGT-1,-0.04453588728853389,7923.0,B,1509.0,1041.0,0.19235832274159276,0.2144315630320291,-0.05447371291632201,-0.2273035415939356,-0.09725417774056345,-0.18290835186521737
TATATATCGAGAAATG-1,-0.06805240589579313,9956.0,B,553.0,1496.0,-0.09833683727958148,-0.09417537537238743,-0.31045280942379944,-0.20569594636054797,0.23552616222570846,-0.03402127468735753
TATATCCCTGGGAGGA-1,-0.022233302719548077,9207.0,B,1457.0,951.0,-0.1660709238006296,-0.0864465078514343,0.005593455832376696,0.08986494051856495,0.04190320449376341,-0.04700998649084632
TATATTACAAATGTCG-1,-0.08325387841489744,1524.0,B,1571.0,522.0,0.11696607904222249,-0.1885060404866662,-0.17833738028629972,0.34572219971985546,-0.15709093160738571,-0.06764152890754573
TATCACCCAACCGACC-1,-0.05069037376655391,7724.0,B,1481.0,680.0,0.04536499599124623,0.06885091263349444,-0.5652522800582446,0.11338256804433133,0.06711943501874608,0.13614619064959518
TATCCAATTGGTTATC-1,-0.11530188939570729,5684.0,B,1213.0,1380.0,-0.07278404832528572,-0.3894079895812851,-0.1081614770320242,0.10960306900444672,0.004532658077239061,-0.1191941178748546
TATCCGCACCGTCGGG-1,0.05958971227041317,34108.0,B,876.0,1472.0,-0.23725467465411013,0.7916751936867267,-0.10754907263413577,-0.21331427374899314,-0.08569793387295038,-0.12337365132569299
TATCTACCACAGCGGG-1,-0.16948201963134307,9125.0,B,965.0,1088.0,-0.27061396368470697,-0.05279254015992045,0.07014326755883396,-0.23225221712656074,-0.029935036292626956,-0.49127609277073736
TATGATCCGGCACGCC-1,0.1376201712938115,34561.0,B,1637.0,725.0,0.04111429988433038,-0.026572536717686362,0.26388207603578523,0.06466619294269997,0.11713993609383751,0.07012541456393152
TATGATTCTGCTTGGT-1,0.14497683095281255,4346.0,B,638.0,256.0,-0.29566150881615005,0.15865285177046443,0.2299862854155767,0.3568504839028083,0.16426445570225146,0.44243091509107024
TATGGAGTTTCTCGTT-1,-0.09718157384125989,4235.0,B,599.0,279.0,-0.214785756911698,-0.07361657211187969,-0.023072286065970535,-0.13409736237749129,0.0686356854480414,-0.09779489945799523
TATGGCAGACTTTCGA-1,0.13372309102199992,10710.0,B,456.0,167.0,0.03259025523268609,0.4601560815379503,0.22143035624061802,0.037572745157014746,-0.010060836199280382,0.04209358885010046
TATGTCTCATTGTGCC-1,-0.025358598938322388,6489.0,B,1249.0,817.0,-0.0633342885660401,0.0014752410841716507,-0.058768735125991935,0.25919993166102456,0.07799342897011827,-0.1668571487642348
TATTAACCTGACCGCG-1,-0.06453890836450009,9920.0,B,772.0,1427.0,-0.2325400897053757,0.0680830814043339,0.18139863202514367,-0.04788333661329468,-0.10091909369442567,-0.16739818164940956
TATTACCATCCTGCTT-1,0.04189118775040164,13723.0,B,1431.0,996.0,-0.226631609289817,-0.2554357251668659,0.3354668021965563,0.004821837560746195,0.018990424057261462,0.1745984202703235
TATTATGTTTGCCTGC-1,-0.02203574230671735,18025.0,B,410.0,1429.0,-0.12795338343939783,-0.019564221617659278,-0.03425714535785229,-0.15461910108220778,-0.04631615599312906,0.12638377357383399
TATTCAATTCTAATCC-1,0.10562184162994882,11920.0,B,1146.0,907.0,0.04569854794799256,-0.13944515202314825,0.011541723320637205,0.01861666384726711,0.398296718127473,0.2317660015857898
TATTCCACTCAGCTCG-1,-0.14434627149736834,2173.0,B,927.0,1246.0,0.03469411895031457,-0.2313366046131463,-0.1280073216090562,-0.11864763111334917,-0.026582808284322634,-0.061972734814557
TCAACACATTGGGTAA-1,0.06092941269562504,5044.0,B,638.0,391.0,0.038825012419586705,-0.02718035213265306,-0.05510754481330605,0.46289026975773684,0.0012403414276307319,-0.04571555411327719
TCAACATAGCGCCCTA-1,-0.15301080212846918,10434.0,B,760.0,1450.0,-0.13418159030533525,-0.16594627615116433,0.008211330563304586,-0.12225056811834414,-0.3804027969086285,-0.2555498660964451
TCAAGAAATACTAGCT-1,0.09656634565387101,30270.0,B,1586.0,905.0,0.15389276935486773,0.026976461962391896,0.03390229773297482,0.16019677804731558,0.0735702289938851,-0.09473471858956906
TCACAGATCCTCAAAC-1,-0.02097599577661763,14360.0,B,379.0,392.0,-0.08652266905562703,0.0679755268932257,-0.042389320993748744,0.09092344470477594,-0.32399308283398653,0.11237767184463483
TCACAGCAAACTCGAA-1,0.018707514397469063,8059.0,B,824.0,1292.0,-0.08342230765692164,0.1375077387063703,-0.29529106051351717,0.04126584367664424,0.3233331783601688,0.027488829721933783
TCACAGGAGAATAAGA-1,-0.02748096388393912,17160.0,B,824.0,1382.0,-0.1742090157030769,0.18036823307267008,-0.2251198398310697,-0.04883894617532065,-0.126704757774797,0.1308824031687469
TCACAGGGAATCGCAA-1,-0.1519680520058429,19203.0,B,1212.0,1200.0,-0.23915453364959063,0.02774153342782562,0.002159554402136086,-0.012220256536656135,-0.88506187080828,0.11209655726894567
TCACCCTCTTAAGATT-1,-0.14974238632617778,4843.0,B,953.0,1156.0,-0.57370002599261,-0.15504388620855034,-0.1972585236545067,-0.008230130250423393,-0.14441273141272187,0.06576131219807893
TCACCGCTCGGCACTC-1,0.011855030180554893,12619.0,B,1378.0,816.0,0.18292633275512812,-0.05955057308776601,-0.13928694332813565,-0.06595024263984112,0.3560600434309122,-0.3235308673779696
TCACTATCGTGCAATC-1,0.0440690197015755,3890.0,B,625.0,234.0,0.2479551052489552,-0.0369810055072301,0.027241331004198115,-0.13062047672116656,0.13955437639991333,0.26805050619589843
TCACTCTTCGTCTGTC-1,0.0594389884854268,5581.0,B,289.0,551.0,0.7303596635994549,0.2255600047374566,0.06282006004516072,0.12467660239382349,-0.3407358184410517,-0.19199889145599483
TCAGAACCTCCACAGG-1,-0.06245934993540314,9799.0,B,1560.0,815.0,0.041372174773712335,-0.14832268531459153,-0.1187793245916284,-0.07353213574990598,-0.10582237569129019,-0.011360600061405234
TCAGACGCTATAGAAG-1,-0.07014422426674122,11548.0,B,1121.0,1223.0,-0.04601883006656978,-0.125402208885988,0.017281731562393633,0.09882516486073062,-0.3729997491044474,-0.036929287241279994
TCAGGGCGCAAACTCG-1,0.10090648508831714,14949.0,B,393.0,640.0,0.052989235030715814,0.14165610628023634,0.0499258131160455,0.08271106425461516,0.16510863030361345,0.050443670694917585
TCAGTGTATACGTCAT-1,-0.007956872816555986,7684.0,B,656.0,1450.0,0.21238878629967467,0.056884129954040685,-0.2288519547307075,0.019000487370391575,-0.05080756772757279,-0.0035787222088878613
TCATCACTCGAGCTCG-1,-0.16145727350542055,1696.0,B,561.0,527.0,-0.09668515751546827,-0.06606157452189916,-0.05852053750598155,-0.06524615395805392,-0.001728959536700922,-0.3993072004218914
TCATCGATGGTCCCAA-1,-0.04079196571667755,17301.0,B,565.0,1428.0,-0.16112074977656626,-0.08008214795194654,-0.1195028471361406,0.026888547972857828,-0.08999957557734149,0.009526020993002173
TCATTTAAGTCTCCGA-1,-0.11642852919740361,8388.0,B,1469.0,928.0,0.041127720519660974,0.06920842245582887,-0.2787980028173719,-0.06070474494039581,-0.10596849186999646,-0.2591583248859892
TCCACTTTATCTAGGT-1,0.06266902640912816,9066.0,B,1210.0,839.0,-0.1025041438321232,0.1257817599132415,-0.19136538524033483,0.08606787410128708,0.3986884155634758,0.051157121167686545
TCCAGAGCACCGGTTC-1,0.045851758151328206,6611.0,B,1094.0,1043.0,0.4068639714421708,-0.08727391021498136,0.06965539137249653,0.1634070868216463,-0.10792837831007275,-0.060840350264512
TCCAGATGTACGCCAA-1,0.05798572672840123,20430.0,B,1663.0,679.0,0.08605906490173892,-0.13188917501509978,-0.149364368384076,0.2388785188099741,0.06804612387449688,0.10056914930701272
TCCATTAGTTGGATAG-1,0.06299662780941383,8543.0,B,521.0,279.0,0.0626936056399361,0.15794449095159208,-0.04152797931293273,0.16146043562859808,0.2070547602495007,-0.06165697006675606
TCCCAAACAGACAACG-1,0.14908031355298396,19709.0,B,1611.0,635.0,0.18483901588181176,0.1651044095007827,-0.007065090031226212,0.00865932117155059,0.21611685288422808,0.1971012212170733
TCCCACTCTCTTCCGG-1,0.04246463567302406,6590.0,B,1573.0,838.0,0.10602220901317244,-0.24300900454738392,0.2781889967254156,0.06952730058391593,0.04912559357140715,0.12776450532776018
TCCCGGTCAGGAATTT-1,0.15490792127130892,5904.0,B,651.0,324.0,-0.005089500854485431,0.27443224268708083,0.47795802264513954,0.3661934222834305,-0.04087284527715772,0.08063759595618697
TCCCGTCGCGTCATAG-1,0.031430562179071045,9516.0,B,1676.0,792.0,0.027357845447543522,0.3895998922129961,0.13241556632539453,-0.36444121402459106,0.07550710316583488,0.10012118216691407
TCCCGTGTGCAATTTG-1,0.025150813633036544,7049.0,B,1224.0,1132.0,0.14974511826261494,0.06123283349661691,0.163914255735245,-0.23870886267432717,0.1566701941033284,-0.07152161621630063
TCCCTAGATCAATAGG-1,0.07793072101378529,24901.0,B,1663.0,770.0,0.15219168409468858,-0.0018448330067811353,0.039560666764169694,0.05804690708105689,0.06838865331121338,-0.0678532251986679
TCCCTCCGAAATCGTT-1,0.1793159689315276,15827.0,B,521.0,189.0,0.45934901264772193,-0.2524506340472918,0.18953206085247357,0.1463007462119758,0.35055604218905645,0.1141691996114291
TCCCTGGCGTATTAAC-1,-0.05154316918459968,8491.0,B,423.0,1451.0,0.0015051003374942596,-0.06942337113893433,-0.33380427022089826,-0.06840418623804448,0.15174635360498023,-0.07142712415686908
TCCGAAGTAGTCACCA-1,0.013488924849255245,17920.0,B,1610.0,454.0,0.27843283146193826,0.09684153794547522,-0.05250325329857944,-0.06877625842279933,-0.19982542004185552,0.050958796963658876
TCCGAATGGTCCTGAG-1,-0.009858298010392036,9595.0,B,1650.0,837.0,0.06209041925897383,0.16291194190198433,-0.0682860963693996,-0.12056409396626988,0.0858484188376486,-0.09847433584901524
TCCGAGAAGGCTAAGC-1,-0.12188008988945583,5518.0,B,728.0,278.0,-0.009678103369679315,-0.3866862719673411,0.09398399896355572,-0.42095886992234965,0.05489109218146404,0.1190643007920994
TCCGCAGCCACCTAGC-1,-0.005231580706756778,11811.0,B,276.0,438.0,0.04222228478442627,0.11518835126900112,-0.03339941499222236,-0.1080896318447413,-0.06472109374245921,0.02390695904571631
TCCGCCTGTCTACAAG-1,-0.0853036012102639,8226.0,B,1148.0,1403.0,-0.37591333326068527,-0.12157412691354627,0.083266630311085,-0.24426370723660332,-0.1753724574492659,0.3369545900766081
TCCGCGGCAGCATCTG-1,0.0008990844698698701,18211.0,B,1275.0,907.0,0.04396032405332162,0.1285874300781179,-0.14811191439285334,0.126577207385021,-0.15696776585358538,-0.08034406189452246
TCCGCTGTCATCCCGG-1,-0.04044583839089568,10812.0,B,1238.0,1200.0,-0.061800647290081695,-0.07831602292910073,0.07561338745928303,0.07626965814932568,-0.06121893810717675,-0.1675216665416428
TCCGCTTATCCCATTA-1,-0.02051462474316186,3578.0,B,1018.0,1268.0,-0.13212120158719853,0.09085326010220487,0.048506379434303776,-0.11680263855970134,0.1711462243618561,-0.06693461865454546
TCCGGCCTAGCGTACA-1,-0.06529806172204444,8852.0,B,1456.0,770.0,-0.0897378332979287,0.14271411387110047,0.07791805943946604,-0.19070587544569909,-0.17822074279255776,-0.1382149105566529
TCCGGTTCGTCCGGTC-1,0.07648717448953964,7980.0,B,875.0,1291.0,-0.0943985022439494,0.03205789175604099,0.09069437482075741,0.10470335327723142,0.07668973180987546,0.1681960832830951
TCCGTAACCACAATCC-1,-0.05157933266530487,14016.0,B,393.0,595.0,0.08016517456423475,0.13938222186052635,0.34284653790562386,-0.3814966755815022,-0.23502961898037059,-0.2286527044878508
TCCGTTTAGCCTTGAA-1,0.12904658696018018,11637.0,B,1339.0,794.0,0.3132530063900033,0.01684352588007253,-0.029394404221701677,0.26517475238907984,0.13935429165158425,0.12866714511645638
TCCTACATCCACGGCC-1,-0.08909327792897333,3917.0,B,1276.0,1177.0,0.060668845179617015,0.21111044571035992,0.167965966524273,-0.11773930266951843,-0.4433145622247601,-0.21575147062306016
TCCTCGGGCTGGGCTT-1,0.08007374077954037,4414.0,B,1172.0,1042.0,-0.07673151704009609,0.05129557257412169,0.0763782695215041,0.3345249814454504,0.03361167343520867,0.24168503056459276
TCGAATATCCCGCAGG-1,-0.015092622377307019,14825.0,B,604.0,1450.0,-0.20330732372176702,-0.014759537443314315,0.19876567986246785,0.11902554404504234,0.08433849370855401,-0.39807922348910285
TCGAGCCAGGCAGGCC-1,-0.08662776259355578,18657.0,B,669.0,1428.0,-0.31182369611135946,-0.12790863705361338,-0.1231127801823888,-0.13263464617473153,-0.1491849454258098,0.07138626503764661
TCGATAGGCTAGTCGC-1,0.03311252745950413,2383.0,B,806.0,323.0,0.5009075195024706,-0.22867210524650508,0.07049177381880631,0.01941812766905883,-0.04270549705222364,0.05407653138312856
TCGCAAAGATGCATTT-1,-0.019843661862789682,5595.0,B,1160.0,1200.0,0.30884327071576057,-0.1201355584479461,-0.25202894224157407,-0.08309408982913918,-0.03670268768840569,0.11790508909050894
TCGCACCAGGAGGCAG-1,0.001872523823895477,5486.0,B,1225.0,1267.0,0.18853439322933416,0.00031909133803706326,-0.03164862319170052,0.09210434068097109,-0.23196215487974267,0.13996683217553244
TCGCACTAACGTTTGT-1,0.04354122350999601,23147.0,B,185.0,461.0,0.012348899784119544,-0.35487872720834795,0.11981258796996333,-0.17059016460195953,0.20299204752521893,0.03929489753827422
TCGCATCCCTAAGTGT-1,-0.007012185828136147,2086.0,B,587.0,482.0,0.1336120999206056,0.11129300387307164,0.19655317406159045,0.03830699388948326,0.12349596306221276,0.008073295742286761
TCGCATTCAATGACTT-1,-0.038916522943128556,4143.0,B,664.0,346.0,-0.06818197861217534,0.4235263978010611,-0.2821975789062369,0.01544843333221941,-0.22614883277049144,0.12362099455194345
TCGCCGGAGAGTCTTA-1,0.11609351837490983,19438.0,B,249.0,213.0,0.36974580004584023,0.16061339274372008,-0.01914596190338814,0.08923186023722249,0.007835125807020792,0.07852103879994224
TCGCCTCGACCTGTTG-1,0.1986183608254176,36174.0,B,327.0,257.0,0.3709667343847683,0.13085753972429742,0.06211776513019312,0.21658619976214327,0.019901245736157383,0.1074319630877786
TCGCGTCCAGAAGGTC-1,0.046920734285241045,417.0,B,563.0,842.0,0.18372301230383184,0.0032172944359039057,0.3473544072354168,0.11485408260454674,0.2038478613752061,-0.15524879508509276
TCGCTCGGCACCAGCG-1,0.01246846492473934,8748.0,B,1585.0,680.0,0.2579047054307931,0.14638571794079744,-0.07914346208525895,-0.019473667287362908,-0.09218322161802059,0.07938157833073684
TCGGACGCCCAGCCCA-1,0.16318684469398342,16918.0,B,1210.0,884.0,0.2666603911317275,-0.03387886109844335,0.3358343858446507,0.11729825368895726,0.11784074922020019,0.051174959869629916
TCGGGAACGTGCCTAG-1,0.049531450752281284,7420.0,B,1599.0,837.0,-0.05939185653792774,0.07001580696580866,0.33545497579970474,0.08627572765779093,0.15361378966732644,-0.23490859380663623
TCGGGCCGTCGTGGTA-1,-0.06351726192187679,2291.0,B,1328.0,1041.0,0.2511207969460314,-0.13164568436348895,-0.2515923791952187,0.045700160211557386,-0.08925427016814058,0.13692520151949808
TCGGTCCCGACAATAG-1,-0.21441069706549434,3435.0,B,488.0,1428.0,-0.04313848635266648,-0.28519746525522405,-0.198410225379699,0.07624060531793017,-0.133607208078777,-0.4288501555807113
TCGGTGACCGCTCCGG-1,-0.039457412512068815,17588.0,B,1597.0,477.0,0.0035685011146234027,0.09915218582677285,-0.253845016719228,-0.09748031928098766,-0.06524846790710918,-0.017652898386546
TCGTCAAGTACGCGCA-1,-0.060227296479241695,7167.0,B,682.0,1405.0,-0.01948019701456155,0.0395961221112239,-0.09302553940939402,0.025369418965798356,-0.10038516564015229,-0.12408803476286873
TCGTCTTAGGCGTTAA-1,-0.09367271326392128,3711.0,B,1264.0,1335.0,-0.3032149538492399,0.06571730003446037,-0.000799778090913375,0.4704098132881725,-0.35367712320323136,-0.1489031407805828
TCGTGTACTATGGATG-1,-0.06219791038990247,100.0,B,1186.0,1200.0,-0.11698980940415832,0.3616381863256336,-0.04683352876201378,-0.16892972679542945,0.1969074096141371,-0.0535579801062894
TCGTTAGGAGTCCCTA-1,-0.04822052059748601,7491.0,B,888.0,1314.0,-0.2373915641700235,-0.0759372530989835,0.016414375862728037,-0.2597211451180213,0.05366644073145502,0.26625758351330986
TCGTTGCTATCCGGTC-1,0.14242666966019593,4487.0,B,785.0,1359.0,0.010532654665578144,0.24269613703233692,0.39425419895131675,0.6360528129601712,-0.13757285465663632,-0.025753534709949955
TCGTTGGCTCGTCAAT-1,0.0370791834582406,3876.0,B,586.0,346.0,-0.27531732308557844,0.1564478352589208,-0.26401366574289375,0.5494177327735402,-0.06199282553668416,0.04993522411146735
TCTAATACTGCCTCAG-1,-0.13585760817478104,3808.0,B,513.0,1428.0,-0.03129494482705321,-0.2204222415039434,0.04185394358133465,0.0069474222664156066,-0.28699933038131586,-0.18759091557318405
TCTAGCATGCCCAGAA-1,-0.07017044377460466,5560.0,B,1043.0,1223.0,-0.16692999436328204,0.10247905058662986,0.041494314700535655,-0.01144488684736495,-0.2224292098156524,-0.055014062122536025
TCTAGGTGGCGACGCT-1,-0.054838823604710325,10572.0,B,1469.0,793.0,0.1883706776207341,-0.007137064610224989,-0.0907238113321512,-0.26995965021852225,-0.005519757597440221,-0.10064670097223606
TCTAGTGATATCGTGG-1,-0.09158049786551142,11409.0,B,1457.0,1131.0,0.08245962990101086,-0.07150254470868381,0.007010680549915045,-0.13368588150722424,-0.004086235721825477,-0.4177902218000633
TCTATTACGCTGGCGA-1,-0.09042416068869781,1488.0,B,626.0,459.0,0.05439307933405771,-0.1337821159569422,0.10923790399232436,0.08201496963957615,0.2670204861567419,-0.4923038096892889
TCTCATGAGATAGGGT-1,-0.12640274292617576,2069.0,B,1316.0,1244.0,-0.1082102034696007,-0.08966795793390146,-0.3293071642706038,0.19487581924718805,-0.08921223236874559,-0.09435637212466652
TCTCCCTGGGCAGCGT-1,-0.13491290025203248,10282.0,B,1225.0,1357.0,-0.06618602508414094,0.06650422263163887,-0.12225283033545813,-0.26885380519819535,-0.024217473994959642,-0.3294921167066402
TCTCGGCTCCAGGACT-1,-0.043904694886330156,11943.0,B,483.0,437.0,0.06380101206268496,0.17541771828330613,-0.18452204117545906,0.13935380977186693,-0.39968917731677633,-0.04084941908023149
TCTGAACTCGTACCCG-1,-0.15486146358477254,8607.0,B,1419.0,1199.0,-0.12261104198876611,-0.14698218271874136,-0.329225751170562,0.07809715674151871,-0.10118551836579034,-0.3259493045089242
TCTGAATTCCGTACAA-1,-0.05487848611051567,16432.0,B,1405.0,906.0,-0.44489438129769987,0.10931336382872617,-0.16522135704967775,0.008473760287391073,-0.0036933142290814375,0.0017742784904334202
TCTGACGGGCTAACCC-1,0.059075721246804117,29023.0,B,1741.0,769.0,-0.1069368905122617,0.3502554824671521,-1.4356771947079267e-05,-0.1311842769793949,0.15782965730691956,-0.12891023276800798
TCTGACTGTAATGGTT-1,0.05018135889541092,13347.0,B,366.0,280.0,0.13500846269570055,0.2411399612478703,-0.013124599570223154,-0.018078630468586987,0.18444769464824234,-0.2314701419720487
TCTGATGTATTCTGTC-1,-0.02440559069752929,7343.0,B,1264.0,1290.0,-0.16935825158897205,-0.23309471719811056,0.2693615728703646,0.1464816753320772,-0.08580812133053684,-0.10710164597256681
TCTGCCAGAAACTGCA-1,0.14632890598516446,4348.0,B,1211.0,1065.0,0.4930918865576108,0.2679160059570199,0.01812786268173641,0.2585915637143878,-0.023357666303768614,0.10812974514805287
TCTGCGTCCGGTTTCT-1,0.12513515128772132,9026.0,B,483.0,482.0,0.27650797251818865,-0.14866664868760918,0.07845564088050824,0.27152283530748134,0.08189746911598794,0.2122987628842678
TCTGGGAACCTTTGAA-1,-0.12435831438401611,4936.0,B,1457.0,1041.0,-0.025064446401425793,-0.019067046569115703,0.15780941123113862,-0.3141161067301288,0.1307318336700695,-0.581048950413181
TCTGTGACTGACCGTT-1,-0.03591906875466177,7714.0,B,482.0,212.0,0.03571748419016613,-0.5927500393620926,0.09343306688664,0.10265737042334608,0.14827583011129256,-0.040738975720953585
TCTGTGCCATCATAGT-1,0.040444310043304565,8479.0,B,1223.0,862.0,0.06360524010525141,-0.07710124869284493,0.08159763527569483,0.07606083565857982,-0.11545007728863342,0.1681773488295144
TCTGTTACCCAGCATA-1,-0.0780404346746059,23753.0,B,642.0,1292.0,-0.2628833166580635,-0.28758211623581786,-0.17933186717220184,0.08335120629766891,-0.0031916289553718807,-0.10416057035084603
TCTTAACTCGGATGTA-1,0.054061865608503526,6607.0,B,211.0,506.0,-0.056178492586059246,0.11282899193805078,0.019535208242708043,0.31770722256916767,0.07253388183681968,0.0894715413456749
TCTTACTTATGCCTCT-1,-0.037059386604230846,4874.0,B,1393.0,1154.0,-0.16400369214917515,-0.08639691587001838,0.06865042549601384,-0.014535804590690662,-0.01718627119753611,0.0362755304813972
TCTTAGAGTGAACTCT-1,0.015009640229451298,18772.0,B,1470.0,1108.0,-0.03300049103412224,-0.10340053203574717,0.1588421125608858,-0.16527900368584064,0.08231581824964473,-0.028458587023537818
TCTTCCCATGGGCACA-1,0.1896921933040575,22451.0,B,1430.0,861.0,0.27922771380684835,0.22901539198507218,0.1603508697954416,0.06565708515693432,0.24759540141820213,-0.04153730968059108
TCTTCGAATAGACGTT-1,-0.007785051729857259,30735.0,B,1107.0,1020.0,-0.07091977473260595,-0.06838630136037195,0.05052466206442131,-0.1667923551462437,-0.10965981636470125,-0.06961121722656835
TCTTTAAGACTATGAA-1,0.1653359157875078,26232.0,B,1456.0,906.0,0.05086400142078644,0.1899999310903686,0.28216753296762986,0.08295684530360489,0.10621411088101318,0.08483447342462373
TCTTTCGGCGGGACAC-1,0.12703490531210643,11431.0,B,236.0,235.0,0.14660355230528488,-0.0951221711395985,-0.06373090401517002,0.32213223467100954,0.22662130012754605,0.19153599440212093
TGAAACCTCAACTCAC-1,0.03357276856485799,15282.0,B,546.0,144.0,-0.01345327741383514,0.10939321264630605,-0.02420346535429945,-0.08712059616818904,0.1833425020964571,0.09345048391621573
TGAAAGGACCTGACTC-1,0.16617735280685092,29524.0,B,1262.0,929.0,-0.0717168701211798,0.16132071149911098,0.05464288523154287,0.0903740117591065,0.22821056036621523,0.2252962226494557
TGAACACCCGAAGCAG-1,0.08538272133028765,17543.0,B,391.0,190.0,0.11927852197556424,0.08740806732801089,0.1905354240484845,-0.18508820287779612,0.17563877193468072,0.016364141572119253
TGAAGAGCGGTCCTAG-1,0.07277763691602286,3138.0,B,328.0,573.0,-0.09012797038229614,0.047818470837842124,0.07283158909934417,-0.13179104045602644,0.6693195591123481,-0.015827642491950247
TGAAGTAGCTTACGGA-1,-0.027946145574212676,9143.0,B,250.0,528.0,-0.06852555638031663,-0.19311006283268792,0.27820051114834443,-0.10747677738846184,0.21549380238387913,-0.31384268569262
TGAATATGCTATAAAC-1,0.04626942658206522,57761.0,B,1662.0,499.0,-0.11985473710541707,0.010104297107000995,-0.10933535842099729,0.06224067307617043,-0.01573657375684203,-0.03483192616191774
TGACATCGAGCGGACC-1,0.037168663796344426,9275.0,B,1495.0,928.0,-0.034943692761145305,-0.05697795663907086,-0.28061247811633927,0.2705658170768731,0.23433511859658254,-0.0016614137166266639
TGACCCAACTCACATT-1,0.10988180890195193,13128.0,B,572.0,144.0,0.15117424988643882,0.12939565470645864,0.19249023203387536,0.0007042394797957992,0.07713098577006816,0.09186535534579612
TGACGATGCACTAGAA-1,-0.012216531053568333,19968.0,B,1418.0,973.0,0.3166358402896736,-0.3444259479301857,0.1291668946520291,-0.161236125600048,0.029175637504132455,-0.18521279722347153
TGACTATAATCCTTTC-1,-0.05682155821157504,11270.0,B,1069.0,1178.0,-0.3453658796950338,0.015975846640722866,-0.044158462032945,-0.030454657139546443,-0.04037759278056594,0.07944861722478111
TGAGAGATTTACCACG-1,-0.016923673214567128,8558.0,B,1366.0,1064.0,-0.1588431889317049,-0.03229423405766671,0.0820976954266091,-0.08716238545505557,0.05810635541687488,0.0765204313573089
TGAGCAGTCGTGAAGT-1,0.05996997117844677,1960.0,B,689.0,256.0,0.14035091221924634,-0.11869430144193552,-0.06051061304245725,0.5283006373795882,0.0714215182216807,0.1642726655362993
TGAGCGGAAAGTGTTC-1,-0.06858371182384593,7504.0,B,1031.0,1381.0,-0.11093891629096597,0.019686994996067117,-0.07417613822693682,0.07071396643810968,-0.24795499354544084,0.011914030752731678
TGAGGAGTGCCAGCTT-1,0.01847545023023591,12801.0,B,941.0,1449.0,-0.006827258510927026,0.09544942066358311,0.2035786690682858,-0.1615554310008748,0.015554171872770629,-0.1977769828618472
TGAGGTTGATCCCAAG-1,-0.05917655453666468,21843.0,B,663.0,166.0,0.19876461129671402,-0.11341466725044727,-0.21461544519650783,-0.10958123061707527,-0.2403838646073569,-0.0781177733313358
TGAGTAAATTAGCGTA-1,0.022675016730397825,8460.0,B,927.0,1201.0,0.023298428937480957,0.011031540577769746,0.1358092502819357,0.2141511553908542,-0.11482376422176947,-0.16998169850415318
TGAGTGGTCCGTGACG-1,0.002858692297226963,26090.0,B,1275.0,816.0,0.12033835698325991,0.022245742247650767,0.03947082032379142,-0.25541851671983223,0.013241278335613157,-0.16607676561018603
TGATACATTTAGCCGT-1,-0.04859695533880293,22199.0,B,746.0,1382.0,-0.3443639970489652,0.09175223091663855,-0.25892450985812965,-0.309906936179171,-0.05850866108743002,-0.13977432172245316
TGATCCCAGCATTAGT-1,0.04126263458991354,18806.0,B,1572.0,747.0,0.07370002020960108,-0.11205090237664588,0.11007018244816963,0.00770422888282922,0.051438153540455306,-0.002170041753886645
TGATGGCTGTTTCTGA-1,-0.029603241059748996,11478.0,B,1663.0,815.0,0.16612274269016267,-0.1587536601006514,0.13191948237755122,-0.17907733466540166,-0.004890231232206284,-0.07624733511951474
TGATGGGACTAAGTCA-1,0.12941131698372163,14015.0,B,301.0,258.0,0.1939833814837316,0.2896958568868626,0.1475976411694461,-0.00856816392474289,0.02977546057875827,0.08994754155612743
TGATTATGGCACGCAG-1,0.07203960798911518,17617.0,B,1623.0,432.0,0.178069809436457,0.01756364678342791,0.18984442409799332,-0.004167740476767018,-0.16488814045771222,0.16288011359974108
TGATTCTGTCGCCGGT-1,-0.011834646783519434,15451.0,B,759.0,1224.0,-0.024537237399623497,-0.041112942780292566,0.012603421783952032,-0.02786487044292884,-0.2174021090878748,0.034135027069037135
TGCAAACCCACATCAA-1,0.10873270244182093,24812.0,B,495.0,144.0,0.18825540076214975,-0.05773684715375105,0.038011735711287936,-0.11768891135331416,0.2343459407746833,0.10784677055854489
TGCACTATGTGAGTGC-1,-0.039905262980806766,2578.0,B,354.0,528.0,0.10339157634693176,-0.2679342446778853,0.04228968863278944,0.04582314024425581,-0.04487373368600539,0.06435160510343929
TGCAGTTTCCTCCCAT-1,0.028198967574467174,6669.0,B,1353.0,1041.0,-0.031244435313082575,0.17813943832163576,0.03418607094453176,0.04153190447405683,0.11202123158256241,-0.053884077514751494
TGCATATGTCTGTCAC-1,0.23339902251732664,16421.0,B,1288.0,929.0,-0.08181597898621644,0.43041884626421684,0.4770595945895022,0.038165117149498023,0.23137131015090168,0.10155302235723371
TGCATGAGTAGATTCG-1,0.18457257798843174,12015.0,B,339.0,190.0,0.19465678633784733,0.18201623457768373,0.18466203901394143,0.13985893039642222,0.3063300552464078,0.22684763771847322
TGCCAATGGGTACTCT-1,-0.11961220693561575,13460.0,B,863.0,1359.0,-0.2917441779021711,-0.03090725836786483,0.13574284626445962,-0.11491246757755146,-0.3231987313207671,-0.23196800588240335
TGCCAGTACGTGGAGA-1,-0.0295274511488699,3137.0,B,1109.0,1290.0,0.0220528118749707,0.12966124649783434,-0.06791862511182631,-0.21222596378504135,0.1244543398810175,0.03492482684158439
TGCCCGTACCGTTAAA-1,-0.028218139037619168,4826.0,B,1160.0,1155.0,0.07212979140005576,-0.04576554240302899,-0.10860371045015015,-0.06313385670825172,0.07070729568554125,0.021024390102707794
TGCCGATGTCATCAAT-1,-0.006310966127716318,13528.0,B,365.0,190.0,0.27147886721998477,0.11501240118761064,-0.0645491285937984,-0.16031843128449386,-0.10450057574186328,-0.12648305885522396
TGCCGTGGATCGTCCT-1,-0.012179835756874108,4796.0,B,1006.0,1426.0,0.051704492859116304,-0.04292660779904218,0.37641141676958395,-0.04448948697562528,-0.05305403787170472,-0.03418672144680476
TGCCTGACATCGGTCA-1,0.1580262236257744,13457.0,B,444.0,505.0,0.0082399432419488,0.08254833827409185,0.38613734462892085,0.04929475419753267,0.008924966939797663,0.3237552291338649
TGCCTTGCCCTTACGG-1,-0.07951617834463723,8164.0,B,313.0,145.0,0.353661323516416,-0.34419059000359326,-0.12634308806069025,-0.24390889190754672,0.04568337249615149,0.002834486013254126
TGCCTTGGCCAGGCAA-1,0.04073809378975258,3712.0,B,1251.0,1312.0,-0.21502590312732045,-0.03055362274224973,-0.1804871405066746,0.2188364153030572,0.5943215958465209,0.07522855419790911
TGCGACGGCCGAACGT-1,0.027997070464350904,9103.0,B,604.0,1495.0,0.018071196031125687,-0.2099194978847424,0.09352287381875575,0.16791169753746013,0.03700536558769492,0.022634278325048697
TGCGAGAAACGTTACG-1,0.06806338131342596,25604.0,B,314.0,235.0,0.15513640939089102,-0.12193864520795576,0.17968901052743005,-0.11625376164713684,0.09235911791898302,0.04616336094628905
TGCGAGAATATTACCC-1,0.008441003666576907,19922.0,B,707.0,1270.0,0.022932296770796917,0.08813265828503947,0.11926067075946203,-0.18935051827105964,-0.21922528404803476,-0.003268309851326444
TGCGATGCTAATGGCT-1,0.04283223084600578,6623.0,B,328.0,618.0,0.07124676319360668,0.2568493953564268,-0.01918801807841425,0.10115425752004858,-0.028415098118664037,0.07868862761851804
TGCGTGATTGGGTGTC-1,-0.09054142742844024,7254.0,B,405.0,392.0,-0.2670092292032187,-0.07370447853121799,0.06621041316024177,-0.13027676839421806,-0.0726801008849738,0.09592113147689803
TGCGTTTGTTGACACT-1,-0.19317292514433493,1462.0,B,1172.0,1087.0,-0.4950771565267209,-0.5226971544620128,0.04588557798499006,-0.13503216155182862,0.03295243167153948,-0.18968260580067975
TGCTCCACAGTTCTTA-1,-0.019832399286552643,8640.0,B,1419.0,1154.0,-0.11837491908059801,0.02502798075726812,-0.15296155873766817,0.3992125716660278,-0.11189083612121632,-0.13826290934948002
TGCTCGGCGAAACCCA-1,-0.18299822998977291,4495.0,B,980.0,1426.0,-0.19435810037381374,-0.027137550069497376,-0.2218341887910216,-0.22367816475822433,-0.2894278740800712,-0.02530371617696134
TGCTGTTGAAGAACTC-1,-0.15113683885030044,6681.0,B,1042.0,998.0,-0.06128109652120731,-0.0786387401570535,-0.33333541818531365,-0.2707612795282439,-0.038567815844958,-0.02748429202747946
TGCTTGAAACCATGCA-1,-0.022192006276446727,14704.0,B,405.0,347.0,-0.018533499108918355,-0.18699345182637986,-0.0021227330966828613,-0.004462943548192617,-0.0021315115010252794,-0.10680096159614674
TGGAAACGGAGTGAAC-1,0.08454944759689169,13796.0,B,392.0,280.0,0.03243842635363764,0.1550263109041232,0.024317929746839127,0.006543924122966154,0.14568096309238224,0.12210369417424591
TGGAACCACTGACACA-1,0.04988260578546224,31373.0,B,1507.0,680.0,-0.08343006951822579,-0.258209591976112,0.07975563400094636,0.16026889450927537,-0.009698328726203798,0.08622688299196994
TGGAATATCCTTGACC-1,0.0835860357010521,11002.0,B,1572.0,657.0,0.058487774852008734,-0.06520398360603986,0.27592718511987957,0.21343371696454247,-0.051994902269975725,0.09100267971037806
TGGACACCGTTGCTTG-1,0.059193605103403706,5168.0,B,315.0,595.0,-0.19735774624329994,0.18514873999653572,0.19098262904951513,-0.03780419750490413,0.2954062269068757,0.12068523917999416
TGGACCACGGCGTTGA-1,0.0782181675714677,16796.0,B,431.0,302.0,-0.13357524973938276,0.10545581089363149,0.19987725365200565,0.06418086780543568,0.12245439597670564,-0.03737727356664222
TGGACGCAATCCAGCC-1,0.1096266846477551,4698.0,B,449.0,1451.0,-0.031311602217036924,0.3042374430324239,0.10728051101380731,-0.09709057962806113,0.10936350675729958,0.35764832693848336
TGGACGTAGGCGAATC-1,0.004597409874932283,8238.0,B,275.0,348.0,0.043613924531428726,-0.1261596695081453,0.14358023799925276,0.11960751658994695,0.17747562189671778,-0.20515296365915087
TGGACTGTTCGCTCAA-1,-0.10934460355574874,11923.0,B,1133.0,975.0,-0.1836146660405354,0.08538333605934141,-0.5137125345110017,0.015388657696063573,-0.011295111743827094,-0.04352130214354281
TGGAGGGAAACACCTC-1,0.0760739011132919,48079.0,B,1766.0,634.0,-0.10689131913881683,0.044473062515788205,0.05781865014380717,0.15508643200400468,-0.05198436010298979,-0.054981955081492145
TGGATAGAGTAACAGA-1,-0.023444944083944447,8084.0,B,366.0,370.0,-0.1577749657005241,0.2546180506613146,0.14790171249715173,-0.26130427146939317,-0.2271171793431877,0.13304410739298628
TGGCAAACTAAATTAC-1,0.001155334582241905,10237.0,B,1199.0,1267.0,-0.16561248744987875,0.06894165459139756,0.37388937027977515,-0.06314960363157966,-0.24719979209320564,-0.10167457712110449
TGGCAGATTACGATCA-1,-0.12345128878749065,5242.0,B,939.0,1133.0,0.1530080278767469,0.02685074740193588,-0.384201903681772,-0.16777069460001953,-0.11960569526995905,-0.04190470669692112
TGGCGACTGCTCCAAA-1,-0.0237598469470787,7230.0,B,798.0,1382.0,-0.20080928920643953,-0.07968386267082106,0.19147829826498078,-0.1422563613970128,0.16009233590309532,-0.09990491490371312
TGGCGATCAAGTTATG-1,-0.11429385496324304,9872.0,B,901.0,1291.0,-0.2914804223082328,-0.03494674319808707,0.1252958236657992,0.018513434763393958,-0.18133432499055305,-0.22737308111270788
TGGCGGTGTGCGATTG-1,0.04050132108965407,5487.0,B,741.0,301.0,0.034933499862036546,-0.047227854234701196,-0.05564394001767746,0.1854248454648986,0.08443906535150467,0.08561169310530148
TGGCTTGTACAAGCTT-1,0.012086546655068657,62874.0,B,1688.0,499.0,-0.017583013396307023,-0.11047129092728594,-0.03470301335109953,0.022733305266944004,-0.28635807095345184,-0.019002685983661546
TGGGACCATTGGGAGT-1,-0.037758088953034556,17081.0,B,249.0,303.0,-0.01621052718428838,-0.20814977293254716,0.02305036148424979,0.002426425900719925,0.1525191985968618,-0.37751413368023873
TGGGCACAAACAGAAC-1,-0.09402972380129915,2644.0,B,780.0,323.0,-0.20064493032700673,0.22208296112281145,-0.09158880624386691,-0.021379584361769663,-0.16384783984598633,-0.0127555496668975
TGGGCCCATACTAATT-1,-0.033802721059938576,4471.0,B,1341.0,1199.0,-0.10024334125161943,-0.1386110420711816,0.02002837304493438,-0.07525025160667327,-0.069981689396617,0.2373602118814197
TGGGCCTTGCCTGCAT-1,-0.2397126471533273,10521.0,B,314.0,325.0,-0.4790132568554106,-0.3418899500084435,-0.18484803073446363,-0.10012629507637046,-0.014657664557471107,-0.3233621128234201
TGGTACCGGCACAGCC-1,0.12910705575659454,12152.0,B,287.0,145.0,0.09133324821389228,-0.01870658516921712,0.2111449431728241,0.02686532176051234,0.3913346437171858,0.024766678379863537
TGGTCCCACGCTACGG-1,-0.0777370246309907,3242.0,B,1147.0,1313.0,-0.02449510251582604,0.05114958045921464,0.1865811071747004,-0.040614956127505084,-0.36250758007427836,0.08329454655881888
TGGTGTGACAGACGAT-1,0.16134344406780982,19047.0,B,210.0,190.0,0.3472368472919957,0.36645158040792297,0.09405708194286258,0.037724121354452536,0.18951117864820388,-0.11057044186338144
TGGTTAAGGGCGCTGG-1,0.08444390472192718,26657.0,B,1663.0,724.0,-0.08057801851453247,0.10421829518312152,0.1697338264658017,-0.0077815072638013905,0.09589110687098629,-0.02508389033411723
TGGTTCAACGGGTAAT-1,-0.07385506631279919,9825.0,B,1147.0,1268.0,-0.11565595881875496,0.0896065148959054,-0.06550413015786558,-0.1379935195913614,0.06836821384998285,-0.26433537263221035
TGGTTTAAACGTGGGT-1,0.008245273766295384,17471.0,B,1637.0,680.0,0.07025018800558003,-0.2741689182183438,0.22118591052108558,0.0054590316255981736,-0.1555196416024699,0.053671713004088434
TGTAACTTGTCAACCT-1,-0.043916028537949715,8858.0,B,586.0,211.0,-0.04851319505435863,-0.6163864563243638,-0.003597528450656569,0.09483437933605296,0.04195865190850147,0.19998083484131002
TGTACTACTCTCACGG-1,0.09544043766800293,16490.0,B,1740.0,589.0,0.05233393846855821,0.14470871195292134,-0.01942168233070525,-0.0653580035222272,0.10406951820498558,0.17587704119684047
TGTAGGAGAAATTTCC-1,0.1545899418000906,12193.0,B,1301.0,906.0,0.21296948046656686,0.164639653880156,0.11676829809384337,0.2780411208980578,-0.048003284450972135,0.22772802141879972
TGTATGGCGCAGACAG-1,-0.0029155231711410906,4153.0,B,1393.0,1109.0,-0.0025917634026332848,-0.006623800695350592,-0.14400723635665783,0.14802591705809948,0.16440343596931103,0.02285635182401273
TGTCATTTGTTGGGAA-1,0.11118698446505243,13277.0,B,1598.0,612.0,0.19938832861471867,0.2498277823167933,0.009032770151545598,0.10188451798237959,0.0823398033956305,0.0653830027232495
TGTCGGCATGGTGGAA-1,-0.06888863449566006,10384.0,B,483.0,347.0,-0.0016967915103345416,-0.01961532600549115,-0.2477464631479084,-0.21199884544021969,0.08341124661691288,0.0035483287010492416
TGTGAGACTAGCCCAA-1,-0.13768613648604866,2818.0,B,1006.0,1471.0,-0.32622546281101283,0.1367318370899181,-0.15276288829012521,0.029134826960705296,-0.34331150534567245,0.0219105545945487
TGTGGCAAAGCGTATG-1,0.04182264315468998,11864.0,B,1313.0,794.0,-0.016251275288710926,0.29241503343012853,-0.1025835883445258,-0.09160522912164049,0.12695056162514923,0.0564990594110836
TGTTATTGTATGTGGC-1,-0.13466264251294952,5922.0,B,1302.0,1132.0,0.1358695696047399,-0.031088347941541274,-0.08521601714920152,0.12616352277774204,0.06494946705124399,-0.8227455691378748
TGTTCGTATTGCGGTG-1,-0.0447341574257673,2359.0,B,979.0,1246.0,-0.043989590107488874,-0.10978521559650996,-0.11162491479592777,0.2774615015658052,0.08565066339313039,-0.16106645894196975
TGTTGGCTGGCGGAAG-1,0.05135025919400453,16443.0,B,249.0,168.0,0.2982409179188048,0.07917384091786055,-0.01866471476693111,-0.11465705858721911,0.01650742496779438,0.09850748228659185
TTAAACAGAGTCCCGC-1,0.01855150766000712,13163.0,B,534.0,347.0,-0.00012037624189766699,0.054098659258243496,0.09856484947315332,-0.002667795689089661,0.061088216740460555,-0.10142864947680677
TTAAACTCGAATTCAT-1,0.03542257349978448,13142.0,B,1417.0,838.0,-0.27617165107801983,0.3065169836941424,0.21671541937854236,0.10287245303854457,-0.20426157973105757,0.017892868604476024
TTAACGAACAAGCAGT-1,0.0150870613827736,26396.0,B,1662.0,634.0,0.14284569494920013,0.0838563480058684,-0.010526878419061195,-0.16267577476743603,-0.1566776897047366,0.0657736599695887
TTAAGGATACGGAGGT-1,0.08525826392002464,9291.0,B,690.0,301.0,0.2191849571413547,0.0227711401086563,0.21737282169217365,0.02754073292514162,0.1265746931473169,-0.12151556513544834
TTAAGGCCCGTACTTT-1,-0.10855659190030767,5653.0,B,514.0,1473.0,-0.03890865152734937,0.27994133929424647,-0.14854815766744772,-0.14054153185532003,-0.31058472058975073,-0.039303831973225525
TTAATGTGTTTGCAGG-1,0.0780476240949969,8537.0,B,263.0,415.0,0.1494957246581347,0.11682980221881124,-0.0934252211945694,0.1844705618478819,0.06947076534664733,-0.05425825209072255
TTACAGACCTAAATGA-1,-0.04419723703581237,10821.0,B,1430.0,726.0,-0.047857522887930666,0.05621998018413385,-0.24608336226268837,-0.004933096869186528,0.11758242114812838,-0.10264498708087401
TTACATGCCACAACTA-1,-0.05364127449933111,26568.0,B,1522.0,1063.0,-0.0934478792285107,-0.07713113315349675,-0.06206667080297845,-0.19543943677586437,-0.1797881991448,-0.03552674393329177
TTACCGCCTTAGGGAA-1,-0.1365026938430332,4294.0,B,457.0,392.0,-0.13827459566399775,-0.3146575020950973,-0.042143786022420866,-0.01901335164387899,0.07385448475364248,-0.30333811417223444
TTACGGATGGTTCGAG-1,-0.03143916233187477,12511.0,B,1392.0,883.0,-0.2675167201610328,-0.15309868844342914,-0.03791698412772499,0.112389383480625,0.020579984104514313,0.1308769458419364
TTACGGTGTCACCGAG-1,0.0273823791226804,4591.0,B,663.0,256.0,0.4674951056363092,0.13849021566027767,-0.16347013211496447,-0.12005318451960433,-0.2031769778789676,0.29359615868968014
TTACTAAAGGACTTTA-1,0.05095372493695973,8111.0,B,1199.0,1222.0,0.22014095620902568,0.3142917303649762,-0.19423351147130544,0.01597386863755742,0.1442693714131685,-0.15328802606027936
TTACTCCGGCCGGGAA-1,0.07117334492800993,11668.0,B,1197.0,907.0,0.16698483390693783,0.11113634574300149,0.07404997393244159,0.04589657630393336,-0.040091338201741954,-0.025150574308926747
TTACTGTCTAGAGCTC-1,0.14507300764401612,81445.0,B,1675.0,567.0,0.03555214765855985,0.1990406786872005,0.10606670340477356,0.042827180775058565,-0.06109336514667951,0.03859725864315608
TTAGAAGAACATGACT-1,0.018705531556227502,6724.0,B,1018.0,1313.0,-0.1618275406356226,0.11009817245367504,-0.02202668659224996,0.48271014277829727,-0.1200363362847941,0.041426463286823346
TTAGACGAGTCACCTC-1,-0.09332926028405009,8528.0,B,1225.0,1222.0,-0.12104109424214193,-0.12431238241718162,-0.344298700911357,-0.007995059214758665,0.1255298056550436,-0.1597267200804448
TTAGAGTTTAGAAGGA-1,-0.09684233347619611,11198.0,B,1302.0,1177.0,-0.05137841314440628,-0.14620304247123855,-0.280515736275187,-0.2796481706112023,-0.3691156904349288,0.27974327286592165
TTAGATAGGTCGATAC-1,-0.038833659128609546,10176.0,B,457.0,437.0,-0.11139192357051853,-0.01579341857869894,0.08923031971342801,-0.024768873776780963,-0.04089257574975245,-0.22006084438308765
TTAGCAACATGGATGT-1,0.11559311150265612,4196.0,B,548.0,594.0,0.5870807084800809,0.0894779848795492,-0.09810215892936847,0.046486638272497174,0.135753319216386,0.18660561416661875
TTAGCTAATACGATCT-1,0.01596178404824304,11383.0,B,1455.0,635.0,0.3795675880689332,0.016925806619385603,-0.1165943163272883,0.09459200125167709,-0.03728672356522157,-0.2079279326569433
TTAGCTGATTTGCCGT-1,0.04236010467468732,20853.0,B,1405.0,996.0,0.02463369974314779,-0.2668817601099586,-0.014879407824952335,0.09925701525502384,0.07421459640941803,0.0870321004741113
TTAGGTCATAACCGAC-1,0.06157403581981073,8085.0,B,682.0,1450.0,-0.0019145066093128882,-0.04432395074605781,0.18514830555714318,0.050936516033149894,0.015179742999662913,0.1811604510511258
TTAGGTGTGACTGGTC-1,0.1782172881898386,20621.0,B,275.0,213.0,0.45070297088389943,0.2624105907809417,0.202352865749392,0.35303730972362063,-0.12260366333583976,0.046853261712559414
TTAGTTATTCGTGGCA-1,-0.12146461355234685,5284.0,B,1367.0,1199.0,-0.0866433570478212,0.06718732390705304,0.006640509407392961,-0.2441109206256266,-0.40106714372999375,0.06349263869822219
TTAGTTCAAGTGTTCG-1,0.1262815369869958,17480.0,B,1636.0,634.0,0.11440327509274592,0.147967442626209,0.14633356293060978,0.11761167809646787,0.09518485372688923,0.09471479335559355
TTATATACGCTGTCAC-1,0.12504558811007263,19452.0,B,1146.0,997.0,0.12584584665653537,-0.05840134222704606,0.48527199699890927,0.054054410519318,-0.013184932149596072,-0.02475625479888692
TTATCATACTCGCAAA-1,0.2621285914644222,14216.0,B,495.0,189.0,0.025386028434982853,0.3770474926221294,-0.1387957974211457,0.33857270436130305,0.14681546747917223,0.6012718232914839
TTATCCAATCGAACTC-1,-0.12510767579029058,2075.0,B,613.0,436.0,-0.17072353006236574,0.09099375745755697,-0.061332226901527724,-0.2820514028233049,-0.028523865908003182,-0.06123049780882157
TTATCCGGGATCTATA-1,-0.08439163482763336,7772.0,B,1316.0,1289.0,-0.4176518099197107,0.025518042753969815,-0.280490169326821,0.19528444523299948,-0.09203894697100092,0.07666063805525149
TTATGAATGAAAGGGA-1,-0.04857334221063551,5946.0,B,1004.0,1065.0,0.038985910377374505,0.04656205183928514,-0.18452030923156693,0.0025717058986269928,-0.08024941016279939,-0.017582837090792967
TTATGATCTTAACGAA-1,0.0021002826183362583,13133.0,B,1250.0,997.0,0.12864676171072323,-0.044091305355779715,0.022959006652505977,0.049081730628535755,-0.06111036451012311,-0.2147975024506279
TTATTAGAGCGTGTTC-1,-0.25214717341926685,9600.0,B,1095.0,1178.0,-0.1994760589122146,-0.15133433613658775,-0.29759639561043566,-0.32588471640974204,-0.369643915028103,-0.18133783575303505
TTATTTCATCCCAAAC-1,0.13062003406547265,11311.0,B,430.0,167.0,0.23716601148391667,0.14903522307845807,-0.2800426193131636,0.21907775190494197,0.49445311190401275,-0.09934013927916792
TTCAAAGTCTCTAGCC-1,-0.11246862835146461,10417.0,B,1159.0,930.0,-0.14990612847036908,-0.5629627024355858,0.04411879225588808,0.0431139415637978,0.12591251289300426,-0.15854248168758123
TTCAATACTCTGAATC-1,0.049331895221735846,10455.0,B,1301.0,997.0,0.14421115070753834,0.043086514505050785,-0.0055576530258542945,-0.07787471681934342,0.3307318252081939,0.04893697195232826
TTCACTCGAGCACCTA-1,-0.061613467885472575,9117.0,B,1083.0,1381.0,0.3920804898730752,-0.12639606463016023,-0.36091002601703287,0.03518025679429588,-0.19642834757516045,0.03536481797813465
TTCAGAGTAACCTGAC-1,-0.06917961805626702,11709.0,B,469.0,279.0,0.10782757661731215,-0.06821504008044932,0.12077701505434614,0.08058199287639171,-0.2226767128107067,-0.36923252472254814
TTCAGCCCTGGTCCAC-1,-0.10467266584994217,3903.0,B,1289.0,1199.0,-0.16656024400961256,-0.06624490179074854,0.458558328730844,-0.25101729491356795,-0.1750979175423985,-0.24845170373946124
TTCATAGCCTTGTAAC-1,0.02846547672532731,6563.0,B,379.0,302.0,-0.1512925182082042,0.07206016792301964,0.06369900558722112,0.1317644589096969,-0.06992047840696751,0.10197123101482189
TTCATAGGGTGTCCAT-1,0.0242513167830748,9340.0,B,237.0,506.0,-0.14533556521680852,0.09182550627864566,-0.04939285514455501,-0.21591600871923036,0.3191324080247585,0.1804920220061207
TTCCAATCAGAGCTAG-1,0.01950504534580884,16546.0,B,1416.0,658.0,0.04823893078588519,0.1239205255080454,-0.07672524913189932,-0.02686445848331414,0.0038942058023624312,-0.06925564199355949
TTCCAATCTGGCTATC-1,-0.18088918764230433,6562.0,B,784.0,1224.0,-0.14070376545796842,0.00439301789398935,-0.13969781822342076,-0.18970805607389074,-0.3773248648512686,-0.07686627771622286
TTCCACACAGATTTGA-1,-0.11618423503360839,6565.0,B,785.0,1269.0,0.16292100445895663,-0.19927961327408522,-0.08870076904663705,-0.28710589059416863,-0.09822053619844022,-0.11800802849173042
TTCCGCAGAGAAATAT-1,0.18024147526459536,14427.0,B,1494.0,613.0,0.21058487330608272,0.33375409793854716,0.06561977812355188,0.10180106418320792,0.2753139904811286,0.05698913118259786
TTCCGCGTGAGGCGAT-1,-0.040683077634488654,3724.0,B,1017.0,1178.0,-0.2114063566926509,-0.07150534971950645,0.04708069741732893,0.0914034413745321,0.021470440113025208,-0.00858700874863115
TTCCGGCCTTGAGGCT-1,0.06305155121001853,8986.0,B,759.0,1360.0,0.06374588855319967,-0.10479904703808336,0.14962640592306387,0.024927474641460095,0.07170376813687426,0.12435840267153363
TTCCGGTTACCCACTT-1,-0.07151009784496416,6496.0,B,1315.0,1154.0,0.13075742952814398,-0.022491686816280495,-0.15082174937831339,0.029047726611277906,-0.2520770318112112,-0.029727804089556997
TTCCTCGGACTAACCA-1,-0.05081673097992549,1889.0,B,1303.0,1267.0,0.23052638996168612,-0.01929374923168889,-0.005670884780063036,-0.2067296652079278,-0.05187197689650343,0.09642007995898559
TTCCTTTCTGTGTTGC-1,-0.08396166903785914,2844.0,B,509.0,392.0,-0.02997548107210657,-0.020953528725874228,-0.06781939757077027,0.11960460349264351,-0.16281416600662307,0.00664728749841919
TTCGACAGAGCCCGTG-1,0.033818131151859616,2899.0,B,1070.0,1313.0,0.4193756083965731,0.09232403551017891,-0.2773867397286605,0.06949934973277455,0.07638324746958416,0.06670821070764538
TTCGCATCCGGAAGCA-1,-0.02469954753567012,5275.0,B,431.0,392.0,-0.04475749026723989,0.0856242110953369,-0.052757201288327546,0.19854283100464779,-0.08846200085724887,-0.029305645202494898
TTCGCGCGCCATACGA-1,-0.010144892407488037,9490.0,B,799.0,1472.0,0.049344835580659586,-0.06170502915775051,-0.06511732808155254,0.1840719362986602,-0.17871113506606068,0.06130962726839606
TTCGCTATCTGACGTG-1,0.22152006451535616,12829.0,B,1481.0,590.0,0.5402192368379252,0.6167654271998707,-0.20497701275299587,-0.028023476844495552,0.30650356111814897,0.10694893126133673
TTCGGCTAGAGATGGT-1,0.11190246425961585,3837.0,B,496.0,550.0,0.28932848145487694,-0.1356392845716031,-0.07153021814703278,0.20670623019389342,0.25373992611142154,0.19495195450475275
TTCGGGACTAATCGCG-1,-0.038838580133349024,5726.0,B,1120.0,952.0,-0.14282956977352762,0.005919130641378954,0.024763762620654425,0.0718523723566312,0.016684219805434875,-0.09386761964926635
TTCGGGCGCTAGTCTT-1,-0.1706103811638614,5121.0,B,669.0,1382.0,-0.285220125520332,-0.12741373761879465,-0.24762102231554126,-0.4214858662807084,0.2260551553051451,-0.020853331437641804
TTCGTTCAACGAAGTT-1,7.053251479349418e-05,9619.0,B,1546.0,657.0,0.2773053524345362,0.03501231106854641,0.15749602288973544,-0.07067767184992386,-0.05466593219203893,-0.3054065621578527
TTCTAACCGAAGCTTA-1,0.0741414883209088,15956.0,B,1353.0,906.0,0.08091011518399946,0.09669821264763812,-0.15377223702326345,0.10793144496440116,0.30620840913750785,-0.16198328602479353
TTCTACTTGCGAGGGC-1,0.00045841111312075467,2212.0,B,600.0,639.0,-0.0035231669293561557,0.20800026093297758,0.02276864225518674,0.02965822340362556,0.005573858337452844,-0.06273858139508046
TTCTAGAAAGTCTTAT-1,-0.15924450341191732,20688.0,B,786.0,1495.0,-0.26426216181897055,-0.22204728644319233,0.01695162572828155,-0.307141232747283,-0.110682413297815,-0.21434290458594163
TTCTAGGCCAATTGTG-1,-0.04821427055231253,1717.0,B,756.0,639.0,-0.21748867646488157,0.03225325027911606,-0.1322376594881285,-0.0663653341433696,0.014488102012094398,0.3307512977350981
TTCTATGCCTTTCGCA-1,-0.07780664510042569,52393.0,B,1754.0,792.0,-0.2788642761793365,-0.29195066688030413,-0.07678707758109925,-0.1553590046451545,-0.030927773977931936,-0.16735826391191305
TTCTGACCGGGCTCAA-1,-0.20301536034871334,4755.0,B,1277.0,1312.0,-0.2485880754091057,-0.017371234173691283,-0.13825717765294165,-0.29227129216883124,-0.5918455064261788,0.1791725249283281
TTCTGCCGCGCCTAGA-1,-0.0019420143889752328,3131.0,B,1082.0,1245.0,0.2270378726876064,-0.08868269200046992,0.10716693155761935,0.16261012116556306,0.006397413313914878,-0.11361579468989791
TTCTGCGGGTTAGCGG-1,0.06970896760369959,4064.0,B,1224.0,1042.0,0.02164445370416755,0.08198143445848771,0.055335039260496655,0.18220617108119203,0.17851330732456788,0.05022079517109801
TTCTGCTAGACTCCAA-1,0.15291856592542039,18354.0,B,1559.0,770.0,0.07313790943974693,0.3835140261315908,0.04753190803453998,0.1815869405436635,0.11515161461908902,-0.023536838033587276
TTCTGTTTCCTGTCGC-1,0.007200462142903097,2805.0,B,341.0,595.0,0.08475446993765676,0.2720232616451037,-0.04736424431568942,-0.0753054686491809,0.12038829460816383,-0.038765224638634216
TTCTTTGGTCGCGACG-1,0.07877767822137294,13033.0,B,1533.0,680.0,0.20055828421552352,-0.01560998959366576,-0.03399891878503812,-0.02753830533823098,0.31257267260343535,0.0556324794000031
TTGAACGAATCCTTTG-1,0.03807156870700547,4749.0,B,458.0,572.0,0.03315830689396913,-0.03284491339552401,0.18208937666278752,0.049848915442651784,0.14428390570813956,0.08129337375140767
TTGAATATGGACTTTC-1,-0.03539943231259265,6340.0,B,1172.0,907.0,0.10257809380346376,-0.26333869757431644,0.11054744541212463,-0.07976213432678449,0.10403137386494618,0.0011000403553869734
TTGAATTCACGTGAGG-1,-0.18397363342631648,6229.0,B,1444.0,1018.0,-0.6088514203733979,0.3725141120089209,0.0015588159825321076,-0.49085251502140753,-0.040354321374376986,-0.1739752927433281
TTGACGCTCCATGAGC-1,-0.13012880054009535,14621.0,B,1496.0,1063.0,-0.17616637405935098,0.26550269978391944,-0.3250031261334739,-0.2933378242640066,-0.32917610771528394,0.022321664470527088
TTGATAGTCAATACAT-1,0.20167940028622444,28167.0,B,1676.0,747.0,0.2398061348041398,0.212912849276109,0.22245930892202734,0.1254877944034815,0.09742141032007443,0.010993351931173838
TTGCGGCATCAGAAAG-1,0.06177591013458207,15906.0,B,772.0,1337.0,-0.0018018741780912034,-0.12031560540713597,0.17454053399815117,0.25729190873720453,0.01595341055874913,-0.013041335024551036
TTGCGTCGGCCAACCG-1,-0.17701407504665242,6982.0,B,720.0,1292.0,-0.2747836782780727,-0.11893287057050815,-0.19462014281598353,-0.1341158836880995,-0.15714550940078884,-0.1623516651102938
TTGCTAGCTACCAATC-1,0.06930292873719378,8283.0,B,560.0,211.0,0.28710065636600757,0.04655986097742343,0.05657343504362859,-0.12963435092252265,0.1440742565511755,0.031161040040423936
TTGCTGCACCTATCCA-1,0.04805457256130366,14040.0,B,445.0,640.0,-0.09825078512457569,-0.06835975551166212,-0.034307286969241055,0.2522165400220834,0.17276052261732877,-0.07074315182780141
TTGGATATCGTCTACG-1,-0.17057198072864757,8765.0,B,862.0,1224.0,-0.08398766335944916,-0.1600278033819073,-0.18481908864069968,-0.06269809038692567,-0.30181753348804896,-0.13887029699731315
TTGGCCATCTTGCGCT-1,0.0116834139634365,5136.0,B,458.0,527.0,-0.3499512707990976,0.10682137890001242,0.05745727350550427,0.09614183700449275,0.03358373381472082,0.15914130712403754
TTGGTATGGCTTGTGT-1,0.0279695073374352,22257.0,B,1702.0,882.0,0.10343079526058918,-0.13433932049127562,-0.09435804615985602,-0.0806564117588974,0.08265162414353847,0.0778576523556068
TTGGTCACACTCGTAA-1,0.09732404055077681,6614.0,B,810.0,1224.0,0.16729918576425915,0.3205631184243629,-0.003296535239019018,0.08938825426895411,0.20646770268101372,0.0212722044784754
TTGTGTATGCCACCAA-1,-0.14204864495050318,8274.0,B,967.0,1404.0,-0.21040553179218952,-0.20056179286791556,0.0523515463109366,-0.41249095003240915,-0.1334151388606176,-0.021069250468534733
TTGTGTTTCCCGAAAG-1,0.03240566386126327,3741.0,B,953.0,1291.0,-0.06119815758049693,0.4339238571868905,0.25922061102714683,-0.17663403993961607,-0.043255624376459495,-0.1314303985948379
TTGTTTCACATCCAGG-1,-0.05404391747245597,13625.0,B,734.0,1450.0,-0.2881203207478745,-0.021425329820366195,-0.15961494034134127,-0.07411311719748137,0.15755084831351032,-0.06399175470908297
TTGTTTCATTAGTCTA-1,-0.17290906233704978,16502.0,B,579.0,1496.0,-0.2748294662253295,-0.17100731201755973,-0.05041332325936765,-0.3872895927942056,-0.3347622842896298,-0.03271949949336268
