barcode,score,depth,section,x,y,score_vSTB1,score_vSTB2,score_vSTBjuv,score_vCTB,score_vHBC,score_vVEC
AAACAAGTATCTCCCA-1,-0.05375531113988121,1540.0,A,1487.0,1268.0,0.0030971526213956282,-0.12262084628754163,0.013984562118115502,0.08912998595533922,-0.11937106197158065,-0.05583645701337493
AAACAGAGCGACTCCT-1,0.05763802863489012,1182.0,A,1381.0,463.0,-0.004892459337425541,0.28482272855517293,-0.09358728538712396,0.02691290294419004,-0.003104195462766232,0.1603672951967211
AAACAGGGTCTATATT-1,0.052209549940350236,33885.0,A,342.0,1206.0,-0.04088861118425194,-0.003941588444943189,-0.11974761881818416,-0.04891196992312852,-0.03217734406434526,0.06349200785723437
AAACCCGAACGAAATC-1,0.18452864807681174,13184.0,A,1654.0,1155.0,0.1301125139171682,0.18360446945412273,0.0013186791389579247,0.3342524426844688,0.024166142912201857,0.25595095440070903
AAACCGGAAATGTTAA-1,0.02721490677410067,14163.0,A,1771.0,1356.0,0.18248766027053998,-0.04322676932698506,-0.022415711854945192,-0.03065730642284624,-0.11074512008162772,-0.004486853151954531
AAACCGGGTAGGTACC-1,0.04710175927356096,2310.0,A,535.0,1094.0,0.0023300803543574947,0.10926296293824589,-0.050663166839706474,0.0020518477629319918,0.13685925826894782,0.08555045048431767
AAACCTCATGAAGTTG-1,-0.07287412902261929,3090.0,A,419.0,982.0,-0.27395288238641413,0.07856385072800948,-0.0362561135818578,0.13910910898311246,-0.18362820785532244,-0.07991279582336738
AAACGAGACGGTTGAT-1,-0.05068230232657543,936.0,A,1190.0,934.0,-0.1162610080902082,-0.08075200964954538,0.04443759139677305,-0.18218024868276378,0.059999798030407836,0.05419950293158436
AAACGTGTTCGCCCTA-1,0.12873415163622443,10917.0,A,1689.0,461.0,0.1701732018308833,-0.17057787046045308,0.1331176212610214,0.05849177697458233,0.21593762747793835,0.05938494133141134
AAACTAACGTGGCGAC-1,-0.014291917054980443,3105.0,A,1586.0,328.0,-0.2664016380291764,0.009293954007679454,0.10155382291970225,0.029940342143165658,0.03953185551587117,-0.040450731070441316
AAACTCGTGATATAAG-1,0.013227879990470481,18206.0,A,1626.0,663.0,-0.014085279931234318,-0.07951591114908138,0.03804852600973423,-0.16485279659532365,-0.09005684243092443,-0.009914560029602358
AAACTTGCAAACGTAT-1,-0.04967486970248636,6419.0,A,419.0,1161.0,0.2000489243912294,0.05438322278268341,-0.9433782761661827,0.10388108377190462,0.026166710799534525,0.1745463665998096
AAAGACCCAAGTCGCG-1,-0.022251900208869906,4600.0,A,789.0,376.0,-0.03344205505774637,-0.12645843284090097,0.08040892183048486,0.0540588131943123,-0.30360417564538683,0.09002133800039039
AAAGGGATGTAGCAAG-1,-0.045575354282375725,3343.0,A,970.0,689.0,0.24686488180436716,0.4066762039908402,-0.19085907757008533,-0.3773958086267451,-0.08968287443897169,-0.13833163126632672
AAAGGTAAGCTGTACC-1,-0.00103917140709342,593.0,A,1535.0,373.0,-0.07152119287778959,0.06448773886026997,-0.00866290053914166,0.0037691442605774367,-0.005578097098939791,0.12589750558873003
AAAGTAGCATTGCTCA-1,0.15840081007475185,14949.0,A,523.0,1295.0,0.0893870459246584,0.3333202428546856,0.030746239864133718,0.017541140323034596,0.15209976298053074,0.09655902675100825
AAAGTCACTGATGTAA-1,0.14940834025460503,1835.0,A,840.0,376.0,0.6308877546038452,0.30526698638465594,0.3933476289434827,-0.21410860440873453,-0.05525331765033596,0.1303050561201166
AAAGTCGACCCTCAGT-1,0.014974799382100265,14462.0,A,367.0,982.0,0.03759470279077039,-0.09321784315681902,-0.0022616978563956974,-0.0067795499623366645,-0.017708496940911707,-0.1111306212749256
AAAGTGTGATTTATCT-1,-0.08540256250343442,982.0,A,1384.0,1134.0,-0.25173223247348386,0.016548470821178773,0.03593275192975903,-0.08949813251039948,-0.033829174070630096,-0.10527571874134078
AAAGTTGACTCCCGTA-1,-0.030114981715904793,802.0,A,1409.0,1089.0,-0.0954934530872256,0.22727867278376845,-0.013405056413225456,-0.08003166785471187,-0.08828393431107917,-0.04355196312625746
AAATAACCATACGGGA-1,-0.11390238083411235,1585.0,A,1304.0,463.0,-0.024973951443818664,-0.004264951282234697,-0.3956723387222145,-0.050365938569627185,-0.13725152424043685,-0.03713964056193224
AAATAGCTTAGACTTT-1,-0.12138475392336837,1284.0,A,1537.0,955.0,-0.08293649817485133,-0.3193057890396846,-0.021694125892847242,-0.10029259984893213,-0.15866525385238067,0.013240964776967408
AAATAGGGTGCTATTG-1,0.03261858767395625,2267.0,A,1192.0,1337.0,-0.17458962113620724,0.2727837115629085,0.10391417174589482,-0.039041933846346216,0.07939187111222326,-0.012033764164377396
AAATCTAGCCCTGCTA-1,-0.2676980150285952,1349.0,A,1475.0,1335.0,-0.9250806451614222,0.14864019553914296,-0.07611622667499506,-0.005442174709471812,-0.2370547587641512,-0.2569367250788088
AAATGGCATGTCTTGT-1,0.13857692718975156,9189.0,A,1059.0,442.0,-0.20955895193775537,0.05404847529200407,0.4382147626541678,0.29363956837515176,0.013298807821720882,0.05064758592432658
AAATGGCCCGTGCCCT-1,0.04019764498822717,6417.0,A,394.0,1251.0,0.09776230267012798,-0.1471271174349356,0.12319332467592364,-0.049955433513442095,-0.09074187863090438,0.17829029159407236
AAATTACACGACTCTG-1,-0.08448921636361235,1815.0,A,1278.0,463.0,-0.4596410822256269,-0.017812623526461395,-0.07553469014611025,0.0603374617549289,0.04391839779761773,-0.04853761655420864
AAATTCCAGGTCCAAA-1,-0.16624989820085606,3823.0,A,1653.0,932.0,0.19888663322325684,0.14990269477523496,-0.6788685179446496,-0.03381546902520767,-0.7486770798712974,0.1152251268743977
AAATTGGTGAGAAGCA-1,-0.0920904894507918,10336.0,A,1702.0,484.0,-0.3097302677869309,-0.3254845591376332,0.07633633769357792,-0.05941656611688784,-0.00266993048698546,-0.09132482940230596
AAATTTGCGGGTGTGG-1,-0.022559269346122002,3393.0,A,600.0,1205.0,-0.0626521637132644,0.04657547567182152,0.037607138152949734,0.13419444118611132,-0.04409412547108574,-0.24950543117864793
AACACACGCTCGCCGC-1,-0.045136214525860224,788.0,A,1372.0,1291.0,-0.19271679879443393,0.1711503514322138,-0.029156466459370266,-0.07928963745600935,0.002257583645121075,-0.043261647753356794
AACACGACTGTACTGA-1,0.0008220605603659059,6283.0,A,1007.0,353.0,-0.13836747029598045,-0.2363682276630128,-0.1081891253814634,0.21892718146880605,0.04226829411649566,0.06541098458969623
AACACGAGACGCGGCC-1,0.06376740373649155,4585.0,A,445.0,1161.0,0.09602070738087432,0.022896517047278256,0.4872780818218607,-0.13671661813021235,-0.18482418108749477,0.00845597727566558
AACAGGAAATCGAATA-1,0.35082451260413106,3879.0,A,1034.0,487.0,0.06621858718175076,0.8943774979172324,0.045178926205962686,0.23991268115642084,0.1781096696550304,0.5816844667197166
AACAGGTAGTATGGAT-1,0.09645164832829212,2485.0,A,1629.0,1245.0,0.10184296993281497,0.18580670735877716,0.23021660352249854,0.10398367888041762,-0.10628599873929184,0.14788665623120525
AACCAAGACTTCTCTG-1,0.11738785462254119,5261.0,A,483.0,960.0,-0.07338977855468132,0.09100347625841815,0.059714681148940296,0.14039791468195031,0.21300962037446386,0.15023649759231927
AACCATGGGATCGCTA-1,0.12756867085985113,4233.0,A,558.0,467.0,0.20641377048649898,0.14133570757647776,-0.0656505375131807,0.49792471556948786,-0.14372917144548206,0.20821859844397528
AACCCAGAGACGGAGA-1,-0.026155559664561456,4067.0,A,673.0,489.0,-0.04588678711807688,-0.16842687661131586,0.1499049249193127,0.14347868037108846,-0.10899783439651796,-0.2749871308063158
AACCCGAGCAGAATCG-1,0.12433402843501845,14436.0,A,1630.0,1424.0,-0.2830759001274228,-0.2171718209956103,0.30342338478017195,0.2652130940235129,0.14953441918388571,0.11810634911059067
AACCCTACTGTCAATA-1,-0.020611351825804605,1009.0,A,1409.0,1045.0,-0.12278783437085726,-0.08679892968539993,0.20144904039622674,-0.1885918935277308,0.1070630360920625,0.12901501264884266
AACCCTGGTGGAACCA-1,-0.06424451677828054,5674.0,A,1071.0,330.0,-0.24713368897640695,-0.10083752231694643,-0.23497103143456838,-0.10960752937976784,-0.29317581948487276,0.5269993193231053
AACCGAGCTTGGTCAT-1,-0.044014270445572885,7831.0,A,1073.0,688.0,-0.08410542755473446,-0.10918304120759711,-0.13314971110193008,-0.0006978490961502201,-0.20162903500777243,0.02920381130118709
AACCGCTAAGGGATGC-1,-0.036955677649058064,947.0,A,1358.0,1179.0,-0.09220338058499265,-0.12809495256568867,0.1796614707673276,0.03676923409309196,-0.09589957668436534,-0.046398498818482806
AACCGTTGTGTTTGCT-1,-0.07133171632660835,1560.0,A,995.0,420.0,-0.4970803756641909,-0.7121269533222502,-0.051936184384274026,0.2234263873709263,-0.02229312059184138,0.20363442448221236
AACCTGTCACGGAATT-1,0.0784475683421049,2095.0,A,1692.0,954.0,0.005158844616842153,0.3031704549581872,0.22290474073317182,0.06665875957285278,-0.14075767867432237,0.027562411176062347
AACCTTTACGACGTCT-1,-0.13370613706912224,5182.0,A,1355.0,508.0,-0.267855831244166,-0.23989318552170696,-0.2367499053695086,0.05577299763811098,-0.1792866148938566,-0.10080632328831858
AACGATAGAAGGGCCG-1,0.030474872110028327,2191.0,A,853.0,488.0,-0.08161134824208914,-0.043445844634645236,0.17785650051795135,-0.04777720607180734,0.39938166396843355,-0.26563900071781
AACGCATGATCTGGGT-1,0.046110575961918476,10926.0,A,1510.0,597.0,-0.0533301290272752,0.01569989137763217,0.22390530096905367,0.19297398139035304,-0.275382600139976,-0.13665379569653363
AACGCGGTCTCCAGCC-1,-0.0383382174785669,3530.0,A,1009.0,666.0,-0.1518867897854918,-0.23016788150272174,0.03333762322575079,-0.02215999253877394,-0.13803917418609415,0.17700084495873486
AACGCTGTTGCTGAAA-1,-0.010028493691396134,1057.0,A,1385.0,1358.0,0.11471545374197875,-0.6041753450952542,0.38818403720010586,-0.037005202570541594,0.4481223850258861,-0.025599226739676642
AACGGACGTACGTATA-1,-0.05960596149708945,1250.0,A,1359.0,1269.0,-0.15696584150585566,-0.12734995253844655,0.25962131944287725,-0.011517198139268915,-0.09784050456644128,-0.10091829982435228
AACGTACTGTGGGTAC-1,-0.01482087535749669,3271.0,A,715.0,1227.0,0.0861053408362485,0.34870728916845084,-0.10440043786459881,0.19495618811142104,-0.16563622606487993,-0.28258175050074646
AACGTCAGACTAGTGG-1,0.01698956242948425,2279.0,A,687.0,690.0,0.1339035161675608,-0.14408360713603932,0.08453452766016745,0.24776793659047544,0.46763205933365815,-0.5188193981026261
AACGTGATGAAGGACA-1,0.07822305431335626,1281.0,A,1239.0,352.0,-0.006122539686603125,-0.05146301153031045,-0.02165022425346352,0.13719659810865517,0.42203708106972454,-0.0030728621071135047
AACGTGCGAAAGTCTC-1,-0.058279506396730005,2337.0,A,1126.0,956.0,-0.08534158869436234,-0.18090377261479415,-0.16102435543244636,-0.00791773082870367,0.16486344231189193,-0.11593474231442744
AACGTTATCAGCACCT-1,-0.03969750205539352,13908.0,A,301.0,647.0,-0.06878037419169383,-0.053597015520836844,-0.17868220755251527,0.0701139411203428,-0.317727912426995,0.020474917475609707
AACTACCCGTTTGTCA-1,-0.1503064922341735,1365.0,A,1629.0,1200.0,-0.4103442855581172,-0.08415020101700196,-0.022851823157825905,-0.10481404281495639,-0.1601891357064862,-0.05781151322233821
AACTCAAGTTAATTGC-1,0.0549250322904791,2024.0,A,740.0,1003.0,-0.08885957010045298,0.045762850761181785,0.42537188523787767,-0.1206727902779363,-0.1257654338242213,0.14980763364178884
AACTCCAGAGCGTGTT-1,0.032552942624086645,743.0,A,1360.0,1493.0,-0.020627707478231463,0.3635646658176992,-0.1090483447816221,0.025323490615434985,0.021617900689314525,-0.0010817487167439702
AACTCCTAATCCCATG-1,-0.0273820229875347,631.0,A,1355.0,418.0,-0.022050842514182004,-0.05091813139263736,-0.009601734960986465,0.24540654284639737,-0.17188063714777904,-0.039785057503826694
AACTCGATGGCGCAGT-1,0.10887842174610468,5873.0,A,519.0,400.0,0.36023741860680675,0.25341561580948724,-0.006695472902603649,0.02317083348500408,0.09363335209003282,0.03267192532322842
AACTCTCAATAGAGCG-1,-0.009284218911402145,830.0,A,1370.0,933.0,-0.15654775446427624,-0.028435786639200593,-0.013972541106525686,-0.008057940829446462,0.18869859137207298,0.0440519066289144
AACTGAGGTCAGCGTC-1,-0.07385228221181299,2029.0,A,1599.0,350.0,-0.030540031800667986,-0.16406618119127298,-0.07742827497157675,-0.04224975001951281,-0.07582136986090084,0.05076267034810561
AACTGAGTTATACTGA-1,-0.06396720101420299,3992.0,A,1809.0,1289.0,0.11617453803706408,-0.2083573422264761,-0.060503051758713455,-0.020485271327987692,-0.13045116493251582,-0.0007400423153214406
AACTGATATTAGGCCT-1,0.01894984320659829,3306.0,A,1021.0,509.0,0.054973686424420645,-0.014534929999450451,-0.2906533779241228,0.2789283067793986,0.029381024705491608,-0.005625863202332059
AACTGGGTCCCGACGT-1,-0.029369708672057928,2564.0,A,1021.0,599.0,-0.041866309034613865,-0.13843519931270726,-0.1306815613961624,-0.24964197755676615,0.07839199386352494,0.249308790313189
AACTTCTGCGTCTATC-1,-0.022426972967712483,4160.0,A,404.0,557.0,0.05574136326739048,-0.10918433974705855,0.05443316208287302,-0.10468952307165409,-0.013162471791069563,-0.14459258624801144
AAGACTGCAAGCTACT-1,-0.06322794542957309,4299.0,A,1049.0,957.0,0.13197696910548481,-0.35554195174173436,0.14113334703013325,-0.2727411364888575,-0.059802596067011715,-0.03696805445199819
AAGAGCTCTTTATCGG-1,0.011344531189527246,1852.0,A,1164.0,934.0,-0.2594331742962745,-0.1409117476399972,0.5194796045882123,-0.20403772283456056,0.3590156697805065,0.0979434081746573
AAGAGGATGTACGCGA-1,-0.1063516967132547,2327.0,A,547.0,1026.0,0.2524459869022437,-0.08238362270771102,-0.05447009952789922,-0.19094229587204573,0.1781060992873849,-0.6701250168472429
AAGAGGCATGGATCGC-1,-0.028364534543702732,748.0,A,1203.0,956.0,-0.2711930956030643,0.00437705669199942,0.1911518796423694,0.0757732184738931,-0.08506994489041267,0.016655753551206583
AAGAGGCCCTTTGGAA-1,-0.10510893833646857,1125.0,A,1578.0,1469.0,0.16502649357196417,-0.10104508671203802,-0.2793135053636783,-0.1424675097063911,0.09174045676240891,-0.17260455885828485
AAGCCGAAGCGGTTTA-1,-0.027102431979305994,1329.0,A,1552.0,1245.0,-0.09690828859273293,-0.1530744737228655,-0.022343742534349845,0.03858637682337235,0.10263171853211114,-0.0009724907944211672
AAGCGGAGTGCGCGCA-1,-0.0675569178085728,8248.0,A,1792.0,416.0,-0.13276397514797156,0.02846302285473449,-0.09035756340349016,-0.14762698980888755,0.026551079391378456,-0.1550138425206092
AAGCGGCGTCATGGGT-1,0.07308934988003347,715.0,A,1419.0,351.0,0.45952980582392944,-0.10595735209119472,-0.011548485496890599,0.38761091453295715,0.019400831123614987,-0.07398675305551994
AAGCTCGTGCCAAGTC-1,0.08656502987190987,4555.0,A,1113.0,934.0,0.01983907972673924,0.1787541369059128,0.09350054249944333,0.030241319238568678,0.18430402442340266,-0.2157212207837963
AAGGATCGATCGCTTG-1,-0.031240384661422867,832.0,A,1576.0,1022.0,0.24063274832084222,-0.20541382602420616,-0.1409874237327555,0.1847621319021853,-0.13059920012579804,0.16898346689610505
AAGGCAGGCTGTCTCC-1,-0.03815880451171777,701.0,A,1692.0,1088.0,-0.10041851374591661,-0.03141506582308064,-0.32226505873450545,0.17556401429502483,0.26806012113594996,-0.10497851644083511
AAGGCGCGTAAAGCTT-1,-0.08370951589192771,2611.0,A,662.0,690.0,-0.17844985922158324,-0.30193046492035586,-0.07593575669834787,-0.18351994556607995,-0.048645439000043235,0.3114441504136181
AAGGTGATAAACCAGC-1,0.015929327520369463,647.0,A,1358.0,1134.0,-0.004986784938453018,0.1249673237513244,-0.009985613385479174,-0.0018493845478975424,-0.001896966251069443,0.0902565366566716
AAGTAGAAGACCGGGT-1,-0.023418618725920548,3487.0,A,777.0,578.0,-0.009958710602006631,0.07991108255288085,-0.2960388813303681,0.035158661164333416,-0.054305919241193004,0.10067080578468851
AAGTAGTGACGCGAGG-1,-0.01182225321769665,3104.0,A,572.0,892.0,0.09444955944516117,-0.08823637484205449,0.046233341603737835,0.07860799369910877,-0.034976111041571896,-0.19309509454898882
AAGTCAATTGTCGTCA-1,-0.054548561768440085,866.0,A,1474.0,1156.0,0.05087829641160835,0.08730560431037418,-0.10836085162714773,-0.1369403400146693,-0.09181044503513999,0.0419892333641272
AAGTGACGACCGAATT-1,0.02762346850114151,5466.0,A,496.0,1071.0,0.06186824456796165,0.061902786102417874,0.03781920868443928,-0.024278802992513157,0.014578951518117104,0.0119342421553973
AAGTGAGTCGGGTTTA-1,-0.019734875254012296,18286.0,A,794.0,1540.0,-0.04920407535800321,-0.043887695950564104,-0.07151920852294949,-0.32370615262838226,0.010513754816811743,-0.049179061892114524
AAGTGCCTTGACTGTA-1,-0.12344103936269518,883.0,A,1513.0,1134.0,-0.04365531132455215,-0.1835953536259951,-0.08279373126322997,-0.20870615501421116,-0.07030584266819191,-0.04517642860339412
AAGTGCGTTAGAATCT-1,0.06312224592493038,3694.0,A,523.0,1250.0,0.06833531846941013,-0.021012618972008578,0.1509433944702652,0.03469086151983125,-0.0034467548544525536,0.10597144380562562
AAGTGTTTGGAGACGG-1,-0.07744536086431217,2410.0,A,1205.0,1314.0,0.25136353477226164,-0.06372139693102655,-0.37030052032935173,-0.06060116767711636,-0.03441572292934317,-0.009947324532150657
AAGTTCACTCCAAGCT-1,-0.003279361601637748,1203.0,A,1269.0,1426.0,0.05323890179917572,-0.02378768084920497,0.06898478078205764,-0.03406506575882368,-0.04785422107214231,0.12289418492059037
AAGTTCAGTCTGCGTA-1,0.0837987922773073,4951.0,A,1510.0,552.0,-0.03331629874742051,0.22732065257423137,0.1852457903677239,0.028067062333260152,-0.15166664858401363,0.1390013071411819
AAGTTCGGCCAACAGG-1,0.03426231639672789,3580.0,A,612.0,1183.0,0.29039394787779405,0.22391307589685192,-0.12910089380243336,-0.18922486958699772,0.03688641224932944,-0.05823119670116882
AATAACAACGCTCGGC-1,0.06890871918242455,2626.0,A,560.0,959.0,-0.26840554793820526,0.07409211470653332,0.1313472027191775,0.04725251504940199,0.09989235612500075,0.24517499889783012
AATAATCTTCGTATCG-1,-0.011242642039305278,7150.0,A,1745.0,1312.0,-0.0171617890826525,-0.04346581491575502,0.23152785738285173,0.006629266671568948,-0.20493702175738818,0.021704766174562278
AATAGAATCTGTTTCA-1,0.03361641807939622,1035.0,A,1281.0,1224.0,-0.01938455834803287,-0.14854071879115774,-0.017761543302961223,-0.03284192925260388,0.5004493399434905,-0.034689475916695134
AATAGCAAGCCTCCTG-1,-0.023859794798817502,752.0,A,1599.0,305.0,-0.09933407385255427,-0.07569356309518982,0.2897784643675632,-0.07732495339530021,0.024332346886051306,-0.1069642764827002
AATATCGAATCAATGC-1,-0.11453237567426895,1456.0,A,1577.0,1245.0,-0.026459388516636283,-0.20460449082328722,-0.11602300534926989,-0.0013978221560179416,-0.12229980671359286,-0.1044135134014957
AATATTGGAGTATTGA-1,0.004858538895270985,5805.0,A,457.0,960.0,-0.2621396633756618,0.045811879781478056,-0.07562676191137396,0.10310391579393197,0.04294766431350536,0.016905862169915836
AATCATGTAAAGACTC-1,0.011814978894717852,1387.0,A,1436.0,1358.0,-0.01939318665024034,-0.17358390911078342,-0.12552306067944907,-0.020442895677148167,0.3173574017526418,0.19897114722652195
AATCCAAGGGCCTGAG-1,-0.002285891447842331,3965.0,A,776.0,443.0,-0.06024957900180625,-0.4413538527554561,-0.07932106533340061,0.3811003503607707,0.08896402499822292,0.04353120029180165
AATCCATGCAAGGGTG-1,0.30614826119395777,4800.0,A,505.0,333.0,0.7050244595668523,0.4034455069982873,0.1354393752672541,0.10816262028341077,0.4865087865520664,0.12148831525779046
AATCGCCTCAGCGCCA-1,-0.022450119501579324,774.0,A,1190.0,1023.0,0.08320723598938844,-0.07357789285987823,-0.2068435872069499,-0.042015643682759334,0.15205806701175484,0.04708399531021735
AATCGCGCAGAGGACT-1,-0.022596134178889074,820.0,A,1641.0,1088.0,0.0470153226062931,0.06787633753634323,-0.013771432451834587,0.041401732731691634,-0.007289040900692108,-0.04392095719541856
AATCGGGACACTACGA-1,0.03490348207794647,1157.0,A,943.0,331.0,0.0790871224317241,0.3242781722975445,-0.033002602178617266,-0.09573737807551752,-0.10674637590399133,0.19795476006126772
AATCTAGGTTTACTTG-1,-0.027702090455684916,7152.0,A,381.0,1318.0,-0.149491602153356,-0.2280453826005812,-0.09920088762845687,0.0467108312677921,-0.09115728362290615,0.15483502025262696
AATCTGCGTTGGGACG-1,-0.04636832124799707,840.0,A,1357.0,866.0,-0.09921270136858967,-0.031480402928895763,-0.12815148889693573,-0.08156256167525705,0.09993555020386918,0.05355323626870961
AATCTGGCTTTCTAGT-1,0.02092811854721384,11956.0,A,369.0,1296.0,-0.2492308946842643,0.09390057347655231,0.2808400915049843,-0.07536657566474965,-0.24119943618269254,0.048289453962969846
AATGACAGCAATGTCT-1,-0.05358721782768404,6418.0,A,561.0,1228.0,-0.47428854175048607,0.0027701800285883024,0.09812437101362995,-0.005836619605036716,0.2748932726514151,-0.3301779110942523
AATGACGTAGGATGTC-1,-0.07023339499470528,835.0,A,1178.0,1135.0,0.04115034394538877,-0.06851748895240323,-0.20024700588398797,-0.13953548401495316,-0.034763046692080066,0.07980235262577386
AATGACTGTCAGCCGG-1,0.07281396325681433,3876.0,A,777.0,667.0,-0.20866452336374025,-0.023953631602311155,-0.17481533653981887,0.42888230693883217,0.047136053319181734,0.2737939094905433
AATGCAACCGGGTACC-1,-0.016273406497445197,3730.0,A,932.0,711.0,0.0014602968171097234,-0.022862599963741657,0.08277827756356627,-0.10009599146186042,-0.10275792859475161,-0.0738518781303702
AATGGTTCTCACAAGC-1,-0.08376145199613119,2572.0,A,622.0,578.0,0.034572331985519164,-0.0361430699793426,0.1462150650455734,-0.1433469340227395,-0.42524734600958175,0.06166364450725664
AATTAAAGGTCGGCGT-1,-0.11787344851366248,819.0,A,818.0,1047.0,0.07317171192650078,-0.354953024037624,-0.013751227023692903,-0.1659213137242367,-0.08924879127289315,-0.04390058146806643
AATTACTCGTACGCTC-1,-0.1052425826542293,1960.0,A,274.0,379.0,-0.17646386458570265,0.07164698510471895,-0.06267915823332865,-0.1701164088823266,-0.2526005178182357,-0.0416914109225953
AATTGAACGCTCTGGT-1,-0.05224247726450654,426.0,A,1243.0,1157.0,-0.021099144832143035,0.01717070956551793,-0.003984035507207988,-0.05410615500402209,-0.05868878235828333,-0.03448270703442627
AATTTGGGACATAGTA-1,0.012704703102527387,996.0,A,1342.0,441.0,-0.12111311817211426,0.08894486272230392,0.029625349865587198,0.05814326780560795,0.1205450772556356,-0.04730080672096012
AATTTGGTTCCAAAGA-1,-0.09914570148923206,2013.0,A,1033.0,397.0,-0.10144168834937334,-0.23209266268947962,0.0450389945736134,-0.12350468513495916,-0.04078059999126751,-0.14493360668663424
ACAAATCGCACCGAAT-1,-0.09972912049140337,1443.0,A,1230.0,1269.0,-0.027566566107683987,-0.007082028390489638,-0.31651135730853786,0.08856525600480765,-0.0837040933645748,-0.05447782409010694
ACAAATGGTAGTGTTT-1,0.10324603909286989,1092.0,A,1255.0,1135.0,0.18563045059099323,0.41715467184408045,0.2303435354040716,0.12805369546027112,0.0189301320404765,-0.07659720249155709
ACAAATTCAGATCTGA-1,0.024188424550822298,1961.0,A,1496.0,306.0,-0.0896106159204168,0.15967019018513343,0.3176919450338641,-0.2441868458840964,-0.051022905327214776,0.09898364421596041
ACAACAGCATGAGCTA-1,0.06954123108470346,5878.0,A,1100.0,867.0,-0.06427350071654303,0.155624006641139,0.12220283060835105,-0.021623893383458444,-0.03117898228063669,0.07752997318382762
ACAACGGTCCCTGCGA-1,0.0415857298570038,1895.0,A,558.0,646.0,0.17608490266898472,0.018127181910827128,-0.031072776865050597,0.2207673002683528,-0.018541506188793175,-0.03049618235736281
ACAAGGAAATCCGCCC-1,0.04729067222618448,13704.0,A,1140.0,1247.0,0.3157158390100492,0.08045916606257851,-0.2522752293621046,-0.020534178107731782,0.17299331056732142,0.05586272365471467
ACAAGGGCAGGCTCTG-1,-0.04277986552226139,871.0,A,1152.0,1135.0,0.04558483421311488,-0.17567868646913087,0.034316601684654925,0.057610833160124254,0.07127809098359296,-0.10581923464691656
ACAATAGTCGTACGTT-1,0.055292233766869495,7906.0,A,432.0,1094.0,0.1709359111958254,0.00945715879229695,-0.05920350448939031,0.12402521263582317,0.012215499300875017,0.044798543845340294
ACAATCCATTTAAACC-1,-0.0009432773374823435,4373.0,A,586.0,959.0,-0.25006850821157783,-0.024580383002032892,0.02934783628780821,0.11799957202128732,0.10833590009500041,-0.08631157958252536
ACAATGATTCTTCTAC-1,0.017198048636498417,1115.0,A,1612.0,328.0,0.19948143908273322,0.08372920216442764,-0.01909379520026648,-0.14425915774811185,0.0852634998992757,0.02839280996401232
ACAATTGTGTCTCTTT-1,0.10915689360715453,1221.0,A,1423.0,1291.0,0.43677355930936046,0.3405774278383152,0.18490778010095643,0.1079231119796136,0.1010347593189639,-0.22959345059098
ACAATTTGGCCATATT-1,-0.059999771140530775,1490.0,A,1757.0,1110.0,-0.13823052684205384,-0.13503012435159495,0.027366588446566906,0.044443643191803814,-0.13644274819233015,0.08283542064298229
ACACAAAGACGGGTGG-1,-0.10722443049475908,2322.0,A,893.0,689.0,0.010003699715703893,0.09053340829496748,-0.4087539453571456,-0.008301491379997864,-0.22325625473197463,-0.12148999375895103
ACACAAATATTCCTAG-1,-0.015094508369667414,15363.0,A,1767.0,461.0,-0.24493765888745178,0.13355977050114134,0.06353738257948732,-0.12069127689803508,-0.00439638183321088,-0.18710336736086203
ACACACCAGGACCAGT-1,-0.12245686412737655,739.0,A,1332.0,1135.0,-0.2256731957163321,-0.20100745053721397,-0.012075632475434826,-0.16429451662911235,0.03573165097288856,-0.04222165384478017
ACACACTTTCTACACG-1,-0.0012176997216369959,1856.0,A,995.0,465.0,-0.0071194113316071575,0.0019573511840386606,-0.08954402835737649,0.009169993748543586,-0.0027856627631454543,0.12359213096527936
ACACCCAGCATGCAGC-1,-0.19956129631135752,3099.0,A,816.0,689.0,-0.26570456035331624,0.023910462683954026,-0.3101342674929662,-0.020334210618577063,-0.01659110287016087,-0.5006305427608959
ACACCCGAGAAATCCG-1,0.150574995056758,4750.0,A,674.0,578.0,-0.16887502376488656,0.16446003230222167,-0.036876369258502656,0.5200201903198136,-0.08812450140165135,0.3434898626194869
ACACCGAGCGCTCTTT-1,0.053404456535502534,2039.0,A,236.0,491.0,0.12197460756738152,0.13344709464910834,0.06593158036243746,0.1994956711497048,-0.11880454719352934,-0.12846899513146234
ACACCTTAAGTAGGGC-1,0.02697028842649954,6250.0,A,726.0,712.0,0.24004666030953942,-0.27704574320992953,-0.013685129824763727,-0.1998492944786837,0.41570685120619727,-0.03898615270640407
ACACCTTACTACTTGC-1,0.015240940159959046,1052.0,A,1602.0,1066.0,-0.1363933755747699,0.010996179923491903,0.2763456217431293,-0.08774156984167919,-0.1129357121941433,0.1964284417632982
ACACGAGACTCCTTCT-1,-0.09023876119968804,2238.0,A,1087.0,845.0,0.011167444593281154,-0.034899722694835544,-0.4349876079943213,-0.08661205305120631,0.006050013817218741,-0.017835877798824902
ACACGGCACTATGCAT-1,-0.004202238392123241,1517.0,A,1084.0,308.0,-0.10431870623565082,0.03560736090056232,0.22247861051929324,-0.06684901887139598,-0.0472756866344321,-0.05551957771430655
ACACGTAGGCCACAAG-1,0.008550729871179483,2808.0,A,1591.0,1447.0,0.16001265185835628,-0.04917337081622443,-0.11314046682237446,-0.02090618942947845,0.08604852573648411,-0.010756377980514003
ACACTCCAATGTCACT-1,-0.1342964716740225,3929.0,A,391.0,535.0,-0.0709057672645059,0.027231986630078725,-0.4527709113342476,-0.1939055865678342,-0.16189846831909205,0.07870921597614297
ACACTGGGACAGTCGT-1,-0.12247383795527503,4147.0,A,1656.0,1469.0,-0.10182844189942694,-0.3676765006664027,0.14812979137915452,0.10073855007461495,-0.16953303240021977,-0.40868903116070243
ACAGAACTGAGAACAA-1,0.01994445385879487,7570.0,A,484.0,1318.0,-0.13579606884373532,-0.11196979592454101,0.05466666903979855,-0.03157917197276487,0.08037584983671854,0.11466050661180148
ACAGCATAGAGCCAGT-1,-0.06350791673555428,1124.0,A,917.0,376.0,-0.17187844639539193,0.035883051535340625,0.02534455339365094,0.26795663314025275,-0.17085603596461527,-0.2136403762929993
ACAGCGCACCCGCAGC-1,0.05866139446728784,915.0,A,1200.0,374.0,0.16099228178234115,-0.042204551377028214,0.19569529223818918,0.17746999297169117,-0.07380870427165905,0.1310958657155611
ACAGGCTTGCCCGACT-1,-0.01751552167958027,1086.0,A,1295.0,1336.0,0.146885481550657,-0.016182064844713552,-0.08131618738602989,0.1457176038420624,-0.1538701680355515,0.07699872602495375
ACAGTAATACAACTTG-1,0.11439410859768798,15379.0,A,355.0,1184.0,-0.08626913040626782,0.12577847636010592,0.11123226203163275,0.009272286398341184,0.252283817174813,0.11001974834201714
ACAGTATACCGTGGGA-1,0.019101551738963975,5259.0,A,1703.0,573.0,-0.011568790627730502,0.09235923369942392,0.21285412188411063,0.12380037418166492,-0.2307960676919211,-0.11322875182891712
ACATAATAAGGCGGTG-1,-0.014106356505072942,2607.0,A,983.0,621.0,0.011855936178711288,-0.08102646391534633,0.08680885823443321,-0.1377558008357321,-0.008432102673305235,0.04279173903024632
ACATCCTGGTAACTGT-1,0.06268316583636992,1142.0,A,1487.0,1089.0,0.20778333166951973,-0.13924993519838974,0.2928649009827549,-0.051872287624645325,0.4306777452410898,-0.1679521860319152
ACATCGGTCAGCCGCG-1,0.10307934567708495,1089.0,A,650.0,1071.0,0.11080920514194942,0.011973108845696585,0.08753832885744157,-0.2904582196972438,0.1429229757973564,0.6776608917610487
ACATCGTATGCAATGG-1,0.0647206130586189,797.0,A,1217.0,1157.0,0.007680028733231911,-0.07103808064419453,-0.07749246312459729,0.6553784622867833,-0.005143412307409868,0.057177134160928594
ACATCGTTAACCTAGT-1,0.0716584254821044,1391.0,A,1136.0,352.0,0.061105984162291474,0.009580575125573254,0.15802721176467105,0.34792784557336837,-0.03364601169088778,0.1279853336963773
ACATGGCGCCAAAGTA-1,-0.09565166494930491,901.0,A,1512.0,1044.0,-0.2933377384783314,-0.03913678635987572,-0.06512402289680427,-0.08496538814117567,0.11960662123076304,-0.007729761043718496
ACCAAACACCCAGCGA-1,-0.0012733636025029776,8926.0,A,1651.0,529.0,0.12905348386221815,-0.1263146011734348,-0.15011875344757558,-0.12936080640342545,0.04139157827048574,0.041847532212221636
ACCAAGAACGCGTGTC-1,-0.04307262527936864,8486.0,A,802.0,533.0,0.13524433338070777,0.18493709207862424,0.255421574978341,-0.599617972814241,-0.18028442983175036,-0.2951479863967699
ACCACCAATGTAACAA-1,0.1165225847415506,1083.0,A,1551.0,1066.0,-0.038378552901328494,-0.12616466066590565,-0.018569479514116374,0.840093068882924,-0.003285015015906431,0.06603857010405884
ACCACGTGCAGCTATA-1,0.11096158446221198,3578.0,A,1153.0,1225.0,0.040175792955533154,0.13027162890256005,0.12504223936386305,0.5454609030223811,-0.1859546848371373,0.188754229823227
ACCAGTGCCCGGTCAA-1,-0.11925024665415417,580.0,A,1496.0,350.0,-0.13322374934296383,-0.03952218232215697,-0.008332459157969856,-0.1897715765612466,-0.15833645773687804,-0.03855669260888068
ACCAGTGCGGGAGACG-1,0.07367676178092157,1306.0,A,1384.0,1224.0,-0.02341216345889923,0.3417153694606111,0.20116603073285338,0.09470922980327619,0.08375478612435258,-0.05245210771383186
ACCATCCGCCAACTAG-1,0.10918268974971329,16867.0,A,329.0,1139.0,-0.15688386370997146,0.16064594891048659,0.04471529698540479,-0.0033087016827082066,0.06829519944769699,0.18460197403836787
ACCATTAAGGGTGTCA-1,-0.008377865789989752,15963.0,A,236.0,446.0,-0.20913522278663615,-0.24887313505475858,-0.09326067581700082,-0.04061706853949675,0.11340353399764909,0.06640193130229505
ACCCATCTTGAGGGTA-1,-0.07246004738332218,2157.0,A,650.0,981.0,-0.2976116250335773,-0.09506578375658457,-0.08860029270259837,-0.031559694897272283,-0.01664499545568359,0.07584810450945105
ACCCGGAGCACCACAA-1,0.06649815173529974,6663.0,A,1758.0,1468.0,0.30203448097983343,0.004562987810674005,0.10623069304713068,-0.17457479515999139,0.016507035158111846,0.17994307590432765
ACCCGGATGACGCATC-1,-0.03858701927370048,677.0,A,1460.0,1000.0,-0.025219565748766007,0.004235525485227654,-0.010688329704982086,0.08356644382239614,-0.2632163894365951,0.20228226163438562
ACCCTCCCTTGCTATT-1,-0.11739853038652484,2602.0,A,1256.0,1224.0,-0.04957776135559421,-0.3801072361970281,-0.08612311164967276,-0.12682023491433494,0.08460158699617366,-0.13064902557940541
ACCCTTCATCTGCGAA-1,0.062273384813044896,2182.0,A,1008.0,442.0,0.13476309350602367,0.011649577491698503,-0.12126689129885354,0.1880968913026186,0.24409780621442775,0.056289279566090054
ACCGAAAGGGCCCTGC-1,-0.004304382201646263,1244.0,A,853.0,354.0,-0.08161213668204151,0.09346327656608211,0.13686664431037915,0.13270371059544445,-0.02545616314903725,-0.24290972561030355
ACCGATAGGCATAACC-1,-0.10795565909930445,11598.0,A,1694.0,1491.0,-0.2546923690753995,0.09069442446000843,-0.5228729064272045,0.10216819864667764,-0.2138923341770057,-0.1768533294321974
ACCGATATTTAATCAT-1,-0.00130037939328205,4891.0,A,1719.0,1357.0,0.006702744089572596,-0.26338170429942903,0.06135871578719859,0.18159438014547843,0.09834204933070373,-0.013183132384725658
ACCGATGGTAGCATCG-1,-0.02496567209746653,816.0,A,1357.0,955.0,-0.08413125367586984,-0.19679247416857298,0.3476168632327016,-0.18758537807957346,-0.030913218962254782,0.09207001792926658
ACCGCAATAACTGCCT-1,-0.09189517525665902,3620.0,A,1192.0,1292.0,-0.08757736882661435,-0.0004905850593839682,-0.15177271603174122,-0.09966927339249013,0.03390287606671234,-0.10728470204185422
ACCGCGGTGGAAGTCG-1,-0.022324158644697722,696.0,A,1538.0,1134.0,0.021787439704181275,0.12508816388997862,-0.08485997006660725,0.04631716085824328,-0.17078282948208656,0.1391100723880415
ACCGGGCCTTTGTTGA-1,-0.025377657372173693,1344.0,A,1436.0,1179.0,0.017653436075989577,-0.24893921736882313,-0.15668957893158947,0.06449921705340007,0.07497823412519553,0.12541425458403904
ACCTAAGTACCTTTCA-1,-0.06400181262220511,12562.0,A,561.0,1272.0,-0.06059206912367974,0.07572164404666565,-0.25383121817807647,-0.05545137166933739,-0.12643350067806308,-0.1663289288149312
ACCTACAGTATGTGGT-1,-0.04482159740274796,1195.0,A,1628.0,1066.0,-0.12995136255231174,0.062497876146754776,-0.1048285390684146,0.013037112471288428,0.16703508389587676,-0.1314921179120312
ACCTCCGCCCTCGCTG-1,-0.07198286509559815,892.0,A,1552.0,1380.0,-0.32699972030671737,0.05176235930491495,-0.17035076363684087,0.002323724584330805,0.15027639587606223,-0.04535141438719115
ACCTCCGTTATTCACC-1,0.12082720159013204,13357.0,A,1614.0,909.0,-0.23047268850554914,-0.1632970120820628,0.07687640159900982,0.10206672005209645,0.25422221932140554,0.35716517411918813
ACCTGCGTGTCATGTT-1,0.015020781721657855,5138.0,A,407.0,1184.0,0.0635556246665887,0.15145640840413188,-0.3161640734157753,-0.10525720256183865,0.1092781351702827,0.011387445417391194
ACGAAATGGGCGGCAC-1,-0.05310244815383475,12081.0,A,482.0,870.0,-0.0822850304450839,0.049403838919284196,-0.15134881511057865,-0.16697652818015246,-0.06862307866921805,-0.17242071840943052
ACGAGATATTTGCTTA-1,-0.060745460413453536,1528.0,A,1213.0,352.0,0.03534800333242263,-0.052609379371109044,-0.025035020387818102,0.15475535088165268,-0.19564059587142418,-0.14429590910841145
ACGAGGATACCACTCT-1,-0.08013573351558087,5177.0,A,407.0,1273.0,-0.21966082188025388,-0.08438899150949894,0.05546509057644434,-0.08175415944185287,-0.17238559370765344,0.02589835999298913
ACGATCATACATAGAG-1,-0.09879843205963779,2091.0,A,983.0,711.0,-0.41323680162621895,-0.06518841757921509,-0.05730802618363984,-0.06468311754849755,0.03394696221330115,0.0378341553524855
ACGATCATCTTGTAAA-1,-0.047845465702703496,1106.0,A,1486.0,955.0,-0.05555187057631777,-0.15319573089703903,-0.25027680118219564,-0.05171149935806599,0.10715204134325482,0.17813685973224763
ACGATGCATATGTTAT-1,-0.03558575457799281,3953.0,A,727.0,981.0,-0.14177977270032938,-0.08995727262213332,-0.2567376681889217,0.03992885035732735,0.1214759690194615,0.06815983429255089
ACGATGGATCCGATGC-1,0.02197439757984154,5474.0,A,1072.0,375.0,-0.02223948772386759,0.03631713361760305,-0.03229688031773538,0.22486772704720784,-0.09594984022671085,-0.0007122126030615107
ACGCATACGTTTACTA-1,0.08315603663626259,1214.0,A,1488.0,1402.0,0.20198592977294666,0.19348617825071138,0.08383537981711738,0.07268477804783213,0.04992570069227646,0.06311266772807493
ACGCCAGATGATTTCT-1,-0.1255600168064954,5593.0,A,1111.0,531.0,-0.05865049243567739,-0.8705411661535104,0.08621056096185672,-0.031086426889603405,0.18721613805365767,-0.10088515664418662
ACGCCGCTAGACGACC-1,0.12738967402775755,1948.0,A,1088.0,1113.0,0.1855145248041753,0.27797403966055617,0.08281059424624043,-0.07442804726197846,0.17044964652234354,0.06844690873591275
ACGCGCTACACAGGGT-1,0.13333170075332418,1580.0,A,573.0,1071.0,0.6122827067962897,0.044958216605589074,0.2407401991775894,0.05075416396478537,0.0737322568305043,-0.09399039976412621
ACGGCGACGATGGGAA-1,0.10632273078819249,8735.0,A,1166.0,1247.0,0.3290243166038863,0.07765259420147022,-0.07858267250523547,0.3231890232952673,-0.02889499426559882,0.032333267345214356
ACGGGAGTGTCGGCCC-1,0.006772118281283719,3854.0,A,497.0,1206.0,0.09793741312175311,-0.28617568663501697,0.009826141686847721,0.1864269608656382,-0.031831295085056166,0.0319638221149268
ACGGGTCATGTGACTT-1,-0.00022023770013862576,3330.0,A,288.0,490.0,-0.04490415272726607,-0.19528814874026798,0.23436150671878717,-0.14688398861999968,-0.21932034566446587,0.27397191096302115
ACGTACAGATTTCTCT-1,-0.047421522984411366,2769.0,A,1020.0,375.0,0.14671426954963193,-0.11654857539272417,-0.03757828650353974,-0.0597598093851933,-0.3031486262402034,0.08151993470226032
ACGTAGATTGCTGATG-1,0.027094430415136678,7922.0,A,1035.0,890.0,-0.10652254230154966,-0.19589474164663084,0.22153077868646634,-0.02574805198819551,0.06719313367385407,-0.021053779406442315
ACGTATTACTCCGATC-1,-0.06888230251243507,787.0,A,1422.0,1067.0,0.052002638951762964,-0.06489294497208747,-0.013095319206440744,-0.35752483875531665,0.17468742566731219,-0.4091299473444798
ACGTGCGCCTCGTGCA-1,-0.007814354307324911,996.0,A,982.0,532.0,0.05929717631539161,-0.021536264693196482,-0.06502760739684396,0.1244996738686431,0.048476256069080036,0.06470441902243776
ACGTTAGATTTGCCCG-1,0.1341353314798151,1221.0,A,676.0,1026.0,0.16250687033100472,0.29914616112088016,-0.1114567332641055,0.24891095251051062,-0.12325084378708566,0.40214742842608237
ACGTTATTGGTCACTC-1,0.016213692457311822,1958.0,A,339.0,580.0,-0.08425568928560487,-0.16623352981928213,0.12703680645425203,0.08426999788193479,0.06684994734146145,-0.03761863818419342
ACGTTCCGCGCTCCGT-1,-0.03660631325678707,1860.0,A,866.0,331.0,-0.07048947651279323,-0.16301209932514893,0.06088516236958264,-0.06787841051450794,0.07257633879310758,0.01332427133550745
ACGTTTAGTTGTGATC-1,0.06559103972958762,4134.0,A,1046.0,465.0,-0.11704843651564174,0.062244508857808065,0.3765731708646951,-0.188009552041104,-0.04382980177478893,-0.026572078784574397
ACTAAGGACGCACACC-1,0.0612610395863955,10451.0,A,1805.0,394.0,-0.07314993021430606,-0.1148326215976803,-0.04825822091187347,0.13125819263225214,0.14143933281962762,0.03974386266956155
ACTAATACGTCAGGCG-1,-0.08104730916465268,844.0,A,1432.0,328.0,0.01874888901200715,-0.019674551728234305,-0.17127751885079662,-0.08176448486110822,-0.09063007418099045,-0.04245294912777993
ACTACCAGCTCTCTGG-1,-0.06938724084838112,4934.0,A,700.0,712.0,0.14581098860612762,-0.13280035062092838,-0.2461042973988699,0.021478559056960656,-0.20008148582620836,0.07904084439572885
ACTAGTTGCGATCGTC-1,-0.05593644702904018,1138.0,A,1513.0,1268.0,0.11378878389331187,-0.05817727102776999,-0.17430837051587397,-0.039049837413915094,-0.10424143297066761,0.10766759770544729
ACTATATGCTGTGTTC-1,-0.026026573503891065,2098.0,A,1522.0,440.0,0.16377202097814858,0.03459184804675215,0.012233634292883143,-0.2842757993856615,-0.12203061824218417,0.010492080954133102
ACTATCCAGGGCATGG-1,0.14763573050903583,860.0,A,1563.0,999.0,-0.15651443551706135,0.16474906970884454,0.22090222954838892,0.7284924320200437,0.06109472202177998,-0.09385435652568845
ACTATCTGCCCGCGTA-1,0.23579422324478644,4880.0,A,1629.0,1335.0,0.18910206388624579,0.1471359261084114,0.18432822287972106,0.32255292609923425,0.2995315316326808,0.3368552276326752
ACTATTCGTCCGTGGT-1,-0.02719506367474736,3284.0,A,1123.0,464.0,-0.6902631263134942,-0.0470993575578245,-0.14431101684817157,0.45653629155606984,0.3048025664189105,-0.026769494121742954
ACTCAATAAAGGCACG-1,0.0482338365369485,12777.0,A,1060.0,711.0,0.27939932422425706,-0.011093424671305002,-0.09914721934057583,-0.10103313775649049,-0.08619496864120957,0.006460222936526344
ACTCCCATTCCTAAAG-1,-0.020303936144243778,16293.0,A,394.0,1206.0,-0.09673439857701338,0.07503905656502514,0.040647516483291214,-0.5376050055562503,0.2018715095249073,-0.1507593824278104
ACTCCCGAATTCGTTT-1,0.2669171544579476,8273.0,A,1511.0,865.0,0.16614740666228725,0.06940506074200123,0.061570018571730806,-0.0341265382600168,-0.03384376877262833,1.0418081194274285
ACTCCCTAGAATAGTA-1,0.015344118318230085,35340.0,A,1076.0,1225.0,-0.08654358318183183,0.02592215774732834,-0.013488857772444462,-0.012640916312929379,-0.12078300766957231,-0.19385057701162278
ACTCGATGTATTTCAT-1,0.15186451478103946,3728.0,A,301.0,558.0,-0.031703199792314965,0.33256621276277065,0.2918356724061304,-0.02557695556557,0.1985768170515834,0.07897196680362951
ACTCGCGATCTGACGC-1,-0.08414972667052457,797.0,A,1795.0,1088.0,-0.015796271528892153,0.21673421408654045,-0.5909091500604678,0.024481005008196673,0.016663647989245876,-0.04344861659953618
ACTCGTAACCCGTCCT-1,0.05851114285101194,6714.0,A,471.0,1251.0,-0.23195738743177777,0.11097286674329565,-0.053284099515698354,0.07456800754767143,0.29242867453870297,0.019273316934075028
ACTCGTCAGTAATCCC-1,-0.03142390065914771,1089.0,A,1177.0,956.0,-0.05078918695398228,0.11722934608935631,-0.018668637192635427,-0.06666127261509,0.04223457172689359,-0.1570168641428674
ACTCTCTGACTTAGGT-1,-0.10546986905479591,799.0,A,1178.0,1091.0,0.04222518627282626,0.05101301691178878,-0.2617374986052604,0.05424270800625035,-0.1781812226424409,-0.043489999953226915
ACTCTCTTATACACGA-1,-0.08095390343730811,1207.0,A,1251.0,329.0,-0.13624569018892546,0.04018656921750388,-0.2932949522085922,-0.09758289627955546,-0.08290838443509141,0.1411639943979053
ACTCTTCAGCTCCCGC-1,-0.03392604660567504,2178.0,A,1795.0,953.0,0.01887922383994385,-0.0952217423963809,-0.08719453184658638,0.007994724628155439,-0.043951627493098624,0.01762674400591805
ACTCTTGTATAGTAAC-1,0.054490933498419575,2395.0,A,1074.0,957.0,-0.0200625764778457,-0.17838506709371008,0.4565407324498732,-0.3295280187390717,0.034314687075257054,0.3004588896612151
ACTGAAACGCCGTTAG-1,0.008305694743067818,1005.0,A,1372.0,1425.0,0.128823909914413,0.09215456689635233,-0.03528258818308112,0.0879236095910747,-0.0032981186478070607,-0.07057960441999718
ACTGAATGGCGAAAGT-1,0.020090902926745882,1180.0,A,1243.0,1202.0,-0.0788449605297272,-0.1379355571968259,0.4408992754304534,0.010437888906890326,-0.10587730649090421,0.025594183089040823
ACTGCCGTCGTAACTC-1,-0.09318144155513432,1590.0,A,1072.0,509.0,-0.27223043525011126,0.005602125406229192,-0.30241348572221743,-0.06741331497476878,0.11491505174134468,-0.007949741029657004
ACTGCGGACACACCGT-1,0.03845682834076171,796.0,A,1705.0,976.0,0.18105953069826872,0.2729181501931348,-0.12947765067383313,-0.01464196964837225,-0.08793824958180586,0.1864062658102102
ACTGCTCGGAAGGATG-1,-0.031820432065320335,10450.0,A,292.0,1341.0,-0.1520676562091453,-0.06373102410004805,0.04637764278475916,-0.18374384101668867,0.02667191472206465,-0.04601754128559643
ACTGGCGAACCTGCGT-1,0.06806500002072544,4179.0,A,1792.0,371.0,0.058529122628922924,0.20389925533114384,-0.03295780987231206,-0.04042981306032103,0.08925849491942778,0.009400248574889745
ACTGTAGCACTTTGGA-1,-0.0868758042039781,1125.0,A,675.0,757.0,0.03285695519934009,-0.22522455257083326,-0.1882992140067015,-0.19037656189208083,0.02165497292448671,0.09854412073884364
ACTGTATACGCGAGCA-1,0.12267299081031155,9147.0,A,634.0,377.0,0.5522778766777033,-0.00041688636678213764,-0.06037917805177656,0.3238101181579706,-0.08602882226452635,0.07155776441973757
ACTGTGCTAGTAGATC-1,0.0869450901262304,5316.0,A,570.0,444.0,0.5567941940169061,0.08692993027525509,0.11291796122893914,-0.19286805967882473,0.031302410912456655,-0.006969365027104914
ACTTACCGGGCGCGCA-1,-0.0558617617820364,1050.0,A,1393.0,396.0,-0.1879981629688313,0.03608504302146184,-0.018016881632734613,-0.09152963913946113,-0.03731796667530232,0.032530840529786484
ACTTAGTACGACAAGA-1,0.09058230300364291,5939.0,A,583.0,467.0,0.21323847946355937,0.12190004169945073,-0.1618994812356876,0.009356925706879252,0.21077559101341586,0.18735418416337724
ACTTATACTTACCCGG-1,-0.008868902957806749,807.0,A,1332.0,956.0,0.050421148857482806,0.08216601764715034,0.22879036682776807,-0.19038814546297722,-0.09616856947151173,-0.04365493836320128
ACTTATTTATGTGCCA-1,0.057613059910298615,834.0,A,1333.0,1179.0,-0.01377365576540411,-0.022057332091331594,-0.056312831336102015,0.16385560018313655,0.22208696378362633,0.12035690826757404
ACTTCAGGCTGATCCC-1,0.05789502478606336,1786.0,A,1217.0,1292.0,0.14958890997886964,-0.13127617441329956,0.059981498066079886,0.17608814366471331,0.010623791602977096,0.1317184509476488
ACTTGACTCCCTCTTT-1,-0.11017323706303513,1255.0,A,1101.0,1091.0,0.37912084405752344,-0.05047180707175739,-0.5220414197927823,-0.2434219944556182,-0.1086514232812663,-0.05166266437396462
ACTTGTAGTCCCTTCA-1,-0.0269666303860306,7999.0,A,303.0,1139.0,-0.16817339235212792,-0.17106125566627517,-0.08259764618071613,0.09741586262892603,-0.020443259234303485,-0.060384003539809855
ACTTGTGGATGGAACG-1,0.010346983606216505,1435.0,A,1565.0,1313.0,0.41128799977004576,0.011808446723205194,0.10025996330912088,-0.11035147590383274,-0.18249498843178655,0.01600891172556434
ACTTTACCCTCATGAA-1,-0.06828708467293658,7205.0,A,1537.0,865.0,-0.1588421703604431,-0.13564338605689968,0.0871155824751503,-0.005533817976408416,-0.10101695991729229,-0.2986853112508815
ACTTTGTCGACGCACT-1,0.14668106523004948,42566.0,A,1720.0,1401.0,0.16735346163438242,0.11097140539187404,0.0276094554383306,0.07116166041012992,-0.0317616144008374,0.12551979370488314
AGAAATTATGACTCGC-1,0.14500538159691598,9685.0,A,1655.0,1334.0,0.27281487722844633,0.032163459157128704,0.12166843854487415,0.11117530131741071,0.046110359983439986,0.21047461633311415
AGAACCCAGCGTGACA-1,0.09683106385282989,1120.0,A,1770.0,1133.0,0.17762709202003774,0.08992906544471096,-0.019174728486357547,0.12987693967123654,-0.032781330854420455,0.2565287272224947
AGAAGAGCGCCGTTCC-1,-0.04457751783894165,3.0,A,1306.0,1000.0,0.07149384205067089,-0.32059830079651125,0.004693623922864869,0.09166053780350633,0.19066354550042466,-0.053977416492054967
AGAAGGTACACTTCAC-1,-0.058890776564286026,10875.0,A,356.0,1318.0,-0.04723859291618018,-0.19414460948568124,0.04699365890176439,-0.21093862442050176,-0.40981330640189995,0.1722251565024019
AGAAGGTTGTAGGTCG-1,-0.02252109873793187,332.0,A,1180.0,1583.0,-0.0242511888485841,0.05539746388586156,-0.0008141366255095955,-0.044305740079989886,0.08339734430423364,-0.031677290548372206
AGAAGTGATTCGTGAT-1,-0.05766908019401478,2583.0,A,535.0,1228.0,-0.41313865552901713,0.04455652277751297,-0.2897983911586913,0.1627643895422911,0.23416114628640977,0.04107364351993887
AGAATGCGGGTTCGGA-1,0.002668769117670642,2248.0,A,1561.0,417.0,0.038206552883558335,0.3205069347920972,-0.24424558663780177,-0.07952748509762872,0.1587509726085642,-0.16622108717596434
AGAATTATGGATTCGA-1,-0.053444010722129745,922.0,A,1434.0,866.0,-0.10308254272237156,-0.24995404866507057,-0.0157470107709995,0.015279735310268543,0.29056767048231963,-0.174104170386261
AGACAGCTCAGAATCC-1,-0.05769664172895961,11603.0,A,327.0,647.0,-0.3015392531111887,-0.07552991772617525,-0.11128194301547387,-0.16678538576311075,0.08453159936068104,-0.16413240345547345
AGACAGGCATCTCAGC-1,0.05535886720982339,29851.0,A,1784.0,1379.0,-0.00771137162638641,-0.21804659058543682,-0.01346554757920461,0.11269605682963742,0.08749394243551986,-0.05462309000107601
AGACCAAACCACACCT-1,-0.03962383741218946,7009.0,A,291.0,1296.0,-0.25283960343290074,-0.4553427012926665,0.15644562586845498,-0.015152958278907773,-0.15557914032988823,0.26983406854279923
AGACCATGGGATACAA-1,-0.027823208117358146,4432.0,A,533.0,646.0,-0.20941546020806406,0.10618102984172031,0.04395602702969572,0.07853499377079842,0.037499495704261324,-0.29882234189582396
AGACCCGCCCTCCTCG-1,-0.08388418375363134,2703.0,A,893.0,734.0,-0.44623383227473684,-0.06368793033375182,0.13872652758499282,-0.3662695918524739,0.0822871704065491,-0.04811707526048959
AGACCGCTCCGCGGTT-1,0.004452619130238408,2648.0,A,1603.0,1290.0,0.1694867947889914,0.0758183355444733,0.3473786120101272,-0.23608406940092921,-0.12012996369111908,-0.18856978605152389
AGACCGGGAAACCCTG-1,0.07289531301877754,9755.0,A,393.0,1072.0,0.3095374585252789,0.14984877946944636,-0.26748609060752637,0.10588402679846791,0.10471947045803984,-0.025052214222485145
AGACGAAGTGCCGGTC-1,0.09434081666819333,1991.0,A,1423.0,1246.0,0.30262668484276123,0.35794499308409616,-0.11042138856664471,-0.30473865822159546,0.2593263441974769,0.17496340446375072
AGACGCCCACTTCGCC-1,0.1768641471174847,6018.0,A,1720.0,1491.0,0.1720878513973522,0.12927619977546692,-0.2990835047019,0.1869127506500904,0.3077356316299718,0.40436108890988454
AGACGGGCCGATTTAA-1,-0.08289861165462085,2363.0,A,1483.0,328.0,0.12161686716781632,0.12880262514245686,-0.32833092266907443,-0.05391285428466902,-0.11314625638150069,-0.1911314271612138
AGACTGTTACCGGGTC-1,-0.0099642991777808,8308.0,A,756.0,1563.0,-0.0986210740304573,0.1522233618696391,0.16600395358710945,-0.3772766358069302,0.1551933315007677,-0.28300985253394095
AGAGATCTCTAAAGCG-1,0.10696930783388345,5193.0,A,406.0,1049.0,0.2695543237804737,0.14370712318983275,-0.0657634291813293,-0.0054411163632633805,0.27965036097243784,-0.06196466458432464
AGAGCCGCCGAGATTT-1,0.051116737168793724,8693.0,A,1617.0,1447.0,0.33942891100749767,-0.03069025869349446,-0.08795116655735734,0.21164129343883828,-0.0860938413224295,-0.0032250024866325375
AGAGCGGGCTAATCAT-1,-0.007450279903995747,2708.0,A,995.0,510.0,-0.08108376627914293,-0.14147623423241926,-0.06918025837248991,0.20521287394077897,-0.0035002961630089344,0.12777492161110557
AGAGGCTTCGGAAACC-1,-0.08383598369713263,1210.0,A,1475.0,1291.0,0.0031712037617414937,-0.04461763215307796,-0.11161923322925964,-0.08867741258192675,-0.13733595840672982,-0.06554152292513978
AGAGGGACAATTGTCC-1,-0.22640978826886798,10435.0,A,1702.0,305.0,-0.2304939788534,-0.8799246443581022,-0.09352294860146942,0.1717252183582118,-0.2587391794384129,-0.22239935098940453
AGAGTAAACTTCACTA-1,0.06952200847944723,1556.0,A,1539.0,1223.0,-0.0281630852320377,0.3971881425039836,-0.014674003769116605,0.04504638891486368,0.14157416645050255,-0.05605503351918564
AGAGTTGCAGGCCTCC-1,0.0598633073772456,7467.0,A,1779.0,394.0,-0.13698405849865447,0.0030982157931143464,0.16006108736090244,-0.016433023021249826,-0.05127758407046385,0.1441043589137523
AGATACCAGCACTTCA-1,0.07323628991259054,4905.0,A,1690.0,506.0,0.14793902981763307,0.0932143940276506,0.01721836805742903,0.08799744133063017,0.10410130553792696,-0.19385032855279274
AGATACGACTTCATAT-1,-0.15730078588104773,2394.0,A,622.0,489.0,-0.29232326915531337,-0.27237776519762424,0.11186301331127059,0.1336381284801563,-0.08278061081583064,-0.6665881829121358
AGATACTCAAGATCGA-1,-0.002925032593180471,973.0,A,1230.0,1180.0,-0.0425105632636069,-0.05899442325842712,-0.016676949856735228,0.145571589911284,0.06865385965984419,0.024515128476048618
AGATGACTCGCCCACG-1,-0.01864918789432561,2018.0,A,880.0,622.0,-0.03995945105849827,-0.04548197785445217,0.17818238383296875,0.024538691317316893,-0.27758124176438403,0.10110880969655035
AGATGAGGGTTGCGAT-1,-0.023212587219741378,1218.0,A,1432.0,463.0,0.12956773839433522,0.07800524828337918,-0.23961776751041822,-0.07956994508728538,-0.010958130421886293,0.02597909326781418
AGATGATGGAGTCTGG-1,-0.05717242798448802,2451.0,A,1537.0,910.0,-0.08436842139204309,0.0013023429521464374,-0.03486241968646115,-0.12866371650368322,-0.08811670054223715,-0.003648394916660083
AGATGCATCCTGTGTC-1,-0.029468197586915518,6989.0,A,252.0,1229.0,0.08884709387890763,-0.09529251275640412,0.03997033191343889,-0.15189354988105505,0.0024550034658489955,-0.2004184069710799
AGATTCACAACCGATA-1,-0.045983950729755856,17500.0,A,343.0,1341.0,-0.17965464737662706,-0.08267372674115693,-0.027006981930510605,-0.06812117593134706,-0.10016667675364901,-0.15575403438976645
AGCAACATATCTTATT-1,-0.05173556774871499,996.0,A,1371.0,1067.0,-0.11685464350115926,0.06958154204741525,0.03317359097303893,-0.04234384003115979,-0.024152604054537306,-0.0723627171946335
AGCACCAGTACTCACG-1,-0.033244807634071526,7993.0,A,1009.0,756.0,-0.17067217195444667,-0.08820143606411432,0.018406102793980257,-0.09431873560289562,0.06686667655828987,-0.05730718997697075
AGCACTACCGGCCTGT-1,0.08917576882976895,4940.0,A,431.0,915.0,0.005929940266109206,0.12597673945773452,0.002077060179533104,0.07340377050984118,0.0696015806927813,0.11638942953907191
AGCACTACCTCACCAG-1,0.024271615373035335,2862.0,A,1218.0,1337.0,0.06266262639391523,-0.20931956337719554,0.21874472787314062,-0.25161341046194147,0.06753413647581352,0.2157674225368955
AGCATATCAATATGCT-1,-0.014340236163197864,1120.0,A,1397.0,1291.0,0.07554689083696386,0.08483621658039642,-0.06344784333413381,-0.15893397595740866,0.060676548010906044,0.060754462710573935
AGCATCATTTCGAAAG-1,0.012987635256994617,10155.0,A,420.0,1340.0,-0.3524435219203137,-0.2534865357687097,0.0373447523404826,-0.2334584768548769,0.2147350547138814,0.1380734230464556
AGCATCGTCGATAATT-1,-0.043719894935739086,5873.0,A,841.0,645.0,-0.1137086992213886,-0.3248587007086206,0.4754895191554856,-0.14538833841692148,-0.19635579049136115,-0.09826075615677379
AGCCCATACATGTAAG-1,0.018920370128077763,2966.0,A,509.0,1094.0,0.11964581378014187,-0.004331067788685078,-0.12986166995958695,-0.1777875772307811,0.2744848707051033,0.06152897479262888
AGCCCTAAGCGAAGTT-1,0.06262537624777084,1897.0,A,1008.0,487.0,-0.23074179902698072,-0.00011858033768770947,0.2604453470529926,-0.0957600958362578,0.2929758000196546,0.10936348746632815
AGCCCTGTCGCACCGT-1,-0.03447387554237499,562.0,A,1731.0,1066.0,-0.13140530554142194,-0.10076104033311788,-0.00786666176072719,-0.06527390870575878,0.1435374699515612,0.08443496365351555
AGCCCTTCTAATCCGA-1,0.08983643924569863,2075.0,A,1497.0,530.0,-0.12450272633629683,0.09723405337090953,0.10967500918385976,0.4365189280048296,0.079203109288406,-0.06244228821172983
AGCCCTTGGACATCCC-1,0.1408689906992775,11684.0,A,1681.0,1424.0,0.14683691477425248,0.39747537552274426,-0.0691563190755569,0.0370830329326229,0.0172705553192882,0.161228410706881
AGCCGTGGCTAAATGT-1,-0.14004597662877205,11567.0,A,458.0,1273.0,-0.33451142593977423,0.07766435152653774,-0.22435720094964962,-0.2613043491806025,-0.08212926952447783,-0.18996162736231387
AGCCTAATACCCACGT-1,-0.08032042698809347,6797.0,A,356.0,1273.0,-0.07579889295718312,-0.1823692597807152,-0.31386389625684735,-0.30942362964579,0.0010096224301374968,0.20317429141729995
AGCCTTAAAGCGGAAG-1,-0.06109072574872107,17604.0,A,365.0,624.0,-0.30324401703897663,-0.023497165693082925,-0.008053753741973875,0.014357250068755281,-0.2882258205277827,-0.06338959274552802
AGCGACATCCCATTCA-1,-0.03802270842724105,2313.0,A,931.0,532.0,-0.1345345518526915,0.16419573644197885,-0.1919329144840548,0.15124584920908846,-0.10149308525784875,-0.1025461302994114
AGCGACCAACGATATT-1,-0.24109484926632835,3552.0,A,880.0,711.0,-0.4455311232176903,0.007556155753988509,0.2185736109677355,0.031272749652775766,-0.5956576277247606,-0.7052146480746596
AGCGCTAGAGCGATGT-1,-0.025034898968898073,662.0,A,1744.0,1043.0,-0.19486724936518435,0.046747163181041135,-0.010339685545166476,-0.017723115431386535,0.15310327367356585,0.09397650600367434
AGCGCTTATGGGCAAG-1,-0.025592562066203375,847.0,A,1406.0,329.0,0.22324255115361674,0.09753028249036955,-0.12724294134684197,-0.0823393392411749,-0.18738497573843751,0.0896333266947703
AGCGGCGGTTAGCGGT-1,0.05185359267498786,10752.0,A,330.0,1274.0,-0.12290537817041122,0.026047209489540563,0.26311274837508447,-0.13356072440631345,-0.058038285720879226,0.07627486086833493
AGCGGGAAGGGTCCAT-1,0.1086152569199022,25883.0,A,647.0,444.0,0.2343223227204275,0.14833069740779103,-0.04396415052411114,0.09619911056884296,0.0012727160792511683,-0.004456643572471344
AGCGGTTGCCGCTCTG-1,-0.06639599085759962,2621.0,A,1664.0,551.0,-0.018880234074002092,0.23770637055321198,-0.08517489350995705,-0.3301182723261088,-0.17948466461243578,-0.020352172361405445
AGCTATTTAATCCAAC-1,-0.09944651591253909,9077.0,A,1124.0,509.0,0.038904431811260756,-0.21111402338906016,-0.09802197545415148,-0.38916004906132784,0.0035401839117519887,-0.15861029944047916
AGCTCCATATATGTTC-1,0.15277024196016736,1392.0,A,1578.0,1424.0,0.2200834118527356,-0.053744467317288644,0.3018653216440218,0.23072016086976016,0.24931380196766306,0.06783189822729707
AGCTCCTTCGCACATC-1,-0.09351309788651789,928.0,A,1282.0,1314.0,-0.11887071914823133,-0.05860710558326722,0.09731332657597552,0.04907268848070151,-0.3749337853602707,0.0742623456673155
AGCTCTAGACGTTCCA-1,0.07601452946760404,834.0,A,1152.0,1001.0,0.12804173655842244,0.11859023581829761,-0.01405250773055794,0.31693433453491227,-0.01637866060663381,0.0629128375902888
AGCTCTTCGTAACCTT-1,-0.0324822165164827,906.0,A,1551.0,1022.0,-0.1244077355231763,0.20575554019145464,-0.07425842615049227,0.11330087544126997,-0.07571620337676949,-0.04562153619916444
AGCTTGATCTTAACTT-1,0.19764926367099722,4686.0,A,470.0,1071.0,0.07428302589289737,0.33360994994800114,0.4064991123114156,0.033212373321636623,0.05484448838093728,0.08537675970734206
AGGACAGTCGAATCCC-1,-0.05372682039977582,746.0,A,1268.0,1112.0,-0.007638444769130795,-0.10313922793942484,-0.012227148711275056,-0.07698920897966766,0.02745393930960486,-0.04237256929193306
AGGACATCGCACGTCG-1,0.015949977299784802,1337.0,A,661.0,511.0,0.07804903723507928,-0.01249537896466986,0.3369021777256878,-0.27747810395776884,0.11395898335987763,-0.05292223118480276
AGGAGGCCTTCGCGCG-1,-0.01718957936871035,831.0,A,1436.0,1313.0,0.08258873692119448,0.15338819836014694,-0.013992558129399632,0.04643065671449681,-0.022151371224356738,-0.04414414225946564
AGGATATAGGGATTTA-1,0.13444499350761802,1773.0,A,1410.0,1179.0,-0.16384605231921134,0.24491022148030778,-0.02800908302459521,-0.05899268762362994,0.022698139269869015,0.7204997952268257
AGGATCACGCGATCTG-1,0.09756521117792974,13802.0,A,381.0,1229.0,0.01050241568862384,0.0763144180259327,-0.019694497705497006,-0.003968747093946415,0.1292450271362548,0.07729795135115308
AGGCACGTGACTGTCC-1,0.19771135929975633,11110.0,A,1655.0,1424.0,0.07002025400620698,0.16988179036749101,0.20723723249284365,0.28290331314216444,0.016232015691702836,0.2426944556898782
AGGCATTGTCGTAGGG-1,-0.028671201131849774,1160.0,A,1449.0,1246.0,-0.04144309496650629,-0.04540187132256118,0.024220588497519385,-0.1510194167519672,0.13746379963698424,-0.050135272901808345
AGGCCACATTGGTTAC-1,-0.09717811503246698,1819.0,A,1796.0,1177.0,-0.06283325929301804,-0.038466729039024074,-0.028153504109590968,-0.1952286638235508,-0.19190566705319687,-0.05944849717612118
AGGCCCATTGTACAGG-1,-0.03999823081702169,2834.0,A,879.0,488.0,0.17285289509126706,0.12920376814883563,-0.14944553719470838,-0.3582088899139985,0.11245303744895485,-0.1044987688663078
AGGCCCTAGAACGCCA-1,0.012861119889062418,2571.0,A,497.0,1161.0,0.11698347343450877,0.13315346065850153,-0.08778068436078858,-0.129070988987975,0.13005950858149018,-0.10585174107283729
AGGCGATAACTGGCGT-1,0.22179287064190167,9965.0,A,1745.0,1446.0,0.4792024111797972,0.3653958383123776,0.024725032923002148,0.19064781878747786,0.11853728863303044,0.09830254611473095
AGGGAAACGAGGTACT-1,-0.041962292178171046,1114.0,A,1316.0,441.0,-0.10394540099373296,-0.1569127961508815,0.15170511049966007,0.08497833659252434,-0.11717935111329641,-0.04936700182847914
AGGGACCGGCTGCGTT-1,-0.048504528466828345,1580.0,A,1589.0,954.0,0.11726150274851355,0.020679836638040502,-0.1608989201575167,-0.09706252726957658,-0.16553786470878243,0.007818120703192571
AGGGCAGCGGCGTGGT-1,-0.0825063643514747,1669.0,A,1123.0,330.0,-0.21966315915628626,-0.20030193507422606,0.3419697274291438,-0.14302269784809962,-0.2783274993839966,0.02349436613965451
AGGGCGAGCAGCTGAT-1,0.027012513330324256,5158.0,A,432.0,1139.0,0.3072686064920708,-0.010906352835852715,-0.03963900105422931,0.09822683290284699,0.10342784820294695,-0.2588311469265425
AGGGCGTGATCGGCTA-1,-0.07960296259144994,2772.0,A,751.0,533.0,-0.27389039266493215,-0.6329441584481765,-0.04898508920808259,0.008860746476906564,0.21190596132405362,0.14153641183992613
AGGGCTGCAGTTACAG-1,7.598224579012658e-05,8291.0,A,1010.0,935.0,0.03779974592791717,-0.09431215937298013,-0.011135094164424934,-0.04809869278953492,-0.1316494376422076,-0.010713789491678675
AGGGTCAGTAACCCTA-1,-0.034137561310838636,6974.0,A,1625.0,484.0,0.17956570241686948,-0.10639327564711587,0.20669878266702407,0.016110623326378873,-0.2694740496661061,-0.4019768535996224
AGGGTCGATGCGAACT-1,0.032159111814034955,857.0,A,1422.0,977.0,-0.1813106665499804,0.07707377553657685,0.21431575483951926,0.13685979625449934,-0.01834828348832855,0.13966940539921713
AGGGTGCTCTCGAGGG-1,-0.03372771774964391,798.0,A,1357.0,911.0,-0.04217470712866943,0.06444865758337161,-0.1661918151203128,0.19725400346771466,-0.019298937978325867,-0.0434693157493158
AGGTAACCTCCTATTC-1,-0.08542013119183103,3115.0,A,699.0,444.0,-0.1494302978160885,-0.16169797626024984,-0.4639626067441058,0.1174984401029362,0.2108991871082429,-0.08165035487558554
AGGTACGATATTGCCA-1,-0.06453156201541671,1542.0,A,1149.0,419.0,-0.10125294141360441,-0.01611050558335111,-0.11691799394709557,-0.06469372663048523,0.31350607149811216,-0.23384970718977785
AGGTAGGTACAAAGCT-1,-0.05918653680100064,3299.0,A,573.0,937.0,-0.005978288376251266,0.001415954052206101,-0.3567638829361652,0.021936161953681695,0.11470082363964519,-0.15875740296145668
AGGTATAATTGATAGT-1,-0.004667327298727743,1923.0,A,1576.0,932.0,0.21617981369000794,0.027441717911707176,-0.20260075790054546,-0.00971584707891956,0.10722503482169438,-0.060697833091804716
AGGTATGCGGACATTA-1,0.02891172659953193,1280.0,A,1769.0,998.0,0.23744312677864052,0.03623261547534631,0.09274163145537023,-0.08459331507538312,-0.033668531497903414,-0.05205218904330909
AGGTCAGGTGAGAGTG-1,-0.05295586840110268,4886.0,A,432.0,1184.0,-0.027829642556424616,0.20982437351128458,0.18691559837854566,-0.2255092174672388,-0.6044115913511573,0.08780923190123383
AGGTCGCCTCCCAACA-1,-0.20780759170749116,8236.0,A,1733.0,1513.0,-0.11440046880791957,-0.24104170870843408,-0.24077394942739694,-1.0634334400740806,0.25521064916917,-0.002023945307864372
AGGTGTATCGCCATGA-1,0.006604381525481219,2848.0,A,393.0,982.0,-0.3217464970686966,0.13441579326937053,-0.08744640622987834,-0.012909990327154376,0.1472758499987458,0.15854194345688638
AGGTGTTGCCGACCAC-1,-0.010184538556712794,1507.0,A,1759.0,1603.0,-0.14110641635086044,0.10377472439941596,-0.024763811506137046,-0.05334250058747854,-0.01374778878099226,0.1043177760816783
AGGTTACACCATGCCG-1,-0.10612593218503774,769.0,A,1654.0,1111.0,-0.22291189494141325,-0.33860881978961577,0.07807628727875396,0.23318665037126213,-0.16369466101830982,-0.10212371191005423
AGTAATGTCTTGCCGC-1,0.003464036034347716,1849.0,A,944.0,510.0,0.10252604732003132,-0.17051297485723563,0.18346931583445272,-0.1567397145319139,0.060160485319861214,0.04239410087996752
AGTACCTTCGAGTGCT-1,0.009363772988836318,1795.0,A,1560.0,373.0,-0.09170834879739229,0.11177929345836157,0.37331677814290193,-0.13455432396182737,-0.1300937482381833,-0.08948014866713229
AGTACTCTTATGCCCA-1,0.031527784089434824,944.0,A,1308.0,1403.0,0.15975139159826446,0.16705345352255943,0.3184757490438294,-0.09434894118969428,-0.17792269438893282,-0.02915195863249252
AGTAGGAAGGAAGTTG-1,0.027421097564791816,1052.0,A,1432.0,507.0,-0.04075613513894974,-0.15382926431693406,0.2799341518930424,0.29164030286733444,-0.03860869151551049,-0.1277713052914513
AGTAGGTAACATACAT-1,-0.16328096096193184,3973.0,A,828.0,443.0,-0.2643205768924919,-0.3047765959627696,-0.1505043791078992,-0.12777376023609824,-0.15039086799963985,-0.011442873895707523
AGTATAATACTAGGCA-1,-0.10368933783012727,3121.0,A,597.0,713.0,0.14139896806156918,-0.41594182936307167,-0.187355314854321,-0.14021373772491882,-0.06876615446394169,-0.01642574166659848
AGTCAAGATGACACTT-1,0.10368129325403554,941.0,A,1333.0,1224.0,0.1655038342214767,0.04446538303315378,0.3140258803622179,-0.038896721914058734,0.27379850134226924,0.0011150383364960277
AGTCACTAGCTCTCGA-1,-0.018241454681144492,1207.0,A,1449.0,1380.0,0.08703321600710665,0.3754651633119189,-0.11779214547874443,0.12289538611614524,-0.15874486777221766,-0.05090053919924896
AGTCCATTGGCTGATG-1,-0.01706429987694416,747.0,A,1461.0,1089.0,-0.07909326697491761,0.07344507245692376,0.039611533368188845,-0.16854146012698484,-0.01026088061220009,0.1377083800814559
AGTCCCGCCTTTAATT-1,0.07065130524480794,6127.0,A,1368.0,530.0,0.21499144641838003,0.02654682744249752,-0.061880466967741285,0.019249848208922997,0.0008518746892357959,0.09712286762333007
AGTCGACGGTCTCAAG-1,-0.089693978045226,667.0,A,1332.0,1000.0,0.010555819675604317,0.009776871719708119,-0.44339290051372204,-0.07232301547617087,-0.0625624672661787,0.1508128877548016
AGTCGGCCCAAACGAC-1,0.005394123295500399,1780.0,A,674.0,712.0,0.05251432918525224,-0.10512820292154726,-0.1732439628592022,-0.007295303474827278,-0.16394734424709595,0.41841200895033404
AGTCGGCTCAACTTTA-1,0.018985258901802207,5284.0,A,471.0,1206.0,-0.07813347534166809,-0.01571084340649319,0.0577974245826806,0.04987414772634221,0.12868875345562128,-0.04934332000713558
AGTCGGTTGCGTGAGA-1,-0.0006164725834140045,615.0,A,1615.0,1044.0,-0.07701117553987617,-0.1814909408717918,0.05039907581564733,0.048231335350616925,0.06780544098141124,0.32165726049574717
AGTCGTCGACCACCAA-1,-0.03959893318465732,839.0,A,1347.0,1425.0,0.07288797882260013,0.04078054467403701,0.03735861777698867,0.06567226705187937,-0.16135853220418667,-0.20041037260735564
AGTCGTGGGCATTACG-1,-0.0708500690250832,7308.0,A,549.0,1295.0,0.09001144923585591,0.039063022886545666,-0.21132232425134145,-0.2857338157494532,-0.14430997569900617,-0.028312183341834347
AGTCTGGACATCCTTG-1,-0.012839639439815025,2841.0,A,429.0,557.0,0.012541433297092683,-0.0636288877982428,0.017054672244718693,0.13147822309388738,0.060721901835919904,-0.3267450024423793
AGTCTTCTCCTCAAAT-1,-0.10532360966463905,6013.0,A,1022.0,688.0,0.03676339291294055,-0.2307244483076925,-0.04707919126901802,-0.2609264111329175,-0.033439293064369685,-0.22813847568648318
AGTGAACAAACTTCTC-1,-0.007789707740391144,879.0,A,1487.0,1134.0,-0.07922968379686772,-0.06588404805332251,0.033998731372537366,0.08302439422575876,0.004157127490082783,0.051181029632651115
AGTGAGACTTCCAGTA-1,-0.0908880899253033,770.0,A,1293.0,933.0,0.03447906061022116,0.014610747722690665,-0.11977809555443211,-0.1426062103901566,-0.0034996913974028113,-0.10650918100945975
AGTGAGGGTTTCTGAC-1,-0.07032711091875041,825.0,A,1303.0,329.0,-0.1064668635975367,-0.014165192679814517,-0.013872200872411058,-0.08122547924709815,0.03909092754048684,-0.14796809797202576
AGTGATAACCTGCGCG-1,-0.05121017649269886,1310.0,A,1321.0,1470.0,-0.302710124259495,-0.003976102149674907,0.1853440965934455,-0.10117405367475367,0.09963303639627312,-0.05251317390390646
AGTGATTCAAGCAGGA-1,-0.12701764745844024,1363.0,A,1293.0,889.0,-0.012087256329232632,-0.06902968619498251,-0.36962199094856346,-0.12856017921399568,0.10888260727616855,-0.15207187844982487
AGTGCACGCTTAAGAA-1,0.06060233195797724,1497.0,A,1410.0,1313.0,-0.08759755659485749,0.01085970930533239,-0.024633669819559036,0.12063897304386384,0.4964779830730964,-0.1609475859212574
AGTGCTTGCACGAATA-1,0.06826053207570115,893.0,A,1319.0,1067.0,0.03091733519550846,-0.15398971557316166,0.03344866987473076,-0.023215852427970973,-0.027199312222112408,0.6035450104721188
AGTGGCTCCGTCGGCC-1,-0.10724518910747328,3237.0,A,329.0,1050.0,-0.06398243427222379,-0.0806759600850123,-0.22009818719176696,-8.455549595087243e-05,-0.16688915600815368,-0.1390376939397052
AGTGGTGTTACCCGTG-1,-0.05506430167087467,38522.0,A,291.0,1207.0,-0.10598026264385785,-0.09651063691443647,-0.058212384977861145,-0.24667257892098676,-0.16313107002947058,-0.11956144475080772
AGTGTGGTCTATTGTG-1,0.0012790676940647172,2551.0,A,468.0,624.0,-0.14567676068127533,-0.023318901225251595,0.1036159311297688,0.02351943904464716,0.23891976082574995,-0.20855678692780952
AGTTAAGTCAACCGCT-1,-0.108313321492511,10123.0,A,497.0,1295.0,-0.040400341124140926,-0.19574923489895496,-0.3474719211975847,-0.09822486638003292,-0.1558881038840309,0.002944159512197196
AGTTACTCTATCGTGG-1,0.1622087845077174,880.0,A,1317.0,486.0,0.3821362994075805,0.5589984388305179,0.5467258016866354,-0.1452437202047641,0.24691267557468202,-0.1057676718106796
AGTTCACCGGTTGGAC-1,-0.058930447505169736,12785.0,A,275.0,602.0,0.0008738844958161296,-0.12725032617006354,-0.2954423553995233,-0.01580233157955807,-0.12297059945017565,-0.04442271286581692
AGTTGACATCGGCTGG-1,0.16084673669157043,16038.0,A,506.0,378.0,0.4513388515108784,0.18285015584774966,-0.054598944026522316,0.052980045718596075,0.10012322037104927,0.10312986659524667
AGTTGGCAAGGCTAGA-1,-0.040070260892947435,345.0,A,1541.0,1671.0,0.026463264782553148,-0.0933747617679333,-0.0012825307116689152,-0.045800271788447394,-0.04861400425574319,0.09806342817121838
AGTTTCGCAGGTCGGA-1,0.04889254763629794,961.0,A,969.0,420.0,-0.026137764911772887,0.0892323147529869,-0.016461333789910902,0.0576249805625527,0.06532613610558019,0.17232027623183563
AGTTTGGCACGGGTTG-1,-0.03172188951591058,782.0,A,1487.0,1223.0,0.0005914066220651659,0.06701096954014882,0.05080507978252198,-0.08534584496906851,-0.08311385383131069,-0.043136319578878965
AGTTTGGCCAGACCTA-1,0.01835956125413011,5664.0,A,574.0,1205.0,0.13972837559389306,0.062263311175590294,-0.16704567682281646,-0.0499183502658542,0.02104066838110808,-0.03142956253306343
ATAAACGTTGCACCAC-1,0.03146413568831232,931.0,A,1552.0,1424.0,0.024550018985464772,0.19385910056929867,0.26756037768615415,-0.03824916988585415,0.0736526000559684,-0.04609774952301652
ATAAAGGTCAAGTACG-1,-0.0026216316424547,1318.0,A,1264.0,262.0,-0.0051619195931831285,-0.05423984548069625,0.13210705649861346,0.1334502966449038,-0.14242319920445237,0.03038862071475362
ATAAATATTAGCAGCT-1,0.1248340277030241,2210.0,A,534.0,1004.0,0.25262465947102114,0.407248691499717,-0.08247826866799675,0.1388381731770264,0.16834891903833268,-0.08236548087562956
ATAACGCCGGAGGGTC-1,-0.012031823713995679,721.0,A,1216.0,934.0,-0.14596017118541676,-0.015286060818343841,-0.17061308868982458,0.19904088447096502,0.2936385299317994,-0.13304069220794837
ATAACGTTACCTCCAC-1,0.08067855719891154,7835.0,A,1638.0,372.0,-0.08756098827020552,-0.07005631992091278,0.0020499261282342675,0.11526636887998853,0.09773472422523422,0.15958779972042236
ATAAGGTGGAGAACAT-1,-0.008450318452864546,5204.0,A,1102.0,1270.0,0.2547047045445154,0.06475652957754374,-0.09687722043467521,-0.05432739015158975,-0.1536527362507188,0.033232770476688184
ATAAGTACCCGATTGT-1,0.13056754604217,2899.0,A,1625.0,350.0,-0.24662761720061332,-0.038991838356095786,0.32145596463018533,0.3491209550767347,0.30074557214189696,-0.013304474728402604
ATAAGTAGGGCGACTC-1,-0.050656888091049485,1082.0,A,1563.0,954.0,-0.026277393111181165,-0.07427887292432261,0.030135448526690544,0.11551069745173015,-0.08752529911069457,-0.10105770102064393
ATAATAGTGTAGGGAC-1,-0.0995907155129711,4481.0,A,558.0,556.0,-0.5209661531316396,0.11092987215207861,0.08978938074345548,0.012984501230888783,0.02007102923531322,-0.19402400301419587
ATACCACGGGCAACTT-1,-0.07809566946079732,3920.0,A,547.0,937.0,-0.037257226454027056,0.029958541134684928,-0.14398025744167137,-0.534483107613629,0.3479436964484684,-0.1599816909126979
ATACCAGGCTAATAGA-1,-0.012605068961221932,1623.0,A,879.0,353.0,-0.06163841018722948,-0.10646716631449037,0.0001698730529150535,0.12324732748605145,-0.020748515796752496,0.06876847352145139
ATACCGTCATCCATAA-1,0.08245893188275062,6807.0,A,1651.0,484.0,-0.09995585493397635,0.11611915477625898,0.19873889461962238,0.041272236915065756,0.03330941750410616,-0.0387665620508482
ATACGAAGGCTTTCCA-1,-0.09357001117616398,1171.0,A,1756.0,976.0,-0.2933601287500721,0.06590267433801283,-0.1821768023930377,-0.21139187318127564,-0.0216205148349648,0.2400371446271914
ATACGCCGGCGAAACC-1,-0.03363619480232517,951.0,A,1178.0,1046.0,0.3256557089467817,0.10339035754797377,-0.38568921141019524,-0.14682166628353865,-0.11097164475640708,0.19439243545224888
ATACGTCCACTCCTGT-1,0.040275288392062465,832.0,A,1371.0,1202.0,0.18430940644786092,0.1692420913870355,0.27083945064886855,-0.08158279572179458,-0.01620467110267773,-0.10606025684338018
ATACTACCCGTACCAC-1,-0.07737204633579374,956.0,A,1527.0,1469.0,0.09388645774599826,-0.12877038563893628,-0.11205467145645771,-0.03985572328893993,-0.09633102584653971,-0.0007990188797933895
ATACTAGCATGACCCT-1,-0.034572433382741845,2834.0,A,957.0,622.0,0.14849512496325928,-0.2767459167654298,-0.1564082488529031,-0.051922909933320896,0.20453679071599193,-0.14453227837642296
ATACTCTCGCCACTCT-1,0.08859062930935366,6405.0,A,493.0,355.0,0.3985933648285984,0.10115019122880448,-0.08550847280869382,0.1840124968129121,0.04008579634247202,-0.001392785490555902
ATACTGCCTTACACCG-1,-0.0005386485598187045,3012.0,A,1257.0,1448.0,-0.2464282007368937,0.05182291883408,-0.2222021001976328,0.17819646078322937,0.16993937635364606,0.0770527925116504
ATAGAGTACTGGGACA-1,-0.0009580540977095348,4112.0,A,790.0,734.0,-0.13938816746109042,-0.15897299396007794,-0.042800306144182045,-0.06647607906376353,-0.2630480573186204,0.5343544796305962
ATAGCCTCAGTACCCA-1,0.13361725210070113,7596.0,A,352.0,557.0,-0.15480588305792442,0.051004369219795856,0.05384427290728764,0.1852006076698518,0.2524297279953058,0.21635025921230933
ATAGCTGCTCTTGTTA-1,-0.08608521581000815,5939.0,A,301.0,513.0,-0.549573081372947,-0.08193124619690786,0.21733840904177748,0.016336687413783413,-0.3888870637944876,0.1642182686445093
ATAGGCGGCTATAGAA-1,-0.044301281383262656,2669.0,A,599.0,1116.0,0.11522507073311543,-0.00820886919128393,-0.28732404386804794,-0.009476219446118494,0.05716963879560742,-0.03381919740547327
ATAGGGATATCCTTGA-1,0.07776620135983926,7702.0,A,1086.0,621.0,-0.14365944891915405,-0.14543885566771148,0.06555125997082283,0.44748517340824107,0.04423981985482436,-0.03511210888090996
ATAGTCTTTGACGTGC-1,0.046288321668668836,2827.0,A,1033.0,308.0,0.014299442419075738,-0.2755549639238877,-0.0711329867131483,0.04374737632855525,0.14034896428043525,0.3976193654852279
ATAGTTCCACCCACTC-1,-0.07867221565983944,879.0,A,1486.0,1000.0,-0.015577093166232805,0.02146188230124276,-0.129548385949034,-0.2519706659109817,0.045161859334402775,-0.045098317013961664
ATATCAACCTACAGAG-1,-0.010137217506018245,1153.0,A,1525.0,977.0,0.013672138350769275,-0.20298842647861243,0.024436621924524213,-0.22562875009115474,0.14018614476571467,0.2345797371947146
ATATCGGTAGGGAGAT-1,-0.15818696492623285,1249.0,A,1589.0,999.0,-0.011093643167015908,-0.23970805593437405,-0.42287781824751647,-0.09114482323338075,-0.03936169034091322,-0.06597604252269218
ATATCGTTCCTCGAAC-1,-0.07467589793615902,1274.0,A,1360.0,1448.0,0.020530921643906005,-0.5585574546372059,0.08377116128506801,-0.021985916540823387,0.05934564696995867,0.09663496350221577
ATATGTCTCCCTAGCC-1,-0.03938247666970977,578.0,A,1422.0,933.0,0.016704469918274997,0.024430495280227546,-0.008281183920469257,0.2441419381841817,-0.14023635728901793,-0.03850740591244111
ATATGTGCACAAACCA-1,-0.04877437932760416,8208.0,A,1702.0,350.0,-0.36297397027629363,-0.27019067043979506,0.15082940341870157,-0.09322968312853644,-0.04349892493473773,-0.09500189682616496
ATATTCCACATAGTGA-1,0.13660382926016468,7815.0,A,1166.0,1292.0,0.38534402722666405,0.23531236425393226,-0.2174817038942336,0.3720519070320123,-0.11148180787606782,0.12287579129912192
ATATTCCCACAGGTCA-1,0.009430463825334148,1628.0,A,930.0,398.0,-0.016309645612503358,-0.03484839889578537,-0.026289446736158552,0.5437564804211137,-0.38306610487870507,0.050371333800311995
ATATTGCTGTCAAAGT-1,-0.11189932314983185,3735.0,A,584.0,556.0,-0.06512503489454344,0.029535281982638613,-0.5974331546068037,-0.21378183664269587,0.11716990551698081,0.027032394636418374
ATATTGGAGAGGCCTT-1,-0.02081355539557553,6311.0,A,1733.0,1468.0,-0.07744794457635505,0.00598333810808576,0.13446825966858986,-0.13793307574038893,-0.034711627558225475,-0.11938692816117508
ATCAAACACTGTTCCA-1,-0.10657852566162285,1523.0,A,1551.0,1201.0,-0.1647587940837934,-0.24279811359116255,0.10501783177856035,0.11390140152082731,-0.24553795675331505,-0.05560254941676068
ATCAAACGAAGGTTTG-1,0.002185694895717738,10114.0,A,600.0,1250.0,-0.12950571229954505,0.08639775433920886,-0.06356206545902207,0.018512304588765016,-0.012073091690907117,-0.10900642071585773
ATCAATCTGGGCTGCA-1,-0.29858693469270636,8054.0,A,1010.0,890.0,0.013324774500094352,-0.0890488040808155,-1.1560822097135643,-0.21499846373353804,-0.12016727963239823,-0.2500756778988496
ATCACTTCATCCTCGC-1,-0.19496196757035683,2892.0,A,1034.0,621.0,-0.12645297200832825,-0.24023295844196033,-0.44759750957819594,-0.4641589114276794,0.14854589780908845,-0.06268028837864395
ATCAGCCTCATGCTGC-1,-0.06593940133670576,1309.0,A,1295.0,1426.0,-0.00036380731987890186,-0.11660874385597327,0.021163165927719326,-0.04727551458544221,0.05229646083112617,-0.10091397605505181
ATCAGCTCGTCCACTA-1,0.050769157795276576,7654.0,A,368.0,1251.0,-0.20370796642902017,-0.041372354196143955,-0.011868828333960458,0.21568123333606054,0.15430360210908006,-0.12155227824089931
ATCAGGTCGCCATTGC-1,0.004769793374910798,2204.0,A,1380.0,329.0,0.15559723819560745,-0.09246886764854198,-0.2665129579255219,0.19349375454128587,0.16351624244787893,-0.09535207793062205
ATCATGGACTACCGAC-1,-0.02993404106331396,992.0,A,1795.0,1132.0,0.08395961703582307,0.0644494809939043,-0.017014476911677363,-0.1628335995162248,-0.12442080736336832,0.04412578129986274
ATCCAACGCAGTCATA-1,0.04718101860958342,4009.0,A,649.0,713.0,0.07912691578115008,-0.10445476088434959,0.05714656693271357,0.14438827072244959,0.01889022467169946,0.02002520679555362
ATCCAATGGAGGGTCC-1,0.04472788366483589,3225.0,A,522.0,1116.0,-0.06804142647242674,-0.24539281714426842,0.1133515583277692,0.1084229306750859,0.2580458783166775,0.07261603134458045
ATCCACTTTCAGACTA-1,-0.08291957275190256,974.0,A,1650.0,305.0,-0.017355226421218645,-0.09141590691870652,-0.06748197154879151,-0.18840275379300944,-0.16636946507785605,0.11715374546886119
ATCCTGAATCGCTGCG-1,0.0021526130410084547,2420.0,A,509.0,1004.0,0.15600426934555123,0.08547008860840086,-0.19229951133159748,0.06394531214377096,0.0802986410843007,-0.02367266089140224
ATCCTTCTGAAAGAAC-1,0.055562085106119485,3316.0,A,1796.0,1222.0,0.3949789561902782,0.04190061079494974,-0.14904589871294063,0.17983275042242808,0.08822477694848546,-0.11759013547527683
ATCGACTCTTTCCGTT-1,-0.15617549326483426,2850.0,A,957.0,666.0,-0.15471431774960429,-0.16267314167190566,0.07785786703241361,-0.09958926763130183,-0.15200383684950652,-0.4311405476884066
ATCGCACGCCGGGAGA-1,0.002025788836606677,3138.0,A,906.0,711.0,-0.22231291618955346,0.11343228788729537,-0.07543963510564015,-0.10759416809566766,0.24925272734727447,0.01539611005621104
ATCGCCAGTCAACATT-1,0.017931141603096987,951.0,A,1525.0,1156.0,0.1978580620166035,-0.09528638917103661,-0.08222899564246362,-0.039537677317385264,0.1510925449400612,0.13053365621350835
ATCGCTGCGTGCAGCA-1,0.06398357242655865,11520.0,A,1600.0,663.0,-0.05586950280294556,0.20521127367089786,0.046658817622143425,-0.1696898580031224,0.16133775771278908,-0.08166958443480002
ATCGTTCACTTTCGCC-1,-0.11873206184073995,529.0,A,1380.0,373.0,-0.12793385100905752,-0.10969774011778927,-0.12928702817090895,-0.11040649393405572,-0.18222091373756566,0.10745605953490345
ATCTCCCACGGAATAT-1,-0.034729874676569794,804.0,A,1566.0,1492.0,0.19721231953815915,0.033922475348336964,-0.013446047678120993,-0.029386425585057933,-0.16172671983840384,-0.04359319761158178
ATCTCCCTGCAATCTA-1,0.14402819679576073,6701.0,A,1098.0,509.0,0.045742137541227273,0.21451129577326938,0.014552265563848088,0.3577470299171,-0.07397219349973222,0.11935242972768291
ATCTCGTGAGCGAAAC-1,0.055073988869976886,1719.0,A,1667.0,1223.0,0.2589997137542046,-0.015187924558498402,0.027949344027402345,-0.1054973379568091,0.12586592388267825,0.017715800026928165
ATCTGATAGTGTCTTA-1,0.019924336979630496,3559.0,A,326.0,513.0,0.01700654616089696,0.4847388247023821,-0.22781102918515905,-0.2573561208309377,0.175044676166369,-0.004216438264506732
ATCTGTAATTGTACCC-1,-0.010784899836009543,4066.0,A,905.0,488.0,-0.26062220962992444,0.023314666792356827,0.381315032429595,0.052342781194217036,-0.0754551492770173,-0.19354406451486625
ATCTTGACCTGCAACG-1,-0.10306053641922755,3037.0,A,739.0,735.0,0.04576644629222788,-0.06669556698956321,-0.131300144882628,0.13538931255431438,-0.027739322912162436,-0.630686000360366
ATGAAGCCAAGGAGCC-1,0.040907463069129055,2774.0,A,764.0,645.0,-0.20388292303968672,0.06751609298259935,0.010195070414619202,-0.15203562181558214,0.21065884210857014,0.2294445487391708
ATGACGCCGGCTCTAA-1,0.006362432007062605,3527.0,A,918.0,510.0,0.041080189699240224,0.47014082564513665,-0.1038322192409402,-0.20769194845697747,-0.09567294821762236,-0.13498484942486821
ATGACTATGCGACATT-1,0.12198539588139465,871.0,A,1307.0,1224.0,0.13689679717761652,0.02055054837470504,0.034316601684654925,0.008451177780214168,0.49082331940635165,0.18624196192166761
ATGAGGAGTGTTAATC-1,-0.07685209592411474,6803.0,A,623.0,713.0,-0.0764938964372153,-0.12753986671030879,0.14316935057808627,0.04536163258740433,-0.1288353826980208,-0.4794038911604378
ATGAGGGCAGCGGCTA-1,-0.0905359909511316,604.0,A,1718.0,1088.0,0.0727086231883143,-0.04531366937909512,-0.40325540645236974,0.0020770786906314093,-0.17122170835691208,0.14328642957445864
ATGATCGGGAATAGAC-1,-0.0073814002698180115,4311.0,A,866.0,510.0,-0.2547746625617599,0.05882768920966483,-0.19355402548811865,0.1849344232575441,0.043188532036457575,0.04842937105926391
ATGCACCTTCCTTAAT-1,0.03168319492785876,15804.0,A,250.0,603.0,-0.08705230459901642,0.0674272451360485,-0.10896469378803547,-0.04415628216254147,0.08214159548544406,-0.1329734204458205
ATGCACTACCGCATTG-1,-0.07521636292804493,2088.0,A,752.0,757.0,-0.2288280098195517,-0.04585420102385428,0.0027491328169704475,-0.08678913544106613,-0.2941344657893369,0.18716506404944583
ATGCATGATCCAGGAT-1,-0.05264324859939387,3097.0,A,1009.0,711.0,-0.10157626967489827,-0.1421957952087231,-0.010691896643330668,-0.04009264281512384,0.017090880423114883,-0.11488184693115741
ATGCCAATCGCTCTGC-1,-0.02241229833955968,1673.0,A,1522.0,485.0,-0.09417755681162457,-0.08513293517962343,-0.06199333792566772,0.08916281430977176,0.21878025391742634,-0.08333225315477784
ATGCCATTTGCGACCA-1,-0.1250175305995318,656.0,A,1345.0,1112.0,0.024853650464213048,-0.08170897158774358,-0.481528997026041,-0.07163382154540143,-0.1672796620706697,0.17002306288314642
ATGCCGGTCTTGCATA-1,-0.061047632371330776,4740.0,A,1138.0,845.0,-0.2685691154705988,-0.03835329677638743,0.24867426838395162,-0.683831543969958,0.00712414554909457,0.264429533528424
ATGCGACAATTGGTCC-1,-0.14329064087789223,2605.0,A,1574.0,440.0,-0.1573865994943274,0.023918058256949794,-0.2665221451410431,-0.17072858343018496,-0.28949409675180493,0.024608588474929412
ATGCGACAGTCCCATT-1,0.05769863584593796,5478.0,A,1087.0,934.0,-0.14386877766546816,0.08900136039365739,0.08301591569471707,-0.0418106081812568,0.14238035131152907,0.015636028659145183
ATGCGAGTCCCACCAC-1,0.018010102134494346,690.0,A,1513.0,1223.0,-0.026138252669281145,0.1684811339838913,0.2287026019226609,-0.2537830590912032,0.3054685125388505,-0.10267154793814036
ATGCTCAGTGTTGCAT-1,-0.04812195649003005,2133.0,A,545.0,624.0,0.02862047727911669,-0.02448235964709965,-0.13232491430309082,-0.15159740451521256,0.07047500868723738,0.022184674363443475
ATGCTTAGGAGTTGAT-1,0.10613577258598494,5268.0,A,1617.0,1402.0,-0.25294910427721395,0.19227232814163026,0.16777701187518762,0.10148043020459682,0.12780572847002547,0.19318317607303695
ATGGAACCTTTGCACA-1,-0.12531754307150597,824.0,A,1718.0,998.0,0.04131959044663505,-0.14135300947520868,-0.11916057614948988,-0.20243756326734108,-0.17109507239309504,-0.0440023159563649
ATGGAGCAGGCCGTGA-1,-0.04217187756322616,11615.0,A,1023.0,957.0,-0.11780213681884573,-0.1355341308837632,-0.11957385278257851,-0.07940077547802679,-0.267478910009233,0.21289614416264402
ATGGATTGACCAAACG-1,-0.08492793625168645,3699.0,A,958.0,756.0,-0.31075704884912425,0.01822654177195905,-0.1831875783199962,0.09540550802939333,-0.26630857730422386,0.09578188478774546
ATGGCTGGAAATGGCC-1,-0.03514879852155975,628.0,A,1367.0,351.0,0.20897651801467493,-0.21217233101887745,-0.009529025670036606,-0.06983092521943857,0.03014501715021861,-0.039714271747207444
ATGGGCCTCGGCCTCT-1,0.033699160629006325,548.0,A,1345.0,1157.0,-0.06302225247202746,-0.03101276658827408,-0.007497474051909932,-0.06424508815362934,0.3632609044293583,0.12033918228009557
ATGGTCGCGTGGTTTC-1,-0.01487715092058356,768.0,A,1268.0,1157.0,-0.04574623375989034,0.017888116558543457,0.03866195857362002,-0.02954648533818731,-0.061859342285920126,0.08395362895611005
ATGTGAAAGCCTAATG-1,0.21987716721444095,7164.0,A,458.0,1183.0,0.2378156652873842,0.21826467332367372,0.2300877896742967,0.5865804335153035,0.019718796402745452,0.026284135355661722
ATGTGCATCCGACGCA-1,-0.008641511283578047,2595.0,A,906.0,667.0,0.002317356420664004,0.01904299361125966,-0.08774585016394937,0.052085412471698074,-0.1132866753597124,0.014109542376828734
ATGTTACGAGCAATAC-1,0.030450201681154417,1619.0,A,545.0,489.0,0.21573157459790648,-0.15816557562752323,0.22746357153459268,-0.07519620867452678,0.05274492119693269,0.02104608630843656
ATGTTCCTGCCCACCT-1,0.04347197441867407,5869.0,A,275.0,513.0,-0.16276169235202823,-0.1364341969727842,0.49474371536659517,-0.014584044027646851,-0.11799163813423169,-0.020064117254086335
ATGTTCGTCGACCCAC-1,-0.1900130143639372,3134.0,A,354.0,915.0,-0.044004643391123074,-0.07254277769232295,-0.9119038369575274,0.042110688440726275,-0.3022692762928169,0.110897796857702
ATTAATACTACGCGGG-1,-0.11406519314072643,2375.0,A,1021.0,644.0,-0.3411621927259691,0.060893144535222515,-0.09386290833704593,-0.0458392404317062,-0.17403087906571607,-0.12289025673013547
ATTAATTCGGTCACTC-1,0.0375164403051565,2156.0,A,1021.0,465.0,0.21587386226235666,-0.051286700903920984,-0.10051394210298194,-0.13476139656420555,0.12027625086999563,0.19721053732951374
ATTACAACTACCGGCC-1,-0.010748387936460074,646.0,A,1290.0,396.0,-0.08774098355282821,-0.2314690487772687,0.08279621084345212,0.1463808447593386,0.2409546705291048,-0.10305260054160557
ATTACATGTCAGTCTT-1,0.12082004523502393,2405.0,A,1565.0,1268.0,0.44211216945559767,0.05190907985977267,-0.0787216869922044,-0.05865682797705404,0.32257341236805226,0.01045136633337691
ATTACCACACTGCCTG-1,0.06492070986696802,1535.0,A,1693.0,1222.0,0.2738003668076378,0.029268306159637363,0.20816324695646324,0.06927487250873385,-0.041375568120812584,-0.07496505357052217
ATTACGACTCCACAGT-1,0.07249551127258008,3156.0,A,1729.0,573.0,0.018180972346891915,0.014351304383047693,0.2865314557050058,-0.13633303838362257,-0.008654465086269436,0.14380268613066774
ATTACGCGCTGGCAGG-1,0.05737976945948008,1861.0,A,560.0,1049.0,0.22072780863710628,0.02777012693809973,0.04916547035576427,0.03528194487658455,-0.024925484787834712,0.0748917032090549
ATTACTAGCCTCTTGC-1,-0.03923222936237079,3147.0,A,738.0,555.0,-0.17233039105762096,-0.2410095342054725,-0.020261766267109977,-0.008582484057990341,-0.1633218642326547,0.2904152383163418
ATTAGATTGATAGCGG-1,-0.04534716156621746,4539.0,A,802.0,578.0,-0.1454895111441268,-0.3022773009410483,-0.03885322314101446,-0.05351821005467973,0.1930807342230501,-0.030383842018282307
ATTAGGCGATGCTTTC-1,-0.028044419116682977,1913.0,A,1087.0,979.0,-0.06685476626843267,0.14373119896349765,0.15214822940272735,-0.4585093006321816,-0.025657047646492778,-0.20758939757516803
ATTATCTCGACAGATC-1,-0.05675531047914455,1098.0,A,956.0,308.0,-0.10954944635332006,0.10821662881251642,-0.17794686586451275,0.04425659599661154,-0.11704926832962351,0.06499591067008352
ATTATGCCATAGGGAG-1,0.15454421211597597,7936.0,A,854.0,622.0,0.04407995148817999,0.3482477961911057,0.24874161914036913,0.15874892163613175,-0.05120345372840412,-0.11237368059536909
ATTCCTAAGACGTGGA-1,0.018340165961592186,1691.0,A,1548.0,485.0,0.022239572682110673,0.06205068978382843,-0.0887111145469163,0.14585384919410918,-0.06894250449324967,0.10468801240868877
ATTCCTCCGCCAGTGC-1,-0.23188472496461063,1878.0,A,674.0,668.0,0.18622164458981327,-0.03214378127220074,-0.677424572487842,-0.6901927012409925,0.11052306756928185,-0.06704978578271145
ATTCGACGCCGGGCCT-1,0.22171986087328638,3992.0,A,508.0,959.0,0.433214655336259,0.08559290145651755,0.369786527074458,0.46843439914658,-0.015496191232830305,0.012360453028009725
ATTCGCAGAGGACACT-1,0.13536886953291424,13201.0,A,1792.0,461.0,0.306021957238544,-0.20722152446166506,0.019640117785897998,0.1841648039962892,0.05373707347288492,0.1441449979706081
ATTCGTGCTATCTCTT-1,0.018344872913653547,1245.0,A,1589.0,1089.0,-0.11846346652242191,0.037139331172046666,0.3813602331347296,0.06910362531815258,-0.12996113434265547,-0.013877372215915045
ATTCTCGTCTCTTTAG-1,0.0705386077190902,1878.0,A,827.0,398.0,0.13603055712612916,0.09975243894793906,-0.14431156802418427,0.24378969172862786,0.07918658876195447,0.15709675623938815
ATTCTTCGTACTTATG-1,0.08048117829004743,1049.0,A,1290.0,351.0,-0.1242560261727373,-0.14404540608146071,-0.10339551673069694,-0.03474160578652451,0.11043574109187526,0.8150375762719924
ATTGACGTAACTCGGT-1,-0.05959872777778579,1680.0,A,1097.0,330.0,-0.17575979466083425,0.04371379375668315,0.02649590856498298,0.027759392676636362,-0.218956698568648,-0.05222311638382969
ATTGATCACCACATTT-1,-0.014612237766615892,5087.0,A,279.0,1319.0,-0.003529041815172225,-0.011564755380125254,-0.08442055108611693,-0.11584089182886276,-0.052108494750505746,0.04161167971518665
ATTGATGAGTCCTAAC-1,-0.04160380383197504,859.0,A,1447.0,888.0,0.14988007296458553,-0.22694500364154896,-0.014546275214198968,-0.08293583231142196,-0.04375605751010203,0.05573091275320362
ATTGCGATCAGTAACT-1,0.018974020955863202,1372.0,A,1449.0,1291.0,0.17967856831488724,-0.0611786383462682,0.144812073318804,-0.04073490398090694,-0.11264785423925619,0.019154577981323393
ATTGGATTACAGCGTA-1,-0.020058552319983887,1582.0,A,1488.0,1358.0,-0.08416653303138111,-0.4650658758702338,-0.050486226241975025,0.36033539503676804,0.09721159146791197,0.03336509178636127
ATTGGGAATATCTTGG-1,0.011875570291214152,2158.0,A,840.0,421.0,0.16010453505337827,-0.07395001768094597,-0.3521740087385098,0.4356177736406897,-0.08090005933746428,0.12229034196126935
ATTGTACAACTCGGCT-1,-0.05186982567586586,1062.0,A,1499.0,932.0,-0.008560145204894842,-0.08993815491934543,-0.018219261455023106,0.03268970658730427,-0.2126788931013948,0.049417655676931044
ATTGTCGCAATACCTT-1,0.005931613503224308,5656.0,A,1265.0,486.0,-0.004449253199392968,-0.01043951780024572,-0.0033458499191389712,-0.20906124177198357,0.1417106312463866,-0.0303152381760926
ATTGTGACTTCGCTGC-1,-0.043296660226717854,1138.0,A,1573.0,395.0,-0.1737169972038997,0.2032178338898766,0.00837888421984873,-0.016593104948244633,-0.17858424924476107,-0.04977028725509718
ATTGTTCAACGATCCG-1,0.012864557519750103,4884.0,A,1758.0,1334.0,0.18911882858360407,0.14575009057237936,-0.05324609360434198,-0.008401090184545074,-0.3261789304207443,0.08711130976664441
ATTTAACTCGTATTAC-1,0.056321686314197046,2966.0,A,841.0,465.0,0.027750559724851222,0.10665715605488707,-0.08678139940116078,0.19986924697501013,0.4353515260274922,-0.38259388655907567
ATTTCATTATTTCGCG-1,0.02198640287320841,1028.0,A,1175.0,464.0,-0.022301027460383177,0.08837097103402845,-0.017641470793590255,-0.029089505788250127,0.1921584916376733,-0.029748559810023778
ATTTGTCTTGGGAGCT-1,-0.06717507714384918,668.0,A,1255.0,1045.0,-0.09028495188663413,-0.029742654592614645,-0.182291091739112,-0.07238515596005238,0.02325105642828454,0.06904499525176273
ATTTGTTCCAGGGCTC-1,-0.061271649478511984,3262.0,A,1085.0,576.0,-0.16153088535151314,0.060094236545212176,-0.1445263747052281,0.10942087948388446,-0.3070917374054458,0.0522034141361598
CAAACTACGATAGAGA-1,-0.0710067516553174,868.0,A,1252.0,419.0,0.22995305492983187,-0.2259805174075738,-0.014721548331197896,0.016561869451086453,-0.0919161827309549,-0.24207199593644052
CAAACTATTGAGCTTC-1,0.007646321788561089,2905.0,A,1136.0,397.0,-0.008745505466658459,-0.06256509928381039,-0.1461186168344155,-0.08565004951512986,-0.0397297847895365,0.35951488256321645
CAAACTCGCGACGCCG-1,0.03306447919636168,1143.0,A,1603.0,1156.0,0.035019452774675525,0.22140012290003874,-0.14642492316013486,-0.03811654378050416,0.0002654930033290162,0.162759034320486
CAAAGGTCATCTGAAA-1,-0.12282761206237473,2342.0,A,1770.0,1177.0,0.07362017498119916,-0.20457297618315265,-0.13026194076812492,-0.36695712813232584,0.02460548918234179,-0.0373312410196914
CAAATCTCTCACAAGG-1,0.10320961222238888,3274.0,A,484.0,1139.0,0.11322525416360803,0.16401723295443815,0.010299275261906559,0.12780256910273277,0.08288323766818935,0.14365403582767275
CAAATTGTCAGCAAGC-1,0.09937463096032545,11392.0,A,1033.0,442.0,0.10791800592253652,-0.2579226777233743,0.022358431256286372,0.40665315035108285,-0.14885383879273,0.22747660985722773
CAACCAGTGGCCTACC-1,-0.08208879577242403,1796.0,A,1656.0,1514.0,-0.09721464693485811,-0.16573831109716725,0.011117975151606932,-0.05654046904829657,-0.11424045086888109,0.012865757697695475
CAACGACCCGTTTACA-1,0.0011414348990144395,3492.0,A,815.0,600.0,0.17834890182886887,-0.0806566263386369,-0.08757971423299338,-0.15231067512979407,-0.07759173273429733,0.24550810339047244
CAACGGTTCTTGATAC-1,0.07915788597725541,3087.0,A,661.0,556.0,0.5405838904958359,-0.09671891908029931,0.0662300040324355,0.09583132408225205,-0.045628509737905665,-0.03784561910613577
CAACGTGGTGGAGTCT-1,0.06169987898047882,4696.0,A,1629.0,1379.0,-0.17399062310655855,-0.06710284261576399,-0.01466252654977508,0.24878249862344554,0.14010866498976993,0.13336296643096646
CAACTATATCGAATGC-1,-0.06558176805129085,7778.0,A,1188.0,486.0,-0.26373423529018325,0.09634652844877586,-0.15369149731610193,0.018467615143409534,-0.1250028682002161,-0.1993287805939831
CAACTCCGTAACTTGC-1,0.03477850007777418,6253.0,A,1702.0,439.0,-0.08171891861097891,0.19555856377770253,0.335618238510573,-0.13741948497685982,-0.10348658229796759,0.010137631690203423
CAACTCCTTGATCCCG-1,0.015764636080184566,3164.0,A,764.0,555.0,0.20179658152760138,-0.16455238212997517,-0.1869208647629605,0.09433647143272808,0.23655965134681273,-0.11028172948798427
CAAGAAACCCTAAACT-1,0.049525703674497545,20402.0,A,1727.0,305.0,-0.012131510331895357,0.07463221231259713,0.03450044408680731,-0.035354436464392125,-0.07907744721333902,-0.0546358622575908
CAAGAGGGCGGAGTAC-1,0.15838143855546571,1320.0,A,1127.0,1180.0,0.38431471217597696,-0.0020928107453458827,0.08662985318439291,0.35647492182892365,0.08125839522656218,0.11947371134784532
CAAGATATTATAACGT-1,-0.07430760405048877,999.0,A,1320.0,1157.0,-0.045699551651299505,0.15071021359382397,-0.017137659205976697,-0.08507391009775087,-0.15240317896354771,-0.14421709736950666
CAAGCACCAAATGCCT-1,-0.03615644040005206,2170.0,A,1021.0,554.0,-0.04519638680886335,0.14375991203059885,-0.1458791053164742,0.019277219459156593,0.02635425065576903,-0.10083716413329877
CAAGGTCCTATAGGCT-1,0.030502464706907255,4732.0,A,1589.0,910.0,0.1002410960186312,0.03268934791520069,-0.05580606507649092,0.14921037722393146,-0.09765530903220446,-0.07017924405454391
CAAGTGTGGTTGCAAA-1,-0.03650389661284059,987.0,A,1383.0,1045.0,-0.00541995240017161,0.04596662018331703,0.22068360042607796,-0.16823169044982486,-0.0977850559592987,-0.047137139560042216
CAATACGAGAGTCTGA-1,-0.025054028850575415,1762.0,A,1718.0,1133.0,-0.19259549923356595,0.16059734320774713,-0.1998294626275067,0.1394171674848913,0.038097376715303694,-0.11126449670965864
CAATCCCTATACCAGC-1,-0.05787334688214543,714.0,A,1303.0,419.0,0.14223471813236369,0.05388675651230962,-0.22232775363312018,-0.022250091985584676,-0.08291852326853637,0.0011627498204179673
CAATGAGGTTCGACTA-1,-0.053081919361444005,24840.0,A,1704.0,797.0,-0.1410724085420913,-0.03935225918185106,-0.1531631136861908,-0.1242495002509435,-0.0920423301492798,-0.17802239246475715
CAATGCGAGAAGTATC-1,-0.15129557152741605,2018.0,A,1231.0,1359.0,0.17744890353436313,-0.20148968509543497,0.10589145944102557,0.20581376310556207,-0.19975725069815975,-0.8068419631598758
CAATGGAATCTACATA-1,-0.04073672120173874,1546.0,A,1342.0,351.0,0.06142370336785105,0.1420924632190815,-0.025265272747356293,-0.18942314014943695,-0.03740559258551463,-0.10106400000181065
CAATGTGCCAACCCTT-1,-0.12223979559621623,1280.0,A,1653.0,976.0,0.19680937854309657,-0.12910305627042845,-0.021635573532967044,-0.0300906932008636,0.1632447851860673,-0.8463226907114905
CACAAGAAAGATATTA-1,0.06070099910253719,2160.0,A,1612.0,462.0,0.47161415259397915,0.10145897886486716,-0.038598996617432005,-0.009421673672389067,-0.18670468001890708,-0.21793320438819547
CACACACGCTAACGAG-1,0.06450669617177993,1084.0,A,1501.0,1380.0,-0.06992136865043344,0.06100644006972019,0.1482334774633832,8.825361706529117e-05,0.27453332560807103,0.0035035919049552083
CACACAGCTTGCGCTC-1,0.012337624963352027,2123.0,A,1654.0,1200.0,-0.011234533059727294,0.15654518544835974,0.014720329419585036,0.1849498580001895,-0.06926464709100726,-0.006247808157877065
CACACGCGCTGTCTTA-1,-0.06811687922501028,2052.0,A,1318.0,888.0,-0.2123033890880841,-0.0651909909579864,-0.07550188835462414,0.35560944958590096,0.04712490644928413,-0.4567453902833034
CACACTTGTATTGCGA-1,0.03835422706312482,5470.0,A,1663.0,372.0,-0.06032632920123361,-0.1994021423513834,0.1030643830055914,-0.011936709597776235,0.14115902928275265,0.09628407050388586
CACAGCTAGGGAGTGA-1,-0.009821717056737803,1974.0,A,944.0,599.0,0.14273298488536126,-0.07396704337921083,0.023941418208682137,-0.19342497534961292,0.28629944678942315,-0.26953115549109025
CACAGGGCCATATAGT-1,0.14094792144805546,1284.0,A,1424.0,1425.0,-0.08062023140251134,0.178017318097343,0.46107717617812705,0.12599752002537581,-0.10388026152782764,0.3439458554319962
CACAGTCCCGCTTCGC-1,0.0467418337816353,1456.0,A,1617.0,1491.0,-0.06455191546801098,0.01510184079664565,0.24891903107036945,0.20572181824493677,-0.14396460985119064,0.088916023277629
CACAGTTCGCTTCCCA-1,0.18449087777808046,8745.0,A,1642.0,1357.0,0.17414305228844176,0.15060720592312962,0.21919656434345156,0.29362156471095024,0.05945577082475808,0.05871077021066874
CACATTTCTTGTCAGA-1,-0.03703584496213791,845.0,A,1564.0,1133.0,0.00986705923778608,0.013957032675851154,0.18725460405215377,-0.11064305952091681,-0.09068442643305072,-0.15866758014631227
CACCATCGGAGGAGAC-1,-0.001842976724441961,1391.0,A,956.0,398.0,0.24633759706452174,-0.17917205469270814,0.1448949241178329,-0.10382101646934527,-0.04842807784635535,-0.05372443967350744
CACCATGATCGCAAAG-1,-0.006778559569659456,2895.0,A,1638.0,417.0,-0.19384956447107313,0.0519670951516263,0.03577977681224318,0.12708729626058693,0.03769516473341353,-0.12060612243067387
CACCCAAATCTTATGT-1,-0.060352155170350114,1744.0,A,1524.0,932.0,-0.09747618592494954,-0.0710141605831689,-0.1147333928519625,-0.18031910950532365,-0.0007260010491968866,0.10740633592102014
CACCCACACGTCACCC-1,-0.1320935591089708,1674.0,A,725.0,533.0,-0.12116315090786123,-0.5342945533040476,0.06360729499546064,-0.054214214835776084,0.17800230514441656,-0.21112406329756936
CACCCTTGGTGAGACC-1,-0.039591085943743026,7477.0,A,381.0,1273.0,-0.2671480253121131,-0.0654704379758357,-0.4025046271679999,0.008125987741124531,0.3524117160494376,0.05699478935012038
CACCGATACACCGAGC-1,-0.02924215974731037,626.0,A,1252.0,374.0,0.09792259806938491,0.035207778847541046,-0.009480422197600823,-0.2362340097268546,0.08947849258975776,-0.03469363047920013
CACCGCCAGAAGGTTT-1,-0.03263592745896213,10844.0,A,932.0,756.0,-0.2604408967562399,0.11744810786204113,0.11337281809438764,-0.0013801593817796554,-0.2903466678094829,-0.04040521845815069
CACCGCCGACCAGCGA-1,-0.23589936254066127,3498.0,A,1033.0,353.0,-0.8504969075703002,-0.002817304631988281,-0.20737497765154397,-0.3333045041716879,-0.15425249159868015,-0.19437659921044642
CACCGCGTCCACTCTA-1,-0.03260916809375944,1656.0,A,1510.0,507.0,-0.1271075296955494,0.024855255505083024,0.07477030664888519,-0.11159097713716026,-0.18421796864017642,0.13187940008466398
CACCGGAGATATCTCC-1,0.039235360671732535,1882.0,A,1367.0,306.0,0.017481249888815872,-0.3170002131441634,0.1821669306042711,0.1646993989002723,0.2943949117330027,-0.060211000589942824
CACCGTATCCCATCCG-1,-0.018101096040330632,1208.0,A,1513.0,1313.0,-0.09265224479448543,0.2084328927207562,-0.01592141576832422,-0.15577304947377002,0.12953414617946535,-0.05091661319384157
CACCGTTGCGCGATAT-1,-0.05725534869114744,3210.0,A,548.0,1205.0,-0.08034838997823261,-0.014416967394550576,0.11486609571154782,0.09304512181225451,-0.11058687330496687,-0.1887841904236336
CACCTAATAGAGTCGT-1,0.03246945334268791,1412.0,A,494.0,534.0,-0.18165776193801922,0.02002335783594792,0.020231191276415303,0.05567516574369882,0.22224620215113236,0.28059049554648907
CACCTAATCAGTTTAC-1,-0.05433883048151253,6785.0,A,1098.0,599.0,-0.03343936122667941,-0.16021602153218828,-0.04154575529094891,-0.22133507666200275,-0.1626344683263657,0.08409851813082005
CACCTCGATGGTGGAC-1,-0.06040455497837556,3348.0,A,1072.0,554.0,-0.13242313187798685,-0.08508730668751037,0.16653741098515784,-0.17484564886616677,-0.2807817727426798,0.10255350390502592
CACCTTGGCGCCTTTG-1,-0.14197137493757792,703.0,A,1500.0,1111.0,0.05141406745019807,-0.02422407214614887,-0.01128032400840458,0.2151756278977212,-0.045740227762045976,-0.7886420288308601
CACGAAAGTTAGTCCC-1,0.046502997165129886,7702.0,A,547.0,892.0,0.20543681359301713,-0.027834724233078867,-0.251600426277209,0.14511891582037623,0.1730051632687991,-0.17837870107917958
CACGACGTAATAGTAA-1,-0.025000187290711698,2842.0,A,1534.0,283.0,0.06566435790807924,-0.012927440535097107,0.11941623864037232,-0.13699402255177703,0.03350194975682408,-0.05365595902916305
CACGCGGAACTGTTGC-1,0.007917159855928751,666.0,A,1435.0,1089.0,0.05087782325157253,0.3939430230936175,-0.13403567283893075,0.0645481568799679,-0.07969036744008351,-0.0405979777487118
CACGGCGCGCCAAAGG-1,0.08873828060671664,5137.0,A,1497.0,485.0,-0.19084181430261776,-0.046565500776662376,0.16407944290900678,0.3777674269244174,0.06575382188636532,-0.07810595097494144
CACGTCAATCAATGGA-1,0.15321091087702943,2063.0,A,1669.0,1536.0,0.15335294824367277,0.02268104741184028,0.42334935915363675,-0.12154437260728188,0.1887857282184319,0.2532598795181167
CACGTCGGCAACCTCT-1,0.0781726481178354,12920.0,A,651.0,1250.0,-0.070409298598591,-0.02155278810851942,0.06307328630191794,-0.07828912380170935,0.24777225377670756,0.0673151203920758
CACGTCTATGATGTGG-1,-0.16232745615087157,1465.0,A,1393.0,306.0,-0.43409115007011173,-0.1477869236287637,-0.17580298597931104,-0.24159023688207948,-0.06551819452863072,0.15115617790289845
CACGTTCGTGCTCTAG-1,-0.09503020585126343,775.0,A,1216.0,978.0,-0.211051563683672,0.05204495406336376,-0.0128445469598341,-0.07858977825757804,-0.04701960776807418,-0.15842283623332165
CACGTTTCGTACACAC-1,0.05943294393438634,819.0,A,1346.0,1381.0,0.5682541635731987,-0.12117269629010233,0.1579821050121511,0.07579312107235348,-0.027672125766705684,-0.04390058146806643
CACTACGGGAGCTGCC-1,0.04298234384585497,1429.0,A,1553.0,1469.0,-0.17903459253499016,0.24541005548235298,-0.16833748026755382,0.005157970583999121,0.4122450803189691,-0.05427677531492132
CACTCAGCTCTTGAGG-1,0.02881962233566236,3640.0,A,1085.0,397.0,-0.009446085990056422,-0.018016512604807376,0.05223988473146007,0.11337623388824959,-0.1436631720915678,0.09488544313504257
CACTCCTCTCGGTCGG-1,-0.07079399606798703,3060.0,A,1291.0,486.0,-0.062433972605878525,0.0633668381992799,-0.49252104583667955,0.07630239988007217,-0.025550644945413967,-0.051333692298747916
CACTCGAGCTGAACAA-1,0.009856779437590042,6028.0,A,1127.0,1225.0,0.13094761131150107,0.0823861965815082,0.013578846914751082,-0.3133690124392209,-0.006698528053202476,0.017855505696774146
CACTCGGTTAGGAGGA-1,0.0077290526399269935,3878.0,A,341.0,938.0,0.25989750088099944,-0.10043005906863187,0.15241757964488872,-0.056959571098837015,-0.10108463637116945,-0.14997616154175958
CACTGTCCAAGTGAGA-1,-0.02079133522373619,1875.0,A,725.0,578.0,-0.041279218940915074,0.011924213531354921,0.11421656128718136,-0.21089133030931614,-0.01910150065011751,0.0735749106877862
CACTTCGCCACAGGCT-1,0.06674307496781086,3053.0,A,571.0,623.0,0.036633181677835795,0.08547669780071437,0.10509245120324104,0.2355059831112374,-0.09457781760573647,-0.015732157991166656
CAGAACTTAGCCCTCT-1,0.0809248696363176,2349.0,A,1269.0,1336.0,0.14506708582794292,0.1527920745800746,-0.011711182264689505,0.061761184918418414,0.03196969052523535,0.2792036347105329
CAGAATAACACACGGA-1,-0.02378254663999871,3210.0,A,1604.0,1379.0,-0.04321449196606179,0.2633744519361264,0.1270422175064116,-0.051410739863233385,0.03359511923498778,-0.5136742845288447
CAGAATATTCGTTATC-1,-0.028948524913025356,5099.0,A,1770.0,1267.0,-0.003978895713307423,-0.1947308757164641,-0.19473275440447002,-0.0082879600176669,-0.039608106086068684,0.24072234704057258
CAGAGTGATTTAACGT-1,-0.08390207257498447,3914.0,A,1059.0,353.0,-0.11113317745912155,0.022709272080918694,-0.24585873850951437,0.1662091440267191,-0.251088352433005,-0.038983667020786136
CAGATACTAACATAGT-1,0.12275782097541803,6387.0,A,765.0,734.0,-0.14368120271872173,0.06824112018053675,0.2977566811785944,0.1706371003810516,-0.08218825178800278,0.2500058221642698
CAGCAGTCCAGACTAT-1,-0.15121954911186075,1401.0,A,1462.0,1268.0,-0.20548209962127678,-0.2474138050207741,-0.09692501942637576,0.010877708676989187,-0.17502200541961688,-0.0538707447407143
CAGCCGGGCCCTCTAT-1,0.05817835393171204,1061.0,A,1265.0,396.0,0.21326647059118442,-0.006136550689327003,-0.01820245981430644,0.2072999939029826,0.08907171877502051,-0.10109115543997778
CAGCCTCGATAGCGGT-1,0.05736922512688916,12972.0,A,1759.0,1558.0,-0.2779705238191177,0.33116887924641075,-0.41852637593968206,0.13416540062842963,0.21714852067403403,0.1235704866877303
CAGCCTCTCCTCAAGA-1,-0.03237457820778057,1793.0,A,1394.0,485.0,-0.15453879208695237,0.08556541275204219,-0.04243548736921548,-0.006038428094206846,-0.08857276335694042,0.07725534284637456
CAGCTCGTGCTTGTGT-1,-0.07346922081828565,1728.0,A,712.0,466.0,-0.030812294118196484,-0.6574380342575274,0.1261870263295936,0.22981503960773852,-0.06568453924240548,0.04804409201390743
CAGCTGGCGTAACCGT-1,0.11333923474860043,10545.0,A,458.0,1228.0,-0.1328477665798521,0.006258376689293063,0.09896093027037267,-0.07040041931648736,0.3855817187567161,0.13901246068484485
CAGCTTAGTAGGTAGC-1,0.11715690265818204,12411.0,A,534.0,870.0,-0.023048641238467032,0.1831075613214323,0.09893316529636409,-0.01928906414386873,0.2820019896439885,-0.12945917477920454
CAGGAAGACTTTATAT-1,0.0472720578419274,1195.0,A,1265.0,441.0,-0.0259736113941084,-0.0003813765889447221,0.026463567156547692,0.24160419820298845,0.11970197587274434,0.16897104806559232
CAGGCCGTTTGGGTGT-1,-0.03089113605856484,1489.0,A,727.0,1026.0,-0.15949166822316344,-0.15875550394965987,0.18768144922453375,0.039839490531829336,-0.16235492756629705,0.08597329226392308
CAGGCGCCATGCTAGG-1,-0.04430632776401604,2682.0,A,1114.0,1247.0,-0.05650002544111169,0.05315362060845632,0.009710332183095348,-0.09554680270850929,-0.1772484296796927,-0.06031203915752917
CAGGTTTAGTACTACA-1,0.08922932232160313,17261.0,A,1779.0,439.0,0.018084264103255254,0.008684543448056345,0.15241743366924174,-0.06991559565544987,0.06251857978166382,0.02890833037548548
CAGTAATCCCTCCCAG-1,0.0466672787523359,3876.0,A,494.0,624.0,0.11629994825752123,-0.08937942994413048,-0.06640139484577343,0.15571174146843414,0.08522507796672338,0.13067652373568334
CAGTACCAGTTTACGT-1,0.06010471749158846,9829.0,A,407.0,1228.0,-0.267935099796048,0.23764143292491854,-0.17671329218237625,0.09904356741397302,0.12090517448041666,0.0795396507296994
CAGTCCAACGCCTTCT-1,-0.021620653772031664,7975.0,A,1715.0,327.0,-0.06237970153996556,0.047914354372307975,0.27847816442658163,-0.10724548450092274,-0.1200657809703567,-0.31108259689303197
CAGTGTCCGCAGAATG-1,-0.0047489478632946405,2749.0,A,648.0,489.0,-0.03796392524160878,0.22645363107115818,-0.044540687992174935,0.06057536302643631,0.2009608302942784,-0.2928419489919367
CAGTGTCGGCTGGCCC-1,-0.05562641834161243,798.0,A,1359.0,1313.0,-0.04938296671136595,0.05330670966137745,0.041193778855026585,-0.14330218955862564,0.013458264759491051,-0.0434693157493158
CATAACGGACAGTCGT-1,0.0506695081374965,828.0,A,1383.0,955.0,0.10099189733589893,0.14573229424654402,0.08987385855344478,-0.08137895186901828,0.05431919899157122,0.1672777158408643
CATAAGCTCTCCGTCT-1,0.07130706684403898,7623.0,A,355.0,1094.0,-0.07884898289094666,0.03773351449588927,0.23017762939868355,0.13989917726978815,0.09444758061919248,-0.016240568338233705
CATACAAAGCCGAACC-1,0.18960248967580823,28722.0,A,622.0,444.0,0.3226545075666274,0.47253034097335705,0.0182745761514385,-0.04806771920518205,0.009606394237884036,0.07021574011483805
CATACCCGTACCCAGT-1,-0.1309587246266916,2488.0,A,573.0,981.0,0.0029659819750619083,-0.05126497610272641,-0.5951995792355119,-0.08203643542611952,0.11346911211575177,-0.38489385622256345
CATACTTAGGCAATAC-1,0.14268944613180437,1532.0,A,1628.0,977.0,0.05848813195073855,0.7475000910053013,-0.03572607157906484,-0.17251534643168184,0.2550715744470719,0.12627311731972599
CATAGTACATTGAGAG-1,-0.022539797281518423,6395.0,A,1162.0,486.0,0.14127260947718595,-0.18180208101248804,0.017066014772083832,-0.17194826927760967,0.08545879494989475,-0.19324901056417465
CATAGTAGCATAGTAG-1,0.13394929475635864,2452.0,A,751.0,578.0,-0.06146546533176544,0.3364074383281657,0.14302274725604133,0.2090074426769611,0.11909580463633794,0.0653814619463648
CATAGTCCACAAGAAC-1,-0.014371828572643495,3790.0,A,574.0,1161.0,-0.0013036839138177783,-0.21866066378996893,-0.06122007388156813,-0.005577233115971209,-0.04616360638552063,0.17941474754750916
CATATGTCAGGCTACG-1,0.10166660282118922,3351.0,A,484.0,1228.0,-0.17972122963163545,0.6561529453391032,-0.036743881339698484,0.12366832439427139,-0.127181741439772,0.0897654089070551
CATATTATTTGCCCTA-1,-0.013313822007533137,1040.0,A,1187.0,352.0,0.009632015259475574,0.028732104469046962,-0.24032687691085086,-0.0017871798741704512,0.2894864898532813,-0.10506111408585778
CATCAAACTGGCGCCC-1,0.11139106617180417,7915.0,A,1677.0,484.0,-0.012843829776188379,0.1663514962195709,0.17653824250406078,0.07771544221393001,-0.05716501821812223,0.06934189148241991
CATCAACACCTACTAA-1,0.13505753257155376,15590.0,A,262.0,491.0,-0.058363098027245694,0.1268371123802916,-0.05941451543525605,0.03906671850949124,0.218928434976068,0.10047766551110962
CATCATCTACCCGGAC-1,0.013801311489173629,3622.0,A,1059.0,397.0,-0.11671596642089559,0.048316410409563026,0.02579913153823784,0.24802670249349354,-0.1800840248876398,0.002779721222038154
CATCATTACCCTGAGG-1,-0.04607107014653636,927.0,A,1385.0,1313.0,-0.04768113114455527,-0.16759230006729225,-0.015839780949859092,0.03478405950997297,0.04625332870752972,-0.046022076035533876
CATCCTCTCAAAGATC-1,0.05114063741263604,1081.0,A,1359.0,1358.0,0.1587023422607986,0.3937086480183854,-0.036078577445813345,-0.047325630524081744,-0.05507855755586615,0.019779244510524006
CATCGCCCGCGGCCAA-1,0.04611213573147322,2625.0,A,738.0,466.0,-0.035957864684727434,0.11193826570575852,0.06179497445631107,0.03483203032956318,0.08407961468277951,-0.001626942815239985
CATCTACCCGAGAACG-1,-0.03632285471019889,426.0,A,1611.0,283.0,-0.21907949046305902,0.4258063725714939,-0.11995862915635477,-0.05410615500402209,-0.05868878235828333,-0.03448270703442627
CATCTAGTGAAGGGAA-1,-0.05829718973816292,2389.0,A,1731.0,1155.0,-0.20393959092018576,0.12686013236644184,-0.0022876812656865073,0.04337498707591054,0.1828143317035836,-0.38687504368216347
CATCTTACACCACCTC-1,0.03078546182927322,769.0,A,1447.0,977.0,0.335551856515412,0.27979743154666914,0.16252555059012244,-0.09731021541671703,-0.08634797798360092,-0.042862874504028106
CATGACTTCGCTGAAT-1,-0.009865955140416403,865.0,A,1538.0,1044.0,-0.026522912259096865,0.10459396059433909,0.5584979599094104,-0.09790077906923425,0.04933145284601036,-0.384538596648633
CATGATGCACAATTCT-1,-0.009674662520837124,3784.0,A,1060.0,621.0,0.054724705446337306,0.07087554266088714,0.020400871523980853,-0.13719095751397611,-0.18160360441272239,-0.03944883196691009
CATGATGGAAGTTAGC-1,-0.0207022889812951,895.0,A,1500.0,1156.0,0.11697646522097632,-0.11802478658652872,-0.015239768664861701,-0.006824130698673374,0.015131783003755263,0.12340705279616997
CATGCCAACTCGCAAA-1,0.27443028930406826,11397.0,A,445.0,1116.0,0.31961579881586555,0.21050599452612717,0.03356761376874717,0.12748405078912536,-0.01721863519988317,0.8716437180211238
CATGCGTTAGACAGAA-1,0.1665121038013291,3468.0,A,982.0,487.0,0.33948880122048763,0.07169505208246003,-0.019317654022014102,0.342382671653991,0.038384501180090465,0.12009720439925392
CATGCTGGCTCCAATT-1,-0.005176056590886519,948.0,A,943.0,420.0,-0.07147116535560488,-0.07000166600924321,-0.016225564667797072,0.10825222351658664,-0.03606760204412119,0.1209417791762654
CATGGAAATGGGACCA-1,-0.02864958501412054,3043.0,A,1509.0,283.0,-0.1601889919219029,0.1682104357132279,-0.08125225836166484,-0.0163932752156399,-0.030415061853282833,-0.07089216050562398
CATGGATTGTCTTCCG-1,0.060194101084526205,1493.0,A,1475.0,1380.0,0.1205762318520226,0.2000901253828376,0.02729093381899996,0.058745745936975395,-0.028979527858058962,0.05622345389619394
CATGGCAGGAAGATCG-1,0.006221859325332113,2467.0,A,905.0,532.0,0.08481554558950237,-0.13462488464188474,0.03987167553700883,0.1657526517612275,0.06047488103359734,-0.12280399070901149
CATGGTAAGTAGCGTT-1,0.11813412033828627,1974.0,A,1114.0,1158.0,0.08687602317060655,0.16318534904276655,0.4629219411856932,0.043872488531532264,0.15618247572081864,-0.16573768554140433
CATGGTCTAGATACCG-1,-0.03521865206835452,6764.0,A,1022.0,733.0,-0.05239284256415523,-0.16464029347590414,0.0912280227914318,0.15618890960279158,-0.1257199676912021,-0.2874049674190141
CATGTAAGAGACATTT-1,0.0424168297286417,1615.0,A,1333.0,1358.0,0.3289178270988334,0.02550186944709256,-0.04382484261737285,0.20380594371377073,0.006782036942114565,0.03789073641308354
CATGTAGGAGCGCCAA-1,-0.039355249179393426,589.0,A,1599.0,484.0,-0.06116598524867649,-0.005420147129052352,-0.341123991044079,0.16135317604647714,0.24401278723794956,-0.10364719445690022
CATGTCTCATTTATGG-1,0.019905076777184852,1158.0,A,1269.0,1247.0,-0.05278726858453114,0.11823455659906437,-0.019781380090468984,0.26398443916646946,-0.10502821504401252,-0.15151222329377334
CATTACGTCGGCCCGT-1,-0.007429897862828237,1536.0,A,1008.0,577.0,-0.06128936173562189,-0.062447167661986915,-0.02513760424869816,-0.1026354919623282,0.20453004575377245,0.010930160225966557
CATTATGCTTGTTGTG-1,-0.06455549500158352,1956.0,A,842.0,734.0,-0.12988505743770265,-0.019040868488422583,-0.17024088486230735,-0.10614646920692812,0.035505708989147254,0.062056922506910375
CCAAACAGAACCCTCG-1,-0.12558334588096587,2598.0,A,790.0,645.0,-0.3812867305319659,0.059158203086759856,-0.14944388633714323,0.260208957571761,-0.25111949451456117,-0.3216547508209785
CCAAAGCAGTTGGTTG-1,0.20744065441583043,2041.0,A,300.0,378.0,-0.12378057721040044,0.2354390385985867,-0.0951407244432979,0.1268235987989254,0.7617990275654076,0.32303439176338544
CCAAATAACAAGATTC-1,-0.06674704611438205,5512.0,A,1629.0,1290.0,-0.007254550985761506,0.0042833109811571055,-0.1492986610406645,-0.1930607673421909,0.03990898965494937,-0.11505324086770534
CCAACGCTTGCCAGGG-1,0.03354202577642651,590.0,A,1457.0,373.0,-0.26753371431327855,0.05270978827300532,0.14473237604327832,0.21482132173577767,0.04191689472439976,0.12157027492912426
CCAACTTGATAGATCC-1,0.08321733997194618,2145.0,A,1757.0,1200.0,0.13542723092065748,0.04745088454287117,0.24034513821342068,0.254674208434195,-0.02977435194303958,-0.06321577523037115
CCAAGACTTCTGCGAA-1,0.011003895134578175,2286.0,A,970.0,599.0,-0.016538421490091146,0.06994586781517804,0.019806813722045555,0.004890046965904893,0.04381967331726626,-0.04179180751510149
CCAAGCGTAACTCGTA-1,-0.04783884867841068,6545.0,A,1087.0,890.0,0.0896344766299018,-0.1258123741157709,-0.017391425982953776,-0.10745436684423076,0.1928487159568299,-0.42664873050002516
CCAAGGAACAGAGAGG-1,0.09244117453732673,3662.0,A,789.0,466.0,-0.003874074048709708,-0.17538935050104415,0.596703015555716,-0.07695814377783586,0.11016427199646152,0.009650899649597016
CCAAGTTTCTACAGAT-1,-0.01748068261269337,4547.0,A,275.0,468.0,0.05805014220646234,-0.05248460272444219,-0.11417268894327776,-0.07481489239917749,-0.018423813253133314,-0.004019346192562756
CCAATCGGTAGATCGA-1,0.03321446383379262,2705.0,A,1252.0,464.0,0.13048004812200617,0.5292864869766217,0.0050080752447125895,-0.07330896124643237,-0.07138315982001435,-0.2462424809296062
CCAATTGAATGTTAAT-1,-0.016700782854517912,4506.0,A,764.0,600.0,-0.07411226113423605,0.0338446515554804,-0.011742585765532753,-0.023218252752737936,-0.08865107134837111,0.014864689256987269
CCACACTGAGATATTA-1,-0.059355142990421925,1518.0,A,805.0,1025.0,0.012325113793318718,-0.2869834410716272,-0.1304694835752514,0.010829785605409502,0.11909821625388405,-0.05553342151589433
CCACAGCTGAAATCAT-1,0.23868879284282243,13907.0,A,531.0,333.0,0.5075267843220564,0.3992742772136795,0.22336466370964242,0.25502720708964915,-0.05804569050389623,0.06765475627075121
CCACAGTACCCATCCT-1,0.07351616424334002,1007.0,A,1359.0,1224.0,-0.04261647395651931,0.4815646738423736,-0.17961296298748847,0.0017193121369170061,0.07108109841442156,0.1494362592133218
CCACATACTGCACCCA-1,-0.0462677101548286,3618.0,A,1693.0,1312.0,0.029579718363551163,-0.2944810000318275,-0.010935594556459855,-0.06484336847778069,0.011156504414823937,0.14233243485726949
CCACCCAAGGAAAGTG-1,-0.022739877308378228,1581.0,A,1139.0,979.0,-0.23520499070310036,0.08392095487474396,-0.08921173178075056,0.05554245484390519,0.12178010059865638,0.002286733853845778
CCACCTGTATGGAATA-1,0.1049226241383025,4048.0,A,1759.0,1513.0,0.23017652964650004,0.13074922165199565,-0.07083023721948263,-0.05123014140874879,0.22906506585754302,0.1716153838880961
CCACGAATTTAACCTC-1,-0.06167315545733296,1127.0,A,1576.0,1066.0,0.033342699564849615,-0.20032817907530798,0.12507601397558807,-0.05984929875490261,-0.059682763020672866,-0.1520861938983036
CCACGGAGCCATAAGA-1,-0.11910063710996724,2687.0,A,522.0,1206.0,0.1575786898406183,-0.09352092323069977,-0.01611861749839757,-0.011238760457226485,-0.8469935540488785,0.12822582338959776
CCACGGTGCCCGGTAG-1,0.007408494810056558,1076.0,A,1550.0,932.0,0.24295956491800352,-0.1051849157752171,-0.07953609953893337,-0.07136928997318402,0.07868051044175706,0.030144959237506753
CCACTGGTGGCTGGTT-1,-0.020166896052206264,3066.0,A,444.0,1027.0,-0.013284978590769709,-0.1363450542566158,0.0186303818971633,0.28229069002567814,-0.4185906018798573,0.22636978712979164
CCACTGTTTGGATTAA-1,0.11045122215938732,1772.0,A,1540.0,1447.0,0.17214879593481325,0.1587019059019034,0.8847399524658436,-0.022119085333617346,-0.0340030926121,-0.3818558736537149
CCAGAGACAAAGCCGG-1,-0.03661456831353589,16282.0,A,443.0,669.0,-0.17079317242432107,-0.23959244062711316,0.2212920452791085,-0.025529765175531266,-0.21657999929981842,-0.13271290439397498
CCAGATGTAAATGGGT-1,0.04360678053686955,13699.0,A,1754.0,573.0,-0.06819730357231057,-0.11818349338670972,0.16818002931535087,0.06456087148727346,-0.12719786281003648,0.01778026766242123
CCAGCTGATGGTACTT-1,0.05252380175759647,4941.0,A,444.0,982.0,0.08830016158015741,0.16816239075199998,-0.026688016980282822,0.0823238117620603,0.13701599850978358,-0.1676400926816327
CCAGCTTCCGCCCGCA-1,0.11337027125920131,6784.0,A,392.0,803.0,-0.08614608230839288,0.3053341930550336,-0.013571120758947727,0.27053892057671447,-0.04007381517756264,-0.008032922597418592
CCAGGCTGGCGTCTGA-1,0.03920186211846648,28716.0,A,1745.0,1401.0,0.01201906903556954,0.24560546391280869,-0.12806176992446902,-0.14274337808736923,-0.00029110983800306744,0.014779687718761633
CCAGGGACGTGGCCTC-1,0.023524680774679587,4005.0,A,855.0,756.0,-0.13650156907530894,-0.16211271296638727,0.11911295305010221,0.15148452059406864,0.11049889070213072,-0.029513056055292135
CCATAAACAACCCGAC-1,0.24568741912116934,4842.0,A,1149.0,464.0,0.10489425816911424,0.3029093625868422,0.3840315428193131,0.25459515811451877,0.23615860262635258,0.062123781211621196
CCATAGGTTGGCGTGG-1,0.026047701330954867,1155.0,A,970.0,554.0,-0.14228258629745189,0.12747969357036262,0.1564110797516222,-0.19981331389817641,0.06782713088003162,0.1810416429569696
CCATATGGAAACTATA-1,-0.02902594857850337,2715.0,A,1501.0,1335.0,0.1553999068991797,-0.06244953609441084,-0.16483335361668286,-0.07709653074608704,0.14444722517494127,-0.014965049658235917
CCATCCATACCAAGTC-1,0.07448450966458645,3829.0,A,660.0,466.0,0.0028294003980788053,-0.06233219603603328,0.04152021510889413,0.10322020373899363,0.4304728404356499,0.09741979123636674
CCATCTCACCAGTGAA-1,-0.06713631736087987,955.0,A,1435.0,1000.0,-0.08608585555142802,-0.03880607370383285,-0.235580010330612,0.18046869886876174,-0.09628329869659535,-0.04654772213678639
CCATGCCCTAGATTTC-1,0.03673955126444298,1197.0,A,1437.0,1403.0,0.11914250572277066,0.030160565615437382,-0.07704347653462847,0.20181169169989827,0.15525775766979782,-0.05930948954980522
CCATGCTCTGCAGGAA-1,-0.017968390400306178,15392.0,A,726.0,623.0,-0.04991678647541259,-0.23564245187092475,0.09459120647765494,0.09804216861627489,-0.0638000352085935,-0.20043084257153831
CCCAAACATGCTGCTC-1,-0.09516409494604622,1001.0,A,1306.0,911.0,-0.11467149290575748,0.04237006401489826,-0.30632074554733324,-0.08947036092004838,0.058903087705581884,0.02324357514970893
CCCAACATACGTCGCG-1,-0.004586365513471653,2250.0,A,625.0,1116.0,0.011364869723630036,0.17207871163644484,0.07547612575892934,0.20667306765372156,-0.29727426757872827,-0.1077185976015207
CCCAACCACACTAACA-1,-0.04368435019079972,6127.0,A,1020.0,330.0,-0.4037421157473787,-0.003139245328961912,-0.11424130354801514,-0.09094778739952553,0.05747410745436902,0.17718451947584013
CCCAATTTCACAACTT-1,-0.10757344565565354,2643.0,A,599.0,1026.0,-0.018181540924432728,-0.3139046957968614,-0.34563547155404833,0.02231112119424719,0.010492064555474283,0.016929651194458387
CCCAGGTCTGAAGGCT-1,0.09085482978760298,3437.0,A,1603.0,1335.0,0.18887847490250795,0.23002089288770333,0.1940866026074584,0.03654360678099071,0.0763374717204361,0.01191787091587387
CCCAGTAAACTTGGGA-1,-0.07090114867199766,9698.0,A,330.0,1318.0,-0.04430835576884504,-0.0872982361355041,0.047564979062179547,-0.05179850844978942,-0.38244916614231184,-0.17178447844122835
CCCAGTTAAGGCGCCG-1,-0.023121016447751497,568.0,A,1229.0,1090.0,-0.06814244621933647,-0.008002875061671813,0.04883878937547442,-0.0657077267150916,-0.027468602938307343,0.10614443532719613
CCCGAAGTTTCGCGAA-1,-0.049830613407280865,15663.0,A,316.0,1162.0,-0.22083500781092152,0.01755506233234609,-0.3362272432207324,0.060487470560967926,-0.10844040838816016,-0.053587822963652006
CCCGAGTTTCTCCGTA-1,0.06371224638968208,908.0,A,1564.0,1223.0,0.3853139051590297,-0.21667312561971594,-0.015485334555060917,-0.0058096937157403605,-0.09397870774300436,0.46235732718029443
CCCGATAGCCTCGCCT-1,-0.004117054414950055,1575.0,A,1808.0,976.0,0.08388826566166167,-0.2041672794781355,0.06881111132825213,-0.18095142887528298,0.023316630923199067,0.18771866794519096
CCCGCAGGGCCCAAAG-1,0.07895286819158401,1553.0,A,1187.0,397.0,-0.10586679560046403,0.004361354925286415,0.5382900388336707,-0.17281477512818086,0.17927072748664385,0.012873170401935898
CCCGCCATGCTCCCGT-1,-0.13653672672495157,1462.0,A,700.0,578.0,0.13252863594753825,-0.06366122532267031,-0.28307771392619113,0.14770686158615748,-0.7854783863642778,0.08858096778280257
CCCGCGCAATGCACCC-1,0.01644328238762474,4230.0,A,468.0,579.0,0.10177026716983255,-0.05312075456342176,-0.1437423503381167,0.23655945643438184,-0.05967340684508794,-0.076663742207818
CCCGGTGTATCGGAAT-1,-0.025139625059622816,6615.0,A,394.0,1340.0,0.008069240157571864,-0.0018680829268845275,-0.002241393551338417,-0.15488093984108728,-0.1788064839748781,0.03283172446579713
CCCGTAAGTCTAGGCC-1,0.06001997091519852,1780.0,A,535.0,1049.0,0.24917999644741542,-0.018118851548543383,-0.12655222527721555,0.20313573316219347,0.24141875862385534,-0.058967345690243395
CCCGTCAGCGTCTGAC-1,-0.055854905908187764,6420.0,A,829.0,667.0,-0.053897480306027465,-1.1729717242642268e-07,0.03269444544873741,-0.33159240392440226,-0.1164053737620436,-0.05044277560393333
CCCGTTTCGCAGATGT-1,0.006915935767350622,1260.0,A,1539.0,1313.0,-0.01850053024932872,0.06688164362004256,0.6757149140573707,0.062304013416222194,-0.4191986559836406,-0.017099737059578426
CCCTCATTCTGGAATT-1,0.08655004606941588,2260.0,A,738.0,511.0,0.027465135810988514,0.04711208954854993,-0.19611244105428965,0.3343736758120276,-0.03516620484100006,0.20127323199851066
CCCTCCTCGCTCGTAT-1,0.03465561505246573,1250.0,A,1539.0,1268.0,0.0403683214285473,0.023190624289569833,0.1600232461461948,0.21452226624395943,0.05845269345902973,-0.197279060727444
CCCTGCCCAATCCGCT-1,0.09592417168715016,6716.0,A,419.0,1072.0,0.2979067440601183,0.1929918836452259,0.08288019243098171,-0.08469582040898604,-0.11451565076437285,0.1861291358476205
CCCTGCGCTACGCATA-1,-0.01594864569082758,4470.0,A,483.0,915.0,-0.14649595060081474,0.04403484020843158,-0.1593428701929234,0.21445880408464316,-0.05133879261797614,-0.14285462614862576
CCCTGGTATGGGCGGC-1,-0.05963740930774117,3114.0,A,1097.0,285.0,-0.4012921075136102,0.023433241533010234,0.18926978213640344,-0.24340771689365084,0.12750296693813243,-0.06997593298234997
CCGAAAGTGGTGAGCA-1,-0.0052132423279925635,1130.0,A,519.0,534.0,-0.19241051334350925,-0.14606785571576797,0.24046951432569275,0.10088667145484959,-0.031199725923777455,0.0459186657005507
CCGAACACTGGGCCTC-1,-0.021693038856374386,5133.0,A,406.0,1139.0,0.08714367011484161,-0.018170689347621623,-0.09316330546134809,-0.06508556947175934,-0.139640405077445,0.013907354562090492
CCGAACCTTCCCGGCC-1,0.11706803473975061,5400.0,A,1089.0,1248.0,0.1491205358217423,-0.01816864548885494,0.10712262556628294,0.25434382894153074,0.10199545076594145,0.011548432686289457
CCGAAGTATATTGTTC-1,-0.010928435809787647,5951.0,A,456.0,646.0,0.04332468840538301,-0.009065567444497366,0.12951590529694768,-0.2581294031330673,-0.08457385431407496,-0.029141994136520553
CCGACAAACACATGAG-1,-0.02767569223212061,4064.0,A,352.0,513.0,0.05852626056858952,-0.19648041976564115,-0.17092609946586373,0.18831161071327118,-0.2702909039892396,0.10335796706216313
CCGACAAAGGGAGTGC-1,0.02499810721737876,12337.0,A,444.0,893.0,-0.10815222776110499,0.10896515324034692,-0.12351176667614773,-0.05786811916052234,0.06442946822281159,-0.09564759021992884
CCGACAATAGGCCGCC-1,0.0671944265360634,2956.0,A,1604.0,1424.0,0.219604898328943,0.32716472462036955,-0.13817538431883689,0.025538589305680048,-0.03801601352082867,0.12226059565770128
CCGACGTAAACACAAC-1,-0.014757708885755769,753.0,A,1419.0,440.0,0.22604504414152554,-0.1299226055632462,-0.012377682273881318,-0.055493879683315456,-0.08537763139091442,0.06263709677695248
CCGAGAAGTCGCATAA-1,-0.05234553123521549,1228.0,A,1616.0,1178.0,-0.01594708912261178,-0.1392929819836291,-0.020861847459896155,-0.017829825192459327,-0.107673368577153,0.03345566298183271
CCGAGCTGTGCTTGTC-1,0.013998723859190682,1517.0,A,1613.0,551.0,0.009711460801479645,-0.07622861342560452,0.13834273149922482,-0.257824454402886,0.06021709266504707,0.21202076469988576
CCGATATGACGTAAGG-1,0.09316256547130383,19055.0,A,1809.0,1379.0,-0.17672966204940968,-0.01005166104897219,0.06668111197218991,0.06618666478916196,0.17856010023142127,0.20128993955734129
CCGATCTCAACCTTAT-1,-0.019952729877563677,939.0,A,1473.0,977.0,-0.013229112639249668,0.3416457186493698,-0.01606098316857999,0.03979514231512991,-0.2828199806130142,-0.11595484195802455
CCGATTCGAGGGACCC-1,0.05535198392073215,2681.0,A,431.0,1005.0,0.0895970877013971,-0.18161344660566495,0.1609396684707969,0.1315350369040541,0.17229869668967143,-0.02652072757349961
CCGCACAAAGACCAAC-1,-0.030760442006969146,1489.0,A,1152.0,956.0,-0.07962786436092478,0.017948649695774723,-0.22258881148572993,-0.05809990792339789,0.06618141221095834,0.11108724384281794
CCGCACACGAACGTGT-1,-0.13742253210591354,1171.0,A,1757.0,1155.0,0.08717845103984183,-0.26023193397126654,-0.5944170420282587,-0.09626136071389307,0.005693823480085607,0.2115374122756506
CCGCCGGAACTTCTCG-1,-0.02732873206220085,12521.0,A,330.0,1363.0,-0.035579610772989934,0.13409320624502838,0.001549498161301878,-0.1822494265601176,-0.1239461031504207,-0.3154187414637234
CCGCCGGTCAACACAC-1,-0.10437683445727156,1582.0,A,879.0,443.0,0.004488278008575104,-0.15230860903958332,-0.07944569124924074,-0.05028686085248705,-0.11556742629186936,-0.1399335772048267
CCGCCGTTGAGGATAA-1,0.08608706875454261,3845.0,A,1706.0,1155.0,0.08149302187903602,0.047390208444424625,-0.0822440026387321,0.28414020514367233,0.15527763459576815,0.10969159522332209
CCGCCTGCGAATTGGT-1,-0.035361701262198474,1270.0,A,1419.0,485.0,-0.19662999630578876,0.2882634278499132,0.045847298341446685,-0.029522366635332392,-0.10402106911642095,-0.17468310377440832
CCGCGGGTACGAAGAA-1,0.08173932960121563,10816.0,A,508.0,870.0,-0.028492370561732316,0.09989678613577771,0.024140293550495497,-0.1354555902896637,0.2176832843430193,0.0714341931141545
CCGCTGGTGCCATTCA-1,0.02466138173680517,1235.0,A,1123.0,285.0,-0.0712827592465797,0.12189429311970751,-0.02096738918150053,0.00040523751692014137,0.0432000486476904,0.09965059215769632
CCGCTTACCTCACTCT-1,0.0405268501158324,5307.0,A,625.0,1205.0,0.19953913078685195,0.12655751826291473,-0.08942247123164057,0.15406432207078344,-0.15990620934099703,-0.049850530478939725
CCGGAAGTTATCAGTC-1,0.035946663699353995,3407.0,A,1809.0,1244.0,0.07693651396006236,0.2548366168107796,-0.1833309904024089,0.050837947870522315,0.013863534349492395,0.0347625649598614
CCGGAATGGTTTCAGT-1,-0.01930889324597275,4223.0,A,584.0,690.0,0.25983107324605365,-0.26241159648817625,0.1772820794265588,-0.16055882821374007,-0.16770052211270675,0.09242943137255293
CCGGAGGTCTTATGGT-1,0.08348953945300215,3732.0,A,1690.0,551.0,-0.10209716871094235,0.08605118262534549,0.27053350260573134,0.0066369537205094205,0.1610970124803736,0.06256862726022998
CCGGCACGACCGTTTC-1,0.17356701007727338,1903.0,A,1602.0,932.0,0.20178577472619139,0.5394621491067982,-0.06540620782870075,0.1694967432594131,0.07690408183357555,0.05685751212920828
CCGGCGCATATTGGAT-1,-0.03234286646905457,3675.0,A,892.0,465.0,-0.22503883610099734,-0.10030654325444989,0.08886691839455713,0.02282922142902241,-0.021995968892131686,-0.02487424059017758
CCGGCGTGAGACTCTG-1,0.09112986108920076,26966.0,A,317.0,1206.0,0.10148101920701691,0.07151066976898193,0.0642955871353217,-0.17624947999014562,-0.15481103246904554,0.15818588474882048
CCGGGACCCGCAGAGA-1,0.0032442248041047173,1680.0,A,841.0,510.0,-0.18111298516248125,-0.00750782130645232,0.26840897851862033,0.09518525657256138,-0.08671363148976863,-0.07715172811557537
CCGGGCGGTCTCGTCA-1,0.125769715097447,5172.0,A,1151.0,867.0,-0.1766199322943965,0.31502100273754685,0.15485483453564752,0.2589262116118082,-0.017100495273028107,0.01552256342208834
CCGGGCTGCTCCATAC-1,0.053341247032209604,830.0,A,1280.0,956.0,0.19084254077985824,0.10100539431757918,-0.013972541106525686,-0.027593886819358204,0.07953291731770037,0.055053184709210355
CCGGGTTCGAGGTTAC-1,0.03729632673114971,1948.0,A,586.0,1004.0,-0.046494660729352266,0.1381291776146599,0.00532998148110923,-0.01992095471047578,-0.021007684726233974,0.20373318429234466
CCGGTAATGGCTAGTC-1,0.09736877621405254,896.0,A,1640.0,999.0,0.2712697070442335,0.034710274002214256,-0.015258747934964408,0.39656924014819084,0.04919189463437098,-0.10567953467333592
CCGTAAGTTGGTCCCA-1,-0.040827109777998714,2492.0,A,1164.0,889.0,0.12358774179584783,0.07272583389055032,0.2324819331656554,-0.3242420437811292,-0.0904969608951617,-0.22022791975848305
CCGTACCCAAGCGCCA-1,0.09555327562384013,10980.0,A,609.0,422.0,0.3463377079306926,0.16254837318926846,0.06704340307534534,0.14080937536898502,-0.12681785518220878,-0.06610914352472716
CCGTAGGAAATCCCTG-1,-0.11035041217829711,2431.0,A,1411.0,1492.0,0.30702617250017356,-0.0987557949467535,-0.034682639493972475,-0.5039517544759959,-0.12901354287558928,-0.11609661252413819
CCGTAGGGTTGTTTAC-1,0.11264287644800472,3469.0,A,1514.0,1492.0,-0.3167985545134775,0.9610890725413743,-0.00845007087752966,-0.10600990954587712,0.19756369404198,-0.11399736710009004
CCGTGAGGCATTCATG-1,0.022246794156300417,1156.0,A,1717.0,954.0,-0.3175042526221044,0.07846930996357458,0.27766200252001816,0.06664834543515029,0.06537331858835635,0.0006912599328982028
CCGTGCCCATGACGGC-1,-0.044880193463044504,2759.0,A,789.0,421.0,0.23092927987359066,-0.5951857189889271,0.01254768056266984,-0.0017481148626106455,0.07039813341096493,0.02342413229466856
CCGTGTTAAATTCCAT-1,-0.02326413384027486,4133.0,A,638.0,1227.0,0.17139426929977047,0.1754583540461888,-0.09541235163917688,-0.07256925672099158,0.019363895691062154,-0.287893004790663
CCGTTCCGAATCTCGG-1,0.06899685479518758,3146.0,A,457.0,1049.0,0.28157803804989096,0.1402656974600165,-0.2016494945243983,0.051782609083879924,0.057016433722716475,0.09884664492471856
CCTAAAGGCTGACGCT-1,-0.018324444194050188,1946.0,A,1226.0,464.0,-0.04096209645702202,-0.03233819542041022,-0.18696319666046124,0.15096345865824212,0.08180859888841494,0.06771552926169701
CCTAAATTGTATCCTA-1,0.019966441262040474,7119.0,A,1642.0,1312.0,0.14310290360318068,0.12876108180411497,-0.08451393083569197,-0.24119552421661958,0.0676063990212382,0.11822524734100379
CCTAACCCAAACAAGT-1,-0.10782116138045147,1058.0,A,1320.0,1247.0,-0.4260223008555729,-0.0775101740704089,0.18986893509061983,-0.03386224046087852,-0.24619820559506317,0.029134175039721398
CCTACAAGTCCGGAAT-1,0.013894989140548375,516.0,A,1522.0,350.0,0.07316180150050483,0.054513187082671916,-0.006629592101651781,0.08843995532194557,-0.06775480260168337,0.06502979994390812
CCTACGGCTCAGTCGA-1,-0.04964956154622467,1920.0,A,584.0,511.0,-0.2196852861275718,0.005946701351637168,-0.03156076321949179,0.12753262719944883,-0.19762893787843577,0.1099716539286242
CCTACTGCTTACACTT-1,-0.009322412334890999,4164.0,A,803.0,757.0,0.038665853963140165,-0.09230770903996677,-0.14400415452289933,0.10880589710503283,0.012553308815234376,-0.11303973986520899
CCTAGGCGTAGCGATC-1,-0.002271518206132958,783.0,A,1306.0,956.0,0.07703090889906254,-0.13359677943055856,-0.09871261389898182,0.08522114205250536,0.11075444176784315,0.034125898407358565
CCTAGGTAAAGGTAGC-1,0.014758337774186503,19699.0,A,317.0,1296.0,-0.22346194099195743,-0.13725464337911447,0.12430117568127731,-0.19645739110323968,0.060668041855375776,0.08508619357612923
CCTAGTTAGTCGCATG-1,-0.08522666227552247,5366.0,A,1098.0,420.0,-0.30536960020003145,-0.12655726116068805,-0.04565360505499061,-0.11926407206663703,-0.17688624875875789,-0.08651375275995575
CCTATAATGAGTGCCC-1,0.04165621680360803,2140.0,A,1218.0,1381.0,0.19726586867504622,-0.0887460462660575,-0.026620689554828526,0.15639145640268354,0.2486385351696394,-0.04665460194832935
CCTATGAAGTGGTGCC-1,-0.10392952776133671,1436.0,A,1602.0,977.0,-0.14163501023080838,-0.13032279915837067,0.06752883092894209,-0.1993525912717153,-0.04667748828799613,-0.1244891000015671
CCTCACCAATCTTGAC-1,-0.024859985344020424,2677.0,A,622.0,534.0,-0.16122423208257142,-0.13019055203827748,-0.024844511693054218,0.21110036256168893,0.05730355182200291,-0.012205427476580146
CCTCACGTCAGCTAAT-1,0.03426313321520741,13541.0,A,1746.0,1491.0,0.07179457706382014,-0.03771260775311423,0.03195482832791439,-0.3771258026475199,0.07092466006806343,0.1386658427497395
CCTCATGCAGCTACGA-1,0.13242906861837786,6155.0,A,557.0,377.0,0.2734277427433254,0.2084262440061627,0.0291469639456019,0.23324872128395086,0.20059988432065567,-0.08585345700671575
CCTCCCGACAATCCCT-1,0.022587162760948333,2067.0,A,981.0,353.0,0.009997187959366733,0.07854107193502469,-0.06902130631088953,0.1484841599515468,0.10131988406908399,-0.02843248728095306
CCTCGAAGTGGACGGG-1,0.14404574814325424,4378.0,A,1085.0,487.0,0.08388058301629289,0.07788147223534678,0.2702080990846952,0.15541028416466005,0.15593301997039632,0.06676575494257835
CCTCGGACCGGGATAG-1,-0.1395721853811028,710.0,A,1268.0,1068.0,-0.05649523368932674,-0.020055591021840166,-0.011437131063998986,-0.021913254373394947,-0.3794850206537263,-0.10703473465791855
CCTCTATCGATTAGCA-1,-0.12747779073868595,7144.0,A,510.0,1317.0,-0.35175951601037125,-0.06699138756162722,-0.0396211084229835,0.0788085197053333,-0.16912158760033333,-0.41628698876156084
CCTCTGGCCTAGACGG-1,0.0004412538400341559,5010.0,A,1136.0,486.0,0.26757523517140025,-0.1728086382841016,0.11031827457376295,-0.14537758078171212,-0.1679856509327053,-0.0500426955437666
CCTGAACGATATATTC-1,0.08599463201317159,1011.0,A,1267.0,978.0,0.09061837541081849,-0.051384385361399616,0.22604440974616039,0.11941380957126216,0.05985263416224458,0.10815105983928064
CCTGCTATTTGAGAAG-1,-0.06616396974255034,1942.0,A,816.0,734.0,0.02315592430459425,0.01643071944637236,0.2686983272487208,-0.5227127742279835,0.04538305742230622,-0.1724145017679525
CCTGGAAACGTTCTGC-1,0.022745972914923883,780.0,A,1628.0,1021.0,0.2600588493593524,0.019337599519286097,-0.012949362308911718,-0.07886021116770654,-0.027895510609801756,0.06077123595914599
CCTGTAAGACATGATA-1,-0.03675427298533759,3272.0,A,701.0,981.0,0.1014676541412244,-0.27157468768243975,0.12105411765150989,0.01521395469701741,-0.09498783787377868,-0.067460159525103
CCTGTACTCACGCCCA-1,0.10842203332934372,3182.0,A,483.0,1049.0,0.512100008572082,-0.053641775251696,0.10997587489978787,0.01577075463404358,0.11968993286136739,0.027885194758695955
CCTGTCCCTCACGTTA-1,-0.04571882818514613,1552.0,A,1640.0,954.0,-0.09234268501962334,-0.31508224401487506,0.1621104100878912,-0.10386595204040938,0.022638476062555216,0.06980273761862667
CCTGTTTGAAGACACG-1,-0.09852117598791671,1043.0,A,1385.0,1448.0,0.15313991901918506,-0.20218967497336274,0.03148478388229558,-0.14874421868860926,-0.4279316143788294,0.18411090187542745
CCTTCTCAGCGTTCCT-1,0.09533400173361507,6494.0,A,368.0,1117.0,0.35659593748864393,-0.09774696360770885,0.16194349996692906,0.287325775346083,0.03645712758417678,-0.08953802875948662
CCTTCTTGATCCAGTG-1,-0.06331172148516742,9009.0,A,1111.0,576.0,-0.18934045841604064,-0.10032780091162322,-0.17021949474743825,0.16403660716218316,-0.25613643177320383,-0.02864256942929338
CCTTGACCACTTTATT-1,-0.0021379995558682696,1572.0,A,1578.0,1380.0,0.03744549004423926,-0.08755770857107556,-0.1072224443677504,0.13706869075311445,0.24438347846383154,-0.14563071915974632
CGAAACATAGATGGCA-1,-0.11547799893438997,1908.0,A,1162.0,397.0,-0.1285013752262419,0.04733000388190341,-0.13048112203906861,-0.2624499037306589,-0.028952985659794768,-0.11030273293586279
CGAAACGCAATTCATG-1,0.026976339090255663,1887.0,A,599.0,1071.0,0.1307755370593399,0.15211299840625092,-0.1718897546734719,-0.20484469455118645,0.22993492452643507,0.000538791393197709
CGAACAGTATGGGCGT-1,-0.024653507064005542,982.0,A,1410.0,1268.0,0.014351957459537448,0.03492539183920994,-0.03146871160832246,0.0068261389197892194,0.04216525030759318,-0.04704581874706721
CGAACGCCCAGTGCCG-1,-0.07795561507240042,3019.0,A,1072.0,464.0,-0.1634148171534762,-0.11865119922291784,-0.028029689316602813,-0.16766895705037155,0.0001388717172107843,-0.008280577181941022
CGAACGGCCGGACAAC-1,0.05808007421742023,19962.0,A,368.0,1206.0,-0.20308817818802408,0.054801962652726424,0.1528319714262379,0.048836830550195096,0.1068328031278932,-0.14416013164723712
CGAAGCTATAAATTCA-1,0.03404560084793745,14714.0,A,1523.0,574.0,-0.20993257884585276,0.1611988698746592,-0.06593077790491234,0.2911854147813367,-0.17237508509589,-0.0813685143791858
CGACAATTTGATCTAA-1,-0.021977171400949277,1108.0,A,1397.0,1112.0,0.09501844884079551,-0.052049685137999825,0.1510854851366353,0.054536028043672,-0.08876430677593043,-0.11543627069012537
CGACACCGCTTAAGGA-1,0.032242653734748744,7389.0,A,1689.0,372.0,-0.30812449034851175,0.12865896658102943,0.0992513028548989,0.09373212090262076,-0.09415612701387484,0.02073817367240761
CGACACGCTCCGACAG-1,0.1267464471705409,804.0,A,1384.0,1179.0,-0.0835350190993761,-0.05359179125133087,-0.013446047678120993,0.38130413280267983,0.024136038413936044,0.5600120489278192
CGACAGTTCGCGTTAT-1,-0.019879073560221866,9653.0,A,714.0,958.0,-0.03622020533886674,-0.1729643467293357,0.17738097787677973,0.06459723776077676,0.10100380691937408,-0.398023018396058
CGACATGCGATCTTCT-1,-0.1354750268287149,3458.0,A,994.0,330.0,-0.35950125634031815,0.036729606357096725,-0.010770148204536555,-0.05784037003178239,-0.07793637317701507,-0.3208227134726559
CGACCCTTAACGCCGG-1,0.04938759809821369,24371.0,A,330.0,1229.0,-0.2523612305564199,0.1373007840696984,0.03389316932009924,0.059686480150645566,-0.07953665314432842,-0.04568476392517232
CGACGCATCCGTACCT-1,0.0009657843721295606,13347.0,A,304.0,1274.0,-0.2311045088887518,-0.042205325161300364,-0.14579359740754227,0.002001013452089348,0.019399898342392516,-0.07029985444566493
CGACTTTGTATAGCCT-1,0.21565914602644165,9432.0,A,1576.0,887.0,0.023826185249673004,0.04169530962213534,0.11585899505556047,0.007617842094210521,0.05453545625089547,0.7523897930495123
CGAGAGGGTAGCCGCG-1,0.0477548117109472,1144.0,A,1514.0,1402.0,-0.007697027147827648,-0.06239989568385519,0.2957226503839224,-0.10346806373092202,0.17845565681803077,0.017210300501869415
CGAGATTTCGCTCGGG-1,0.08854090021755079,570.0,A,1667.0,1088.0,0.03004831053740685,0.6726759018481616,-0.008074891297291057,-0.06585140861340477,0.03739927032483528,-0.038309386177629405
CGAGCACTTCAAGTTT-1,-0.1835567637360673,3607.0,A,494.0,669.0,-0.17080470195804437,-0.306108796162766,0.22406054078158186,-0.11975356201096343,-0.3491373956777522,-0.4434091397429453
CGAGCTGGGCTTTAGG-1,-0.035025813899760616,1924.0,A,1034.0,532.0,-0.00022645506602916518,0.03272977159521619,-0.04492070546867216,-0.1360161755646661,-0.08904226829223826,0.06994883683426677
CGAGGATCGGGAACGA-1,0.042154768294613024,36024.0,A,1691.0,775.0,-0.20641736809553024,0.08869032945338565,0.07149448403647372,-0.04860387142521613,-0.12274507975653688,-0.000304199202459457
CGAGGGACTGCGGTCG-1,0.08157326375320746,966.0,A,1177.0,1001.0,0.6075564013859839,0.2755285502020694,0.052605480798306445,0.19809234538096618,-0.1515629671242763,-0.0010821774380870945
CGAGTACTAAAGAGGA-1,0.09911195562635308,2414.0,A,625.0,1160.0,-0.0525389509147569,0.1618802288423073,0.6464298228426896,0.10518518954754556,-0.033722086869125534,-0.2430621203879057
CGAGTTTATCGGACTG-1,0.019057055005678253,810.0,A,1370.0,978.0,0.05522434314858003,-0.01138677056522465,-0.013568594500792487,-0.0804504041332197,0.15781706888045502,0.08370334204188665
CGATAATACTCAGGTT-1,-0.11870660026013938,1106.0,A,1680.0,1111.0,-0.15175920600512477,0.025417536112538337,0.02932706309343938,0.08237000809612838,-0.03998722047533022,-0.3897518205462425
CGATACCTCGCGGACA-1,0.006762330103231809,975.0,A,792.0,1048.0,0.025086068654280577,-0.09954093370758926,0.18295329106421437,0.17563438980341453,-0.056595198087689966,0.048831767385701996
CGATCATTAGAGGCAC-1,0.08289204913492401,6735.0,A,1741.0,416.0,-0.10675961420817165,0.1739246522517453,0.15950048561794092,-0.14240622585825832,0.11858250153438346,0.040653782874174135
CGATCTGTTGGAGGAC-1,-0.04230564726669979,3691.0,A,484.0,1183.0,0.13379528935624907,-0.005500447356976024,-0.09344840023158245,-0.08727077641602139,0.05890672727645417,-0.2393394802758812
CGCAATTACTTTCGGT-1,-0.07469943256732249,9038.0,A,597.0,668.0,-0.06664346113217497,-0.1460938324596664,0.18952175389271572,-0.09854153395140307,-0.051207473795599576,-0.35899327810049925
CGCAATTAGGGTAATA-1,0.029639437430694325,4547.0,A,739.0,779.0,0.09745993445139359,-0.1099800876840093,-0.04251942221850549,-0.0953808021522046,0.008542655426799179,0.3451595782083933
CGCACATGTCCACTAC-1,-0.048361195201904586,776.0,A,1293.0,1023.0,0.16478419713869868,0.1480065934289293,-0.08386785199701811,-0.027251989588202463,-0.08676584559107238,-0.2045057584511724
CGCACGTGCGCTATCA-1,-0.1115500823673327,820.0,A,1448.0,1022.0,-0.17468960895722244,-0.07417698376431062,-0.09604485627309264,-0.08096855785331634,-0.031239783770320946,-0.10184609795405777
CGCAGAAACATTTGCG-1,-0.007094143459261265,977.0,A,917.0,331.0,-0.018303558877495324,0.16608523535355185,0.202026632115764,-0.2016327606586759,0.0715258630005112,-0.12091534813824403
CGCAGGCGATCCAAAC-1,0.04050058112227442,1427.0,A,1488.0,1313.0,0.3979861630098238,0.49696842914623585,-0.2924341759544295,0.00248405427059464,-0.018745737340551304,-0.3335307595045116
CGCATCATGGCTTCAG-1,-0.12366516796911722,968.0,A,1264.0,352.0,0.0315316579709347,-0.1646101091281962,-0.09400245370234277,-0.31628487963270685,-0.09689968593688245,-0.0051917140602076965
CGCATTAGCTAATAGG-1,0.0024779139670079234,3516.0,A,906.0,756.0,0.0858904891293117,0.060298815780720494,-0.08590332218690885,-0.03112440110981113,-0.12597415531159042,0.0965436210278732
CGCCAAGAAGCCGAGT-1,0.1757754694551324,3660.0,A,393.0,1027.0,0.15620028141576028,-0.08650932744474787,0.07898131418125054,0.23876054640811226,0.46377228500455653,0.09344795651877913
CGCCACAGGTCGCGAT-1,-0.11756738903740627,20737.0,A,291.0,1251.0,-0.9036040246677755,-0.13249636014014537,0.1486438999847927,-0.04850727518994419,-0.10612431577524481,-0.03530799103224916
CGCCGCCCATGCCTGT-1,-0.07284020247771683,657.0,A,1242.0,1023.0,0.013474887527968007,0.0035504996621056883,-0.20400798468705278,0.04256282632250636,0.024602200702960958,-0.190018781801643
CGCCGTCTACCCATCG-1,0.21421740571294814,766.0,A,1743.0,998.0,0.2133996951304776,0.4388245421544904,0.24751333947828474,0.26928477880342405,0.16498863017065335,0.13572577522894377
CGCCGTTCAGCATAGT-1,0.06642193240153,945.0,A,1514.0,1447.0,-0.207992361386715,0.10095377203062336,0.25124060694494965,0.07435511292168413,0.3152706470709853,0.01309181555172137
CGCCTCCCTCCTCTAT-1,-0.07631574512449882,1509.0,A,1114.0,1113.0,0.046158913859928034,-0.10677746423596784,-0.5556637008443464,0.3326747033733528,-0.05993799314804454,-0.17225014568775088
CGCCTGGCCTACGTAA-1,0.041076671606227154,2096.0,A,522.0,1071.0,-0.006530760388941577,0.2138807368128849,0.39360156952380626,-0.12227012574327337,0.03081842858955349,-0.11556110183487144
CGCCTTTAGCATGCTC-1,0.14631069614974174,7231.0,A,1680.0,1155.0,0.37285271578779783,-0.07619175542737117,-0.07695287260727912,0.06972470048142301,0.3126424334883944,0.24507406669839624
CGCGAGAGGGACTTGT-1,0.061701149565528156,4612.0,A,1561.0,507.0,0.043179390320187055,0.04018433096370386,0.3483469472505589,0.11630924902964981,-0.07423943531568114,-0.23575122916197763
CGCGAGTCTGCCGGGT-1,0.1495992223434533,4186.0,A,433.0,1318.0,-0.061483834948237504,0.16813935680974293,0.060222745121991286,0.2206711560632718,0.38935236963352904,-0.010651188926622231
CGCGGCTCAACTTGAA-1,0.0011396034682328304,801.0,A,1422.0,1112.0,0.12349033045595248,0.05485060862625636,0.04105938935026732,0.10928857492462546,-0.08822650953145278,0.059360566139044495
CGCGGTAAGTCTAGCT-1,-0.025136906294811634,26378.0,A,1691.0,820.0,-0.14235940906071107,-0.22124979319982777,0.016129450940093895,0.0625893375677108,-0.16356176705388098,-0.1378809477859328
CGCGGTACGGTATACA-1,0.009356616715178102,3534.0,A,1694.0,1536.0,-0.01468372924881189,-0.004188279469238512,-0.10508813363119117,0.11784499712145122,-0.05215478601532899,0.0015460429681220817
CGCGGTCACAAACCAA-1,0.073845738064366,8894.0,A,1535.0,552.0,-0.3025784353637184,0.08164844038901277,0.14275046650511883,0.03427466423709555,0.25381062173928925,-0.030755300845209093
CGCGTTCATGAAATAC-1,0.018355152295385035,3596.0,A,829.0,756.0,-0.1924685321286337,0.05094543474777331,0.17142683075067774,0.1290253518898801,-0.011077320422470595,-0.06438527031510104
CGCTACGGGACATTTA-1,0.01718528132767584,3260.0,A,792.0,1003.0,-0.1221372425247696,-0.19282538898406307,0.47418789355503793,0.1110308748007724,0.03840166467011964,-0.0007174318959419163
CGCTAGAGACCGCTGC-1,0.19822442504351512,821.0,A,1473.0,1022.0,0.06939857070725354,0.7398527412193607,-0.013791620587835455,0.07922327461995159,0.20393715076851132,0.14414619881755417
CGCTATACCGCCCACT-1,0.010888363289358223,4486.0,A,635.0,466.0,0.29978010419006756,0.09163833733365737,-0.22065011873657567,-0.0414909895674484,-0.016197455968658365,0.03356401417564967
CGCTATTCAATGTATG-1,-0.0699386680308158,2471.0,A,571.0,579.0,0.2398868127882398,-0.13280077463357662,-0.1797487240368112,-0.08770992747176572,-0.3016714506127928,0.09993688917544157
CGCTCGACATAATGAT-1,-0.12430010731449789,3171.0,A,751.0,623.0,-0.47193042792990003,-0.21487270092018923,-0.16863052308693274,-0.17278864955612724,0.1569757973253065,0.06487492350831807
CGCTGGTGACTACCCT-1,0.09144551983825341,3142.0,A,1436.0,1224.0,0.048195420604617,-0.04953057963802884,-0.0972253916363972,0.12396948045133492,0.009186320025284406,0.6084750731984829
CGCTGTGACGCCGCAC-1,-0.024683434958785968,3120.0,A,777.0,712.0,-0.047499244437426424,0.09396724077525195,0.044497744522529685,-0.19319243134556385,-0.21513449261402856,0.08234062554722545
CGCTTATTCCCGGTCG-1,0.0003799489451383198,1529.0,A,561.0,1093.0,0.00036847596749899764,-0.0293312636630793,0.0015092940066551812,0.153163898033187,-0.16301534251370092,0.1311024526779181
CGCTTCCACTGAAATC-1,0.03160089823825721,1650.0,A,712.0,556.0,-0.03429503190212734,-0.023919419737077223,-0.07930568614257102,0.17069314764029736,0.1125665855275265,0.1061987805848823
CGCTTGGACGGATAGA-1,0.11710654991200212,1419.0,A,1682.0,1558.0,-0.03837584096785209,0.08263924102765872,0.05729996911438426,-0.11223565331745969,0.24464260725878403,0.4541417751916557
CGCTTTCATACCGGTG-1,0.02653599252004646,1590.0,A,815.0,466.0,-0.32057265044717037,0.031393530595234295,0.1477447742185284,0.11039496115224312,0.24830878621140434,-0.07649465616041251
CGCTTTCTTGCATTCG-1,-0.041725048086641514,3993.0,A,1267.0,844.0,-0.04479746969304553,-0.15574524579545196,0.10035176640893463,-0.3758485610698127,0.13736241607105662,0.02900520244069415
CGGAAAGCAAATGTGC-1,0.024242759983833212,12217.0,A,249.0,558.0,0.08827296716697011,0.03662236010850446,-0.19052055985576577,-0.05328904045628356,-0.027718675249147534,0.04195677062191915
CGGAGCTTATAACACC-1,-0.025860112006825378,944.0,A,1277.0,374.0,-0.1757495555486253,0.2939412793125294,-0.17437280997104432,-0.0869557696956916,-0.025321398432649952,0.08644071107508434
CGGATAAGCGGACATG-1,0.11399441478173572,2732.0,A,391.0,579.0,0.3761227227351834,0.03756262584988961,0.25194005638272304,0.07877546311702452,-0.07781403206656477,0.03638452177502088
CGGCAATAAGATCGCC-1,-0.021015344270883425,1163.0,A,1565.0,1357.0,-0.2182635621601276,0.005863518856478386,0.02412836670222161,0.033736492344580454,-0.04021655986854593,0.27678545361682644
CGGCACCGTTAGCGCC-1,-0.0019257899184808025,448.0,A,1316.0,396.0,0.051191379507931734,0.023458327204777668,-0.004661507043928224,0.0381913390245467,0.0567275450463213,-0.03510203890437182
CGGCACTCAAGAAAGT-1,0.11851754649899016,5294.0,A,532.0,422.0,0.4922079767085316,0.18349678530230998,-0.03482961147647105,0.07509718377144395,0.08481921595564004,-0.028988165150588156
CGGCCCAGGTATATCC-1,-0.08750777682029076,816.0,A,1525.0,1111.0,-0.1409692390840841,-0.2015888300735434,0.11806655147089555,0.30124894708926797,-0.309636226274315,-0.15952461377266444
CGGCGCCATCAATCCC-1,-0.1426425125059129,1514.0,A,1373.0,1470.0,0.027289573679724122,0.06164651423194525,-0.2385957647830134,-0.182493303526539,-0.40279090135644413,0.04194262693866229
CGGCTCTAAAGCTGCA-1,-0.04903016629692544,950.0,A,1590.0,1178.0,0.06267789059059128,0.13190833293952783,0.03489838500345541,-0.05585809064006809,-0.16157898172453977,-0.12106050494111928
CGGCTCTTCGTCGAAC-1,-0.03543383202418976,1044.0,A,1277.0,329.0,0.09832110535117917,-0.13611618700913664,-0.017915064362132634,0.03425108172729837,0.06503301667306216,-0.19295179410154517
CGGGAATATAGTATAC-1,0.006858482065802307,1637.0,A,1526.0,1201.0,0.012557993840657315,0.02860149579382838,0.08242864343705744,-0.18088640253199217,-0.10609401302824477,0.2020651233529539
CGGGAGCTTCAGTGTA-1,-0.023963852432346243,705.0,A,1346.0,1246.0,0.3878630904829042,-0.23339716248832504,0.15661086838539587,-0.30249321150446673,-0.007669689107419199,0.114008095270675
CGGGAGTATACCGCCG-1,-0.08045752482125013,6166.0,A,365.0,580.0,-0.18485115345935843,-0.1636609450545467,-0.07920581432159363,0.0012873925973090963,0.09235068312077628,-0.28021004229769986
CGGGATCAATGTAAGA-1,0.0012993022408257235,3042.0,A,932.0,666.0,0.024194930045396915,0.12769023700194704,0.12402391893688584,-0.193493453446155,-0.015068991625667251,-0.21291160501742692
CGGGTTCGGCACGTAT-1,-0.07886481432842893,520.0,A,1547.0,305.0,0.14231550409693455,-0.11901408745878919,-0.00673997710153295,-0.16731196685146105,-0.06811824803386379,-0.10455951922811069
CGGGTTTGTTAGGGCT-1,0.017232182904861587,8282.0,A,1642.0,1402.0,0.023402586608838025,0.14473255821975645,-0.09345632412444503,-0.12591169771968927,0.13950848384136694,-0.08511959571036248
CGGTACTAGAATCAAA-1,-0.04648035857680366,1041.0,A,1242.0,1113.0,-0.07865718476532019,-0.10762806903741652,-0.09317204068331382,-0.10960417819729054,0.05433613665934959,0.12635263207516878
CGGTATAGGTATTAGC-1,-0.07931171239949306,1384.0,A,1445.0,395.0,0.009791782124372539,-0.029660340888095025,-0.008452686052670143,-0.11378666352179347,-0.10688214078155442,-0.10093513432575753
CGGTCCATGAGACTCC-1,-0.02474382507400795,7359.0,A,1690.0,596.0,-0.17594174768335713,-0.04347429483482922,0.0031914261330965414,0.1379940663530987,-0.09026070083148868,-0.147224195840948
CGGTGAAGACTAAAGT-1,0.12974583636397566,4274.0,A,470.0,937.0,0.0977721706184023,0.03589303498407708,0.17056337024676152,0.1309851380447208,0.32057280215653894,-0.08351900463866917
CGGTGCAGATAGAACG-1,0.012298919246274598,2071.0,A,638.0,1093.0,-0.06957965316018992,0.019003075927532413,-0.05454990567906157,0.003002674522106376,0.14672271429144007,0.06386497327626697
CGGTGCGCGTTGGTCC-1,0.010809679093929506,22307.0,A,677.0,1250.0,-0.17811628294016052,-0.04133119396231516,-0.1295116021463686,-0.060257584421128385,0.04577767733844648,0.016082239278948418
CGGTGGGCTCCAGCCT-1,-0.06976562095140507,812.0,A,1445.0,485.0,-0.15305292359138065,-0.03016796597814002,-0.09820924084098823,0.132553314056913,0.009059497835533989,-0.17799713963061148
CGGTGTACTTGATCCC-1,-0.05772453318467685,5497.0,A,571.0,534.0,-0.25777375659164836,-0.2548486526858524,0.14675257904555858,-0.028387254972904806,-0.16414138611621892,-0.3243808576303399
CGGTTCCGGCTTCTTG-1,0.1487410839531656,21181.0,A,544.0,355.0,0.3964692120256429,0.08453848134751411,0.05861768110654219,0.1739851748852795,-0.023444342998960088,0.03041132296760539
CGGTTGACCTGGCATA-1,-0.01233219393395783,2764.0,A,496.0,1027.0,0.24602318058211226,-0.17227466319271648,-0.042492448539622,-0.08958313574276673,0.202745883685532,-0.056752858159026344
CGGTTGGGTTCAAGTT-1,0.16225219012057618,1379.0,A,1457.0,328.0,0.5013623119575519,-0.04715171867598293,-0.023046729327013092,0.37786310596072736,0.2907059442775316,0.050695481030931036
CGGTTTATGAAGGAAC-1,-0.04981785633046097,751.0,A,1509.0,373.0,0.04036719563639239,0.08004013945373883,-0.09720733507114282,-0.0047543065586767574,0.038252345249471034,-0.10666504544250584
CGTAATAATTACGAGT-1,0.05238805787886559,16627.0,A,249.0,468.0,-0.18772810112386018,-0.052089747033717784,-0.05571386894438868,-0.05982766131913514,0.06863961808819508,0.25517025558419715
CGTACCTGATAGGCCT-1,-0.12714872825975504,3894.0,A,1047.0,644.0,-0.4294934494554139,-0.17271249503746874,-0.049409113644179825,-0.25755262664167955,0.02871290646343411,-0.028986737304523967
CGTAGCGAATTGTCAG-1,0.0382035041321104,5055.0,A,1085.0,442.0,-0.05325864249713442,-0.10768154639739724,0.1474127155611783,0.1071658754091131,0.05360820522518417,-0.06441323007136358
CGTAGCGCCGACGTTG-1,0.11308495939503466,3192.0,A,853.0,309.0,-0.08562487839725723,-0.056686133720724924,0.18518719891509963,0.09787438007005367,0.03480801972447926,0.5158856568731663
CGTCAGCTATTTACTC-1,-0.020602064153388902,2782.0,A,314.0,535.0,0.05263747848962574,-0.023170414130434233,-0.1226484358405001,-0.22832919746266722,0.026545521307599,0.18408437397277078
CGTCAGTGCGCACAAG-1,-0.11944020883535743,2394.0,A,802.0,399.0,-0.07699677728848663,-0.1736759131656263,-0.24103161028052453,0.02385496853872718,-0.13717084134925236,-0.13549756730189758
CGTCATACCATATCCA-1,-0.13628276923422478,4403.0,A,430.0,602.0,-0.3509044306949137,-0.14115552664654799,-0.13785028331937407,-0.024607486060465058,-0.020458308737680828,-0.1889692130700346
CGTCGGATAGTGTTGA-1,-0.03197609443216334,549.0,A,1409.0,910.0,-0.10311441206545108,-0.03327968685007823,-0.007524050425130258,-0.06431936180918335,0.11730433737859727,-0.0994454345146093
CGTCTGGAAGGGCCCG-1,0.017939257899185077,2148.0,A,969.0,510.0,0.1720962323343772,-0.07141403825344612,-0.1299946279607848,0.22226705503376762,0.06370737909934703,-0.050642081186133905
CGTCTTGAGTGTGACG-1,-0.03139753361688169,739.0,A,1782.0,1065.0,-0.009573544719727267,-0.0735490318934617,-0.012075632475434826,0.06125579908368581,0.17693329292839732,-0.04222165384478017
CGTGACATTGGGTCGT-1,0.001223858756768812,4687.0,A,1239.0,486.0,-0.12479005459014313,-0.05745534157859885,-0.08351153450258882,-0.06000438159930753,-0.12019968819832791,0.12359081440578673
CGTGCAGACTGGGACA-1,-0.07680416619354556,169.0,A,1126.0,1046.0,-0.09854310120996612,-0.006963582495221166,-0.18079965645655688,-0.018953827571690243,0.11249534514375252,-0.026255788451573808
CGTGCATTGTCGACGC-1,0.0469441726755681,1759.0,A,573.0,1026.0,0.027673190941440908,0.116940205124736,0.558158081820974,-0.0765410616217945,-0.01002702152699954,-0.22113924445087746
CGTGCCCTCCCGAAGA-1,-0.05525938647632066,644.0,A,1165.0,1113.0,-0.13930972650264645,-0.16602805878803742,-0.009914130725351848,0.08244586875194646,0.0016975766887777077,0.023083936537454604
CGTGGAAGCCTCGTAC-1,0.08504439474628653,1601.0,A,1719.0,1222.0,-0.0037742750099977393,0.14203266087804878,-0.08911515710075159,0.35120585310175934,0.28762398511692805,-0.12132866958400199
CGTGGCCGAATATCTA-1,0.11887446254755461,997.0,A,1474.0,1201.0,0.14202482114072096,0.16155949586115925,0.17502156937928434,0.11349103089034991,0.06007040827616178,0.1836822378571484
CGTTAAACTAGTTAGG-1,0.03824480769909512,1496.0,A,1603.0,1245.0,0.04356218511610545,-0.0358887027541863,0.018055094140732628,0.21581761112522002,0.12975674932942152,-0.05522744224377042
CGTTAATGTCCCGACG-1,-0.03747172943045418,3264.0,A,1295.0,1470.0,-0.08739232122859653,-0.12687016409271656,-0.04135596496753939,-0.38569392986857487,0.1801135454401062,0.15113312350203906
CGTTAGCTCACAACTG-1,0.12984100296341394,877.0,A,1329.0,463.0,-0.09192967760483063,0.4032213190320059,-0.014895541178941357,0.09735358029008902,0.6108066814402198,-0.1802738965449241
CGTTCATGGTGCGCGT-1,0.0810027246247329,4709.0,A,433.0,1228.0,0.23085469777902246,0.043561395627514723,-0.0024075095774030563,-0.07082767736769895,0.023895265875350048,0.08485285231853729
CGTTGAGCGACCGTCG-1,0.002858884704368625,873.0,A,1127.0,1136.0,-0.15742238792311553,-0.04521814068341023,0.0342368886887104,0.12327850391997318,0.0845656757659144,0.05153960371959912
CGTTGAGTAATTGCGT-1,-0.031074744280048028,745.0,A,1470.0,395.0,-0.0168965502495194,-0.09230875026979268,-0.012205564033675252,-0.024800925071602475,0.20558249989912294,-0.042351058925149745
CGTTGTAAACGTCAGG-1,-0.07217700694447102,11282.0,A,340.0,624.0,-0.16527427429666436,-0.03782293697055053,-0.09171632455058948,-0.14558964441779054,-0.35219096833340724,0.05842579746635375
CGTTTAAGCGGAGCAC-1,0.03779535137632707,1491.0,A,930.0,443.0,0.2936960046916174,-0.0006866395551543211,-0.364530536775255,0.19801894328194222,0.22230000394184213,-0.05515748425362507
CTAAAGAATGCCTACT-1,-0.017238552989058277,7589.0,A,637.0,959.0,-0.04645426848182396,-0.014447167356027378,0.023302389654127082,-0.0833016963590521,0.058724645416276644,-0.11533812393924665
CTAACCGCGCGCCCGT-1,0.024298005362416115,2999.0,A,624.0,981.0,0.15919036462249575,0.021365721391253943,0.03706347788560906,-0.020404637649840376,0.013086070553755734,0.028490491478182896
CTAACTGATAATCGCC-1,0.10177294354245572,1046.0,A,1488.0,1447.0,0.3273957351819993,0.007161927042246927,0.41885359270923866,-0.06758174403789455,-0.10732711519270641,0.15821484088652868
CTAAGGGAATGATTGG-1,-0.005590213691870842,1528.0,A,1101.0,1136.0,-0.1193091398127683,-0.10317375868287681,-0.025035020387818102,-0.19365735915886886,-0.060799104019962844,0.47728605082279146
CTAATTATGAAGCGTA-1,-0.17297171131191538,5367.0,A,1728.0,394.0,-0.08993890829533821,-0.0514926297613445,-0.224587354634884,-0.70175386066165,-0.03231262724297845,-0.034364106447672044
CTAATTCGCACGCGCT-1,0.024992440955854303,4563.0,A,610.0,780.0,-0.17172955271109835,0.0831016917760227,0.13344276094201624,0.04280505078237857,-0.05087946164516645,-0.046748642105946016
CTAATTTCAACAACAC-1,0.05990567577242112,4017.0,A,520.0,624.0,-0.13502074632429006,-0.030827073764565643,-0.01981238161897447,0.26857450880661143,0.022951720159012014,0.10674741354032329
CTACACTCGCAGATGG-1,-0.014482958126607284,792.0,A,1475.0,1425.0,0.03332800124055328,0.09946530868600471,0.041463930835081125,0.131717344028397,-0.08457303088805113,-0.10461742603217196
CTACGACTAGCTATAA-1,0.07725468324923034,3954.0,A,483.0,1004.0,0.4151375585938982,0.07374239244341074,-0.06382551281998652,0.15033770163812954,-0.027294071135106165,-0.04650602177551334
CTACGCCATTTCCGAT-1,0.03812000753328955,900.0,A,1200.0,419.0,-0.1942098024525098,0.08010724134903381,0.08603947671922219,0.049287756598683084,-0.014283352527250638,0.2906720866145814
CTACTGCCACCTGACC-1,-0.02556266439083148,4339.0,A,983.0,756.0,-0.06663512881873745,0.09487592132432551,-0.2074710204751937,-0.08735993372569067,-0.023124893711279484,-0.04387908964705044
CTAGACATATATGTAG-1,0.01623392476587207,734.0,A,1560.0,328.0,-0.013561844230538245,-0.03725187818236983,0.040211377656062995,-0.14051650816847866,0.05122297563828412,0.2889042093244904
CTAGACTGCATTTCGT-1,-0.12662346269995323,930.0,A,1406.0,373.0,-0.42037308181459093,-0.07332661205655401,0.03203147959475088,-0.14636409135350978,-0.03268354754428861,-0.01713982316922583
CTAGATGTGAGTGTAA-1,-0.05553119346712779,1992.0,A,1498.0,888.0,-0.2856726940329757,0.28769052874402207,-0.15950078279665178,0.05738919021742403,-0.13016539963565332,-0.043172904709486884
CTAGATTTACGACGGC-1,-0.01812461650439888,1136.0,A,1126.0,1091.0,-0.03698754179423464,-0.08778761396953835,-0.019431960944951275,0.2535231966426765,-0.11035819214049794,0.02862191422964694
CTAGCATAGTATAATG-1,-0.04745172690205979,7283.0,A,1023.0,912.0,-0.12396993894622613,-0.002399383301410027,-0.04390186059663534,-0.3003356539301994,-0.036422925838656216,0.03491468046009545
CTAGCCACAGGCGAGC-1,-0.04980439210274358,3851.0,A,1681.0,1469.0,-0.1370388472445013,0.19254844255618495,-0.13007721172177208,-0.2005544215310094,0.11397153244326541,-0.1097413215610763
CTAGCTTAATGGTCCC-1,0.0080503068439787,2094.0,A,1783.0,1200.0,-0.3147966181650112,-0.2802802814234266,-0.053013254019490454,0.08551152590923555,0.37303484887585187,0.3810135759031688
CTAGGCGCCCTATCAG-1,-0.07501836205283234,757.0,A,1346.0,1291.0,0.12135098815522125,-0.09931171544447685,-0.012463265730834627,-0.10714003959364157,-0.09562168862662139,-0.042608116279895636
CTAGGTCTGAAGGAAT-1,-0.04466249932298549,1264.0,A,1512.0,955.0,0.025233364107168192,-0.21763217740617086,0.20251112557789488,-0.11062269491771876,-0.1467439408768757,0.02218120738968829
CTAGTATTCGGAATTA-1,0.11247182253762414,3610.0,A,1201.0,464.0,0.10942188121389733,0.48389980016414436,-0.1435696622717824,0.057029804156829775,0.20920666379060515,-0.13576605774616102
CTAGTCACGTCTTAAG-1,0.0033758423942431004,2824.0,A,1062.0,979.0,-0.32037214686270427,-0.16006070230872083,-0.3788845540366418,-0.08279309202147841,0.07117151335755949,-0.026393165972906318
CTAGTTGGGCCCGGTA-1,-0.06514910171431595,5709.0,A,1048.0,733.0,-0.11676142833489375,-0.06111237767540232,0.1454869239117643,-0.1241473398860696,-0.20397908308878776,-0.20240454458794202
CTATCGACGAAATACA-1,0.06787433119535059,1385.0,A,1372.0,1336.0,0.2798658871210799,0.0065744481425838025,0.11721789461643403,0.303026199581344,-0.12012502526219493,0.0010014292562614685
CTATCGCGTAGAGAAC-1,0.16137828795290737,22488.0,A,1694.0,1446.0,0.15930288921820313,0.1080869958700382,0.06896716192378347,0.2298590175333789,-0.021148078957098068,0.13063210817629833
CTATCGGGTCTCAACA-1,-0.04690024575348535,4587.0,A,1061.0,934.0,-0.19150630433652552,-0.15341253443722863,0.11638337897710856,0.1982675903894735,-0.240318962556253,-0.06786077220240973
CTATGGGAAGCGGAAT-1,-0.0070267946588525015,1429.0,A,1514.0,1358.0,-0.13869604391503781,0.3216623329961416,-0.11101158681419877,-0.17792017094947105,0.4797991041605907,-0.28102138766074836
CTATGTCTATTGAAAC-1,-0.03640786361398678,1770.0,A,879.0,398.0,0.10692195667202566,0.018725109856650345,0.06018900555606275,-0.0656309380656827,-0.16049324914620636,-0.025391189974392842
CTATGTGAGTCACGGC-1,0.17900766571167143,4277.0,A,394.0,1161.0,0.35262502483978164,-0.026228926894212162,0.5638115397460755,-0.2481262638815931,0.3874332401847285,-0.007314425545452766
CTATTGTGTTTGGTCA-1,0.0340543979446411,2209.0,A,1471.0,440.0,0.32403964580933997,-0.13844790631433707,0.11441778671475003,-0.143433397355635,0.1599224236295393,-0.1621799249628788
CTATTTGGTTACGGAT-1,0.04113068072347507,712.0,A,1229.0,956.0,0.13902334675696074,0.17722782748362528,0.27854185124301256,-0.31961169172614695,0.01829327117876243,0.15474183107281236
CTCAAGACATTAGCGC-1,0.004349547159192439,2362.0,A,1484.0,462.0,-0.038713139651016235,0.09728196723407921,-0.013205542331776954,0.07920221772118746,-0.17836087387367847,0.07905626757024926
CTCACACGCAAGCCTA-1,0.15821963340628983,5554.0,A,1741.0,551.0,0.18799324181041444,-0.0702698826101892,0.6450565880161726,-0.018828897394237785,0.0016828560932417094,-0.024705717117170498
CTCACCGATCCAAACT-1,0.049977937660105415,10082.0,A,1689.0,327.0,-0.06094655750661093,0.2727239758109131,0.09794574594322236,0.06144729254818826,-0.09950793605836643,-0.0565303613607186
CTCACTTGGCTGGTAA-1,-0.08421304370689499,2272.0,A,509.0,1049.0,0.16574911953595636,-0.011847393815153925,0.12731012532969532,-0.23531481779253313,-0.5334251529180184,0.06924903415993242
CTCAGGACTCACCTGT-1,0.08793189054371799,3807.0,A,558.0,512.0,-0.10444628457791294,0.3036794506502599,0.02473759661476422,0.08820530295020812,0.13590484830886015,0.20106118200456394
CTCATGGCTCACAATC-1,-0.027943202343789643,1243.0,A,982.0,442.0,0.1651400138008602,-0.002358627330368443,-0.02108747160112329,-0.05575937894602159,-0.019742910809580495,-0.2031648924699907
CTCATGGTAATTTGCG-1,-0.05514479005342696,6288.0,A,510.0,1273.0,-0.49301774555802264,0.09832341366496852,-0.08545875420989463,-0.24728567960036893,0.13883756577924491,0.02585262977600328
CTCATTTGATGGGCGG-1,-0.14795325979317775,2325.0,A,970.0,644.0,-0.007649429455848138,-0.11884452919775469,-0.20709629847760666,-0.23745573303267467,-0.24270113858972248,0.042435966444797836
CTCCCAATGAGTCGCG-1,0.11605022923701672,2758.0,A,1655.0,1290.0,0.4259617105520468,-0.11169845061456396,0.13143730368523607,0.10532931747856775,0.08338449882944374,0.19267478575692074
CTCCCTCCTTTCGATC-1,0.01762334541548342,5131.0,A,471.0,1295.0,-0.17442199165875527,0.03749659580662514,-0.08302635940214925,0.11891366723097126,0.08958181901338118,-0.016979451001791334
CTCCGGCCTAATATGC-1,-0.02339931559772937,2069.0,A,931.0,577.0,-0.03962351125446085,0.06367011578856202,-0.03121211744963678,0.03230129100779586,-0.037427911265551964,-0.06609531163356912
CTCCTAAGTTATGTCT-1,-0.013783027558812874,9888.0,A,557.0,422.0,0.12419647693490102,-0.00889267114700551,-0.3878808941767681,-0.018852937698216624,0.0031287327505343313,-0.04889728370296376
CTCCTGTTCAAGGCAG-1,0.07180691107349389,17627.0,A,1681.0,1379.0,0.06682001519192385,0.029637931555956662,-0.15607051549407602,0.03675609181955909,0.04911845805604875,0.08078886653634407
CTCCTTTACGCAAGTC-1,0.10699412587680002,14383.0,A,1575.0,663.0,-0.060827575003465195,0.004962408313806607,0.09645448650283109,0.08678036623578102,0.05321701029247662,0.09939457841103978
CTCGCACCTATATAGT-1,0.009529524447913162,6311.0,A,1047.0,688.0,0.1570171470094567,0.12904039098347128,-0.18286561766010442,-0.5311341585349616,0.13856345489118135,0.17046084173606948
CTCGGTACCACTGCTC-1,-0.01343553344483879,657.0,A,1216.0,1068.0,0.009483719974343288,0.1223089182226541,-0.010222273957093062,0.10128611953379434,-0.06617366141105915,-0.04039117490870038
CTCGGTCCGTAGCCTG-1,0.05834805861988389,2685.0,A,815.0,555.0,0.06324937156168244,-0.06303617761917711,-0.03688553809401833,0.07711735744494143,0.09366828027123088,0.12899710695042088
CTCGTTTCTAATGTTT-1,0.07622522398633196,5004.0,A,1510.0,641.0,0.07788192121725221,-0.01714033790084503,-0.31810540127246206,0.16876466905396653,0.2579366506177449,0.09807629735164562
CTCTACACTGGCGATT-1,0.07895941181804506,9027.0,A,393.0,1117.0,0.27466845254064515,0.003491063334526291,0.014975105577937572,0.08281287363878334,-0.03215899041795173,0.06731478468521848
CTCTCACAATCGATGA-1,0.010775681804212494,6858.0,A,1074.0,867.0,-0.013933834447284008,-0.10996674054435449,-0.1816352505887272,0.0918102590824081,-0.04772359903382645,0.197108047402011
CTCTGCGAAGCAAGCA-1,-0.012968483256153142,2347.0,A,815.0,421.0,0.014452517852407911,0.14449068082503824,-0.09247348332370936,0.19987353229604968,-0.2612071784868494,-0.025899069041152224
CTCTGTTTGAGGATTC-1,0.1382601187187927,4274.0,A,1098.0,464.0,0.20338728046062313,0.12164706236825218,0.33893639336720677,-0.1684956824469157,0.004742487512101885,0.20282716431008765
CTCTTCTATTGACTGG-1,-0.05142650245948625,1118.0,A,1461.0,1179.0,-0.06734974164244356,-0.12568581649740435,-0.017711936240693067,-0.09424655051744607,0.1612311284198873,-0.1048331550983066
CTCTTCTGGAAGTTAG-1,0.03771440986539848,8312.0,A,691.0,1540.0,0.018380856980865168,-0.32108702335548167,-0.0498491211066721,0.06436209932139095,0.06599976207273392,0.25455661097657417
CTGAAAGAGATCCGAC-1,0.16163097032759954,4322.0,A,1060.0,576.0,0.3255453214603063,0.5870300716007303,-0.062190671826191916,-0.037838616681209726,0.09704308389826771,-0.0033989514515189966
CTGACATAGAAATAGA-1,-0.06816010365667964,3320.0,A,1706.0,1289.0,0.221735440425541,-0.02167036482770293,-0.07836989059339138,-0.31944437236556306,-0.11841662963819921,0.002592367993011393
CTGAGAAAGTTCGGCG-1,0.10293660084263447,1682.0,A,1680.0,1245.0,0.1217164174990154,0.16889263035466417,0.16585770826013746,0.054573059475624325,-0.04683550487767933,0.2959995338292637
CTGCAAGCACGTTCCG-1,-0.14096617191659727,908.0,A,1604.0,1514.0,-0.1598085023444255,-0.40800355191089144,-0.015485334555060917,-0.0844405488390127,-0.16683204193680662,0.09643528240762299
CTGCACAACTACATAT-1,0.11061125266380648,6051.0,A,1153.0,1270.0,0.3709949373802956,-0.10576278851149806,-0.006305272870522516,0.2673487882038415,0.10656104866860731,0.11497532667303939
CTGCACCTAGTCCACA-1,0.06910200692396216,32328.0,A,1678.0,797.0,-0.1559235019936016,0.03224413804264162,0.028969957920287268,0.03543773745638043,0.02364866513633597,-0.05951681025079229
CTGCACCTGGAACCGC-1,-0.08461221033804359,1650.0,A,802.0,488.0,-0.43285190511151117,0.039715888899738004,-0.08925748118806823,-0.18943830119582616,0.11135113122095318,0.08240574841502564
CTGCCTAGCCACCAAG-1,-0.028431246678146727,961.0,A,1200.0,330.0,-0.22727682427391946,0.29055049626076446,-0.016461333789910902,-0.2681964202849359,0.1485508547662234,-0.13378194970345164
CTGCGGTAGTCACGTG-1,-0.021851935254643046,494.0,A,1355.0,374.0,0.08397698198245972,-0.1381939471683922,-0.006012264511182752,-0.15374735591378222,0.35969636180862297,-0.03635480600636864
CTGCGTTACGATATAA-1,-0.005083966991613641,7831.0,A,1329.0,508.0,-0.14526775467485253,0.02078109418993574,0.18038270918857613,0.04342595196079816,-0.227974849683244,-0.059579419144048226
CTGCTGAGGCCACGAA-1,-0.16468763308297227,6645.0,A,626.0,1250.0,-0.3625458413547886,-0.2114252254816199,-0.15456310147097047,-0.2272198496286177,0.10469000602133655,-0.2041748865146528
CTGCTGTCTAACGAGC-1,0.006020469852320312,1608.0,A,1706.0,1245.0,0.23485060153354703,0.1121324858183303,-0.22723043383130168,0.030768629100587728,0.01628751771455939,0.22668000254774448
CTGGAAGACACGGTGG-1,-0.031531633883566654,708.0,A,1307.0,1269.0,0.0822871018248657,0.16284836266125335,0.04545333388305371,0.05582097146737261,-0.08252769426698625,-0.041543497394556414
CTGGACGCAGTCCGGC-1,0.035326542134151866,6554.0,A,343.0,1296.0,-0.2250643543419636,-0.17228328860835995,0.18568406753436834,-0.06574579134414037,0.1346701014781016,0.12577280262268814
CTGGCATCCGAATGAG-1,-0.003003496052088883,2718.0,A,510.0,1228.0,-0.010233996095481835,0.06342775146650978,0.0387203764912078,-0.21805562584423654,0.16851884858496827,-0.06895881653723575
CTGGCGCACAGGTCTG-1,-0.12792924791602683,745.0,A,1319.0,978.0,-0.0864672157925863,-0.17504671433501565,0.03970320788239467,-0.274621753341893,0.0064535399745874675,-0.1501156639559549
CTGGCGGGAATAAGTA-1,-0.032712688942601036,3014.0,A,455.0,602.0,0.21517553519243296,-0.1445538746733382,-0.16136089465262662,-0.0514612217166982,0.10458219557585646,-0.1264344283248037
CTGGCTGATTCATCCT-1,-0.025200171661226983,894.0,A,1410.0,1134.0,-0.05452354947565921,0.0036418552682170174,0.03710377907297141,0.02131631110091986,0.06922322989562343,-0.045390157281552296
CTGGGATAAATAATGG-1,-0.08429354348513568,889.0,A,1255.0,1001.0,0.27488636063076155,-0.12318214178533718,-0.015125575953315519,-0.03743377192796446,-0.2607833865311788,-0.23982826646684652
CTGGGATACGCTACCC-1,-0.017368938529135472,1018.0,A,1679.0,976.0,-0.015882109781331075,0.03367650682197154,0.13978219935198544,-0.11020059064470901,0.06610091401255366,-0.05682636845391065
CTGGGCCTGCTATATC-1,-0.050027518355528704,1785.0,A,561.0,1138.0,-0.08903832515528155,-0.07282051391408882,0.13040344634999687,-0.2461088004590401,0.10640150810286825,-0.05027719786259764
CTGGGTAGGCAGTTAA-1,0.0417191478385469,1055.0,A,1191.0,1113.0,-0.28329106192065867,0.2099656632929443,0.5076133622298222,-0.05866377812613987,0.040414898657007765,-0.04835185347152483
CTGGGTTGAGTTAAAG-1,-0.017243352465484113,22924.0,A,317.0,1341.0,-0.17328708472206505,-0.014932845936567338,-0.13668817874849531,0.08763915752822027,-0.31274676151594416,0.05193136032851714
CTGGTAAAGTGTGGGC-1,0.11844260350284454,1917.0,A,1643.0,1491.0,0.4972750474225511,-0.06020175162836071,0.14573703582604977,0.3602329369774407,0.12792969411824742,-0.2441154285606479
CTGGTAACACATAGAA-1,0.0079038213423277,907.0,A,1307.0,1090.0,0.07962263051234043,0.03121605755594871,-0.12876941072949222,0.12706759717089536,-0.017284177443881374,0.12282490318690156
CTGGTCCTAACTTGGC-1,0.054248265715562426,6164.0,A,1007.0,308.0,-0.030137691932676826,-0.030949479160550304,0.11789086874227032,-0.07893529165239924,0.07620421214080045,0.17041873824628145
CTGGTTCGCGAGCTAC-1,-0.004408272523150042,792.0,A,1770.0,1088.0,0.0019141165135040245,-0.1616615511312628,0.5017221178524,0.004011024223523292,-0.09960916874314402,-0.10199193871541291
CTGGTTTCGAGCAAGA-1,-0.005059033369835597,688.0,A,1307.0,1179.0,-0.08033436531440959,0.049851017716934815,-0.010940658983413457,-0.07361052720633574,0.003377090207706747,0.181001382449558
CTGTATGGTGTAGAAA-1,-0.05471388975378487,2735.0,A,584.0,601.0,-0.09554959716137724,0.010879560337365946,-0.12518451220621438,-0.06167982109708731,0.05968339459803499,-0.13701790812802994
CTGTCACGCCAGGCGC-1,-0.05154734045106754,785.0,A,1432.0,373.0,-0.19288702959006337,-0.13086396008232257,-0.013053710016822248,0.23562709120826622,0.013670784963717257,-0.12221541327587448
CTGTGGTCGGGAGATA-1,0.021622188469744445,918.0,A,1321.0,1381.0,0.19445725980379402,0.08074421590262273,-0.2659450845112182,0.0022194117983627137,0.3417536201809683,0.038820369624346554
CTGTTCACTGCCTGTG-1,-0.007245888808702335,1948.0,A,893.0,644.0,-0.3826613934401914,-0.11290345888530529,0.06635706679926401,0.18865139481196477,0.22223278161995527,0.011482118004226164
CTGTTCATCTCACGGG-1,0.029600274950800337,4273.0,A,610.0,646.0,-0.11486505556489546,0.057145059826242225,-0.04130529992046111,0.1886441161679376,0.058463220093157395,-0.12467970780492468
CTTAACTTCGAAGTAC-1,-0.14552612434621093,1233.0,A,982.0,398.0,-0.30763248517916597,-0.09019720645796234,0.013794471474649378,-0.017079069008930116,-0.13249115128125646,-0.26277224239376645
CTTACACTGGGAAATA-1,-0.04211394389911833,4301.0,A,789.0,510.0,0.013577511973155813,-0.05051265600355791,-0.13280949038738932,-0.05260908798334742,0.025520052593381876,-0.05190943547395952
CTTAGTAGGCCTACAG-1,-0.00964115143654444,1073.0,A,1486.0,865.0,0.015489982146153936,0.09953500119478775,-0.018403328197266457,0.12561942968805775,-0.04408067178041904,-0.18224829148357188
CTTATAGATGGCTGTT-1,0.021845615249325837,6075.0,A,1707.0,1513.0,0.007776101216689479,-0.14001616918628143,0.04326481737371482,0.027729874198826603,-0.1227699792874892,0.16499949055353885
CTTATGCGCTCAGGGC-1,-0.11074852703242263,12973.0,A,316.0,1117.0,-0.09041550026228157,-0.06361841603152588,-0.043339938515214685,0.12815788765777872,-0.5210273944635089,-0.3674094627487205
CTTATGTTGACTACCA-1,0.012177283245950382,1767.0,A,519.0,445.0,-0.04572056730665393,0.3633772799019011,0.04861682476327189,-0.028306609364308764,-0.07229232246662444,-0.058805359888734705
CTTCAGTGGTCGCCTA-1,-0.04220843803043656,5062.0,A,407.0,1363.0,-0.028640228399140363,0.05468572872211607,-0.14340526887352803,-0.054132771476308086,-0.06981681905342954,-0.09290125433799268
CTTCATAGCTCAAGAA-1,0.08974451587537453,2780.0,A,648.0,578.0,0.09884912304511832,0.18067355731371676,0.0729280577667031,0.09063394217768951,0.04689090360281245,0.23133792973211467
CTTCGGCCAATTGTTT-1,0.12501977162592617,1614.0,A,1590.0,1268.0,0.3833840142944434,0.4997612156274585,0.17989879312156906,0.023770783278748334,-0.31287987463550254,0.23350630249483822
CTTCGTAGATAGGTGA-1,-0.027828797771134495,1135.0,A,753.0,1025.0,0.06828816980517202,-0.03468538760825785,0.21968794534354555,-0.16510891152487217,-0.09396289434562957,0.08355099633144589
CTTCTATGTTGAAGTA-1,0.1840100520807007,2244.0,A,535.0,1183.0,0.25927515416634456,-0.012778066447109587,0.08446409747836399,0.30107500928374087,-0.07990806460658127,0.5854965630460878
CTTCTTACGTCGTATA-1,-0.01593411035064955,2901.0,A,943.0,465.0,-0.266274601277056,-0.012681175105518671,0.02471575090033942,-0.06038258963064571,0.10459443093597208,0.0965017443243369
CTTGACCCGAAAGATA-1,-0.15969385288743201,1758.0,A,904.0,353.0,0.06805465726809208,-0.11886487283327776,-0.13442087772742484,-0.17325875467391993,-0.013535378917088167,-0.4721892192798865
CTTGAGTTAGGGTAAT-1,-0.07191483961637286,718.0,A,1370.0,1022.0,-0.13125729003541775,-0.15099493042434226,-0.007102010137190855,-0.00858538345389672,0.029026452363676368,0.07116007165699793
CTTGCAACCGCCTCCT-1,0.14929983017575846,3063.0,A,496.0,1116.0,0.36679464165675674,0.1534816102746003,-0.11863672913153106,-0.03856834543816669,0.3302313916281056,0.2705925644527358
CTTGTACTTGTTGACT-1,0.04380737791734843,4108.0,A,828.0,622.0,-0.07862142261884084,0.2892386650427671,-0.2430304315576489,0.05441159533423072,-0.1220770980412552,0.2870847430587348
CTTGTGAGTCTTTGAC-1,0.16486795537072219,18053.0,A,609.0,377.0,0.5095958909878251,0.21021738739662843,0.08054745557912843,-0.06790795985759958,0.07932033602958598,0.09764324532754307
CTTGTTGCTGAGTCAA-1,-0.0015715580080017943,878.0,A,1203.0,1001.0,0.26922654594643836,-0.09402485211671,-0.03016681120252747,0.06047234119286582,0.2986459625909959,-0.23175244249937282
CTTGTTTATGTAGCCA-1,-0.09218015006435668,1420.0,A,532.0,556.0,-0.008407549245875078,-0.12857691978137883,0.0018347339852387377,-0.17086374260029455,0.004179662825593483,-0.12458977825193468
CTTTAACTTTCAAAGG-1,-0.22715098549591567,4615.0,A,1034.0,666.0,-0.11859269789361707,-0.038350340782882075,-0.9920361324446664,-0.08301052541020716,-0.060865392762185035,-0.1204134230276075
CTTTAATATTGGTCGA-1,0.034013460655444805,4029.0,A,1115.0,1292.0,0.10489812229425594,0.03599158608611,-0.04715308399756076,-0.021556400989730103,0.06062335199224063,0.1530414255481783
CTTTACCGAATAGTAG-1,0.042364912450694875,1232.0,A,1256.0,1269.0,0.11574454611318044,0.01785000899926495,0.02533053149711403,0.1911462454814416,-0.23157080572655261,0.3403310718086514
CTTTAGGAACACTGTT-1,-0.003948417455765227,782.0,A,1294.0,1068.0,0.1410052877861551,0.11802794162617386,-0.012991157246497811,0.24693318282476623,-0.09907745567803684,-0.07664999239815469
CTTTGCATCGCTCTTG-1,-0.12371099150177436,1429.0,A,1386.0,1492.0,-0.13660401819875806,-0.07250096601527004,-0.023731048340389693,0.04841547065012136,-0.3897209451146645,-0.05427677531492132
CTTTGCTGTCATGGAT-1,-0.086468357363796,2135.0,A,1744.0,1222.0,-0.13326107365271672,-0.1409366203245094,-0.04497522567220006,0.05370864377111381,-0.2577172800482305,0.057023567899162984
CTTTGGCGCTTTATAC-1,-0.0168635833338278,16946.0,A,405.0,870.0,-0.23925176762932218,0.009350125281712501,-0.12179036545747221,-0.1976097208042954,-0.02821628480236027,0.18972136597452843
CTTTGGGATTGTTGCA-1,0.035629855860846965,16350.0,A,743.0,1540.0,-0.09461006080533925,-0.18330979914817097,0.3043663277039315,-0.020724261222503093,-0.013884537963640295,-0.057140441031616286
GAAACAGATGACCACC-1,0.13831545216345295,807.0,A,1358.0,1045.0,0.11325943465196912,0.2684967628917656,0.27743548856719913,0.13410769331616676,0.1841799123425132,0.09279391791147501
GAAACAGCCATGCAGT-1,-0.04022946956400454,1410.0,A,956.0,443.0,-0.39605030928973967,0.03859636289504707,0.10318788423164388,0.0046616210675079345,0.08956074478584816,-0.05400183305660751
GAAACTCTAATGAAGG-1,0.018915564509654814,5623.0,A,1111.0,442.0,0.37368187324715046,-0.15207867608729206,-0.24135498895858798,0.1098129297496371,0.19202402093293341,-0.16358765018427193
GAAAGAACAGCGTTAT-1,-0.04522269184741208,1221.0,A,1499.0,977.0,-0.004226571691544306,0.0737351040073051,0.09701917036233161,-0.15214030633201833,-0.15741159920975312,0.036602788176010745
GAAAGCCCTTTGGACC-1,0.02041603934053083,4904.0,A,444.0,937.0,-0.05889528256981046,0.022794631656112042,0.25104784914334655,-0.05000712399059246,0.10244615212255817,-0.28059875430473186
GAAAGTGACTAACTGC-1,-0.010018695025002577,8374.0,A,572.0,713.0,0.09502165580809428,-0.06110990807844205,-0.14328326659802212,-0.156212873865225,-0.017407301498212256,-0.08378873177429219
GAAATACCTGCTGGCT-1,0.022214696990115204,1962.0,A,1264.0,307.0,-0.02530058545670529,0.0006991676195027482,0.2270806042990954,-0.04564786482444155,0.024086972043690376,-0.08872742188017832
GAAATACTAAACGTTT-1,-0.013628377995650032,4202.0,A,455.0,557.0,0.11606638594725976,-0.11764606039214434,-0.27963337659396825,0.23375092800732405,0.16430119178020602,-0.2905279483538695
GAAATATCACCATCAG-1,-0.024412486779085682,12833.0,A,470.0,892.0,-0.11482051204884776,-0.06200131829818495,-0.10040783464609387,0.026436963634787466,-0.058109580896863175,-0.12156315762348752
GAAATCGCGCGCAACT-1,0.028249758730431708,2655.0,A,1047.0,554.0,-0.18021022435257947,0.03454983217327968,0.07871465291614463,0.3152180542272743,-0.10136424148113875,-0.0994682096034746
GAAATTCACATCGCTG-1,0.005340052941708744,3906.0,A,802.0,443.0,-0.012364539286143422,-0.14872544727226047,0.17863191552982474,-0.019160981922286113,-0.019913185199079017,0.1331192248538563
GAACACACATCAACCA-1,0.08525874826620287,7591.0,A,816.0,645.0,0.08040818029475659,-0.04493799506785835,-0.09192621346790217,0.23408638804715093,0.237197623580419,-0.01894976994150442
GAACATTAGTATGTTA-1,0.02451423860155807,8632.0,A,1741.0,461.0,-0.042357856270012595,-0.036786259784808824,-0.017360653490397365,0.01858751223788932,-0.0402815603329517,0.02139010036825284
GAACGACCGAATGATA-1,0.0004569517994786679,2333.0,A,983.0,577.0,-0.016986656032991154,-0.02586113277354502,-0.15775387935538585,-0.18450304572684625,0.05940263565907142,0.3442225045252683
GAACGCGGGTCACACG-1,-0.10240971622354467,1571.0,A,1642.0,1223.0,-0.5002414475038902,0.08324247223405423,-0.6820670223450569,-0.8040397453005672,0.10035863610510977,-0.011057799104370538
GAACGTTAGGAAGACG-1,-0.08517157602843325,2035.0,A,367.0,893.0,-0.1677420582218983,-0.0627236779417483,-0.11183354558972243,-0.03867790135950688,-0.139473823698885,0.05489294453372767
GAAGAACGGTGCAGGT-1,0.07801514811170727,3054.0,A,686.0,466.0,0.48254495586443824,0.29528638483585773,-0.032850919881230026,0.2692930149970203,0.06663992430055055,-0.3872459921717158
GAAGTCTCCCTAGCGA-1,0.017061634934639677,827.0,A,1345.0,978.0,0.1233760306762785,0.130272445762671,0.2091000262970802,-0.2228705508730043,-0.008865786668024837,0.05436650007208886
GAAGTGATTTATCGTG-1,0.06688556469726967,1360.0,A,779.0,1025.0,-0.09936160747422947,-0.03603115280573672,0.6580455624637219,-0.10282507151217955,0.171707415213801,-0.1866349109351113
GAAGTGCTGGATAGCT-1,-0.11371250262890009,2634.0,A,956.0,487.0,-0.37578608431961275,-0.1740301742525847,-0.16983643368399814,-0.08180346736232642,0.025386592029542125,0.05767527974468024
GAATAGACGCGACCCA-1,-0.08472268494924545,905.0,A,1358.0,1090.0,-0.08607511175183365,0.02525269966109668,-0.16977367130081095,0.0379988018142285,-0.09627305372249527,-0.02814100106009415
GAATAGCATTTAGGGT-1,0.2759293056802514,9756.0,A,1693.0,1178.0,0.4112923786479169,0.11714285292595436,0.39329091422440976,0.28325046592523023,0.24262459356894342,0.2240520588385021
GAATATTCGGAGTCCC-1,-0.10508848836211454,1055.0,A,1239.0,441.0,-0.17874153670984033,-0.014386439236473293,-0.12726423318178062,-0.020002584516475942,-0.15864315857447636,-0.04835185347152483
GAATCGACATGGTCAC-1,0.03643218797817515,3106.0,A,713.0,735.0,0.007592563343573987,-0.21887137094787942,-0.027918771676198006,-0.1496551518104918,0.3927981730199261,0.19331373048845502
GAATGCCGAAATGACC-1,-0.014085114923306066,11436.0,A,391.0,624.0,-0.4084480506282476,-0.14476325975641177,0.0671098141394648,0.15461914645782365,-0.010647399602471422,0.042077033463203524
GAATGTATGGCAGGTC-1,0.06860661298636124,1003.0,A,1342.0,485.0,-0.0044744725419152,-0.025373760406954694,0.1519246172866279,0.028988029179080506,-0.03271678537609638,0.430044054544188
GAATGTGGTCCGGATT-1,-0.013304231678865047,988.0,A,1217.0,1113.0,0.03545562896980704,0.014884273836625501,0.05007502479352982,0.011831497233323378,-0.17860598587470955,0.05048544429933695
GAATGTTGGGTAATCT-1,-0.0799559624150595,6272.0,A,1060.0,666.0,-0.19941713550085846,-0.055391147930783,-0.044169446993675816,-0.1265256076225552,-0.2504371080128389,0.05632062287915754
GAATTATAGTGAAAGG-1,0.05880834328858735,6663.0,A,1048.0,912.0,-0.24334209567115372,-0.06398085849917075,-0.04245004484550041,0.19590673575382148,0.059339736132608484,0.2584503999634143
GACAAACATATGCAGG-1,-0.0024545219238895633,856.0,A,1461.0,1134.0,0.04140271944487098,-0.0020810772804397415,-0.09549669478303771,-0.01583193924886455,0.04432403534723799,0.09186575975698702
GACAACGCAGCTTACG-1,-0.00014144099880605832,4424.0,A,867.0,600.0,0.10310672039577698,-0.2071824651179855,-0.01748536636944967,0.06932622631429974,0.08409304812508564,-0.11313729784188378
GACAAGAGATGAGATT-1,0.1145358036386161,26818.0,A,1668.0,1402.0,0.14786212863199152,0.08175992267471978,-0.2776005263405073,0.003880884763364109,0.266273772403326,0.09165944426171055
GACACGAGTTAGAGGA-1,-0.04298950507849392,4013.0,A,494.0,579.0,0.09767131912715774,-0.03655584413215944,-0.15726185985969107,0.3762455808180919,-0.16561029308202285,-0.24606987791946908
GACACTGGAACCCGAT-1,0.0047126329862698865,3256.0,A,1591.0,1312.0,0.21662010014776908,-0.35660836896516734,0.14111498394125352,0.019161234454952457,-0.2557418654469923,0.3295787850988701
GACAGCCAGACCTGAC-1,-0.14343737752288435,755.0,A,1281.0,1090.0,0.10493009736664458,-0.41614822501346227,-0.1771436498846607,-0.24672595167125586,-0.09439701314812032,-0.01394042563686091
GACAGGCACACACTAT-1,0.029235495746022355,3555.0,A,457.0,1004.0,0.22362502273677226,-0.04997624733954367,-0.12073226369363484,-0.13037214463848049,0.2539213162140328,0.03164870213735947
GACATACTGTCGCAGA-1,-0.13470761442358056,23347.0,A,288.0,625.0,-0.26337396136319235,-0.004723117227912299,-0.22998487606991153,-0.5328860723411872,-0.03655345308792937,-0.11628543202749209
GACCAAACGTTGACTG-1,-0.013818134025054093,1246.0,A,1565.0,1447.0,0.11689461417838504,-0.011104075420115996,-0.02113235608653726,0.025348173081042848,-0.260088053282446,0.17261129008768772
GACCCAATTATGATAC-1,-0.0577035054343621,8760.0,A,433.0,1363.0,-0.018331956674240965,-0.2722083900117717,-0.1270582505127252,-0.1420419197236224,-0.13346489116195892,0.12214591820473523
GACCCGTCGCCGGCTA-1,-0.0397001664541035,1578.0,A,930.0,353.0,0.18073694999542933,-0.0004492901473550047,0.09736522674929243,-0.030284671660950082,0.0587608166319786,-0.36348040052894043
GACCGACGTGAAAGCA-1,-0.0679937220318637,1045.0,A,1615.0,999.0,-0.1334631041820148,0.05742447686528934,0.044906206165075443,0.060452694610917596,-0.04608200633515499,-0.10111945659339912
GACCGACTGAAGCGTC-1,-0.11587621045144088,4597.0,A,457.0,915.0,0.25068848765968355,0.14283848941647911,-0.17699614335743363,-0.07219924070380389,-0.6215591328207523,-0.11561549222002118
GACCGCGTCTGACGTG-1,0.006348639322912547,2211.0,A,1616.0,1268.0,0.19286810319718006,-0.02168327808785424,0.15950887982518686,-0.16197470156443827,0.06399213679848291,-0.0639290123429278
GACCGTCAGGTCGTGA-1,0.020294986855005165,945.0,A,1213.0,441.0,-0.16224370620824907,0.057699978137931596,0.13221032704140617,0.23113132295937314,-0.1050457370650636,0.02729478524750574
GACGAGGCTAATAAAC-1,-0.005032445215090137,2182.0,A,1462.0,1403.0,0.003435914845747866,0.014642105974458211,0.0036470774533842905,0.05797885036548049,0.089368329255689,-0.10223019531335001
GACGCCTGTTGCAGGG-1,0.10980908985360466,7936.0,A,570.0,400.0,0.5822587772825725,0.13951214618269583,-0.13690415436490896,0.07252112036014274,-0.11193045701891685,0.11512761501884933
GACGCTTGCTTCTAAA-1,-0.024850886992511395,6659.0,A,637.0,1004.0,-0.12972369220598307,0.20878407672682625,-0.0656224351065955,0.013618480937640287,-0.20632290703948647,-0.0956015811328601
GACGGTCCTAGGGTGT-1,-0.059655161506425976,1554.0,A,1782.0,1110.0,0.07402200067260375,0.007444960421150268,-0.2871439595426717,-0.1845113143283461,0.015315682446605743,0.03753919219962375
GACTAACACAGCACCT-1,-0.008401037749671991,1012.0,A,1329.0,329.0,0.017948085351740792,0.1612497216250679,0.029063814636250983,-0.05776047237842275,-0.003864835043847839,-0.047589546398152896
GACTAAGATCATGCAC-1,0.03968694575788763,8421.0,A,854.0,667.0,-0.3302528979894938,0.0726439144220897,-0.26702207368296327,0.08229592777368021,0.026577975674559155,0.40441254416261735
GACTAAGTAGGCTCAC-1,-0.0011166519281379586,1699.0,A,726.0,757.0,-0.07521804286885941,-0.042828491381525446,0.07812427074706113,-0.08184450937378991,0.0035950489165214317,0.17971790643201724
GACTACAAAGCGGTGG-1,-0.03049441834020538,4367.0,A,445.0,1251.0,-0.23805635013124574,0.12064123079104472,-0.07006325645679749,-0.07430683691348494,0.06063378899286662,0.05727188251557343
GACTACAATTGCTCGT-1,-0.06892482882027966,1121.0,A,1226.0,329.0,0.18203495026198696,-0.09290252982205564,-0.4037776899752582,0.08805871965398301,-0.1547394998001184,0.14995516822421687
GACTCACCCACGTGAG-1,0.04252377946890541,913.0,A,1538.0,999.0,-0.3049203280763007,-0.10194600545792307,0.6281484174094187,0.4813209323448284,-0.33649460125989283,-0.04575566220353208
GACTCGGTCGGCGGAT-1,-0.003529916020504356,531.0,A,1547.0,350.0,-0.17358299185921539,-0.03725277529977071,0.40232218566300737,-0.0629632480863503,0.015506315934781495,-0.17104608321352177
GACTGATTGGTCACAA-1,-0.022419113106886504,835.0,A,1470.0,351.0,-0.03164612197159963,0.010990412649873459,-0.014072457215149315,0.21285879800431592,-0.18441193091057168,-0.04422487313902461
GACTGCACCAGCCCAG-1,0.10545205305625216,1176.0,A,1204.0,1180.0,0.11114810591220922,0.10420700726272791,0.11894219272597183,0.24293147620318728,0.08297277888836206,-0.04223354644158975
GACTGGGCGCCGCAAC-1,0.04903058759851352,2443.0,A,1380.0,284.0,0.05012258044992344,0.09050629866015454,0.06690662187356905,0.2668103635880228,-0.1012901199441472,-0.01737035084143733
GAGACCCTGCAACGCC-1,-0.12405865433567567,1913.0,A,1599.0,395.0,-0.16032525350669383,-0.07535490387034952,-0.04649183402753225,0.2078541848870708,-0.4123793429857089,-0.16674518121158763
GAGACTGATGGGTAGA-1,-0.285761899161886,3988.0,A,893.0,779.0,-0.1148536669298232,-0.15773720001933964,-0.40692659047088364,-0.22481530579187436,-0.14172769502184263,-0.6641415374753218
GAGAGGGCGCGAGGTT-1,-0.0910584649374237,1435.0,A,689.0,1003.0,0.026116568412508173,0.11818126932246242,0.059992673795927376,0.021761415000665106,-0.4964829101281285,-0.07981546044655503
GAGAGGTGCATTCTGG-1,-0.0509199099418119,2238.0,A,535.0,1138.0,0.11733357884624171,-0.058312742396486664,-0.0803071300183191,-0.11816898569526652,0.07780710849668045,-0.09327258182367895
GAGATCTGTCACTCCG-1,-0.044110892713437475,1017.0,A,1125.0,822.0,0.04613734415529638,-0.15606205896741898,-0.01745158910244164,-0.04361177173034093,-0.18939951350373058,0.2562002575331774
GAGATCTTCCATGACA-1,-0.03734652577953051,1214.0,A,1165.0,1158.0,-0.127702089699101,0.0219967151362516,-0.23371189994523817,0.2566375706195632,-0.0437986535815528,-0.05101287883020325
GAGCACGGCGCCTCTT-1,-0.047181493533074326,586.0,A,1744.0,1088.0,-0.12437224188858166,-0.08189305517881217,-0.026022907694324925,0.0907529123305667,-0.07372421479321753,0.18378538289253737
GAGCATCATCCCTGGG-1,7.904038108389605e-05,2156.0,A,686.0,421.0,0.12389190611675395,0.1870892917051383,-0.1280292026223822,0.02774342718919928,0.09868725243717419,-0.06333570855209987
GAGCCACGGTAGTAGG-1,-0.017031175570550505,7275.0,A,776.0,354.0,-0.11591097426657064,-0.05059733079226881,0.13437130290685897,-0.019744825604831866,0.08472644255469754,-0.3607828591451241
GAGCCAGCTACCTGTG-1,-0.0033815541840813423,723.0,A,1321.0,1336.0,-0.08147250917252799,0.08661725627262522,0.04072638455302141,-0.17001633653874532,0.11127036833714449,0.08654410949752722
GAGCCGAGCGTTTATT-1,0.0051339101191282405,1624.0,A,1548.0,440.0,-0.00025136019578823193,-0.0004944683394282404,0.04146593463202833,-0.02543373368813234,0.20795307214067482,-0.05696752143287109
GAGCGAGGGAGTACCG-1,0.12978749604200635,4066.0,A,918.0,465.0,-0.08240396212403776,0.1621355543297815,0.08131548169625505,0.23235178639464274,0.1171192370762901,0.2107996205062759
GAGCGCAAATACTCCG-1,-0.049560540121981266,1631.0,A,1552.0,1290.0,-0.48403686306059585,0.39268570398251124,-0.009653699615222897,0.06848833541072749,-0.20868389798492984,0.14712707987948467
GAGCGCGCACGAGTAG-1,0.01708391266444584,861.0,A,1372.0,1246.0,0.19348646262506683,0.0011483249787086064,0.08776583054546962,0.2176666248101389,-0.018685090698944723,-0.12161984920066392
GAGCTCTCGGACCTAA-1,-0.09093230400309912,2073.0,A,596.0,489.0,0.14180024352397116,-0.47919137604986634,-0.049081690892619725,0.03392928217686619,-0.009581593525266437,-0.10198142539990555
GAGGAGATCCTCATGC-1,-0.03310185975703324,5822.0,A,274.0,423.0,0.021342304340100288,0.1388850646560877,-0.19793243066571564,-0.2452801023368329,-0.04007937575013815,0.008893812940884517
GAGGATAAACAGTGCT-1,-0.038147577542669786,2478.0,A,1641.0,1044.0,0.029909249049427444,0.105217642830428,-0.3470089344731763,0.2284851457303035,-0.008139665202973085,-0.10135871536425854
GAGGCATTTGCAGCAG-1,0.012595558627400923,3479.0,A,1715.0,506.0,-0.08961338249219777,-0.17044999291863822,-0.055114699859920104,0.10177540823021539,0.32758587255684796,-0.07164207109394306
GAGGCTATCAAAGTCG-1,0.1299975612293897,4254.0,A,521.0,937.0,0.07779104105962008,0.11584902509604508,0.048529155548238945,-0.07987801207797107,0.25513310437699044,0.20044639731082048
GAGGGCATCGCGTATC-1,0.11870886745094418,14532.0,A,596.0,399.0,0.4649570985929864,0.1686389732550288,0.021358624329625077,-0.014993217401263428,0.019930795110069774,-0.05960234467209512
GAGGGCCATAATATTA-1,0.014287998522896292,12173.0,A,1741.0,596.0,-0.16950114322194287,-0.011748876392646587,0.09098195550638227,0.018071051805905153,-0.04117960437881238,-0.04062440100777225
GAGGTACATCCATCTT-1,0.05213668854072021,4266.0,A,1046.0,420.0,-0.18203509164963802,-0.21944601910973088,0.28177246541356216,0.07942578382027012,0.41454761854649613,-0.10108310277380995
GAGGTCCCAAAGATCT-1,-0.022550977407760936,1582.0,A,507.0,557.0,-0.08240467923120959,-0.2740265314805634,-0.022680410542462746,0.07730190285537122,0.05222905588087959,0.1257192443398092
GAGTAAACCGGAAAGT-1,-0.023607898986332438,3367.0,A,1680.0,1290.0,0.5328533027391096,0.12933501572547532,-0.33067987803220555,0.07167039205588657,-0.13390205723633794,-0.15866650354634196
GAGTAAGGCCACGGGA-1,0.15621394138838424,17913.0,A,355.0,1229.0,0.02035258082546018,0.23627997458086905,0.3450418042290893,-0.004474209457912701,-0.09243147445639546,0.1351671495612885
GAGTACGGGTATACAA-1,-0.028410683142023295,2958.0,A,725.0,488.0,0.09087279000864354,-0.038268148095440116,-0.06346626130212192,-0.4721498397560591,0.10608587662056183,0.24193878082536147
GAGTATCAAAGTTACA-1,0.15255488646580628,75577.0,A,1733.0,1424.0,0.28689931963955856,0.15722745580276126,-0.059801662730698216,0.043180943732801014,-0.03730298228313797,0.06218643294665188
GAGTATGCCCGCCTTG-1,-0.03813496536372683,7062.0,A,728.0,1249.0,-0.0049307159459060085,-0.14001446675803145,-0.11530131627003656,-0.06995744246969657,-0.15651386009711726,0.10497230672709347
GAGTGTGCGGTACCCA-1,0.061859702049390036,656.0,A,1307.0,1135.0,0.16895150452668045,-0.07129047015465412,0.10236311723399884,-0.07163382154540143,0.03296334647100122,0.41616714074406663
GAGTTGATGGCAATTT-1,0.04519449009527184,5128.0,A,420.0,1296.0,0.038934701494068004,-0.09637942937586283,0.02028934145068039,-0.011152741126723667,-0.03436451215327474,0.17250206431880483
GATAAATCGGTGGATG-1,0.02801273556459871,2739.0,A,699.0,489.0,-0.01645077794328997,-0.08423760410013847,-0.17730620187464577,0.283920388343902,0.13785829904533295,0.10379596919815559
GATAACTCGCACTGTG-1,0.021284874957200023,682.0,A,1319.0,1023.0,0.277709975628914,0.1344942141053994,0.04677452121598005,0.08547372330729847,-0.012878265920361238,-0.040961920200077453
GATAAGGCAGATGCAA-1,0.13715476219674594,16238.0,A,531.0,377.0,0.42808969460087776,0.3935477339769383,-0.2052096368514248,0.19514971072228698,-0.17804882077726575,0.083880289154668
GATACCGTGTCGGAGT-1,-0.033481890591325454,1008.0,A,1808.0,1065.0,-0.10292475251341865,0.2746268835045945,-0.19072589635795864,-0.08977010487419765,0.07978385569653676,-0.10298741168795483
GATAGGATTAATTACA-1,0.06385922102841696,1445.0,A,1795.0,1043.0,0.13967667089905456,-0.06046834030183947,0.46389828023389945,0.039528198775143436,-0.06456879235968221,0.09845914939769904
GATAGGTGTCCCGGGC-1,-0.05791264964881093,925.0,A,1756.0,1021.0,-0.20918452035620838,-0.0778429998399918,-0.04846200275192337,0.050517879246877756,0.0649539049271606,-0.0459841655955219
GATATCTCATGCAATA-1,-0.022182087322178187,1668.0,A,917.0,420.0,0.13770199980007464,-0.17681920758175024,-0.19142288349060868,0.08698010343031262,-0.27345897876250397,0.3725513426467636
GATATGAGACACTAAC-1,0.011954344290869973,1088.0,A,1216.0,1023.0,0.012376785880105538,0.011076649224136363,-0.116919880626007,0.19072387889356537,-0.021293827675522355,0.1387391528888829
GATATTGAGATTGGCG-1,-0.07616556536699871,789.0,A,1460.0,910.0,-0.08211009234598787,-0.12343386510324336,0.041599699742897664,-0.26765437607603426,0.06894145278731141,0.12323563588602066
GATCCCTTTATACTGC-1,0.056527431604155035,8012.0,A,945.0,778.0,0.09119362656108315,-0.02394271537222023,-0.1661423935019112,-0.17999759036834,0.45224096929325086,-0.17292463850935408
GATCCGAATATAAGTG-1,0.011441652286796751,2502.0,A,1769.0,953.0,0.02864759917568148,0.15736357444379268,-0.4077646223950074,0.06860050633855645,0.082418438149847,0.18884217481061819
GATCCGGGAATTAACA-1,-0.02661885744107731,1669.0,A,1113.0,1024.0,0.0019181516074033914,-0.2833561171115609,0.03109306289119218,0.016681706719991744,0.06846108551274581,0.00920015447419658
GATCCTCGACACTGGC-1,-0.04953569267775193,15113.0,A,587.0,1272.0,-0.3546337286629784,0.041784284437051136,0.05650093032577116,-0.32446475139804376,0.1787421388632181,-0.1886944666254867
GATCGACACTATCTGA-1,-0.10931963494473818,5474.0,A,778.0,757.0,-0.05694450276625823,0.1151161522518108,-0.32759697093156886,-0.34908090336066744,0.2553579729522475,-0.3006135949775411
GATCGCGGGCTCTCCA-1,-0.011251080360658583,11244.0,A,843.0,958.0,-0.42291986913763197,0.034419670340223064,0.17943026657914268,-0.17469026772543317,-0.18278393621143607,0.28934214574640094
GATCGCTACCCGATTT-1,-0.0008009579296512775,904.0,A,1436.0,1268.0,0.1135161516598203,0.13670592250550345,-0.015410043314279333,-0.010921084169770258,-0.05257344983619841,-0.10563710821289961
GATCGGATAGAACCAT-1,-0.016918748571720134,4565.0,A,342.0,1072.0,-0.18855597675921096,-0.06671979662993324,0.04111930507321647,0.11230060108317062,0.028579140885299916,-0.01140155876990072
GATCGGCGATAAGTCG-1,0.10404313444126119,8006.0,A,352.0,602.0,0.19469631039132293,-0.09475403437337043,0.24222377536391995,0.22029311830676856,0.27937972878631845,-0.2821884637277171
GATCGTGACTGATATC-1,-0.10801073876251285,3003.0,A,1100.0,1001.0,-0.05272952225147114,-0.2635791645962294,-0.2275089498129253,-0.01633093838968723,-0.17285906893813957,0.019246007143417457
GATCTCGACGCTGTGG-1,-0.03451839812555111,1340.0,A,1693.0,1267.0,-0.4667913963123907,0.10277643468044671,0.1754394026084982,-0.13984330383523189,0.005695443354556535,0.3667499454120064
GATCTTCATTGTCCTC-1,-0.05022810642417584,7801.0,A,288.0,580.0,-0.09733384563539255,-0.025108858657369455,-0.12217091180561446,-0.021263775025296333,-0.19925191055982702,0.04218363240171989
GATCTTTGCTCAAAGA-1,0.10350954743623177,5076.0,A,1715.0,417.0,0.08068720176380538,0.05042995103797957,0.09758715605234876,0.018218233756310542,0.023762274763440568,0.16347096015331813
GATGCTACAAGCGCCT-1,0.061087307932167226,6087.0,A,828.0,533.0,0.009452551455207348,0.1205953478370688,0.031758045168257996,0.3565857479352987,-0.2063752272837557,-0.19316203707295515
GATGCTGTATTTCATC-1,-0.04886614995062231,1518.0,A,1139.0,1113.0,0.10764936636004804,-0.035555256331231695,0.0005497353996830427,-0.10769980286909411,-0.17692223820446606,0.024693539572606855
GATGGCGCACACATTA-1,-0.013070017374310988,4257.0,A,545.0,579.0,0.22328878776021163,-0.05251740567860085,0.2441000162794168,-0.28519481537260216,-0.18833956988375528,-0.026156723368946574
GATGGTGCCCTAGGCA-1,-0.033391495457888457,1766.0,A,1175.0,374.0,0.027038881780401387,-0.012414090957633595,0.12479121423359152,-0.18747093021566816,-0.2322100393646754,0.07733710494276949
GATGTAACGAACCACC-1,0.031231118904054028,4044.0,A,446.0,1295.0,0.2638735527730824,-0.09133065307887667,0.16776540383453425,0.0025448996361179567,-0.0022516803279332594,-0.13666728099155762
GATGTCGGTCAACTGC-1,0.07369829972260503,1676.0,A,1110.0,352.0,-0.09088227596277079,0.12060356280646721,0.38369772800590424,-0.09050383316825589,0.098160899163727,0.07632587461987775
GATGTTTGTGCGAGAT-1,-0.10998652840243217,3222.0,A,558.0,601.0,-0.046667544562482455,-0.5995648168741015,0.27295913271844985,0.061813343373859755,-0.2846652590300781,0.09999179897867365
GATTAACCGAAAGCCC-1,-0.046875374414417983,1020.0,A,1372.0,1381.0,-0.19193962869957704,0.026372987111705992,-0.017503521170008102,0.16397697467469644,0.0808367802759496,-0.10116880968006323
GATTCCCTTGTCGCAG-1,-0.009110398721120821,9941.0,A,1035.0,711.0,-0.12755515719477012,-0.0939752169574041,-0.06400525412328074,0.10045454861363988,-0.05134278980856702,-0.06690363517677698
GCAAACCCTACATTAT-1,-0.045609733763114564,2550.0,A,1230.0,1225.0,-0.22504562912173715,0.28348883153985344,-0.4647383951369095,0.43683065873416355,0.02403437419943507,-0.14377008969860655
GCAAACGTCGCCAGGT-1,0.12475799418230879,2357.0,A,1680.0,1200.0,0.5302874819613639,0.2690210209374172,-0.10022743761045896,0.17725471566000817,-0.08116577708102914,0.19814918003492488
GCAACACACTAGAACT-1,0.18468572922959478,11815.0,A,381.0,1184.0,0.21284662418116151,-0.06080756340055615,0.2493004354567256,0.11536037455688938,0.13810825006388588,0.17209796458264506
GCAACAGCAGTATGCG-1,-0.0039422747044356166,799.0,A,1538.0,1178.0,0.03547595505412829,-0.05407681734326082,0.15793863253537244,0.10725140281641377,-0.17058050427447705,-0.013880992236382884
GCAACCACCAGACCGG-1,-0.20062023585245164,835.0,A,1355.0,463.0,-0.3171087814071906,-0.6863965009316965,-0.014072457215149315,0.09193776188025049,-0.16525054594355254,0.0313052596370693
GCAACCACGGCCGCGT-1,-0.019808708946715756,1906.0,A,548.0,1116.0,-0.012644065737575098,0.21800113578516703,-0.019707746279229298,-0.19429272045135593,-0.06790410812652353,0.08753477794010187
GCAACGGCTAGTTATG-1,-0.1729131890867498,1302.0,A,1628.0,1111.0,-0.29471586316678167,-0.16058686054252952,0.13789347086218923,-0.30129877352255885,-0.22969067336249843,-0.018956768126650356
GCAAGATGTGTTCGCG-1,-0.07411625709996691,588.0,A,1522.0,395.0,0.3840376836460947,-0.3191451752274715,0.3316009369976621,-0.06712434063105896,-0.1881700402103798,-0.10365878789982595
GCAAGTGCACAGAGAA-1,0.2452660599996545,4235.0,A,713.0,690.0,0.1160605244387184,0.09102874142441325,0.21229802721010244,0.17653426749354906,0.4806535433509449,0.30958212513760786
GCACAAACGAGGCGTG-1,0.06677407024215487,3729.0,A,1641.0,1178.0,0.2580797028765683,0.036843455321281415,0.05592098660547683,0.27774423654237224,-0.1409047988666447,0.0953768666401258
GCACAAGTGGATCATA-1,-0.2124604342415307,2698.0,A,249.0,513.0,0.026511674353897556,-0.20244469948378352,0.14879222644812326,-0.8096709843169043,-0.16671739736611565,-0.22670474029135218
GCACAAGTGTCGGAAG-1,-0.04817953589144583,1913.0,A,994.0,375.0,0.27258501697549564,0.025952474911361302,0.46952270510811533,-0.07373230239578543,-0.023956018449288602,-0.7111421864493199
GCACACACTGGTAGCC-1,-0.1527042777587869,736.0,A,1385.0,1403.0,-0.08732913089160779,-0.14697765621103726,0.45404485170707376,-0.19014645334184496,-0.6500677620243324,-0.04215672966540339
GCACTAGTCGCGCTAT-1,0.07955326245670248,3770.0,A,725.0,444.0,0.17633145224660204,0.012545495972410723,0.33765306921784005,0.010947584746321112,-0.05130698823299738,-0.012254853660695977
GCACTGTGCAAATGTA-1,0.13886688059293578,10572.0,A,596.0,355.0,0.12566894349973334,0.43454268750079234,0.0482477228627153,0.02997555388509239,0.14714349296945367,0.018748185348540135
GCAGAAACGTAATCCA-1,-0.06098059570453793,14055.0,A,1740.0,327.0,-0.2529465419651313,-0.02372029573299851,0.07560989335292226,-0.3172074248876787,-0.1459031077517065,-0.09716686115867304
GCAGAAGGTAATCTCC-1,-0.008706417792425113,3827.0,A,1745.0,1267.0,0.2644843319487038,-0.09478443657280658,0.03270584082243917,-0.012468743976668223,-0.22124924728690154,-0.0452657073153262
GCAGACCCAGCACGTA-1,0.020851371787336724,981.0,A,1499.0,1022.0,-0.01620505351552562,-0.10702490676542263,-0.04686819607022055,0.28149797988717207,0.10159631400195399,0.046230570922336366
GCAGATCCATAAGACT-1,-0.09867153294928452,1425.0,A,1269.0,1292.0,0.17183932598712673,-0.056491689475235626,0.04684314033755496,-0.19513855530085483,-0.12365780198212174,-0.016765029923513093
GCAGCACACAGCCCAG-1,-0.30981396748155765,2554.0,A,714.0,1003.0,-0.5262709509510282,-0.33985210942286903,-0.12824119385465096,-0.09858596139320301,-0.15182107314781443,-0.5853631530323126
GCAGCCTATATCACAT-1,-0.13861508024003052,3024.0,A,1627.0,932.0,0.08078186380703775,-0.13063462664950057,-0.2125762833109055,-0.08874967752098516,-0.14824060810076056,-0.2740406479937172
GCAGCTATGGACAGGT-1,0.03708390546007085,1267.0,A,1625.0,439.0,0.29076249440961655,-0.008944129386142627,0.1576519009067748,-0.2844038035341214,-0.109079018132191,0.1984985772078696
GCAGGAACTTAGATCT-1,0.02526006324272259,8253.0,A,369.0,1341.0,-0.030821402905390913,-0.12182481647046452,0.034618419819113365,0.11543484905169635,-0.07611228400233708,0.06386761796334538
GCAGTGCGGGCGGATG-1,0.005132810210213251,45832.0,A,1797.0,1401.0,-0.14099301425322802,-0.20626707642426673,-0.08930951789741329,0.05972219313973845,-0.037347676262919016,-0.1592866859373507
GCAGTTCGATCCGAGC-1,0.18991405939624878,29743.0,A,1694.0,1401.0,0.30850669938845565,0.19214315140626348,0.11754309384880712,0.22292428006847975,0.01724467129088436,0.027913874363864277
GCATACGAGGTCTTTA-1,0.023186545507180023,12194.0,A,354.0,1005.0,0.010203313106299697,-0.28769608419258713,-0.24707502718579813,0.3038829727990193,0.02573917691292464,0.002208530987140779
GCATCCCTAACTTTGA-1,0.1158133626273885,3090.0,A,712.0,511.0,0.3231064633935745,0.20249492207888045,-0.06491834068938682,0.14047532149735073,0.09715901046037909,0.12526002204828232
GCATCGGCCGTGTAGG-1,-0.0054921087175512084,86.0,A,1500.0,1246.0,-0.03544791399980704,-0.07428693761879668,0.01103857987053606,0.004636996854056108,0.020213042936866016,0.2978356822911899
GCATTGTAATTCATAT-1,0.09527848656878758,4984.0,A,445.0,1072.0,0.35166336599475617,0.36250321949986597,-0.06892509236785699,0.08928073655091294,-0.011690515773822588,-0.07077682849189348
GCCACTCAGAGCGCGA-1,0.01055019899766979,1423.0,A,1398.0,1470.0,0.14822782834232032,-0.01334743940249715,0.07361148952019195,0.1252493746794345,-0.12279241719204192,0.09718165015977563
GCCACTCCTTACGGTA-1,0.2409074624511121,11297.0,A,1707.0,1379.0,0.7388693038749609,-0.025363494243315673,0.3561341184145642,0.1268357080281723,0.09544896883777061,0.04963987408675057
GCCAGGCGTTCGCATG-1,-0.05531526172693321,523.0,A,1316.0,351.0,0.05473813849329121,0.19075322572828915,0.06997614451569992,-0.06234709803990146,-0.06838891049794757,-0.2213739380935755
GCCATTAGCCTCAAAC-1,0.15228248509565567,8733.0,A,343.0,1385.0,0.12631672296131335,-0.03654465961991127,0.35395953329798985,0.17385579205810014,-0.0427980541408951,0.07676158249147566
GCCCACCAAGGCTGTC-1,0.14671155694693974,15185.0,A,660.0,422.0,0.19704320709971984,0.04075097909762772,-0.0059782901906489105,0.280841749671678,0.0015626686800176426,0.17571659662199465
GCCCAGATGCTGGAGA-1,-0.030764342590954577,867.0,A,1730.0,976.0,-0.0374138369349674,-0.12201584107758531,-0.014702137148809642,-0.08332928867560543,0.003232671169737557,0.15436812653046422
GCCCAGTTGGTATGCC-1,-0.1049623631037784,3058.0,A,661.0,645.0,0.026665726022910227,-0.2172838978632646,-0.2555333513148629,-0.22377209689873567,-0.15938256724064107,0.2233125366738984
GCCCGACTTCTTCCCG-1,0.04892663159064414,3411.0,A,497.0,1250.0,-0.2780871299871494,0.2739732820327369,0.32065225541379655,-0.11864900735996972,0.020807830351750187,-0.16844256551540895
GCCCGCGCGTAAACGG-1,-0.07589019217154266,10626.0,A,703.0,1249.0,-0.16248464078037317,-0.054368331249503715,-0.0869522945331127,0.11763739858549493,-0.14916203160120284,-0.3690038260978991
GCCCGCGCGTTTGACA-1,-0.1250724342618935,4432.0,A,687.0,600.0,-0.15196482692726626,-0.05261969761110355,-0.5419341327248911,-0.17867349263686344,0.0025452854193030207,0.04669933548482214
GCCCTAGCCGTCGCGA-1,-0.0023396985982950397,9348.0,A,382.0,1363.0,-0.21849172620869595,-0.22833021556314487,-0.07073912657203449,-0.01685162741645932,0.14975305957349336,0.11284492799045939
GCCGCACTCCGTTTCA-1,0.017251895511476795,618.0,A,1731.0,1110.0,-0.020032132745893258,-0.06521919999555323,-0.009284952341515777,0.0432834162438913,0.3000557454714685,-0.03947702106768558
GCCGCATTAGTCCGGC-1,0.025387632602636545,3640.0,A,393.0,938.0,0.345757656411882,-0.06892222159000505,-0.051206295658322236,0.0986918063304086,-0.20861614947171067,0.0765340066605824
GCCGTGGAAGAAATGT-1,0.07750422327139211,3080.0,A,1653.0,1021.0,0.15876835409868917,0.4050126375195336,-0.1475545416945487,0.11460300919367654,0.10662150696800894,-0.12942578023553952
GCCTAGCGATCTGACC-1,0.014301060405571178,4035.0,A,713.0,600.0,0.38276167585923687,0.4098441915372569,0.045832480850916395,-0.01946989595457433,-0.27197022419856515,-0.5076595993746186
GCCTATTCCGATATAG-1,-0.16702392896402385,2178.0,A,559.0,691.0,-0.07324265068254701,0.06688806311907977,-0.1657662353442126,0.01108849181444534,-0.7348402831980188,-0.012852894328742509
GCCTCATCTGGAAATA-1,-0.04715116509964678,928.0,A,1396.0,1067.0,0.053708966612184716,0.06066844148320418,-0.32975170164078005,0.069013161412814,-0.1776664350362034,0.12416267395603715
GCCTGCTACACTGAGA-1,-0.014825087833146872,475.0,A,1534.0,328.0,0.08820519152346673,-0.15533426020148478,-0.0054645878226057265,0.06386310476238093,0.09802089252153919,-0.035844091875911956
GCCTTCAGCCCTACCG-1,-0.2320520668919357,1733.0,A,815.0,510.0,0.06961533277119172,0.18224726011678785,-0.13986635248279644,-0.05149274091964362,-1.2111206884037076,-0.1151607965350025
GCCTTGTATATGCAGT-1,0.15524228060039236,3377.0,A,365.0,535.0,-0.01620761515966746,-0.10479308829812875,0.24671294985735356,0.15384799313689862,0.18991109341127188,0.31631635433395405
GCGAAACGATCGGGAG-1,-0.05681446132365356,1186.0,A,1462.0,1358.0,-0.1262993247096124,-0.42726771673398417,-0.04990303140157785,0.18799012594973127,0.19706255215043572,-0.06397617870845791
GCGAAACTTAACTGGA-1,-0.006701830585284618,893.0,A,1230.0,1135.0,-0.01590679225221356,-0.01705353429123329,-0.02600584605658878,0.026087920748672916,0.08466788852088808,0.08335392892184429
GCGACATGTAAACATC-1,0.029136708536502853,1297.0,A,1550.0,977.0,0.4600110219105024,0.11912386043935136,0.24946485146367642,-0.058454718563267956,-0.044034909657113666,-0.10091326534038919
GCGAGAGTTGCGTCCA-1,0.029565389182848047,10364.0,A,1550.0,887.0,-0.054771920191694135,0.29957951462152416,-0.09372426072064267,-0.07869043462299952,-0.10309858348223794,0.005013268295139817
GCGAGCGCATGCTCCC-1,-0.02142218431442476,1147.0,A,1576.0,977.0,0.027006489390837073,-0.15544442273041528,0.5217301174275915,-0.1410159850861508,0.0434785683807406,-0.18950746181136086
GCGAGGCCCGAGCAGA-1,-0.046273826301632646,5062.0,A,779.0,981.0,0.07941646462974639,-0.03726375211073663,-0.10852239854000345,-0.4036015712915717,0.1808850824668864,-0.15034816289196445
GCGATTCTGGAAGCAG-1,-0.0049225115530767555,2175.0,A,1123.0,375.0,0.06926544500990107,0.07925221897519519,-0.3810126978713743,0.010209086647674536,0.07380579381016879,0.08197956859924886
GCGATTGTTAACGTTA-1,-0.1346449379119782,1159.0,A,1164.0,979.0,-0.05904238506976171,-0.06364263601470493,-0.0809156403129469,-0.03169565697453112,-0.1665182526494429,-0.14156520817986618
GCGCAAGAGCGCGCTG-1,0.041098817365163035,593.0,A,1461.0,1044.0,0.3393076194129438,0.09376831556483377,-0.00866290053914166,-0.06747165198448969,-0.06497010925338118,0.05970739378399341
GCGCCTCCCACTCCGA-1,0.026102191865311472,888.0,A,1590.0,1223.0,0.08647827310300411,-6.859102721651356e-05,0.20057561866900506,-0.009672345876896339,-0.18790399738123437,0.13425574627415982
GCGCTAATTGAATAGA-1,0.053572478872225424,5022.0,A,1074.0,912.0,-0.15770265699317118,0.05442671619429232,0.07439290460848508,0.0294191323763991,0.0251926211361468,0.16276923560818718
GCGCTCGATCACCTGT-1,-0.11674718949284296,1342.0,A,1783.0,1155.0,0.1365871215843933,0.2942489608354965,-0.022528378447754075,-0.10223720308011994,-0.18322781177647082,-0.6918048470169882
GCGCTTAAATAATTGG-1,-0.015887925643948114,1233.0,A,1321.0,1426.0,0.20733624202003462,0.031892956603883894,0.025300346425613192,-0.011487640862106206,-0.04754835256262627,-0.05131572371758248
GCGGAGAGGGAGAACG-1,-0.06189543661286563,1080.0,A,1178.0,1180.0,-0.0593849550775763,0.07352294364174737,-0.0326284316086402,0.05241398752518063,-0.013822003348207185,-0.22572937171765955
GCGGCTCTGACGTACC-1,0.03697760871086685,1519.0,A,663.0,1003.0,-0.142177863989708,0.3110147609201593,0.1976356661469303,0.0981102756753621,-0.35937444787559064,0.119067796017351
GCGGGAACCAGGCCCT-1,0.03641352144308088,5348.0,A,790.0,555.0,0.251617389131328,-0.02507443007742516,-0.13920731696104907,0.2454514582668601,0.1505553225832787,-0.24460129279391096
GCGGTCCCGGTGAAGG-1,-0.016899559333581973,2943.0,A,1703.0,529.0,-0.11928320205499457,-0.030380673739733147,-0.08736247987897755,0.26046466375187577,-0.18621787703432116,-0.020325583296865145
GCGGTCCCTAGACGCA-1,0.106361259916932,1831.0,A,750.0,444.0,0.11759483581570448,0.11068138379828864,0.1178282118942745,0.15857072378417253,0.30031411591312585,-0.219233968180758
GCGGTTCCCTATCATG-1,-0.07551551244232729,1705.0,A,805.0,1204.0,-0.2422610693259519,0.009033804316960298,0.025898557065398328,-0.15489917745499007,0.0746871453818188,0.025909670498175323
GCGTAAATGGCCATAA-1,-0.15014459058191676,1267.0,A,1486.0,910.0,-0.14009602315088546,-0.06394872109392703,-0.25861180206167816,-0.1352192436350033,-0.1823543750153715,-0.05185025551453369
GCGTCGAAATGTCGGT-1,0.04441665852714653,1505.0,A,1008.0,532.0,-0.13973816067931488,0.11090999061297396,0.023147040400391092,0.23632367248229508,-0.09305133790658084,0.20689137119137038
GCGTCTCTGCATTGGG-1,0.04424461317030424,2385.0,A,702.0,1026.0,0.11825330135377754,0.007706422631096114,0.03514150040763264,0.18138479165811025,-0.1592550897726965,0.08617132164505997
GCGTGGTACTGGGTTA-1,-0.06058675958308558,687.0,A,1396.0,933.0,0.13504427021298593,0.0037488541060852892,0.11122738657239972,-0.15079891747376165,-0.07176601015959433,-0.27013338634297795
GCGTTCGGAGACCGGG-1,-0.04618901540414359,4076.0,A,1497.0,574.0,0.07085198804987364,-0.1426271181572349,0.012016583856489604,-0.4466627180722731,0.11684001978422687,-0.008254320219979624
GCGTTCTGACTAAGCG-1,0.11494983150456231,24446.0,A,1810.0,1423.0,0.150602990070607,0.08188530184323979,0.06239067061835741,0.2223332796372281,-0.049631167260845835,-0.013381088446244735
GCTAAACCTGAGGTGA-1,0.03006757084912129,9901.0,A,468.0,669.0,0.01667546664818162,-0.24752169674778088,-0.06018282445537307,-0.08766123449869911,0.2091158650444383,0.14370481045301706
GCTAACTGAAGTCTGA-1,-0.07141278486381408,1720.0,A,1308.0,1448.0,-0.15322213235589588,-0.19483921527124,-0.027393291429932472,-0.19983483571222427,-0.15967338603068856,0.3156586832025931
GCTAAGTAGTTTCTCT-1,-0.010780591386930036,1144.0,A,1203.0,911.0,-0.17519314236103412,0.03207404048937629,-0.01955958871373568,0.17296902124562483,0.021260662373170362,0.021593692125741186
GCTAATACCGAATGCC-1,0.0998361034156447,4403.0,A,777.0,622.0,-0.12318456073904571,0.37885147653228435,-0.030023790964795453,0.12498512964106943,0.21714062484108462,-0.03510753773414384
GCTACAGTACGGACCG-1,0.1228319073654898,4861.0,A,355.0,1050.0,-0.036575786251521296,-0.03126287057404811,0.18814041787427993,-0.012787454642088057,0.5958615574333946,0.05134939638311704
GCTACTATAGTAGAGT-1,-0.024851906902453542,1353.0,A,1385.0,1269.0,0.10722765839649986,0.10173585055996387,0.12300705903271789,-0.07032000078031742,-0.16619880063926712,-0.06231991469189966
GCTAGACCGTCTACTG-1,0.0886892501388041,740.0,A,1512.0,1089.0,-0.08032430369103107,0.4322003001416338,0.023722481045435766,-0.011017292485226558,0.11612214010289033,0.23443388994522604
GCTAGAGTAGAGATGT-1,0.05524581844666173,1485.0,A,1411.0,1403.0,0.1611245046538155,0.24829777951700077,0.0908433583184206,0.037123447056387225,0.14537581996076904,-0.07642101826329802
GCTAGCACCTGGGCCA-1,0.03777792145837411,769.0,A,1731.0,1021.0,0.0654947751922034,0.551246571254798,0.09189553390951244,-0.44131988398618094,-0.2310429170723134,0.3585388281197414
GCTAGCAGGGAGTGGG-1,0.040296878371486974,1920.0,A,1471.0,485.0,0.22107938201691532,-0.0301270432018459,-0.04385578598184158,0.26560839294939625,-0.1121026704616797,-0.020191566620390268
GCTAGGCACCACGGAG-1,0.021133234127765826,1527.0,A,1256.0,1359.0,0.10951000047991433,0.11028744827659534,0.017280673449595562,0.01237939218071386,0.14572346321448437,-0.10440861985803976
GCTAGTTTCATTGAGG-1,0.06450984178843719,2654.0,A,648.0,534.0,0.08653284916473092,0.04501338491786046,-0.015711403058638176,0.23592252803959887,0.027037776777953985,0.03475496978721294
GCTATACGTCTCGGAC-1,0.05067816229827271,737.0,A,1308.0,1314.0,-0.1541446014515625,0.6483994612699411,0.0660411824520328,0.03067590269362204,-0.2804578277683607,0.23623886612230405
GCTATCATACTCATGG-1,-0.0004819133143721399,1967.0,A,1179.0,1359.0,0.09167587093376288,-0.059838316424039376,0.020348700494341444,0.03679171798241067,0.1788205563718194,0.010201697128653242
GCTATCGCGGCGCAAC-1,0.015328932315469807,4965.0,A,481.0,601.0,-0.14340389278731022,-0.08098870982524725,0.05740314089636751,-0.1757992311438886,0.14098673542057696,0.17081402707862897
GCTCAACCTCTTAGAG-1,0.03211251718547781,7706.0,A,288.0,535.0,-0.18473895603919513,-0.18713520642754672,0.07593552232838133,-0.09603011493164473,-0.10375322419764464,0.45937716817069313
GCTCATTACTGCATGT-1,0.014891334159822925,731.0,A,1368.0,441.0,0.10606405178578684,0.15580167683790536,-0.011901249135935363,0.2692550430363561,-0.2119090653169846,-0.042048191799965745
GCTCCATGAGTGCAGA-1,0.09678315937213022,47501.0,A,1784.0,1423.0,0.19194396736151953,0.08153212141670006,-0.13352294314760604,0.06170709905958366,-0.07744182854243183,0.015903752277596286
GCTCCCAGTCGGTCCA-1,-0.12157071859258667,553.0,A,1577.0,1111.0,-0.1304767453438891,-0.17201759058347124,-0.22998244081131483,-0.024296068157962453,0.02166274022049712,-0.0378838807814109
GCTCCGCTCGCTTCAG-1,-0.013943487645332958,810.0,A,1615.0,1088.0,-0.13137734080585503,0.22520416496156903,0.03683047803074024,0.03420099500483338,-0.02035041736464107,-0.04371654650204369
GCTCGCTCATGTCCAA-1,-0.0033874408363105124,807.0,A,1448.0,1067.0,0.059481150411469126,-0.0010439870885489144,-0.013507400886558673,-0.016634086094014053,0.13184577277428505,-0.09522889632627603
GCTCTAAACCCTGACG-1,0.11415614489462238,3025.0,A,919.0,689.0,-0.0810629795461528,0.4271318342235898,0.5394078563976417,-0.03631158598224324,-0.3803272663628817,0.17059131037191844
GCTCTATGTTACGTGC-1,-0.05439718502734016,1139.0,A,687.0,735.0,-0.10281972356632141,-0.07331520252163268,-0.019479897881928963,-0.0950551039073393,0.1427988103726837,-0.049786973878932037
GCTCTCGGGTACCGAA-1,-0.11476637896436837,3448.0,A,919.0,734.0,-0.25656135554399523,-0.2888781218385002,0.12976853569444313,0.11230279338398576,-0.19914267285916887,-0.20839378810060266
GCTGAACTCTCCAGGG-1,0.019399649379936712,592.0,A,1718.0,1043.0,-0.05715726356232098,0.1108130694496461,-0.10289179543127505,0.17596916684547464,0.13715451602836376,-0.03885060358043633
GCTGAGCAACGGTTCT-1,0.0478437384128548,8193.0,A,262.0,580.0,-0.3145659605722936,0.15642127750229382,-0.13902932976056437,0.06573510810318553,0.2472951719572537,0.09101366667527111
GCTGCACGGTTTCTTA-1,0.05144173661214413,1033.0,A,1113.0,1068.0,-0.0777067290091118,-0.02677589654087842,-0.01772729678773684,0.27112908075405745,0.09841505012682963,0.19331881688470964
GCTGCTACTGCGTAGC-1,0.1314791392405642,2953.0,A,1140.0,1292.0,0.18515145808921524,0.43826392788347956,0.02694545639978852,0.0910378591699913,0.19300933346120172,0.04126101787762991
GCTGGACCCAAAGTGG-1,-0.04209933598614206,1981.0,A,1535.0,462.0,-0.020418786259676254,-0.2653632560982346,-0.10894016493194596,-0.06394601656591636,-0.0013953166131056242,0.19228376643907422
GCTGGTGACTCGTAGT-1,0.026787360728788265,2246.0,A,1676.0,394.0,0.18730670770628932,0.045417634477496395,-0.032962931164599946,0.2458169548049391,-0.23454085962581175,-0.03413505275476485
GCTGTTGCTACCGAAC-1,-0.21893422240199398,951.0,A,1396.0,1022.0,-0.1938128527196893,-0.3684785738505105,-0.23585170937098396,-0.2478294854365513,-0.0960918625016006,-0.04647320551315086
GCTTAATGTAACTAAC-1,0.05508635798694835,1136.0,A,1255.0,1090.0,0.33576917587821337,0.10149507912559644,-0.019431960944951275,0.24689181063984,0.059723443606552025,-0.14984490404987588
GCTTACGTAGTTAGTA-1,-0.03285890282663855,1655.0,A,1615.0,954.0,0.11680256177920777,-0.11321171998150406,-0.042915752583135534,-0.25505516548439516,0.19306603974804135,-0.08132008358869196
GCTTAGGGAAGCGGTA-1,0.09175060011177745,11207.0,A,1766.0,416.0,-0.0896229204360478,-0.04019488568769787,0.2770168884327848,0.13257455373506927,-0.07278838770855975,0.03356657860124578
GCTTATGAAGCAGGAA-1,0.1569099439315692,949.0,A,1319.0,933.0,0.11936812658061621,0.10310851822789538,0.3605842792281818,0.4445989594654707,0.046417259390397286,0.12378588567225227
GCTTCAGTGGGATTAC-1,0.010337906917346595,576.0,A,1624.0,305.0,-0.13282399606379575,0.05165741278785821,0.03637367243480315,-0.06627972479411572,0.08676111320172045,0.20481470749144262
GCTTGATGATAATCAG-1,-0.1727872107008947,3556.0,A,636.0,645.0,-0.09105416339535022,-0.295838178445968,-0.22363143455204856,0.014947235851087946,-0.14372569533629695,-0.3553447298842855
GCTTGCAGCACAATTG-1,-0.08557909987902239,6499.0,A,1677.0,573.0,0.049911234882541705,-0.31163494943635656,-0.047850384617988614,0.04616447227554273,-0.16161215474976393,-0.13904749463310226
GCTTTCAGAGGAGGTG-1,-0.06684655120867242,700.0,A,1396.0,888.0,-0.05837309009147783,-0.1778126457837906,0.04182617121888453,-0.08104512084198129,0.031186555877387917,-0.041365821791175414
GGAACCGTGTAAATTG-1,0.10240071037524687,9086.0,A,780.0,1249.0,0.09983940204744447,0.06758622926075285,0.036315901168733164,0.42022639329719463,-0.14557014696017118,-0.07060713768281134
GGAACTTTGGCGATTA-1,0.1328259463892623,943.0,A,1591.0,1491.0,0.20792807599144925,-0.03474169448683935,0.053240412205860524,0.12832815440441606,0.34569994236703644,0.024821590522720285
GGAAGCTCGCTTACAG-1,-0.03247840696837613,432.0,A,1239.0,396.0,-0.12432165019951849,0.15889424481893316,-0.004170954403119806,-0.26324763379211746,-0.05935326071487529,0.2391007592104653
GGAATGCGCTAGCGTG-1,0.07991273505947176,1655.0,A,1228.0,866.0,0.08710724661499614,0.09747444137185977,-0.10728579332615681,0.07268897487230877,0.31940502176139557,0.04985338909760318
GGACACAAGTTTACAC-1,-0.03165130105260178,966.0,A,1603.0,1200.0,-0.06564252778548564,-0.0531111452120576,-0.11589147615866147,-0.08794232267688473,0.06997934389859953,0.13272732051676187
GGACGGCTTGCGCAAC-1,-0.0629018067027711,598.0,A,1470.0,306.0,0.05004876192828231,0.09670055362343764,-0.008788701331261431,-0.13070963740867092,-0.07467187547581418,-0.038996409824155275
GGACGTCCATAGTTGG-1,0.038177806099905176,3696.0,A,1664.0,462.0,-0.056118292870360575,-0.07482677030361042,-0.04429946110875672,0.38579384148722096,-0.1538505485030174,0.1347128574091374
GGACTCACAAATTAGG-1,0.0755625178361318,2305.0,A,1732.0,1245.0,-0.011049905027650703,0.11600156852257974,-0.08531492219242028,0.12471829771711565,0.45515516729494343,-0.021901650594725854
GGACTCGAAGCTTTCA-1,0.017074550215842192,5746.0,A,1771.0,1491.0,0.06541190318449303,0.04121593894212701,0.0817614353375721,-0.034487310032137716,-0.05658409580730204,-0.02181888102159439
GGACTCTTCCGGTTGA-1,0.14906832774484075,52516.0,A,1758.0,1424.0,0.17523996440003048,0.09167725762386095,0.04946431314649802,0.16163201632197846,0.018492635328551763,0.025796252911277073
GGAGAAGTCATTGGCA-1,0.11807053491818738,5599.0,A,700.0,668.0,-0.02342384499615844,0.01136161951554994,0.3450240550638165,-0.041285525094398055,0.3145295433896591,-0.11215213996857763
GGAGACCATCTACATA-1,-0.009055352207507389,18735.0,A,278.0,1274.0,-0.0033357134913584163,-0.03907372218562219,-0.13381135090999108,-0.0968148650242773,-0.0725768604606577,-0.014992952511524126
GGAGCAACATTTCAAG-1,0.0418904659887694,1143.0,A,1501.0,1425.0,0.07221974091314774,-0.03186138492813591,-0.03720733053534239,-0.0952075677119956,0.24340652537944188,0.03220847742836348
GGAGGATTGAAAGGAG-1,-0.049147046803731,1394.0,A,1110.0,308.0,0.2550227293771809,-0.13245342014544464,-0.03908942608399901,-0.39466017405844916,0.241684249474929,-0.08341816686184383
GGAGGCCGAAGTCGTC-1,0.003417826222652404,2964.0,A,1666.0,1043.0,0.4442671058821965,0.12821535994429153,0.0336881496406403,0.023424392284414276,-0.18046782700188743,-0.24520645459945825
GGAGGGCTTGGTTGGC-1,-0.055667581447207064,1496.0,A,1177.0,867.0,0.10548411723239409,0.00040343894525042556,-0.11770772033526254,0.17576344888398235,-0.21329428502735542,-0.07925851023612723
GGAGGGTCAAGTAAGA-1,-0.012445292383726912,1392.0,A,1643.0,1536.0,0.076662478876694,-0.12330665405652351,-0.02681574693986294,0.47165616128398513,0.002812060505314809,-0.27526977349252635
GGAGTGCCGCCCTGGA-1,-0.025857789818007924,3411.0,A,854.0,577.0,-0.14770654514035536,-0.04446379707963987,0.06761666229678949,-0.15175260571633067,-0.023651464778533315,0.08008402250708493
GGATCATCCCGTACGC-1,-0.016719441470151947,3503.0,A,1471.0,530.0,-0.009395044380388805,-0.023329531050289967,-0.0405977334007294,-0.212586548112077,-0.06204622149354903,0.13799356726090464
GGATCCGGAATATACT-1,0.08053830771907763,1223.0,A,1228.0,911.0,-0.010541035168285223,-0.006679315549666234,0.1000971421468374,0.20963223041363518,0.13408990552394487,0.13896160792593512
GGATCTTGACTCAACC-1,0.14373452342686038,8465.0,A,394.0,1296.0,-0.0691785727801694,0.20089176690560223,0.24311211056145252,0.03780340233889336,0.028076246514226563,0.16981493588435306
GGATGAAGATCGCTGA-1,-0.09863665874389971,716.0,A,1384.0,1090.0,-0.06262246727321055,0.20458842608231215,-0.2654787024788089,-0.15824195109239145,-0.0830480325230383,-0.22359508167757766
GGATGACGCGAGTTTA-1,0.06565910361252265,2460.0,A,753.0,981.0,0.099285903359362,0.003301434490579952,-0.18130246459397906,-0.16542937625857612,0.3760937266174535,0.18576250464466418
GGATGCTGGCGTTCCT-1,0.161318868014174,4136.0,A,419.0,1027.0,0.48097350071432154,0.06792172378974337,-0.1656726926783572,0.290142304388799,0.013630163579428384,0.284585483311804
GGATGTCCTTACCGCA-1,-0.004375042008704519,974.0,A,1344.0,933.0,0.4806943631204095,-0.22505004453001956,0.26827254602888156,-0.08431063287115503,-0.14361116545089375,0.03120983874980226
GGATTAAGCTAAGGTC-1,-0.04927647954786998,1810.0,A,1290.0,307.0,-0.18911319489415007,0.02779467069580717,-0.050832739038015246,-0.23909625842989501,-0.007797629834025177,0.16127618805709001
GGATTCAGTACGGTGG-1,0.11107391347517151,2097.0,A,597.0,579.0,-0.02631453596539927,-0.0640813226255761,0.2638158790216982,-0.10594020967901563,0.5307182850175463,0.08230319024999341
GGCACTCAGCCGACCC-1,0.07072577916572317,16114.0,A,1758.0,1379.0,0.04160921858676567,0.025733234182850895,-0.19305890857663663,0.21675139632907414,0.15042083058723443,-0.024513290903487295
GGCAGCAAACCTATGC-1,-0.0226375551496436,1426.0,A,1500.0,1290.0,0.3484012926319627,0.03596862340168161,-0.13323759100720114,0.01900507352916221,-0.11493383376733622,-0.1150749556226289
GGCAGCGGTAATCCTA-1,-0.06609600087878284,2373.0,A,1458.0,463.0,0.15644200071785927,0.12292035946969551,0.1233712459165331,-0.31544246794770453,-0.26988620298741345,-0.402289480767426
GGCATACAGGTAGCGG-1,-0.04811944033059476,5008.0,A,585.0,914.0,-0.09454913216525143,-0.03180897569077344,-0.12268102091710538,0.04127719754749613,-0.06877635202815019,-0.10396694097338105
GGCCCAATCTAGAGGG-1,-0.036338598619587215,1307.0,A,1676.0,305.0,0.01262167511892899,-0.2153499693855902,0.09563919893565678,-0.048133809957884736,-0.028779194098566475,-0.0002815740921857414
GGCCCAGTTATCAGCA-1,0.05878484977623291,3563.0,A,1663.0,417.0,0.12061503741313555,-0.062354805568589446,0.07110370881787298,0.025432540147531418,-0.029204261431764543,0.10126213281921076
GGCCCTCACCCACTTA-1,0.06293650162046614,3467.0,A,470.0,982.0,0.14643526140069824,0.09618228365549218,0.04594375986358233,-0.08430971782353894,0.11190390213761896,0.13675297155190969
GGCCTGCTTCTCCCGA-1,0.07953624829860936,5168.0,A,1630.0,1469.0,-0.16111278981317356,-0.06378860265200875,-0.024515717591962125,0.3122406777305965,0.1608636127697907,0.10140426851674605
GGCGAAATCTAACTTG-1,0.028194849277701675,1089.0,A,1294.0,1112.0,0.18692260934851013,0.03778406127419878,-0.018668637192635427,0.05893323728286037,-0.009055089602881088,-0.04894106103732049
GGCGAGCGAAACGGCA-1,-0.02917343324992039,6419.0,A,266.0,1296.0,0.15268546255143395,-0.16297992373029774,0.10804563111843095,-0.39352390120422936,0.13070019781242656,-0.14164197484359026
GGCGCAGGACATCTTC-1,0.05220554640761407,3488.0,A,521.0,982.0,-0.15904579095421828,0.3845126917834273,0.048673420601343276,-0.0846367051973977,0.1785950736657794,-0.17604111906039446
GGCGCATGAATTGATG-1,-0.055814004386219626,1777.0,A,869.0,1092.0,-0.034036135714745105,-0.05017733067884283,0.12196467698429693,0.19039219341463187,-0.23539477972386869,-0.32421893605060587
GGCGCGGAGATCTTTC-1,-0.06859169340494943,1541.0,A,1282.0,1448.0,0.1213925293289203,-0.26898855029071855,0.1900709798397044,-0.16215252957658255,-0.12515239615629514,-0.1459802549982569
GGCGCTCCTCATCAAT-1,0.204332098311699,3617.0,A,416.0,535.0,0.014830640114676486,0.5589151708193817,0.1509683589224069,0.44887576723092143,0.03283506947819857,-0.07641247377432406
GGCGGGCTCTAAGAGT-1,-0.019495131212960905,7519.0,A,1809.0,1334.0,-0.024161690984885173,0.05554066224191773,-0.012848268475148708,-0.12969553914297488,0.014281863422232983,-0.1003515172322591
GGCGGTAGGATCATTG-1,-0.16196946876257934,1792.0,A,1061.0,845.0,-0.20273345636273682,-0.049341574170372444,-0.14505827752768916,-0.2869135519828703,-0.1555394831634477,-0.10477365350411764
GGCGGTTTGCCGGTGC-1,0.1386333694063006,6591.0,A,313.0,490.0,0.09848032123879708,0.07818115403805853,0.13292121171272217,-0.026241058607696044,0.08050129697410731,0.3380148069997337
GGCTAATGATTGAAAT-1,0.030494319191150948,3793.0,A,1625.0,395.0,-0.0677479742250644,0.12407361206957357,0.03618542943472222,0.06085698684800804,0.11992282787634462,-0.21771601820915487
GGCTCGTGCCACCAGC-1,-0.15477025138498984,2621.0,A,661.0,601.0,-0.1035374009810634,-0.02255170867641004,0.09466359961829753,-0.006140254038137732,-1.1432961300218223,0.16486771569421282
GGCTGAAATAGCAAAG-1,-0.03870612337888914,2320.0,A,1191.0,1247.0,-0.08540187744499282,-0.013794492041509834,0.16563596455419713,0.01541716442645625,-0.016913024158448198,-0.14727426046750663
GGCTGAGCATCGTAAG-1,-0.0595652057110526,651.0,A,1445.0,351.0,-0.13322552139409533,-0.03546076962207417,-0.010080574125505469,-0.0012455739886782363,-0.014287862373027531,-0.04025245720260144
GGCTGGCTAGCTTAAA-1,0.21338350907681336,7683.0,A,544.0,400.0,0.5824359099334152,0.15641717941341726,0.15807576957724082,0.22877781613959966,0.0835955348843972,0.03417939287487943
GGGAACGGGAGGTTAG-1,0.049008997601452844,3350.0,A,650.0,1026.0,0.03860774886480334,0.048240523419440795,-0.11678751936361477,-0.17539867103040158,0.11375903517015731,0.3264985713660976
GGGAATGAGCCCTCAC-1,0.024508273058823082,5963.0,A,1548.0,574.0,0.12027621799575687,0.07795051069855888,0.10411034347018924,-0.15783347431257086,0.045050051396384024,-0.14914726619705468
GGGAGTTAATGAGGCG-1,-0.07061759775298988,5809.0,A,1138.0,889.0,-0.1349280714202034,-0.10193935834339402,0.15918958801530098,-0.16673697069039584,-0.12277754202250303,-0.1653619776882853
GGGATACGGTAATAAT-1,0.0417632475768846,23549.0,A,262.0,625.0,-0.011003200681130088,0.0039267402681035235,0.007963886942771822,-0.19479106209525993,-0.06678307480707901,0.10051657193064292
GGGATCCCAATACAAA-1,0.005088477664590085,6485.0,A,1716.0,551.0,-0.14067275593882472,-0.28165261714840306,0.12437661715748943,0.21192480250411713,0.10498257381300595,-0.06299458246349171
GGGATTTACCGCACCT-1,0.04923796927720345,694.0,A,1332.0,1090.0,-0.03130392149979515,-0.08129695219086604,0.16882994717941435,-0.006868801332523426,0.19811338364481468,0.13481743139181887
GGGCCCTACGAAAGGG-1,0.07029965566929658,4163.0,A,380.0,1005.0,0.3149439281748045,0.06469748822634652,0.08108656804083227,-0.18167497445875766,0.0788640804590964,0.03432215340010502
GGGCCGGCCGAAGTAC-1,-0.051319443151507646,975.0,A,1254.0,956.0,-0.10748466040244743,-0.1301146703194918,0.030374889731891584,0.025269343778678233,0.03275044684975051,-0.08347832720551568
GGGCCTATTTAAGTAT-1,-0.04522322743541231,6073.0,A,1676.0,439.0,-0.2885952415737295,-0.2516030453991053,-0.012740223643479648,-0.09769669392335378,0.07141491825254348,0.15275957827121708
GGGCGAATTTCTCCAC-1,-0.05035653927917824,4307.0,A,262.0,535.0,-0.3203251825696562,-0.41299458620032076,0.015997732653591758,-0.12194053195620838,0.2062730497298551,0.06400970242622786
GGGCGATATGTGTGAA-1,-0.12059979576469908,8773.0,A,919.0,778.0,-0.07443766706967544,-0.17263163222627798,-0.021558075019197324,-0.30761644366279317,-0.22968010267321542,-0.05543126701036953
GGGCGGCAAATGAATT-1,-0.09474762720010543,3827.0,A,754.0,1249.0,0.015703121543727203,0.027278224455018926,0.12745108718138048,-0.2718604561036295,-0.2628274614282812,-0.1379020267334698
GGGCGGGTTCCCTACG-1,0.0016012786129992324,1429.0,A,651.0,1115.0,-0.03697193914475155,0.058537364413805755,-0.13958123553004487,-0.010920099075014376,-0.046161115563331696,0.19940519608621082
GGGCGGTCCTATTGTC-1,0.018964589266082972,1602.0,A,532.0,467.0,0.17137543013001993,0.3164067858441481,-0.07910936730501854,0.1589746504863327,-0.08923452736014338,-0.10113028282189386
GGGCGTACATTTATAT-1,0.07671240674748708,4637.0,A,867.0,689.0,-0.04805481711624607,0.010452189544259485,0.07186289150512189,-0.027091363370551836,0.36205267243198785,-0.08135679918050645
GGGCTACTATTTCGTG-1,0.04957160633548226,5938.0,A,253.0,1274.0,-0.2815383616506726,0.03535292803172067,-0.12563813044093491,-0.0569171920827653,0.36763118662651123,0.18847867101973248
GGGCTGCCTAGGGCGA-1,0.05401453651978999,5387.0,A,1061.0,890.0,0.3652408701116247,-0.049104351557445004,0.03115592607983768,-0.03751074516445678,-0.12623335522745582,0.130716914674523
GGGTACCCACGGTCCT-1,-0.011918797420879555,3684.0,A,506.0,467.0,-0.1860513097927335,0.0365036550738818,-0.08337455473940004,0.10599633248748992,0.11172311783530245,-0.11333565375042738
GGGTACTTCATGAACT-1,0.0320793907619057,5941.0,A,676.0,981.0,0.09163901274549564,0.043460809139972946,0.01823164631578116,0.08858196168550114,-0.14920225210715096,0.06145118977104945
GGGTATTCTAGCAAAC-1,0.017089748323753845,12331.0,A,369.0,1385.0,-0.21520125882855337,-0.20390240075737442,-0.061718072494767205,0.19107350511110577,0.2211126962186788,-0.08764793168351924
GGGTCATGCGTACCAT-1,0.11200823467674138,9590.0,A,353.0,647.0,0.15143607572402173,0.7292719166816495,-0.2079977981294642,-0.20206266258955785,-0.02574631860466462,-0.06628264370523096
GGGTCTATCGCTTTCC-1,-0.0011319268483953593,811.0,A,1630.0,1558.0,-0.08359876745310237,-0.0013886880826077946,-0.013588957067591396,0.0423518244803785,0.17517512758068704,-0.04373705318692529
GGGTGGTCCAGCCTGT-1,-0.2113447097475069,1985.0,A,1058.0,308.0,-0.49837056915477285,-0.21463753926236984,-0.2219734032659654,-0.012031268566713582,-0.325670956304313,-0.04447514578351288
GGGTGTTTCAGCTATG-1,-0.011780725559322129,1428.0,A,1047.0,509.0,0.05796560067362976,-0.007999671092135566,0.025434919630032943,-0.06064149159134159,-0.05079126967323079,0.1576746442616671
GGGTTCAGACGAACAA-1,0.026974968365666485,6779.0,A,417.0,579.0,-0.0611459101026605,-0.12409800489114717,0.3207874783985166,0.09396001302377335,-0.34182879070454597,0.08887573746631144
GGGTTTAGGATAGGAT-1,0.0028055073459790567,714.0,A,1551.0,1111.0,0.15057885029432383,-0.2359014890288472,-0.09790008739153308,0.011440934410531227,0.13658504544346406,0.23981348450859674
GGTAAATGTGCGTTAC-1,0.030767410434526882,766.0,A,1213.0,397.0,-0.10075039669514388,0.06782927034464939,0.05565683970122661,0.29610060963570894,-0.011311528587336188,-0.04279939804039436
GGTACATCTGGGACGA-1,0.12134220958634627,2627.0,A,406.0,1005.0,0.14492244530074405,0.04700999834785856,0.11753148091885239,0.08397523738031866,0.28171690453055687,0.10678116416647693
GGTACTAAGTGCTTTG-1,0.0004408784260165055,5128.0,A,1758.0,1289.0,-0.16942925130588368,-0.2872438009663306,0.012980063930521452,0.08994398039268328,0.02992356492722933,0.05431959986279386
GGTAGTGCTCGCACCA-1,-0.10816001106755475,6730.0,A,1100.0,912.0,-0.11489698779989017,-0.3155076155129077,-0.03016248937508864,-0.1542920605361887,-0.02690181517866176,-0.11064353196729673
GGTCAAGACTACTTCG-1,-0.08524568560859752,1509.0,A,1526.0,1335.0,-0.2680893723240778,-0.2508418978928233,0.1807676822358682,-0.38105579375032783,-0.040055022524413196,0.004461437428123039
GGTCATTGTAGTCATA-1,0.22767052508247473,8911.0,A,1715.0,461.0,0.199131848685982,-0.1204955194162025,0.11330923232126983,-0.026322159408217145,0.6641906739251129,0.42164569778663896
GGTCGGTAATTAGACA-1,0.1412219365778615,38251.0,A,635.0,422.0,0.28540567787796023,0.09869951099713249,-0.05337684862599862,0.15860726858772178,-0.15666080293263207,0.21621695688296189
GGTCGTAAGCTCGCAC-1,0.05449218700199883,3285.0,A,420.0,1251.0,0.038829911570775866,0.05189477427205515,-0.023839705737861223,0.41859547485185084,-0.18070043631023033,-0.03586330173583314
GGTCTCCAAGTAGTGC-1,0.12505436858682,4716.0,A,1783.0,1244.0,0.018498438979968432,0.17084751199338105,0.020965266618768644,-0.08405410354928497,0.24923546283954667,0.25118616259144233
GGTCTCCGTCCAGGTT-1,0.044520701348338375,26567.0,A,1476.0,1559.0,-0.11769261399638677,0.038415883619742255,-0.07095473374393121,0.12603344927966592,-0.09821510513246234,-0.01757804310531176
GGTGAAGTACAGGGAT-1,-0.014406673252405806,4295.0,A,651.0,1205.0,-0.11107443480463572,0.10623274705743019,-0.024569997798254986,-0.09911304148442458,0.1119897763316253,-0.17159182006042425
GGTGAGATGCAGATAA-1,-0.23053126317175168,2785.0,A,635.0,511.0,-0.33214242230386193,0.22490909426675446,0.0022491505653856243,-1.0604468356408754,0.31287850672114764,-0.18563286082023886
GGTGATAAGGAGCAGT-1,-0.15966211873570083,972.0,A,1190.0,979.0,0.042820871462749426,0.0846641671629883,0.04109059804511739,-0.967133661944463,0.06262796523843173,0.04909036236173131
GGTGCAGAGCCTATCG-1,0.06896627807912839,2165.0,A,1509.0,418.0,-0.23350120206464983,0.17423490018216253,0.21977272343830492,0.31560226943803604,-0.08292513330673813,0.13154272324086583
GGTGCGGATAAGTGGC-1,-0.09850456953336635,2630.0,A,764.0,511.0,-0.5598848187758321,-0.103743881927356,-0.052206261374635986,0.29021359008873515,-0.1083313593906128,-0.09013488661575324
GGTGGACCACGTGTTA-1,0.020784177364873882,1065.0,A,1521.0,306.0,-0.05003684901916118,-0.04557055153806637,-0.01826959779999884,0.1303256868534483,0.37667207286828297,-0.22214332417087818
GGTGGACTGCTCTGGC-1,0.038170366966102875,1255.0,A,1269.0,1381.0,0.08847694163194406,0.3168063305594613,-0.17383626347373113,0.03169748702649899,-0.03678246443483971,0.023641215237070468
GGTGGAGGTTGATACG-1,-0.08888918560861891,1374.0,A,1744.0,1133.0,-0.07820727694848072,-0.1889343986569357,-0.19611904334744223,-0.05886229026473945,0.062728915906972,-0.028375580237870273
GGTGTTGGGCGTCTTA-1,0.06324332309110758,2603.0,A,1757.0,1244.0,0.2502822209488351,0.06848086068826012,-0.11279235246380685,-0.16557317727390167,0.23022730842782632,0.11474986351362029
GGTTACCACCCTCGGG-1,0.17378289137892797,2535.0,A,599.0,1160.0,0.26878960555386866,-0.06912857728876137,-0.03560529287595576,-0.007564629841972546,0.44285088031847225,0.46979443643203495
GGTTAGCTATATGTCT-1,-0.03673458507314328,932.0,A,1294.0,1202.0,-0.010826085785790002,-0.04475560868873514,0.13321608962272485,0.1665761538062475,-0.34083226593436394,-0.04611663729125062
GGTTCTACTCGTCTGA-1,-0.0611522734694398,824.0,A,1525.0,1022.0,0.24770872461251428,0.03529294227609105,-0.03524197056270237,-0.03086777050507067,-0.09280300403688552,-0.18230227762754697
GGTTGTGTAGCCTGGC-1,-0.09372462587725591,1610.0,A,341.0,893.0,-0.11491803779639495,-0.0907674196081417,-0.10685347036427639,-0.09827925787514424,-0.13922412537559484,0.010779471863093002
GGTTTAGCCTTTCTTG-1,-0.029525279301067936,817.0,A,1487.0,1179.0,0.10893216216765099,0.13143901843482647,-0.08342605613042679,-0.01713591146007875,-0.16211708817048368,0.14422008980750492
GGTTTCAATCGGTCAG-1,-0.07676666763635784,1064.0,A,1344.0,888.0,-0.050683155525987525,-0.0058144157961715695,-0.19968907642785835,-0.01060559851707829,-0.18353751095574744,0.06070360410984575
GGTTTGACAAGAAGCT-1,0.010075082099962504,2032.0,A,1612.0,417.0,-0.12906127188565966,0.060618426417083815,-0.2998914810647321,0.1453664062356444,0.10844329789765952,0.30377989113738096
GTAACAACTGACCTTG-1,-0.044096607649172476,6595.0,A,1702.0,394.0,-0.11744798069831315,0.12357610793482138,-0.0651332536621539,-0.080819131135288,-0.19387838731628332,-0.07351846282598679
GTAACATCTAAGATAA-1,-0.011282529595963361,2770.0,A,1591.0,1402.0,0.1794502770256501,0.04778831958574044,-0.3955740565314235,0.236985942138873,0.13891469412254726,-0.280470443616587
GTAAGCGGGCAGTCAG-1,-0.22037008196773553,3051.0,A,983.0,666.0,-0.24608837990296564,-0.814864755960382,0.12751244739649764,-0.13527413683595768,-0.08121495506507276,-0.2633360459503743
GTAAGGATTTGTCGGA-1,-0.06223747007640404,2834.0,A,1046.0,375.0,0.06640315591487485,-0.22850734971884626,-0.33606596773154024,-0.1619723664472414,-0.0039426559086577035,0.34121797722079406
GTAAGTAACAGTCTGG-1,-0.0021807004214711434,769.0,A,1229.0,1046.0,0.06223300751644037,0.15458809663994594,-0.012718144586238565,0.006124782906304839,-0.08634797798360092,0.03491364254060424
GTAAGTAGGGTATACC-1,-0.0945959143560224,2049.0,A,636.0,735.0,0.11879878593763851,-0.17633269697759918,-0.20776146592076672,0.01477276573489868,-0.06715738114517525,-0.12201423537683452
GTAAGTCCACACTCTA-1,-0.029767657388234642,873.0,A,1705.0,1110.0,-0.11084397572853093,0.04357197671835419,-0.014818367739814192,-0.08362221486126852,-0.026652361188704378,0.09509504324811742
GTACAGAGGCAAGGGT-1,-0.1210504784799636,807.0,A,1242.0,978.0,-0.07064106702534095,-0.012585437628271662,0.03695844438241032,-0.08029382138982773,-0.10877445077793446,-0.37408730800678497
GTACGACGGCGCTGCG-1,-0.032937715739729624,1672.0,A,506.0,422.0,0.22852351301884927,0.20115236748470391,-0.055071500839303775,0.15169891846625122,-0.19129601799307144,-0.3146598588559685
GTACGAGATTGCGACA-1,-0.01567567120850804,1983.0,A,906.0,622.0,-0.14299582903264468,-0.22503249545676873,0.041765589138510376,-0.054298480307045975,0.36649235995584356,-0.10178758771239907
GTACGTCACGTATTAA-1,-0.02056218160395437,1701.0,A,1548.0,395.0,-0.019490930748840056,0.03557484886275365,0.0065117814079322656,-0.0328400202238148,-0.11019748312532887,0.06779612857652739
GTACTAAGATTTGGAG-1,0.012629612883723157,3737.0,A,880.0,756.0,-0.11097646991982824,-0.09645673759349332,0.32141309710660737,-0.045822353016501706,-0.19177467443288299,0.11547979969405289
GTACTCCCTTATCGCT-1,0.2527891133498626,2640.0,A,534.0,959.0,-0.03908125698172258,0.6537984426203417,0.3426875152402216,0.405122689534845,0.2717438362389286,-0.03706208503957291
GTACTGCATGAAGCGT-1,0.031045771368152758,2768.0,A,673.0,399.0,0.2251186408226762,0.1658111441156858,0.013927513908686746,0.05401527664581719,-0.05039487417190308,-0.0694172506236835
GTACTGGAGTTAGACC-1,-0.10272949780770665,1182.0,A,1216.0,889.0,-0.044143942227721535,0.07153397537051939,-0.0370944556943776,-0.09666905920434488,-0.3229046295601387,-0.05049589402319539
GTACTTGGGCACTTCT-1,0.043366367893708596,4370.0,A,596.0,534.0,-0.2762690402659318,0.008577446728648894,0.13414493646813758,-0.1172096006823953,0.5192652191691429,-0.03579244665812285
GTAGACGTCGTTACAT-1,0.12112452162821517,5093.0,A,673.0,444.0,0.32632514302860066,0.07745114127153577,0.20885212958541913,0.19240494855206122,-0.1602956461188764,0.22536714203345432
GTAGCGGCTATACACT-1,-0.06934694566057768,4261.0,A,1062.0,1024.0,-0.2578532190822429,-0.2974321082447033,0.056820998280932185,-0.05043194986562738,0.21278648418604948,-0.16088209720312477
GTAGTCGCGGGAATCA-1,0.11378568924513228,2276.0,A,1217.0,1247.0,0.23068395395091698,0.08294465367384476,-0.19233748516431015,0.1944317342758088,0.0035766584828828604,0.35294357859688574
GTATAATCTCCCGGAT-1,-0.047297633014446075,1567.0,A,326.0,468.0,-0.4945841415314649,0.1551034181226388,-0.025531374692654915,0.24173765112758422,-0.06689162636956798,-0.07443220243501604
GTATAGGACTCAGTAG-1,0.06062675867824152,1945.0,A,918.0,599.0,-0.15048084793692704,-0.10232689938130753,0.11406162343167252,-0.18631657432832407,0.5696738583980091,0.08165599801044182
GTATCAAACGTTAGCT-1,-0.025386365975225963,878.0,A,1424.0,1380.0,0.2662166472018919,0.0361114873523917,-0.08283854152881959,-0.03470120289824691,-0.09244105358349211,-0.06498284402353441
GTATCAGCTTGGGTTC-1,-0.239054605880402,1977.0,A,610.0,601.0,-0.8182490696156091,0.014683056534695812,-0.05266698432157832,-0.2301169740454189,-0.061140843879911935,-0.24136766595912826
GTATGAAATTTCACTC-1,-0.004292792819253093,3303.0,A,459.0,1318.0,0.13118079604235364,0.05709052346315308,-0.13744880926685607,0.06072002112477312,0.008764524443931686,-0.18813338645200398
GTATGTGGGTCTAGTT-1,0.013617599259130891,794.0,A,1358.0,1000.0,-0.02007325554101258,-0.2500640287112532,-0.032910559116149,0.12126498058214695,0.24805755081258812,0.18268664571039805
GTATTAAGGCGTCTAA-1,-0.08673473132572926,4786.0,A,507.0,601.0,-0.18477971865534434,-0.5489275303822783,0.17609539750573994,0.20983038636808865,-0.36192231125296914,0.10425035020838856
GTATTAGGGTTCGCGT-1,-0.022384068395359835,598.0,A,1573.0,305.0,0.04654304093303199,0.008802808076598043,-0.2681381291381698,0.08466701444469006,0.15701420952484157,-0.038996409824155275
GTATTCTGAGAAACGA-1,-0.11552527778397127,6113.0,A,664.0,1227.0,0.01322424755774363,-0.15818873394189745,-0.023645642348583826,0.0189097473939668,-0.03097083281311861,-0.6114042068535651
GTATTTAATGGCATAA-1,-0.06051819713989752,3305.0,A,1719.0,1312.0,0.2333270370705016,0.021537209640444692,-0.26868805110467087,0.03454550218561315,-0.12515056719379325,-0.13810812847372345
GTCAAAGTTTACATAG-1,0.10821938540568452,5247.0,A,545.0,444.0,0.30235193393855103,0.04015081672091324,0.13372606341056031,-0.02313243451395311,0.10502124017262715,0.18781257017542408
GTCAAGCGGACTCGGG-1,-0.07841914928449081,792.0,A,1165.0,1023.0,-0.103318162931657,-0.024505035123974513,0.03760473889087955,-0.21866732572213346,-0.0988546360701667,0.0450038433811471
GTCACAAAGTTTCCAA-1,-0.22291861134457075,1450.0,A,956.0,353.0,-0.08528822827590599,-0.04540420028850266,-0.02401315602081147,0.016621546449053587,-0.9717947376734346,-0.14545936154221709
GTCACTCTCCAAATCT-1,0.05397590332755219,4568.0,A,571.0,668.0,0.10505896916089513,-0.053668565622270015,0.002428055131101751,-0.05296139866421193,-0.029739094674874404,0.18466901733317218
GTCAGTTGTGCTCGTT-1,-0.0018952940411156322,2362.0,A,1084.0,352.0,-0.03438130474289094,0.06002084576449547,-0.3693418298065485,0.025559837045395037,0.3754893439778242,-0.04798248310668998
GTCATGGACATGACTA-1,-0.08563029660376476,2360.0,A,970.0,733.0,-0.10686807558420058,0.06287435027877504,-0.36998813260378954,-0.1292744655328032,0.16339550471487985,-0.15550877650510314
GTCATTAGAGCGAACG-1,-0.0014194670683689084,6882.0,A,1036.0,979.0,-0.015398388076542445,0.08428824974386762,-0.007396073795350316,-0.23210071493297577,-0.050184868996545506,0.033616120067233635
GTCCATTACTGCTACG-1,0.032498016631530874,715.0,A,1538.0,1089.0,0.028732605084144366,0.0428760359858118,-0.011548485496890599,0.15113291665034131,0.2169563409654614,-0.041698053767410787
GTCCCAACGTAAAGTA-1,-0.023782924898362062,7280.0,A,1113.0,889.0,-0.28098265186597465,0.02937617795154778,0.4159189585994189,-0.2587603529173995,-0.2008258447451843,0.0681331733934459
GTCCGGACCTGAAATT-1,0.08408406304256921,1385.0,A,1308.0,1358.0,0.1433355815827816,-0.023386621354785336,0.2308101625739746,0.08820801400548987,0.12438875293180285,0.029680587575172945
GTCCTACAGGCGGCTC-1,0.03745784532799257,3240.0,A,378.0,557.0,-0.04689960645842808,0.02794507955081714,-0.08718312765300867,0.06257170579955908,0.14046869967459436,0.037964790888739976
GTCCTACGAATAGTCT-1,-0.049686820328421255,1159.0,A,1346.0,1336.0,0.1489256722050773,0.05596510913794458,-0.16720047255740955,-0.3400442712481126,0.1825364017885459,-0.050118778221374526
GTCCTTCTAGTGGGTT-1,0.06977843941454516,781.0,A,1226.0,374.0,0.04741569378785403,0.23401697039499103,-0.1325577364452044,0.0741825245808525,0.01166421826603356,0.44016922617100496
GTCCTTTAATGACTTC-1,-0.09965586445130087,1087.0,A,1509.0,328.0,-0.11202463112269961,0.1107040287910949,-0.4705460418494554,0.10791308975738528,-0.18649311102724483,0.10936591817382665
GTCGATAGGTGACTTT-1,0.04962596359531944,3462.0,A,1732.0,1334.0,0.23751060659835346,0.02559064367212119,-0.23007908646998018,0.00034986186729747334,0.2778721654949373,-0.08075744898867794
GTCGCGTAACCCGTTG-1,-0.06184736579860124,362.0,A,1139.0,1024.0,-0.10674162386404504,0.004828416583504941,-0.0018793596779124871,-0.1581520713590348,0.10165571617011869,-0.0326016009822866
GTCGGAAGGATACCAG-1,-0.003223997093811463,3015.0,A,1651.0,439.0,-0.14255972565524225,-0.011867804966041796,0.2982843032850242,0.032259126145421826,-0.2165383302992081,0.03650491097816372
GTCGTTATTCGCTTAT-1,0.003423997570401377,934.0,A,1153.0,1180.0,0.21491250139145912,0.22162565997667916,0.09695900905868282,-0.21289297831155554,-0.059192866649697404,-0.046154376226524296
GTCTATTGGTTCCGGT-1,0.10644901243308627,755.0,A,1333.0,1269.0,0.055136637540885755,0.14364336387029245,-0.01242051336761445,-0.012316326308606497,0.28774627281184934,0.23755639109713833
GTCTTAGTACAGCCGG-1,-0.023908449969710713,863.0,A,1175.0,419.0,-0.09600573892350393,0.16083324915096273,-0.014624333787362259,0.04898235235233001,-0.11801090741413162,-0.04478374705604843
GTCTTGAGGAGCAGTG-1,-0.024721853706399774,727.0,A,1666.0,999.0,-0.14645158379574363,-0.05903939479281331,-0.011813562112259597,-0.009870714429187313,0.2204899117921526,-0.041961061713372445
GTCTTGTAGCTATTCA-1,-0.019555575602278913,225.0,A,1615.0,1133.0,0.16988674987718577,-0.059355591511822986,0.0035200155920093595,-0.029485511497338995,-0.15585622321868073,0.16034900223959142
GTGAAACGTGCTCCAC-1,0.0368211995483561,10357.0,A,647.0,399.0,0.3459102776259718,0.028761708478758835,-0.03230570626659895,0.05859668855042828,-0.10546208702667585,-0.08431812510308201
GTGAAGATTTCAAGTG-1,-0.011078928460216582,4658.0,A,1497.0,619.0,-0.0076237995928847,-0.29756252695396146,-0.01840124288922041,0.05679161289378086,0.15531204093046466,-0.07735289013781994
GTGAAGTCACGACTCG-1,-0.0659541922478884,11076.0,A,265.0,1251.0,6.695233014132607e-05,-0.14844309344070575,-0.2306206000361079,-0.1886282780883456,0.08984188373874302,-0.16463001403305405
GTGACCGCACACTACG-1,-0.1758404161167899,570.0,A,1345.0,1023.0,-0.6259717977506358,-0.08887527169957068,-0.008074891297291057,-0.04957081248637596,-0.07094682839859404,-0.038309386177629405
GTGACTTCAGTAGTGC-1,0.011789323469073971,9270.0,A,818.0,1182.0,-0.05072866233915782,-0.1264149640784318,-0.13837664780802242,0.11196936997872668,0.09700552598115124,-0.04367234002168235
GTGAGCGTGCTGCACT-1,0.0991063048666001,5102.0,A,495.0,892.0,-0.018253134600268686,0.10511515438728646,-0.018809768077885147,-0.012945738558004523,0.1736501651107993,0.2741575895371581
GTGAGGACACTTAAGG-1,0.006139973825110431,999.0,A,1165.0,1068.0,0.021740816553015345,0.1506952027850421,-0.09363749531056323,0.1498058380281832,-0.16788309462214612,0.03467743682272263
GTGAGGAGCGGTTGAG-1,0.08701510960853912,707.0,A,1291.0,441.0,-0.09461001901713915,0.024670969684899846,0.19324358056102067,0.19124119565672193,0.21929009683326048,0.062481518773648215
GTGATCACTAACGCCT-1,0.05571053812896963,2084.0,A,1423.0,1201.0,0.09531862573106929,-0.007415121835992048,0.003897513055534955,0.0332865363890746,0.3090832570901995,0.11618244913952203
GTGATGCACAACATCT-1,-0.05058397542588408,901.0,A,1406.0,418.0,0.054085676459037973,0.6066078453919704,-0.2977249846305331,-0.2787083771693472,0.1606566491674914,-0.31565935520392274
GTGATTCGCCGCTCAA-1,-0.0632845529874189,8704.0,A,690.0,1227.0,-0.10666354581622796,-0.08093231952179128,-0.17397020692772303,-0.1653937074399764,-0.15772460622608767,0.082572069527054
GTGCAACAAATGTGGC-1,-0.1908518968365387,1625.0,A,969.0,465.0,0.005562666740510154,-0.05817312179888262,-0.07409092188727483,0.015721734589144547,0.0032826229805140543,-0.977972271183487
GTGCACGAAAGTGACT-1,-0.20234311947967576,3614.0,A,1085.0,531.0,-0.49509041592998726,0.013126820788249276,-0.2438613766520096,-0.0035899145812969095,-0.41590221515187076,-0.1834101276957734
GTGCAGCGTAGAGTAG-1,0.15219478567980835,11524.0,A,1771.0,1312.0,-0.12511921764512968,0.15364083050675795,0.04047776478571859,0.20637406392037427,0.13761395172681296,0.21235181454348664
GTGCCATCACACGGTG-1,-0.0905849626495752,1958.0,A,612.0,1093.0,-0.30325219425158917,0.09878734330614328,0.004902248349408509,-0.06824791510997191,-0.09380361145854992,0.0040816786718615335
GTGCCCGTTCGGATTC-1,-0.00264791264602654,606.0,A,1268.0,1023.0,-0.01472590173464397,0.07196458965729927,0.21333703083373268,-0.14722527392715762,0.014660453782129934,0.07132529489036805
GTGCCTCAGTGTACGG-1,-0.03980177005745629,430.0,A,1368.0,396.0,0.0445846944531722,0.09229586294200375,-0.10830711066728621,0.020941449136565274,0.039134178126032995,-0.01922600514495946
GTGCGACAGGGAGTGT-1,-0.014250483570457162,932.0,A,1460.0,955.0,0.1988567294050967,0.10181334957178513,0.03195633174277113,-0.2081150628672087,-0.09517081099279148,-0.04611663729125062
GTGCGGGTCTCCAAAT-1,-0.06498549372092187,3292.0,A,893.0,600.0,-0.44475733119588867,0.06629941335963238,0.0931811361530737,-0.3429551442932153,0.03832256012742877,0.17346768301738416
GTGCGTGTATATGAGC-1,0.01007263360571603,616.0,A,1242.0,1068.0,-0.219951380639695,-0.021133481500608925,0.3887589914685337,0.212143001159114,-0.07765636948048465,-0.10808883550706305
GTGCTTACATCAGCGC-1,0.1907580606716518,32825.0,A,1667.0,1178.0,0.3931596408587886,0.224541194259413,0.10202706190341038,0.17815497578576575,-0.051650737233023394,0.03877433051123831
GTGGAACCTACATGCG-1,-0.0001228469819201626,6315.0,A,1214.0,486.0,0.0900908114538091,0.024515703962661187,-0.17134289970811137,-0.054271562074964884,0.08972482330730899,-0.09074507758207853
GTGGACCAACCCGATT-1,0.02432354631169836,2236.0,A,548.0,1161.0,0.18736021540004022,0.10326086679336469,0.04826366301983317,-0.2427256511751835,0.0330719504256597,0.12906422364679823
GTGGACGTGCTGAGAC-1,-0.06926541521900999,2095.0,A,674.0,533.0,-0.1779498875212115,0.22945234199342796,-0.11869128326920461,-0.11342309923212954,-0.08646601916359375,0.0036719312571199883
GTGGAGCATGTCGGCC-1,-0.06334776873147895,1165.0,A,1782.0,976.0,-0.04386760961552358,-0.2555676952496918,-0.23197125227469212,-0.10313878163077592,0.3651260899123516,-0.05021761127316743
GTGGCAAACAGCGGCA-1,-0.0076150786828004455,3819.0,A,433.0,1273.0,0.21861482678529362,-0.0349142866249268,-0.0653629125341677,-0.06764919838565032,-0.03560020764905397,0.0443247452561374
GTGGCGGTCCCAGCGT-1,0.1822611687757221,3275.0,A,432.0,1049.0,0.3348914713732163,0.48381168423048015,-0.052463499115089976,0.4191124858626356,-0.18190823979936904,0.10286901830544555
GTGGGAAGACTGAATC-1,-0.001083885396108486,8874.0,A,368.0,1161.0,0.011781202133023652,0.32213574769611497,-0.5162272084065627,-0.11310256698052823,0.09495000600496586,-0.008977410567476578
GTGGTCAGCGAAGTAT-1,0.04544270924110407,788.0,A,1354.0,329.0,0.26850120583968906,-0.027904995396708446,-0.03283926633220498,0.1839275616735716,-0.006793768825117355,0.11408992015577873
GTGGTGATGGTTTGTG-1,0.10204798563609281,13920.0,A,1797.0,1356.0,0.24358947622515398,0.15839250966974908,0.01754061013739034,0.050519227068947,0.0347615556446354,0.03437947670334564
GTGGTGGCCAAGTGAA-1,-0.006478644572338901,3500.0,A,1191.0,1158.0,-0.16131695375973823,0.13585925307481195,0.06408210744386975,-0.0900797251060817,-0.015925182410308228,-0.03025380447351435
GTGGTTTCCGCCTTTC-1,0.19343992195608825,1611.0,A,586.0,1093.0,-0.12213984469424874,-0.11973046540365881,-0.026080357229765608,0.39028767675402876,0.027348187939598863,0.87451036443322
GTGTACGAACCGTTCC-1,-0.028866797142723905,1024.0,A,1808.0,1110.0,0.008399248128106426,-0.06675667960114011,-0.04558600293133035,0.15124828737312773,-0.0994588258104949,-0.05281706454197067
GTGTCGTATAGCGTTC-1,-0.0070339383538033096,1312.0,A,1153.0,1359.0,-0.05647321942572495,0.15289911946540388,0.06788923736709261,-0.10124119304342631,0.1629480118291349,-0.14913538091307485
GTGTCGTATTCACCTT-1,0.10067819939358638,6657.0,A,1676.0,350.0,-0.019801845314299453,0.19689015107241167,-0.1052657738286464,0.1561877405356675,-0.04774965493606057,0.19857198731021697
GTGTGAATAACTTAGG-1,-0.023016340305740887,1402.0,A,1241.0,889.0,0.13751030371320003,-0.06372942338937747,-0.023363767724769065,-0.22171859103875172,0.19473204609928146,-0.13851575869378285
GTGTTACTATGCGTCC-1,-0.060100816262736376,1086.0,A,1139.0,1068.0,-0.06747712863573466,0.3063386106084005,-0.04185864072967158,-0.0518958229643267,-0.24592190159134272,-0.1914945552219945
GTTAAAGTAGGACTGG-1,-0.02274309217528525,2410.0,A,1243.0,1247.0,0.13819658271377194,-0.31785588962050654,-0.08260312638101706,0.16258804614745886,-0.12000167680469374,0.018332950190377444
GTTAACTATGTTGTCA-1,0.02026445142193297,1383.0,A,1602.0,1111.0,-0.05380184899682459,0.1673624193268646,-0.14055074387391844,0.04015165287541944,0.07221274149974775,0.05380253160028181
GTTAAGTTAGAGTGGG-1,0.03193556978574004,1658.0,A,1666.0,954.0,0.05396169111033864,-0.10406075092782224,0.30612907900661196,0.10206690171037149,0.04718356485125682,-0.22170428894893546
GTTACAATTGGTGACG-1,-0.005553900829253781,1731.0,A,599.0,981.0,0.1800136985248336,-0.05490926442791721,-0.17872422340065108,-0.12749717914495673,0.15068556867710028,-0.008722067922665269
GTTAGGCTACCCGTTT-1,0.14313376954057527,7555.0,A,356.0,1363.0,0.04360007420541161,0.052597514131857016,0.29503721002968897,0.22758492068450498,0.11230922984320416,-0.12694377689577052
GTTATAATACGGTGAA-1,0.024993752398277027,2077.0,A,1552.0,1335.0,0.06690140951985482,0.16587529779837867,-0.2777560978877485,0.30711014308585605,0.017786641185097294,-0.0029212777248100365
GTTATTAACGTGGGAG-1,-0.012596953613968565,7229.0,A,404.0,647.0,-0.07311717609188721,-0.10457508630523853,-0.0664165493805747,-0.011487699489307841,-0.2656585915451175,0.24869624289408865
GTTCATCGTTTGGCTG-1,-0.01265664811168913,9663.0,A,1524.0,887.0,-0.21441593469714465,-0.20653882972439808,0.04325686159248674,-0.012502146232943281,0.10147550041915551,-0.04367203240174256
GTTCCAGTCTGACCAT-1,0.008209167930107578,1786.0,A,854.0,533.0,0.16873158496731006,0.16316491415803938,-0.10531648368840497,-0.043640062576243935,-0.0778416008993404,-0.01558017376310673
GTTCCCGTAAACATAT-1,0.12470900054920052,6531.0,A,1707.0,1469.0,0.22860099869036338,0.12251688773355296,-0.06003608796374614,0.06618904888652188,0.15867419431337798,0.15164537265574496
GTTCGCCATAAGTGCC-1,0.15204747696183948,7037.0,A,856.0,980.0,0.12429071128273925,-0.03337026072771933,0.30512512703962524,0.11935791288695202,0.12129920514057338,0.08518939015243737
GTTCGCTGAGACGTCT-1,-0.009270424048107948,2002.0,A,1578.0,1335.0,-0.05330399966488867,-0.0649904109466298,0.14342266647559035,-0.09616564740410581,0.2063338849534318,-0.14935355545259332
GTTCGGATCGGGAACA-1,-0.06214222297492386,871.0,A,1590.0,1133.0,0.029512130688991417,0.03846522519844107,-0.014779687162129497,-0.1450371910527257,-0.14896907846841245,-0.044941459308209544
GTTCGTCTAAAGAACT-1,-0.02578673943662127,1267.0,A,1320.0,1291.0,0.11251626582647013,0.08798173372974741,0.16659658148410694,0.05544318062228063,-0.5211018230869839,0.053551690955576145
GTTCGTCTGGGTCCCT-1,0.0326268136736219,7739.0,A,1703.0,618.0,0.011072574333896551,-0.24196523471216874,0.2995555920457845,-0.06711221889918868,-0.17740741589797993,0.12031937254837632
GTTCTTCCCTCGATGT-1,-0.02027838991719376,2128.0,A,828.0,488.0,-0.04227315211756409,-0.06345660535894816,-0.13096563196952193,0.20651450409843106,-0.018711606911294643,-0.04158995591234216
GTTGAGTCCCGCCGGT-1,0.0733783702585729,3184.0,A,1179.0,1314.0,0.04095360047003678,-0.03535740010835389,0.1102298432304763,0.06719243865805094,0.007153847584821979,0.2972728398836991
GTTGCACGGAGTTTCG-1,0.0629544579974635,11003.0,A,790.0,690.0,-0.3010395661285267,-0.005554336440658017,0.09706958444304445,0.2419389013331954,0.03926949920005096,0.0677287258807325
GTTGCGCTAACATTAC-1,-0.052020456910310785,877.0,A,1705.0,1066.0,-0.24961410805390027,-0.2461678542580979,0.20884151552805066,-0.08381648098322286,0.021420367484935962,0.23524224882821762
GTTGCGGACGGTCAGG-1,0.14264594514725218,6066.0,A,1706.0,1334.0,0.1026274572026182,0.13220269764940334,0.18721930625803296,0.013270145641153724,0.1927245618753051,0.018372375408061758
GTTGGACCGCATCAGG-1,-0.008169624316369263,7486.0,A,1664.0,596.0,-0.05961140310071201,-0.07836691309541077,0.1390784830960431,0.010249934592681885,-0.19354648370676864,-0.03094049435750501
GTTGGATTCAGTGGCT-1,0.24055677756878788,3296.0,A,1407.0,508.0,0.1657255179572549,0.7383627247204536,-0.03390019667627276,0.3396131115902449,0.020179192859007062,0.131860379159985
GTTGGATTGAGAACAC-1,0.009922362907939922,5542.0,A,1305.0,866.0,-0.289103860467657,-0.07780129205954495,0.34475504452911343,0.08556965380355933,-0.2298695887118919,0.032349960660130524
GTTGTCGTGTTAGTTG-1,0.016156730800334865,1204.0,A,776.0,488.0,-0.061299459067389164,0.11880012204746143,0.24489288702588294,-0.26172364516649405,0.00392540378309118,0.08858092969653908
GTTGTTACATTGCGCT-1,-0.08685982776795369,2738.0,A,1689.0,417.0,-0.09902914358381487,-0.1277133718153004,0.052159378068761204,-0.08913751106622513,-0.3195207343583255,0.010783921266358479
GTTGTTGCAAGATGGC-1,0.0785024155193572,7812.0,A,1733.0,1558.0,0.28961406578803994,0.13265488216276647,-0.1945790330872878,0.10737028910798611,0.1634894508913905,-0.07618172220968414
GTTTATGGGATTTAGA-1,-0.02282501029110489,18197.0,A,275.0,647.0,-0.03651794361534616,-0.04633464935891751,-0.21630478907165818,0.005189851604402593,-0.19038903736903107,0.008237755259698554
GTTTCAAACGAGTTGT-1,-0.05350276005508166,828.0,A,1579.0,1514.0,0.14224873221741896,-0.1033004165796603,0.036071483464928264,0.06439137837700752,-0.19574659186316518,-0.04408344515475691
GTTTCATATCGTCGCT-1,0.08141534618959247,2384.0,A,522.0,1026.0,0.21852423269966367,-0.029074894794229526,-0.29567592350531224,0.08594927997750629,0.47066064536131313,0.10612877802172976
GTTTCCTGGAGGGTGA-1,-0.06660824661847073,2664.0,A,803.0,712.0,-0.16831394942126265,0.11843443811053726,-0.048351211149196834,-0.13217565398863765,-0.14378468341254186,-0.0234024652169788
GTTTCTGCAGTCTCCC-1,-0.000851936127130859,711.0,A,1101.0,1046.0,-0.17434349636421648,-0.19858283756122697,0.27978726093065603,0.03351625294410062,0.11602844620992797,0.03831839248015233
GTTTGGCCCAAGTTAT-1,-0.12126183588490899,1063.0,A,1204.0,1090.0,-0.1504215297318917,-0.048256393710940856,-0.08265686227582263,-0.04630304577222909,-0.17420785524154148,0.049364689748472676
GTTTGGCCGCTCAGCG-1,0.10833670707811202,6483.0,A,583.0,422.0,0.6845222840919608,0.17241392381231874,-0.1323766903576891,0.08737858213719894,-0.09152020737694885,-0.05646445078541923
TAAACGTCGTCAATGA-1,0.03429347086966505,2581.0,A,326.0,557.0,-0.23801107153177387,0.13516240427391762,-0.19313454450716389,0.33876202594514826,-0.02486185781050223,0.1204593343806731
TAAAGACAACCCTTTA-1,-0.07712897851330479,1038.0,A,1692.0,1043.0,0.3099309600267983,-0.08739479797584648,-0.1632050802414282,0.03125913105389917,-0.10007559434209504,-0.28388886723978857
TAAAGAGCCCGAAACC-1,-0.01892949485887134,7013.0,A,763.0,376.0,-0.36186596266942384,0.3322618190171769,-0.06283671308934827,-0.19877031554622523,-0.06657022035657437,0.0010146113803522205
TAAATGAATCCGTTTC-1,-0.08963997468261355,2620.0,A,546.0,668.0,-0.14859244484766448,-0.22499703224082776,-0.10974838435282852,-0.21782700496077934,0.18184824185086404,0.012514229297568057
TAAATGCCGTCTCATG-1,-0.049440812465788755,740.0,A,1496.0,395.0,0.005835593905442346,0.10572611245015306,0.20360769128555617,-0.07665099733374209,-0.25015060346440565,-0.042243262312038954
TAACAAAGGGAGAAGC-1,-0.11781493004201733,3247.0,A,623.0,623.0,0.19088744529477444,-0.17691187207414955,-0.19661220552348846,0.0011741750774689232,-0.12769102792818537,-0.34379241349836015
TAACATACAATGTGGG-1,0.04601142250537443,2944.0,A,1075.0,1001.0,0.38696207927938764,-0.11420013563919681,-0.10606723219078343,0.1646851186723111,-0.13865898637322213,0.11721505492535977
TAACCTACCGTCCGAG-1,-0.050531178006549535,905.0,A,1473.0,888.0,-0.19937313027516845,-0.07348131579718849,0.2295871433704037,-0.037617582290068466,-0.09382736698880402,-0.045602324785906194
TAACCTAGGGAGTCCA-1,-0.005394475175390795,851.0,A,1540.0,1492.0,-0.047837811711968214,0.1266831149513232,-0.01438938487049922,-0.06433493066901244,-0.017839929241481152,0.06179454571332699
TAACTATCGAAGGTCC-1,-0.028543792478712166,5373.0,A,610.0,690.0,0.12658700632332487,-0.5387505597569753,0.1318805902812233,-0.06011794330536817,0.15124381383029473,-0.0355901988005806
TAACTCCATGGAGGCT-1,-0.03273251376892161,1591.0,A,520.0,579.0,0.11922809231848622,-0.1171163935244751,-0.2783008052880569,0.2234566101218997,-0.022499440989105265,-0.10465185612420598
TAAGCAGGCGACACGC-1,0.13254433634570784,3647.0,A,418.0,937.0,0.10736235604994157,0.12192024710580339,-0.0687686480813326,-0.15023045872506205,0.5494929927595249,0.1876579175059913
TAAGCCCTTACGACCA-1,-0.02382378617066457,3761.0,A,1638.0,462.0,-0.05474725393775663,-0.010878248275083841,0.04401652360677071,0.027266239977789236,-0.17205930347273216,-0.0371357221418769
TAAGGAACTTGTGGGA-1,0.03356687636926359,5098.0,A,686.0,511.0,-0.2862874855567787,-0.1571843454611743,0.4202563487577882,0.14153424224376088,-0.0847839933859289,-0.013296711106459384
TAAGGCTGAATCCCTC-1,0.032773179132605065,869.0,A,1423.0,1157.0,0.05639464317459465,0.1309023663263834,-0.01474094370834221,0.20472357305432298,-0.1564108910937146,0.04149139129811528
TAAGGGCCTGTCCGAT-1,-0.07411831145660289,627.0,A,1398.0,1425.0,0.1988204040990967,-0.12014807745872909,-0.009504737037220882,-0.18985561516343463,-0.06342051387724502,-0.03969063676352042
TAAGGGCTGGGAGAGG-1,-0.0977324747809298,3102.0,A,405.0,915.0,-0.09929097719286055,-0.07309507184002786,0.005435025462823383,-0.16539129394134583,-0.07298732392259442,-0.16882966971610788
TAAGTTGCGACGTAGG-1,0.12111705553743912,949.0,A,1398.0,1336.0,0.163686697272179,0.025844077232726005,0.03132338676557323,0.2584079117801825,0.14079138034359606,0.14166991892757097
TAATACACAGTAGTAT-1,0.015493988459260501,3088.0,A,996.0,599.0,-0.09224871897326425,0.14484697493297088,0.040060195582396624,0.24246868215881043,-0.05979972328161987,-0.21847684247034355
TAATATTGAAATTCGC-1,-0.06418508354748732,10057.0,A,777.0,533.0,-0.44780595847328664,0.08711284611788003,-0.06527877510121276,-0.15269686562543336,-0.09027709690531738,-0.0578507786303662
TAATCAACCAAATGGG-1,0.12051578651807701,7552.0,A,1783.0,1289.0,0.015048880933111283,0.05156245448259348,0.08179360674136198,0.06342976142648635,0.2667080518616053,0.10411037396335401
TAATTAGATGGATATG-1,0.03443578500834509,10740.0,A,583.0,377.0,0.30799867020804933,-0.0142340327622935,-0.06553974481707267,0.014264605269214706,-0.025545209771627927,-0.022225373396257013
TAATTAGGACATCCGT-1,-0.04726672104569624,776.0,A,1564.0,1089.0,-0.16965093136194664,0.25363447455950444,-0.12044649696623369,0.20383554170368204,-0.4040079702184031,0.05767450728108371
TAATTGGAATCGGGAA-1,0.151521349248429,2093.0,A,1523.0,529.0,0.5924556370885525,0.21749754002128419,0.2000393161246616,0.19830257637828527,-0.22497692637610636,0.10089817966275086
TACAGAAACGGTGGGC-1,-0.16334307777726018,1115.0,A,1270.0,1471.0,-0.11136223417520644,-0.15333689993018257,-0.1215686170730518,-0.2761715157730017,-0.10331842174412537,-0.04938391405395787
TACATCCCTATCCCTG-1,-0.11095815706745332,8031.0,A,355.0,1139.0,-0.3684736678426266,-0.04352890750268553,0.07542540830354771,-0.049196771804047724,-0.2325831767167201,-0.19009766465422948
TACATGCCGGAATTGT-1,0.07060898280299242,6380.0,A,1745.0,1356.0,0.13788238824442262,0.060565921669411764,-0.013712401147293104,0.29645865990808723,-0.22263019075309842,0.06882723710557836
TACCAATAAAGTACCA-1,0.03698364816910983,2135.0,A,1244.0,1381.0,0.10908585702987682,-0.026711494219228776,0.019242952800987548,0.16264180299681727,0.03670219237172126,0.19069934323924942
TACCAGCTAGGTTTAA-1,-0.0867474651523903,1779.0,A,1007.0,398.0,0.12490492972356504,-0.10838060677698487,-0.02807791311690502,-0.14044887250114613,-0.19356036851503827,-0.09208004712382298
TACCATGTATTGATTT-1,-0.11951606063939338,3525.0,A,1770.0,1222.0,-0.47990783426598216,-0.10584560594572254,0.05283491144967151,-0.40834600389133763,0.008781643280211124,-0.04049174151776082
TACCGCGGACTTGCAG-1,-0.148247843137782,635.0,A,1421.0,888.0,-0.07691059339236664,-0.09376449961109456,-0.009698317609242793,0.047573120586877654,-0.003088891275229849,-0.6011437919594248
TACCGGTCGTTTCCAT-1,-0.019008563252286642,2170.0,A,612.0,1138.0,0.23760926579628874,0.07563996374473987,0.04222755033479509,-0.42527533281552354,0.17614767896470776,-0.17925831562307373
TACCTCACGCTTGTAC-1,0.04713202563733991,3053.0,A,892.0,510.0,0.2990811682523232,0.23505086407257703,-0.0734039404500141,0.06774781941473756,-0.0672286115960396,-0.0943897529383792
TACCTTAAGATTTCCC-1,-0.11172897608248128,6031.0,A,548.0,1250.0,-0.8890001254314805,0.06518302220360511,-0.03750929781223043,0.11770510382708241,-0.10829315787640809,0.07889227424899202
TACGATGTTGATCATC-1,-0.016637406733380974,8853.0,A,624.0,936.0,0.031196074062737722,-0.08022262625442798,-0.1414723232111199,-0.0176101279868282,-0.08682414014517335,-0.1044649347281422
TACGCCGCCTCAGAAG-1,-0.056258647255854714,1252.0,A,1808.0,1155.0,-0.3125435049520461,-0.16919893395170485,0.02148681110798381,0.15787021559213263,-0.032324238246170145,0.04416465587281405
TACGCTATAGAAACCT-1,0.02779691324462588,1830.0,A,1511.0,910.0,0.3819578579744513,-0.2925764196475764,-0.0896432953130964,0.19175632112208496,-0.039688949875243865,-0.0066076987308876615
TACGCTCGGTATTGGA-1,-0.10055393536013209,968.0,A,1630.0,1514.0,-0.11888371796440152,-0.1879147180029999,-0.12476934885257657,0.004790329062060353,-0.08248408015204783,-0.005284214054315752
TACGGCATGGACGCTA-1,0.08727209588905802,1479.0,A,1656.0,1558.0,-0.1008526031928604,0.10874469986776579,0.07029180549460778,0.2072367602708791,0.12618264079174574,0.18246985094424695
TACGTAAAGCGGAGTG-1,-0.015231629554218806,67002.0,A,1502.0,1559.0,0.11172106309798963,0.12074959342864214,-0.10198789012081795,0.10944462471189595,-0.09807144677280488,-0.7145629477753114
TACGTACTAGTGCTGA-1,0.10508881871715145,10136.0,A,717.0,1540.0,-0.016643844878948086,-0.010055267347001948,-0.024728590496473024,0.19941990120569614,0.09629497371260873,0.1252054336936479
TACGTGCACTATGCTG-1,-0.06634386767968506,1692.0,A,597.0,623.0,-0.18938846270295168,-0.1706026610845531,-0.04641067994748022,-0.06494852822794168,0.06789332221639013,0.016120683605137104
TACGTTTACCGGCAAT-1,0.04261888354954519,1875.0,A,586.0,1049.0,0.18385683265525912,-0.10921310973928952,0.19099948296608524,0.24561911610781734,0.012601275360406785,-0.2270381427754394
TACTCGGCACGCCGGG-1,-0.049683665055834506,2724.0,A,380.0,960.0,-0.0762162329970757,-0.12014522552315156,-0.2847461275408794,0.004086528346972463,0.1108019559253767,0.005001243027795826
TACTCTTACTTTACTG-1,0.15035305853960637,5489.0,A,1604.0,1469.0,0.3342871183628909,-0.011563402311400642,0.12259193169872264,0.26892879187732655,0.053066683346859336,0.10582153372293886
TACTGCAATCAATTAC-1,-0.060165371330358736,8819.0,A,1484.0,641.0,-0.17027327796461927,-0.01059656892817655,0.22353931943599775,-0.6323998040575216,-0.04988014723734376,0.03266502473636564
TACTGGACAGCTCGGC-1,0.06974500495188743,2913.0,A,495.0,937.0,0.017872703964488135,-0.08922285634434006,0.4014861327149366,0.016160246566632928,0.031688871390666375,-0.05825288746167566
TACTGTTTCTCTGGTA-1,-0.03864688961677402,2040.0,A,1706.0,1200.0,0.01270957649471536,-0.20910802604052076,-0.47090671786091515,0.1574870517471169,0.033485854448205066,0.28614460842689554
TACTTGTTAGTAGTCC-1,-0.06901667836336037,751.0,A,1293.0,978.0,-0.0651338255656992,-0.12431590462551947,-0.1877586693990015,0.22833182878778124,-0.012610770111585325,-0.14052499783574282
TACTTTCCGCACGCCA-1,0.20231553385371995,6931.0,A,420.0,1206.0,0.020538979036045374,0.04871701857375436,0.28890270511743055,0.4281048188383751,0.24783708701953364,0.058801979121874084
TAGAAAGGTGGCGCTA-1,0.037253366716105615,2639.0,A,1215.0,844.0,0.026116595788868123,0.04085998398170723,-0.23467167266413283,0.09488535046780058,0.11595625509227998,0.1611413977119132
TAGAATTAAGGGCAAC-1,0.12032573886400544,3339.0,A,1149.0,375.0,-0.026487067361354005,0.1698138893602567,0.557421824805419,-0.03562295779770393,-0.15911388587033132,0.15435472980427292
TAGACGCCCGTACCGG-1,0.059583772471774654,2629.0,A,1331.0,866.0,0.14775595978188533,-0.049861374714054586,0.08807652704788471,0.11926577365363022,0.0758828287868113,-0.056579712523429915
TAGACTACCTAGCGTT-1,0.013503160795304475,981.0,A,1512.0,999.0,-0.06356900145380792,0.028534731986425678,-0.016819637661787804,0.26788896438013643,0.04520814864376682,-0.044035692081380716
TAGAGATCATGCAACT-1,0.018562026200874767,3810.0,A,509.0,1138.0,-0.07010934663117258,0.07476619670190553,-0.009388493154075087,-0.028477405196629356,0.04432747387241717,0.008335112580913557
TAGAGCTACGAAGAAC-1,0.042963376644048604,3664.0,A,853.0,443.0,-0.09591518450137645,0.0009819561026448952,0.33620934179075734,-0.1752184411554784,0.22859490508849936,0.04776691553287061
TAGAGGTTCTACTTGT-1,-0.010979803761983473,1098.0,A,1411.0,1358.0,0.23851293454732728,-0.07657152264863074,0.0595116739706542,-0.0934634923508977,-0.18497875018838955,0.042484175259340146
TAGATCCGAAGTCGCA-1,-0.07095288331091856,1654.0,A,1097.0,375.0,0.27346473755875633,0.1894373644766415,-0.17788573770925498,-0.3367212151974077,-0.08135324670517147,-0.09503884129042023
TAGATTCCTGGTTATT-1,0.1335967838425475,13750.0,A,431.0,870.0,-0.1260877715611241,-0.0024171062209659006,0.5486718364549978,0.008821064792953026,0.09024938621115651,-0.0305694562778096
TAGCAACCTGTCACAA-1,0.015484805461485451,3576.0,A,507.0,646.0,0.2064247563798759,-0.18465451348948816,0.4718990604737568,-0.105794855026004,-0.04062630845813521,-0.3139970118756124
TAGCCATTTCAAAGTC-1,-0.08790824341151814,744.0,A,1319.0,1112.0,-0.0894866117562802,-0.009680002591124767,-0.3918296197598071,-0.0363614628284351,0.1595969440551038,-0.04232953227560995
TAGCCGGCGGTCAGCG-1,-0.15916857676422083,1112.0,A,1267.0,889.0,0.08847396901950377,-0.5103930149155235,-0.23289533402908918,-0.16568910054711655,0.08123700660502362,0.009121477943644863
TAGCGTCCCTCGATTG-1,-0.03592387179405368,789.0,A,1577.0,1156.0,0.17298105275176212,-0.14361814963183023,-0.013136854614572594,-0.07934303626270038,0.0682903742710152,-0.04328248249054133
TAGCGTCCGGTGTGGT-1,0.08608434017077084,3626.0,A,1166.0,1337.0,0.10384633446705555,-0.0524630304131187,0.043860834096244666,0.5432374935979272,-0.05843143339920508,0.008971362518868717
TAGCGTTGGGTCTTAC-1,0.04320985539930394,2307.0,A,1049.0,1002.0,-0.06132863183317193,0.15864277925609585,-0.0727292211896811,0.2434019235674957,-0.07879203830489995,0.015051274141418877
TAGCTCAGATCCTAGT-1,0.02887499839113814,2528.0,A,1663.0,327.0,0.5413119337339123,-0.004845794020264416,-0.16259934437514634,-0.020398321100891854,0.04594421810666749,-0.29121360509151334
TAGGCGATGAGGTCTC-1,-0.09918523485026307,10418.0,A,318.0,1386.0,-0.050173625922478815,-0.2826912635377567,0.015875490223023717,-0.04352344924959104,-0.07517215389762381,-0.44058481387019416
TAGGGAGCTTGGGATG-1,0.09419291501637461,743.0,A,1409.0,955.0,0.11117398450142271,0.2014509958523153,-0.012162334348537779,0.11459174039941507,0.34566763888694285,0.060833037371460695
TAGGGTGTTTCAAGAG-1,-0.07858469059507227,4837.0,A,867.0,644.0,-0.05896057702254098,0.1806137302561203,-0.0643863693646375,-0.21988831910920997,-0.3231365739369835,-0.03433343210722706
TAGGTCGCCGGAACTG-1,-0.10320599629998571,901.0,A,1460.0,865.0,-0.20337457887293625,-0.15100635397451564,-0.015353419396256604,-0.08496538814117567,-0.023733302283975355,-0.04552535200128522
TAGGTGCTCGCCTAGC-1,-0.008350259879215241,590.0,A,1281.0,1045.0,-0.05687569289690113,0.07371857983382496,-0.008587078450498678,-0.06726358582341548,-0.04768854004805802,0.17463461747823397
TAGGTTCGAGTTCGTC-1,-0.026462023332154083,11806.0,A,1036.0,935.0,-0.26826238035488825,-0.2485175158500304,0.2030427745920413,0.22488982769776525,-0.3214991033700177,-0.05990249213622905
TAGTACCTTAGTGGTC-1,-0.0262606872975296,3190.0,A,443.0,624.0,0.007387500189899568,0.012043075615675851,-0.05749986198816562,0.08124746035289819,-0.157386400669877,0.0616153015919774
TAGTCGATCACGGGTT-1,0.04391454015648495,1819.0,A,1410.0,1224.0,0.1300856681907834,-0.2349128338238122,0.007867082803370302,0.3354495223892098,0.1366873131659302,-0.09849076348306199
TAGTCTAACAACGAGA-1,-0.08916009096212596,2617.0,A,612.0,1048.0,-0.3330629852557429,0.031445094628618366,-0.37617577309712213,-0.042673734279351894,0.05722847194346492,-0.007867409161618183
TAGTCTTTCCGAATTG-1,0.03525753465061632,2271.0,A,1667.0,1267.0,0.09096192327645292,0.02456385049766564,0.09414576325285903,0.005933800542802703,-0.1451686311484816,0.2480946325180673
TAGTGTCAGAAACGGC-1,0.05620869533785655,8698.0,A,417.0,624.0,0.23290571408456773,0.056687236618519564,-0.022325806357186288,-0.28794237081034596,-0.035786516102469454,0.14610256268793712
TAGTTAAGATAGGATA-1,0.13936779558955067,904.0,A,1226.0,419.0,0.06725755360786467,0.17572956351121952,-0.2567761052020024,0.23777663151298056,0.3478257970478068,0.3019249965451146
TAGTTTATTCTTGCTT-1,0.007868980836411396,1616.0,A,905.0,443.0,0.06005396100879884,-0.0010462786869528465,-0.042059633519663985,0.1484071798328884,-0.05794927065333033,0.04852509595784744
TATAAATCCACAAGCT-1,0.03978078303375756,2832.0,A,738.0,600.0,0.08545182363599889,0.3775636149664934,-0.26140723377392766,0.06023836183684375,0.07362147330306595,-0.04106356426535275
TATAAGTGAGGATAGC-1,-0.03610335557890091,3388.0,A,674.0,623.0,0.007719043012943003,-0.21863699949044493,-0.0932601629027777,0.18097908562582765,-0.11422196008269242,-0.023105544535306215
TATACACGCAAAGTAT-1,0.044110739432547785,2794.0,A,635.0,556.0,0.15744885107959905,-0.013362109928196085,-0.1272233756035782,0.30435986914645546,-0.025177733971028477,-0.012214697542701628
TATACCGAGTGCCACA-1,0.06008260749518006,1825.0,A,1719.0,1267.0,0.13472891345420263,-0.23634965461562024,0.08459700104851749,0.11091038185578954,0.3929400179774735,-0.15641393444633472
TATACTCATGCGGCAA-1,0.036088815182391945,3031.0,A,404.0,602.0,0.009927339109456113,-0.042561253997472244,-0.14709448642458003,-0.09837367529472443,0.33259380358372137,0.16932538570884695
TATAGATGGTCGCAGT-1,-0.0005857561069030626,804.0,A,1486.0,1044.0,-0.034377183293954366,0.1715908435770373,0.32709460899229537,-0.1517196625930052,-0.013721137459131276,-0.11663935864712915
TATAGGGTACTCATGA-1,-0.030465253337773668,3059.0,A,431.0,960.0,0.4087481191731049,0.09245663718293035,-0.16820397794934797,-0.11148603361624444,0.07650118988754338,-0.4197259639750893
TATATCCCTGGGAGGA-1,-0.05940334033827995,949.0,A,1434.0,955.0,-0.1625018716526655,-0.22051780884550223,-0.2687461142311841,0.20605467158104734,0.27744484708322714,-0.10541759361558262
TATATTACAAATGTCG-1,0.01273837800558313,3081.0,A,1548.0,529.0,0.10598867768207888,0.027849934587838465,-0.008413398962624991,0.19811730123540902,-0.09711405672434555,-0.06927730919483331
TATATTCGCGTCGATA-1,0.030271711782153918,1103.0,A,969.0,331.0,0.19845439212480045,-0.040714267864736864,-0.018898473203154832,-0.1726228095329467,0.3797537520308713,-0.0491803344569042
TATCACCATGTAAAGT-1,0.16156741525359472,1042.0,A,1393.0,351.0,0.2832115892240311,0.5586130923183761,0.16547313670525565,0.02117535229899673,0.16058880849569265,0.0781052806089366
TATCCATATCATGCGA-1,0.1129568692062108,2411.0,A,841.0,555.0,0.0027582458682890287,0.39796247490308084,-0.08160774250357303,0.3033360734209431,0.05216708214151402,0.03337286815416213
TATCCTGCATGGGAAT-1,-0.07878402716712155,1842.0,A,866.0,465.0,-0.08684131023608344,0.11719653009949392,0.03926266795699691,-0.14149555855212176,0.1441589782955355,-0.40557323887560787
TATCGATGATTAAACG-1,0.00042950485683020123,2828.0,A,803.0,667.0,-0.287673650478518,0.13050259783777002,0.1374617733735688,0.13215161395143854,0.084569963670554,-0.08923269480918017
TATCTAGCCTAAAGGA-1,-0.13167438096295425,5573.0,A,328.0,915.0,-0.12645219388715515,-0.19984787028491477,-0.003394868257398778,-0.2618922223439969,-0.17347882481208007,-0.22049536615415755
TATGATCTTCTCTTTA-1,-0.2034184907541764,1253.0,A,1334.0,1448.0,0.08552618520113812,-0.07990342363551356,-0.0661091897291762,-0.7379598031611952,-0.025468525211103453,-0.12580415610233062
TATGCTCCCTACTTAC-1,0.002733852792464724,2760.0,A,957.0,711.0,0.19798663693374838,0.047138101744678335,0.1743033479886708,0.10714582107363822,-0.2855183484820303,-0.15287965463133374
TATGGATGTGCTACGC-1,-0.12777077067382273,2336.0,A,868.0,734.0,-0.35212857979184814,-0.044780990116142574,-0.0338126946309402,-0.3387456551898327,0.0333116091050539,-0.1229562870896323
TATGGTTAGTGGGAGA-1,-0.1186477802717229,762.0,A,1525.0,1067.0,-0.586268676183427,-0.4382052297166378,-0.08402835913256701,-0.06933661538784411,-0.022314847404250576,0.06210931474956648
TATTAACACCAAAGCA-1,-0.06366384023513176,9094.0,A,305.0,1363.0,-0.21426519449264841,0.06317279735885876,0.019450963332587598,-0.3377852366084269,-0.2368976198233591,0.1490083615120908
TATTACCATCCTGCTT-1,-0.0878585624551992,938.0,A,1409.0,1000.0,-0.13354765157908804,0.24357743760109296,-0.0943743808432763,-0.1298278026439735,-0.13712230803752057,-0.10546836648349207
TATTCAATTCTAATCC-1,-0.029484936499075853,2941.0,A,1126.0,912.0,-0.13021994447638122,0.010802256902701495,0.23013179808643242,-0.05165491027075529,-0.10186185743993709,-0.15429144638910414
TATTCCGAGCTGTTAT-1,0.10164150008643638,1398.0,A,1282.0,1359.0,0.16147537362835268,0.6359656735839335,-0.13727222480997556,-0.07148870732021648,0.017953013796200033,0.08471051965078079
TATTCCTCCGCCCACT-1,0.07009082245793224,6056.0,A,587.0,1228.0,0.07457199785187085,0.13411241316201916,0.2735368329119763,-0.004683945482684394,-0.14013159830133085,-0.011225029177913681
TATTGACATTTCTGCC-1,0.12254254322288351,2865.0,A,1679.0,932.0,0.10028504012928624,0.40358155141656943,0.08064482308251167,0.15674135116002852,-0.1521319746965169,0.06720075729090864
TATTTAGTCTAGATCG-1,-0.020716024191869208,2565.0,A,918.0,555.0,0.058073052494217556,0.038032709562986655,-0.16415431411652895,-0.12328793355934577,0.10172426192004748,-0.027379416104877236
TATTTGATTTGCACAG-1,-0.087136881215141,1971.0,A,1694.0,1357.0,0.03950732665172918,-0.2987364604430242,-0.13782590736303688,0.08757398361581632,0.03203484234922227,-0.17431981059559487
TATTTGTTACCCTTTA-1,-0.1787026868573351,3072.0,A,764.0,690.0,-0.6267695776904728,-0.17028776244356303,-0.3887756571375501,0.11069243821917904,-0.14273826187678962,0.10584765950083354
TCAAACAACCGCGTCG-1,0.08537580074992297,3685.0,A,944.0,689.0,-0.05265128564059438,-0.003435461391623852,-0.02419348994600061,0.21718428943433143,0.06381781638101211,0.17232653867902856
TCAACACATTGGGTAA-1,0.13114748668079543,35316.0,A,622.0,399.0,0.3310912127350757,0.10014059053930277,-0.003482132542986252,0.013153453663785397,-0.02619210653877546,0.06453802399929497
TCAACATCGACCGAGA-1,0.1497900967561511,5647.0,A,381.0,1139.0,0.21389216048706888,0.029488348680894533,0.23900879519293794,0.4025956959306842,0.0648648177458687,-0.07344335034555935
TCAACCATGTTCGGGC-1,-0.1543913367883088,2119.0,A,829.0,712.0,-0.1476753760462609,-0.18159342573190349,-0.1961104115926867,-0.18563786350690642,-0.13398199173918648,-0.003946936101890352
TCAACGCAGGAAATAA-1,-0.06290956270595364,11643.0,A,574.0,1250.0,-0.10256230581612463,-0.03741230007943673,0.03062634988079912,-0.16905556466400024,-0.1798905228091288,-0.14749107792319202
TCAACGCGACCGGCAG-1,-0.04099334848501982,3047.0,A,470.0,1027.0,0.14839516031475347,-0.4601476319278166,-0.04285904216065191,0.1382044594595702,0.10211760805561872,-0.02267682924711995
TCAACTGCAGAGTCAG-1,-0.07598234674383475,820.0,A,1565.0,1402.0,-0.14166351746498726,0.048204538707554895,-0.15367333108812814,-0.0382898896867761,0.07835847310030877,-0.04392095719541856
TCAAGAAATACTAGCT-1,-0.04863171586246635,4622.0,A,1563.0,910.0,-0.24910850662048986,0.06350666896976909,-0.030405103066055143,0.02850203920231387,-0.09408244002935981,-0.07128131614800685
TCAAGCGCGGACGGTA-1,0.057703549788166164,6320.0,A,1643.0,1446.0,-0.02809156596377193,0.1420526599093875,-0.024093932723787743,0.0654713384754431,0.06432989623017578,-0.012273116577645037
TCAAGGTTACTACACC-1,0.04007669109818136,834.0,A,1500.0,1201.0,-0.07878707539078968,-0.21400001377131792,0.12578428312270426,0.2580313511731145,0.1681154215209091,0.05739570183348968
TCACAAACCGAGGTAC-1,0.0045021581526437406,3203.0,A,1399.0,1515.0,0.2102357330159396,-0.11525803858932618,-0.044859416895448985,-0.05884654528193552,0.11353176889529389,-0.01710034960886457
TCACAGGGAATCGCAA-1,-0.010764794867758692,914.0,A,1191.0,1202.0,-0.050497939003481984,-0.06322202305449522,0.0363020885579554,-0.09806969173658717,-0.09926307699298603,0.3871820168056015
TCACGATGTCCGTGGA-1,0.012027491386615116,13227.0,A,536.0,1317.0,-0.01874198543279393,-0.23202097409927497,0.06423095280833738,0.0405847092315442,-0.07091916863650735,0.05621931428692334
TCACGGTCATCGCACA-1,0.05760948083418538,2476.0,A,751.0,667.0,0.10896806634973945,-0.021910710293898242,0.15173177734537457,0.05535728641952724,0.00015001678174254417,-0.02501087926108397
TCACTACGACCAATGC-1,-0.034530932741952985,827.0,A,1393.0,440.0,0.04815056369189688,0.13418587666687548,0.036113259823589344,0.01644980530489689,-0.20776638936312047,-0.04406318429862158
TCACTCGTGCAACGGC-1,-0.1565918787602888,1759.0,A,1368.0,485.0,-0.08632726593298097,-0.07752252640662562,-0.02784779038239276,-0.2704929284443848,-0.35371682677481,-0.3023435576237679
TCACTCTTCGTCTGTC-1,0.055755034416751614,5666.0,A,275.0,558.0,-0.0763388338679391,-0.14634280936674438,-0.09580861628670398,0.1765163899160868,-0.02478207174631212,0.33700003535662487
TCAGACGCTATAGAAG-1,-0.032281133813331836,17514.0,A,1101.0,1225.0,0.07710425226711606,0.056289361796800816,0.07984440505168722,-0.7846605017347927,0.058234270506648214,0.044014540000811835
TCAGATGGAGACGTAG-1,-0.08632024218389289,20334.0,A,1805.0,439.0,-0.11561363307062937,-0.0904488791227953,-0.12161390232316308,-0.06686162433023912,-0.19066540208431965,-0.31330577381292796
TCAGCAAATGCATCTC-1,0.04154325432916721,2908.0,A,1112.0,845.0,0.3879046962017277,0.1399256630546049,-0.007499199226962917,-0.15370832729565803,-0.17915314895154508,0.025289271845700203
TCAGGGCGCAAACTCG-1,-0.02279385444622889,5992.0,A,378.0,647.0,-0.07372038201618414,-0.015770441126302007,-0.025752093318553684,-0.13485716372407897,-0.5050481833508729,0.4636453128173022
TCAGTACTGACCCGCG-1,0.20174903845873857,1626.0,A,610.0,735.0,-0.08403798094441506,0.8388512152272883,-0.22213837446761475,0.8335573057964099,-0.20309094210582954,0.07743933543795437
TCATACTTACAGATCC-1,-0.09883089956158303,2719.0,A,481.0,646.0,-0.07854649937591932,0.005484084821544426,-0.10960532478584403,0.14796744703149686,-0.08527325244714283,-0.45341447582747846
TCATCACTCGAGCTCG-1,-0.08459086460591903,3226.0,A,545.0,534.0,0.2477629572347978,-0.22443299897017832,-0.2522938111501115,0.23584474778042852,-0.14558669937779975,-0.12605143861720633
TCATCCCAGAGGGTGG-1,-0.02210220441921057,3002.0,A,1072.0,420.0,-0.28988989860227404,-0.022264835898472904,0.6167435344060606,-0.27530547546799733,-0.19593350523384223,0.03953762832121266
TCATTCGTATAATTTG-1,0.010914796681133224,879.0,A,1586.0,283.0,-0.017834337778179957,0.005354000390032108,-0.11780764020840005,-0.08391331129284474,0.13744002569808556,0.21312290817309926
TCATTTAAGTCTCCGA-1,-0.059055338581926325,677.0,A,1447.0,933.0,-0.02888869534164619,0.1318791070867011,-0.08294865670157878,-0.25608254450363077,-0.0031288473179790915,0.003716996682632652
TCATTTAGAAGTGTGA-1,-0.050122736056453586,2124.0,A,1591.0,1357.0,0.09402725649951085,-0.06829200165834434,-0.3324836045659743,0.07223488630195146,0.003754870624642223,0.013775988309763093
TCCACTTTATCTAGGT-1,-0.008154025457820298,1763.0,A,1190.0,844.0,-0.17264688078117799,-0.03863414831571979,0.22087755498414205,0.253550713760602,-0.06586265361628905,-0.18116651778471352
TCCAGCGCTATAAGCG-1,0.21267457250551447,7095.0,A,1668.0,1312.0,0.7643334580682667,0.25611581921621707,0.3077959539096356,0.20481605773108577,0.25184326112713795,-0.22840977539069243
TCCATTGTGACCTCGT-1,0.008482091121888385,1169.0,A,1149.0,330.0,0.0843951619287582,-0.06491566364636273,0.2281949053702748,-0.025123286370443774,-0.10545486538046765,-0.024618482110425742
TCCCAAAGACGAAGGA-1,0.034443374302937015,2900.0,A,945.0,734.0,0.007338877295732798,-0.1997884102154558,-0.08630901904214167,0.20620622753119291,0.05799863003407655,0.13149215148589372
TCCCAAAGCCCTAAAT-1,0.036624947433432184,1488.0,A,1679.0,1021.0,0.10664921344390085,0.09601538680751241,0.040101145163251674,0.09840222509359602,-0.06360128230231181,0.1201831763718143
TCCCAGCACACGACAT-1,0.053732110359461766,63682.0,A,1771.0,1401.0,0.047827395013082474,-0.04711175510352206,-0.051636960066267674,-0.10109574816490874,-0.01947951208763926,-0.06618198388407741
TCCCGTGTGCAATTTG-1,0.017970396421359974,758.0,A,1204.0,1135.0,0.0459175119747869,-0.013537722308669689,-0.012484612489931796,0.31291296443578215,-0.013274608935402533,0.06238806831938383
TCCCTAGATCAATAGG-1,-0.036133057099406146,12523.0,A,1639.0,775.0,-0.0051803968970896425,-0.2444335918407091,-0.16241864519129315,-0.055734316645511005,-0.005905165985976887,-0.04465641644309484
TCCCTGGCTCGCTGGA-1,0.10601488508959002,6433.0,A,521.0,892.0,0.20344360254994198,0.015319403119869061,0.1728836803796301,-0.1724270535948117,0.14488578393161422,0.14860351223505858
TCCGAACGTTGCCGCT-1,-0.02547709599241653,2245.0,A,1732.0,1289.0,-0.0020203272299127942,0.04527969139615494,-0.0544730626197557,-0.18145134782395117,0.10055343026531315,0.06922835408569897
TCCGAACTTGGCTTAC-1,0.026849420410341704,9736.0,A,418.0,893.0,0.13359424025535468,0.016675967202536515,-0.12683749661674698,-0.03510635100371334,0.23456940057702175,-0.3543849132584369
TCCGAAGTAGTCACCA-1,-0.04370505687723382,1946.0,A,1587.0,462.0,0.06596269949277794,-0.24913503357307926,-0.10439214921579677,0.06493708363717786,0.05036327527771377,-0.03289371253432084
TCCGATAATTGCCATA-1,-0.126635428126783,2225.0,A,995.0,554.0,-0.3277982470897896,-0.18461302417166786,-0.077040604464594,-0.09227526899497725,-0.07762434653790826,-0.3706513039184231
TCCGATGGTGCGACAT-1,-0.026870810502028653,3067.0,A,855.0,712.0,-0.08044527201629624,-0.01739059228030472,0.03670384893322405,-0.2625484298685133,-0.055610641707175404,0.134351726008041
TCCGCAGCCACCTAGC-1,0.04838054667424592,19011.0,A,262.0,446.0,-0.0788872831730093,0.03981265119715055,-0.04176344544795851,-0.06593310409903404,-0.051734682485277725,0.10892844546849945
TCCGCGGCAGCATCTG-1,-0.09303437881429179,964.0,A,1254.0,911.0,-0.20639943900003735,-0.012894431651828332,-0.1275003333112901,-0.23407080985806072,0.041330614513046156,-0.03789893393581284
TCCGCGGCCCAATGAA-1,0.12826369741429344,1204.0,A,1449.0,1335.0,0.32242638102595855,0.1131841618784799,0.022889307073775282,0.22049358594660118,0.02449086532575248,0.1806793833565907
TCCGCTGTCATCCCGG-1,-0.05372294645654944,1000.0,A,1217.0,1202.0,-0.10237428078952769,-0.08818455534281205,0.11367155642682106,-0.12156191379947892,0.08068569065606612,-0.036066947075418784
TCCGGAGGAAGGGCTG-1,0.10909014314497677,1671.0,A,1561.0,462.0,0.031201585359242195,0.0921005222097239,0.22786632105552151,0.03138327724700511,0.07807882345204346,0.15949246953142882
TCCGTAACCACAATCC-1,0.08656757431503834,10033.0,A,378.0,602.0,0.16268781498877782,-0.11585554860203096,0.34920934438310103,0.18108248925460013,-0.26006040362123684,-0.01228780392241443
TCCGTTAAGCTAATAT-1,-0.0055752548902808455,1785.0,A,1462.0,1313.0,-0.018334438992033134,-0.026186805419391796,0.17097727648464742,0.12115508739610116,-0.08199735409916162,-0.13447344272204095
TCCTAACCGTCGGGCA-1,0.009107148294953918,6312.0,A,768.0,1540.0,-0.17260651396959786,0.2339054819331174,0.01265261697601957,-0.11246745979031238,-0.13576338721805856,0.12311963448200805
TCCTACATCCACGGCC-1,-0.07037198626139841,731.0,A,1255.0,1180.0,-0.06737912529937903,-0.1775395431540791,-0.011901249135935363,-0.07613897009563224,0.06428595824592616,-0.042048191799965745
TCCTATCATAGGTAAC-1,0.03134238910481454,2244.0,A,1719.0,1178.0,0.17499316692853076,0.2913338735070935,0.13485668311423157,-0.0065563233778937625,0.022082191544574137,-0.2969180295755752
TCCTCCTAAGACATTC-1,0.1218674617207839,7382.0,A,445.0,1206.0,-0.17011848889196646,-0.0137524500856155,0.26147797233234243,0.15861067601764142,0.25602179478630493,0.10058605123558109
TCCTCGGGCTGGGCTT-1,-0.02681427600948355,787.0,A,1152.0,1046.0,0.15365473331209012,0.2609403558816983,-0.09864151462548783,-0.23914156898314903,-0.018320256891583904,-0.043240797830490244
TCCTCTGGCCCATTAG-1,-0.08639377761388144,652.0,A,1303.0,374.0,0.18567628617848714,-0.3006963053979754,-0.010104252295715387,0.07287945782058602,-0.40164076613956906,0.07020700497271526
TCCTGCCAACTGGAGA-1,0.10882243961507283,696.0,A,1329.0,418.0,0.006904550734369644,0.17576959199228265,0.042020713892121565,0.2037357014815116,0.2424908528896294,0.0511404286498902
TCCTGCGTTGATACTC-1,0.039931276161500585,2379.0,A,560.0,1004.0,-0.09676077185034059,0.1073806036522369,0.061839143779251655,0.17016351412956743,0.1113316709055662,-0.2723615860982221
TCCTGGCGCTGCCTGG-1,0.07935383471331806,1691.0,A,1535.0,417.0,-0.08117347311015832,-0.042778923019414446,-0.0887111145469163,0.11443925260674705,0.36453983018681685,0.24585331068969893
TCCTTACGACGGTCCG-1,-0.05554287547960573,986.0,A,1397.0,1246.0,-0.29712424388747305,0.0010301943637599856,0.08043114356602137,-0.08882155533339467,-0.29354279900445335,0.4445012531529316
TCCTTCAGTGGTCGAA-1,-0.06110985355384607,2001.0,A,1059.0,487.0,0.2962516269253143,-0.2662024931506845,-0.030508849682939886,-0.32118839404093597,0.13770725437279163,-0.19384070563707181
TCCTTTAAATCCGCTT-1,-0.05058474974976586,821.0,A,1359.0,1403.0,-0.15371554446791302,-0.12341494661583086,-0.013791620587835455,-0.10482653376477914,0.23125246173624409,-0.043941318485439286
TCGAAGAACCGAGCAC-1,0.03986920114308561,915.0,A,1448.0,1156.0,0.16218783002584175,0.025094970294530665,-0.08825391048337365,-0.011391913785098962,0.20164773908854672,0.1419318023459512
TCGAGGGCAACAGACG-1,0.10309675665435325,27253.0,A,1707.0,1424.0,-0.009654064689362363,0.13671805557505737,0.02829312863178733,0.0742514408581369,0.10548138228679464,0.04812961268213427
TCGCAAAGATGCATTT-1,0.017935994553842063,3258.0,A,1140.0,1203.0,0.09820118715857186,-0.11639704911793403,-0.19884730098483533,-0.06859985579570745,0.20020598550398094,0.08746197868327724
TCGCACCAGGAGGCAG-1,0.10266676137073519,1795.0,A,1204.0,1269.0,0.4852714182488256,0.06763046874601114,-0.00033996318218365747,0.05065981998012477,-0.14641058690872907,0.33254579860612077
TCGCATAAAGGGCGCA-1,-0.10005144430846959,636.0,A,1605.0,1559.0,-0.1051729463452724,-0.10134444215657426,-0.009722398851973155,-0.0007424617089495933,-0.1410356390982574,-0.10783694449093534
TCGCATCCCTAAGTGT-1,0.004179731715118394,1956.0,A,571.0,489.0,0.21449532459050144,0.01274232216989766,-0.07268365349502548,-0.004689663120082427,0.06763510566551349,0.008813507211450435
TCGCATTCAATGACTT-1,0.05037330762933022,1522.0,A,647.0,354.0,-0.034183752972953146,0.17851008618838737,0.08171061521598565,0.05889219286065879,0.13817006064526838,-0.04137374934043638
TCGCCCAACTGACTCC-1,-0.09592148468619066,1091.0,A,1573.0,350.0,0.002786398431699824,-0.11264673466440447,-0.15478915475268704,-0.004512467467220109,-0.06947310250206919,-0.16180141961287997
TCGCCGGTCGATCCGT-1,-0.04168185784410034,1400.0,A,957.0,577.0,0.08773301761442982,-0.11922218157682482,-0.12078059212811584,0.0985136872019708,-0.19194145099990848,0.02640102905802455
TCGCGTAGCAGTGTCC-1,-0.04457751783894165,25.0,A,1450.0,1425.0,0.014108145874894368,-0.09967597573294995,0.014118367024474672,0.042962635330277554,0.084278937019752,-0.027852487695841623
TCGCTGTGCGTAAATC-1,-0.13042598488728274,1905.0,A,699.0,533.0,0.31783370823589724,-0.046876458593573145,-0.07550677645970341,0.03562754263057749,-0.5759341263536499,-0.3476292943726356
TCGCTTAATTACGAAG-1,-0.029623802781570764,11511.0,A,1728.0,439.0,-0.18940515001042213,0.10958845662412972,-0.0361913574502919,-0.15458405660831326,-0.1864133748793788,-0.0027988197473904006
TCGGACGCCCAGCCCA-1,-0.11612883911397444,1141.0,A,1190.0,889.0,-0.01993814212088732,-0.1311279727677987,-0.1126109475783501,-0.05061915319182692,-0.17113928163534603,-0.04982031937660026
TCGGAGAGTATCGGGA-1,0.08378522689201028,3276.0,A,471.0,1161.0,-0.10725456318944324,0.09123759470476142,0.12730880988342202,0.05496559533908989,0.09838660614121186,0.1831126085697241
TCGGAGTACATGAGTA-1,0.05513121802518142,5112.0,A,1125.0,867.0,-0.12244306464674912,0.25710705570389186,0.26348738438171243,0.16254199469112374,-0.32008876616188814,-0.0133581576469621
TCGGCGAACCCAAACC-1,0.032800739895389966,1275.0,A,1526.0,1246.0,0.14415036305085602,-0.09972473273472252,0.20144874830434123,0.02061058878427366,0.11896177120995566,-0.05197467988780643
TCGGCGTACTGCACAA-1,0.07568304246838745,21468.0,A,343.0,1251.0,-0.11412388321563835,0.06135721363375991,-0.006278027287863502,-0.0220078889357678,0.1341582384569869,-0.04857873060881163
TCGGCTTGTATCGACG-1,-0.04014723589882076,900.0,A,1411.0,1448.0,-0.03406063277454184,-0.021250923872944763,0.05796950989903545,-0.0849180773082858,-0.03266384828409997,-0.04550607692871083
TCGGGATTCAAACATA-1,0.021999924960343767,3830.0,A,367.0,1027.0,0.12304937309683384,-0.03558096474255234,0.07980855115002139,-0.051175297728123306,-0.034429902059028336,-0.02939206651767142
TCGGGCCGTCGTGGTA-1,0.044805686593336114,233.0,A,1306.0,1045.0,0.13887057101065148,0.10723867618651478,0.0031612727278903033,0.18294088514883536,0.1702203425715844,-0.028438212066509885
TCGGGTGAAACTGCTA-1,-0.025288533509378555,1024.0,A,892.0,376.0,-0.036974404541644884,0.08390131433947264,-0.08170477420242413,0.02658268613083438,-0.14952631836997826,0.06630523623750059
TCGGTCCCTGACTCCA-1,0.07893711248424543,411.0,A,1329.0,374.0,0.30906238010982223,0.07633351639461428,0.2630507489339807,-0.04352778347367495,0.03362261464026621,-0.034052609164128604
TCGGTGACCGCTCCGG-1,-0.052755419996566424,2691.0,A,1574.0,484.0,-0.17889163777716868,-0.11523289726969273,-0.015426360161500306,-0.25229417259642656,-0.04217737439460138,0.2315452747960446
TCGGTTAGCCATGTAG-1,-0.09501226582472891,648.0,A,1393.0,261.0,-0.02035954654646896,0.011592062402435502,-0.010009390896286587,0.19743772996687883,-0.17524475599638634,-0.3055501915201746
TCGTAAGCTCCGAGGA-1,0.06804138809285817,2243.0,A,1535.0,507.0,0.07185226788173171,0.10505466918267323,-0.03293415648374422,0.10242603929788685,0.0802468542799731,0.17993365221344218
TCGTATAGTGCAATTA-1,0.04834626905401869,327.0,A,892.0,420.0,0.041648084366029375,0.47530679959426203,-0.0006310890773521954,0.024911777952786665,-0.04603777772031123,0.08699779286011154
TCGTATTACCCATTGC-1,-0.043422270737643764,3352.0,A,496.0,982.0,0.23034653760459345,-0.03466630131389824,-0.11118964833599997,-0.13671402350115244,-0.06237719783251732,-0.00610288381494627
TCGTCCGCTGGCGTCT-1,-0.1360176671195326,4081.0,A,687.0,645.0,-0.0966102883064394,-0.27449762541342476,-0.10784199026103587,-0.1824906612767253,0.07917139260581188,-0.32496081337048466
TCGTCCGGGTACACTC-1,-0.0015167844068547315,3486.0,A,1727.0,349.0,-0.01878781008560552,0.0812248762936177,-0.4694978901256699,-0.008053468759455226,0.07144037427827746,0.2983736093917845
TCGTCTTAGGCGTTAA-1,-0.08364047552720771,1937.0,A,1243.0,1336.0,0.10194327942307663,0.03483001644001203,-0.10027476463424012,-0.2435928257562594,-0.1789908361419482,-0.04663161364014491
TCGTGTACTATGGATG-1,-0.04457751783894165,30.0,A,1166.0,1202.0,0.007502697311307344,-0.0810277908315073,0.014116907765139554,0.03771818771338464,0.07472565909815701,-0.02665657324486554
TCGTGTATTGGTCACG-1,-0.042658107402537726,213.0,A,1681.0,1334.0,-0.07876694132024253,0.010104525337443382,0.004070666478608022,-0.027444208379320656,0.07695266187083316,-0.027756073852936027
TCGTGTCACGCTGACA-1,-0.024162410581433424,1023.0,A,471.0,1116.0,-0.034262372127769815,0.4976173036724861,0.04756078917011464,-0.08537676663803528,-0.28017667519701933,-0.007141376400656412
TCGTGTTCGACCACAA-1,0.0043031758653960805,273.0,A,1527.0,1425.0,0.07460448805016265,0.11992067633146092,0.0014589820195576308,-0.036779639128661376,0.07801957145070178,-0.029779384289706
TCGTTCGTTATTATGT-1,0.023051890334686367,1376.0,A,969.0,375.0,-0.13836701703724838,0.06816648453335945,0.09218853062973155,-0.0680944602251077,0.09681690704998697,0.10235606011399978
TCGTTGGCTCGTCAAT-1,0.16462430891173727,11215.0,A,570.0,355.0,0.5300184786432516,0.09134898993451492,-0.024636395293309826,0.045175364008404065,0.26036387765589586,0.046047918764085254
TCTAAAGAACAGTCTC-1,-0.03491884584097578,6920.0,A,304.0,1318.0,0.012731102085843257,-0.12117673299588755,0.018272529340503017,-0.04520485244753622,-0.2630160891357067,-0.028177557895466745
TCTACCCAATAGAGAG-1,0.004666455035478606,1689.0,A,1539.0,1402.0,0.02153540181053274,0.006285703075073583,0.27381726794043487,-0.23356432058939386,0.00415643406968556,0.12753567243119704
TCTACGGGCTCAGTTG-1,0.04507230685059062,10384.0,A,1741.0,506.0,-0.06698246681978423,-0.2005471499130319,-0.09868638474501723,0.30986007323451725,0.02296656804959496,0.04228782643143812
TCTAGCAATCTCCGCC-1,-0.009769917696019287,7088.0,A,561.0,1183.0,0.040356153336586986,-0.004150255521933023,0.055514652975995865,-0.03327734022735444,-0.5093813954820313,0.23390696388489435
TCTAGCATCTTCGATG-1,0.1064067380548949,2808.0,A,726.0,667.0,0.3349478576581623,0.14058486207393714,-0.03789435078876134,0.00924061378302745,0.043616091764260685,0.09941348702558424
TCTAGTGATATCGTGG-1,0.08341202943949831,653.0,A,1435.0,1134.0,-0.015330064381055677,0.11578611782844214,-0.010127905776394844,0.08885315637554014,0.08922276895938111,0.3162412121098397
TCTATCATGCAGTTAC-1,-0.16740351917939636,2136.0,A,687.0,556.0,-0.23216047324453382,-0.401188430561512,-0.6182229619901863,0.043533451578277545,0.11277984102619024,0.10498548206013478
TCTATCGGTCGCAACA-1,-0.05380547179606786,3419.0,A,996.0,644.0,-0.23389049897455252,-0.03050235030751131,-0.05433973012433863,0.2177222663185177,-0.22525199776349888,0.008148526214708103
TCTATTACGCTGGCGA-1,0.10265970776870897,6893.0,A,609.0,467.0,0.43390768535766144,0.019679973039849592,0.17775880665302168,-0.1884278009998131,0.042115944595486475,0.18261557949463322
TCTATTACTAGAGGAT-1,0.06154254993767883,4868.0,A,367.0,1072.0,0.30295325821216795,-0.02680887982465071,-0.029108388072717074,0.1450487436190511,-0.03786070331100154,0.055379075402360346
TCTCATGAGATAGGGT-1,-0.04157770467326295,968.0,A,1294.0,1247.0,-0.17195537584793547,0.10859484899741684,0.03421458868292353,0.15582188870998026,-0.23722665482850608,0.036542063296159985
TCTCCCTGGGCAGCGT-1,-0.052262754202528496,2341.0,A,1205.0,1359.0,0.12942678012725506,-0.07950699185398216,-0.19505622863081792,-0.09740209321313559,0.02971198524549255,0.07602102295059293
TCTCGAACGAGGTCAC-1,-0.004107814691483663,493.0,A,1381.0,418.0,-0.12392216378333387,0.2295819970506926,0.05349387455771002,-0.051296092837361695,-0.06560583855483873,0.0671046631974333
TCTCGACGTATCGCCG-1,0.0023902134259233265,2059.0,A,1628.0,1156.0,-0.0815003078885023,0.1801410192663371,0.2811024127990328,-0.18328959893603228,-0.07610560129612529,-0.12906028465162608
TCTCGAGGAGGTTCGC-1,-0.036866441461451654,2769.0,A,1616.0,1312.0,0.059612591096627456,-0.3971467343616473,-0.005861364390811626,0.3453859689327547,-0.15241865332252946,-0.07693987995306932
TCTCTAATAGCTGGTA-1,0.009870706817197716,2991.0,A,841.0,600.0,-0.30235544207073,0.12891162993620064,0.1354044887772804,-0.05450529974144825,-0.02702903450031669,-0.0015843604190227535
TCTCTCGCCGCACATA-1,0.14926480469355952,11877.0,A,1655.0,1379.0,0.09259428885200541,-0.06345583910531252,0.04944063515784169,-0.002930486589224679,-0.042679217769654755,0.62670951550639
TCTGAACCGGTCGGCT-1,-0.09388045916496468,2526.0,A,648.0,623.0,-0.1664123117175703,-0.5853530824361814,-0.3193106349436223,0.08545140225477091,0.0013794939649520621,0.08637008385351676
TCTGAACTCGTACCCG-1,-0.00673850466054321,962.0,A,1397.0,1201.0,0.00932827783564951,-0.20604183446880467,0.004170896092326553,0.05151931372380252,0.37312504324187756,0.03562251018888565
TCTGAAGCACGTGGTC-1,0.03795629195015969,1855.0,A,1257.0,1403.0,-0.11065701510564695,0.14290458886205934,0.09390971943442282,-0.1122847132027335,0.17596793056581173,0.12814398948197614
TCTGAATTCCGTACAA-1,0.021103300039069156,1092.0,A,1383.0,911.0,-0.06400878172340443,0.1885668918930003,-0.018718067508043487,0.011093665040561196,-0.02867688024034873,0.07662653188599423
TCTGAGCAATTGACTG-1,0.1739553454664312,3584.0,A,1616.0,1357.0,-0.01108808072158285,0.210200789095123,-0.12921970027535448,0.39632948022886016,0.34511420332187553,0.18199629593520128
TCTGATGTATTCTGTC-1,0.041396862328696916,1414.0,A,1243.0,1292.0,0.1845039053541677,-0.0010209581709076723,0.3968678397478857,0.06524124305796053,0.11054810474448559,-0.2387221432270638
TCTGATTGGAAATGGA-1,-0.06876531746082754,1735.0,A,1756.0,931.0,-0.026895711007451067,-0.13617097469380574,-0.1846302691439613,0.052573947104005314,-0.0834459471724814,-0.020083157123347746
TCTGCCAGAAACTGCA-1,0.03563382431056679,847.0,A,1191.0,1068.0,0.23281806045826495,0.22261417811658007,-0.014310549263891355,0.049569751553844466,0.10996231678191462,-0.04446571722869977
TCTGCTTAGAACAAGC-1,-0.004020373306012903,11932.0,A,1796.0,1267.0,0.026256877030844547,0.07253832272822004,-0.11332264113344866,-0.32143230294390424,0.17309800301523243,-0.08051149558229517
TCTGGAGCGTAAGAGT-1,-0.03429460281735347,1322.0,A,1795.0,998.0,-0.08970560600330213,-0.005270881695140773,-0.1572924708389448,0.046692502561158006,0.07645910520670687,0.04267385946522222
TCTGGCCGTTCAAGTT-1,-0.0041578354589820316,1351.0,A,1743.0,954.0,0.14086884920512682,0.14076135376900759,0.15328900039558271,-0.060955061577546654,-0.10598342810470733,-0.07641604840203127
TCTGGGAACCTTTGAA-1,-0.009067665430450053,1123.0,A,1435.0,1045.0,-0.1017337765653416,-0.018241332701035423,0.02537624064256411,0.023665800685005393,0.3462847818888316,-0.12028837592734049
TCTGGGTAGCGCTCAT-1,0.04464934262452964,3628.0,A,637.0,1048.0,-0.021949593874684353,-0.18574508268755185,0.1521298826978877,0.10562215948474206,0.05982524403901364,0.0849834125759602
TCTGTGATGGAGGTTG-1,-0.0814130931162221,426.0,A,1637.0,283.0,-0.019001322443856883,0.13507151837018722,-0.003984035507207988,-0.05410615500402209,-0.16929771559949452,-0.20619933683866087
TCTGTGCCATCATAGT-1,0.09574597797655471,1453.0,A,1203.0,867.0,0.1258305943109732,-0.03633346902269871,-0.055055013980226226,0.06192006963681203,0.09460810694418412,0.3705275396697602
TCTTACAGAGGTACCG-1,0.11960800931692171,2163.0,A,751.0,488.0,0.15039248448363646,-0.11931660196490368,0.2372578462782626,0.2426612716146912,0.10240599588747616,0.12658874696044714
TCTTACTTATGCCTCT-1,-0.04436525697072553,813.0,A,1371.0,1157.0,-0.1022638445142453,-0.3375252734595436,0.20919594971026223,-0.13554607304647226,0.06773853425620148,0.1310190239928511
TCTTAGAGCTCCAATT-1,0.045786365694047815,1213.0,A,1564.0,1044.0,0.12945373902546453,-0.04295698692055767,0.02262248747105178,0.0710486889577936,-0.04413095674033561,0.23091765769311642
TCTTAGAGTGAACTCT-1,0.019623811390933263,848.0,A,1448.0,1112.0,0.0682932157947584,0.08405681009205823,-0.014330282734344616,0.024204711544784298,-0.009816489794020389,0.03647163134205493
TCTTCCCATGGGCACA-1,-0.20705635647441373,845.0,A,1408.0,866.0,-0.3020255153724537,-0.23503829604635243,0.03536812495760812,-0.17821598492333024,-0.5599158868039267,0.1376441123721671
TCTTCGAATAGACGTT-1,-0.019860944098279848,2486.0,A,1088.0,1024.0,0.10470324968751524,0.3282855270427163,-0.12510136624667106,-0.19881915841085027,-0.04782028635472458,-0.1707300431914283
TCTTCGCGGTGAGAGG-1,0.054503349551678744,1814.0,A,1669.0,1491.0,-0.04947933952337211,0.004222921290434356,-0.15566339910957377,0.25523268920082615,0.237044526261367,0.0046899734171757905
TCTTCTATAACCCGCC-1,-0.12504405394978452,884.0,A,1551.0,1156.0,0.020725662060599948,-0.06433783207686067,-0.1973901833036677,-0.20870270281864245,-0.09275296461335195,-0.10156608251175854
TCTTGATGCGTAGCGA-1,0.04806889979682162,3931.0,A,1048.0,867.0,-0.0899717883816352,-0.15606519668078495,0.13084597045137009,0.038490296993413366,0.2693778565250238,0.010682250738961464
TCTTGGTAACACCAAA-1,0.018298681312433285,4706.0,A,1008.0,621.0,0.005932995269952612,0.14378192863000708,0.00893244007120043,-0.14445369521693724,0.012058909921097337,0.05281655687355244
TCTTTAAGACTATGAA-1,-0.09951248120991332,739.0,A,1434.0,910.0,-0.07574348382535956,-0.08813864737217461,-0.012075632475434826,-0.0765943861904364,-0.14483427889400416,-0.08168312215363502
TCTTTAGAGTCTAACA-1,0.04094022956343101,2986.0,A,1642.0,1267.0,0.460708940829616,0.04072678175929244,-0.06200245203005126,-0.23715744290353274,0.11771747244403362,-0.2856458836551356
TCTTTAGCAGGCGAAC-1,-0.052436458057012005,2918.0,A,1666.0,909.0,-0.016073681286341873,-0.21392632857616195,0.05135452257166648,-0.20840671857243268,-0.0551778477806014,0.058913605586591186
TCTTTCCTTCGAGATA-1,0.17199813464990768,10260.0,A,1720.0,1446.0,0.37831937135552435,0.13030522272927073,-0.10178471742123313,0.353418034901824,0.06237318552536342,0.1871417147232381
TGAAACTTATGCAAGC-1,0.03822582845143831,1724.0,A,1110.0,397.0,-0.002595910060549444,0.09971076299190475,-0.09196593693347706,0.1270587777070671,0.17621386385213547,-0.032326898892998904
TGAAAGGACCTGACTC-1,-0.1375149329410087,923.0,A,1241.0,934.0,-0.2527824596569189,-0.11376481306413187,-0.12588580578427205,-0.0006269363787728688,0.0822286828471735,-0.30215073374470747
TGAAGAGCGGTCCTAG-1,-0.02058330876711699,1718.0,A,314.0,580.0,-0.2862259854878422,0.025715429287231053,-0.09011001974312974,-0.09329052805243948,0.20754754872144932,0.10976808913312303
TGAAGTAGCTTACGGA-1,-0.13638239177263156,2580.0,A,236.0,535.0,-0.09230176045848189,-0.07839150035851798,-0.344087723913068,-0.1706151709706506,0.10380989395225491,-0.19898467252352006
TGAATATGCTATAAAC-1,-0.06580557284842911,4448.0,A,1638.0,506.0,0.10931317174955375,0.002998337886981013,0.12833203846103505,-0.43215250132765265,-0.20682897517377627,0.08941551858041574
TGAATGTCAGCCGGCC-1,0.027384162497944328,816.0,A,1577.0,1201.0,0.04468834638063188,0.0344891687578992,0.020914652374024695,0.004468884060079011,0.3311250029264882,0.01568624911456465
TGACAACGCATGTCGC-1,-0.12619373714052978,883.0,A,1769.0,1043.0,-0.17663605937828752,-0.02648139289264207,-0.508270865167309,0.026578865943736533,0.18227760257915326,-0.04517642860339412
TGACACTTCTCTTTGC-1,0.12987151928813825,2513.0,A,1484.0,507.0,-0.011655509536189414,0.2277017724891477,-0.035412600612605254,0.0228132992830352,0.5041508668061797,0.12814887090252913
TGACAGGACAAGTCCA-1,-0.02719754861770786,27239.0,A,292.0,1386.0,-0.2626684217768295,0.0033479070706632086,-0.04787458481256882,-0.12669602186366585,-0.031097802583793438,-0.12732759753527012
TGACATCGAGCGGACC-1,-0.05367765709273392,637.0,A,1473.0,932.0,0.005398962942225208,-0.26098838570945415,-0.0659496249772179,-0.0704182611159585,0.35249974470566525,-0.039926095785996915
TGACCAGCTTCAAAGT-1,-0.09512701968606169,1173.0,A,1419.0,306.0,-0.06119669410306677,0.17792082107160434,0.04943999324297235,-0.015860496455982823,-0.8822522003918467,0.23258711514915476
TGACGAATATTTCCCT-1,0.19453861271556278,4835.0,A,458.0,1139.0,0.2885994765648355,0.019607849136828844,0.07378938302462633,0.17006613055076902,0.33238796615607075,0.25495683067955993
TGACGATGCACTAGAA-1,-0.10027531694332156,1004.0,A,1396.0,978.0,0.023732619997485924,-0.03077086755939734,-0.01722526733263542,-0.19908965440987883,-0.09856214799374374,-0.1010376858623939
TGAGAATGCTTTACCG-1,-0.08041845224222054,2567.0,A,867.0,555.0,-0.1959730151746068,0.22778314596187638,-0.03588326542692515,-0.30025870214238304,-0.0023009159329192416,-0.13509555232835252
TGAGAGATTTACCACG-1,0.027782385461294468,799.0,A,1345.0,1067.0,0.10174437496003677,-0.10232436575789373,0.33304616220753064,-0.07987366018206639,-0.08811143334421562,0.07795066650130779
TGAGATCAAATACTCA-1,0.1281593418582007,2425.0,A,981.0,308.0,0.10822939411057521,0.210604459080201,0.23737825073338784,-0.14605071907372377,0.3330457974762499,0.09920858574069877
TGAGATTAGGCCCTAA-1,0.01086212214152081,4146.0,A,1381.0,508.0,0.011599770665248248,0.03590239535405683,0.1220064668883665,0.0302693350971726,-0.02080886860220227,-0.16427802678143
TGAGCCATACAGTCTC-1,0.025939138529828664,4869.0,A,663.0,1093.0,0.046417823869627575,0.013133808731103813,0.02516718271244969,-0.06462553725026511,-0.10227521820705385,0.06703961850531433
TGAGCTCAACTGTATA-1,0.1529779125891509,19204.0,A,1771.0,1446.0,0.39931974092002887,0.16721275736385238,0.026102252678647013,0.15429363594747456,0.04195559581191001,0.013412351281695878
TGAGTGGTCCGTGACG-1,-0.031905652395937525,7094.0,A,1254.0,822.0,-0.15004401608055146,-0.2601314613493661,0.15276067768953194,0.013261405837328322,-0.08850954052598047,-0.01859383817786324
TGAGTTAAAGACATTC-1,-0.02253645879293347,1853.0,A,1616.0,1223.0,0.09935262059899719,-0.11596852594532475,0.47773305804665855,-0.0894168215275691,-0.2758940830724537,-0.187689870651916
TGATCAGGGAACTGCT-1,0.24780460100297733,6487.0,A,483.0,1094.0,0.5132352230043109,0.10523977812933552,0.09576785824120188,0.2727554484799001,0.14016972514114742,0.3687767418406553
TGATCTACGCTGATCT-1,0.10289064912983738,1230.0,A,1458.0,507.0,-0.09803405878352053,0.04041170616348057,0.11563978227256591,-0.08607831559970007,0.22357187168989764,0.4325517022920753
TGATGTCAATTAAGTG-1,-0.14569159228234288,1411.0,A,1501.0,1469.0,-0.7182019353230895,-0.11706278543329199,-0.13469401124431427,0.10737391237475671,0.18553087788193315,-0.05401636438220657
TGATTATGGCACGCAG-1,-0.01441337141984897,3100.0,A,1599.0,440.0,-0.11315182266206913,0.009489272284789442,-0.05030940857342104,0.07390392392872394,-0.08032742182355138,0.04173505622114048
TGATTCAGGTCCCGCG-1,0.0574541933477242,33417.0,A,278.0,1229.0,-0.25845616695160123,0.030050504432789615,0.10649909284488486,-0.19536043870377257,0.020153427120765607,0.05876569034313199
TGATTCTGTCGCCGGT-1,-0.14597642487958054,3544.0,A,741.0,1227.0,0.0694180935528439,-0.12302887855374606,-0.3395899561865307,-0.43770675014711385,-0.027633256780556684,-0.08940077294583933
TGATTTATTAGCTGTG-1,-0.1413155590318109,2459.0,A,612.0,1004.0,-0.28821504495358086,-0.2075228138831319,-0.003372487226414823,-0.2754145884842647,-0.0880693152912819,-0.22276596059720186
TGATTTCCTCCTGACG-1,-0.07303404615071407,1493.0,A,609.0,511.0,0.08155295814373942,-0.12420158968048461,-0.1017524626907131,0.01901071196653064,0.0625507697734946,-0.11506611068713056
TGCAACCCATCTGCGG-1,-0.07172609354890763,3010.0,A,1334.0,1493.0,-0.49496899265480304,-0.40139960888053344,0.1286100642652824,0.1689363126796473,-0.10880606045640895,-0.08940596412652561
TGCAATTTGGGCACGG-1,-0.021215513061703675,3088.0,A,1509.0,462.0,-0.1848983978014349,0.048061803471351056,0.33560472645813383,-0.11662243162046051,-0.06296901799314544,-0.13155316360486463
TGCACAGTGAAGTTAT-1,0.07928650190740036,1203.0,A,1458.0,418.0,0.1552991190971022,0.07595571926974926,-0.02048127045138968,0.133503391412708,0.3621521974327583,-0.12623456990513898
TGCACTATGTGAGTGC-1,-0.016315875230668277,2031.0,A,339.0,535.0,0.017529334982661727,-0.04347976919425233,0.006408048520148848,0.010244968040359584,0.06320066599587079,-0.10405745122797767
TGCAGAACTATATCGT-1,0.07820015136464864,6815.0,A,458.0,1094.0,0.5719830550306337,0.08893786294957876,-0.017980230692615333,-0.10050276333782529,0.021068463624786447,-0.07516384224675593
TGCAGAGTACCGAGCA-1,-0.028559262455059915,1732.0,A,766.0,1003.0,0.1923810465822606,-0.23314685015196668,-0.027533960531172873,0.1103964667014366,-0.12664552844344398,0.03349658732591328
TGCAGATCGTCCTAGG-1,0.14469399986074555,7877.0,A,406.0,1094.0,0.3682216990513443,0.055315058817919094,-0.2338964201187952,0.36589135114812676,0.14294869559209272,0.07894545193203226
TGCAGCTACGTACTTC-1,0.02725782580308203,7971.0,A,380.0,1094.0,0.4066336276349776,-0.026286202616028834,0.040690340734256425,-0.07297613650303227,-0.23953871369945576,0.08617175468549329
TGCAGTGAGGCTCGGG-1,0.15222700157247948,11527.0,A,1728.0,484.0,-0.16256676656580135,0.0006693738753630052,0.43763323345909405,0.23432723985218185,0.27357198796096005,-0.10018980059371227
TGCAGTTTCCTCCCAT-1,-0.06649223483818607,711.0,A,1332.0,1045.0,-0.09788445004146189,-0.022365891850816375,-0.01145944507236293,-0.121475214540407,-0.08272354231973654,0.05114528941818382
TGCATATGTCTGTCAC-1,-0.15631426331229695,893.0,A,1267.0,933.0,-0.019602634237346372,-0.214307356350598,-0.0152017649335002,-0.14553935897949447,-0.17243750642595,-0.25506993494920915
TGCATGGATCGGATCT-1,0.10963599610719998,1909.0,A,1034.0,576.0,0.13184161038783612,0.2640086420827916,0.04345249471099243,0.2131625526078079,0.0159464924966103,0.048193555452141795
TGCCAAAGTCAGACTT-1,0.11784374908598992,11841.0,A,419.0,1116.0,0.4421588916097319,0.0640847128064559,0.1617681695360741,0.02973035715354888,0.027258075426334405,-0.046826812359913914
TGCCCGTACCGTTAAA-1,0.06471235792687272,3889.0,A,1140.0,1158.0,0.18877686664244886,0.00046568754868915596,0.09472276732739339,-0.017152399053174932,0.18342507328137092,-0.02198769186135927
TGCCTAAATTTAATAG-1,0.0389761548527161,1770.0,A,1808.0,1020.0,-0.2583946362723771,0.22579428806230192,0.1605837402450552,0.04199605885628478,-0.046063583820295545,0.08533765516146491
TGCCTAATTGAAGATT-1,-0.05674560096193159,1619.0,A,1527.0,1380.0,0.08644744172823414,-0.04595760371877887,-0.36362121937055686,-0.35670644394426304,0.3882691711950181,0.05574755700870293
TGCCTGATCAAACGAT-1,-0.062205794519231576,7968.0,A,1073.0,599.0,-0.18998872676580159,-0.10426316707067644,0.06013858145213263,-0.0006006264488198909,-0.14308225791191823,-0.09746942833938739
TGCCTTGGCCAGGCAA-1,0.150557342087139,2140.0,A,1230.0,1314.0,0.45400847106749204,0.2149424566564861,-0.10873131091640353,0.22128147595221265,-0.11538394556197698,0.30332135560613505
TGCGAATATGGGATTT-1,0.026316422292389563,11640.0,A,342.0,1162.0,-0.147317055670388,0.06090667293014229,0.041202974266259663,-0.31845514089838656,0.31217965790067914,0.005515231558066144
TGCGAGATGGCGGCCA-1,-0.08435837022243194,3122.0,A,1651.0,395.0,-0.13264067067227747,-0.22315013553918123,0.00206790467428531,-0.2431284955828018,-0.09635996122121972,0.11467291211883311
TGCGAGCCCTTCCGCG-1,0.05771895055315751,623.0,A,1483.0,418.0,-0.08197163745949929,0.18475801234762318,0.16240373511278355,0.13633707270530812,0.36457067392592857,-0.2140095864141058
TGCGATGCTAATGGCT-1,0.018435377910302683,11477.0,A,314.0,625.0,0.028999949126043312,-0.06296249022261582,-0.05418781908714888,0.040740984864442845,0.044339999054715654,-0.14122434733366684
TGCGCCGTTAATAACG-1,-0.13608621584480377,858.0,A,1757.0,1065.0,-0.04071225918366253,-0.5445516545760364,-0.11998101868701605,0.05173401066125118,-0.16573846855018934,0.12287922306115649
TGCGCGATTAACGGAG-1,-0.058725098567888004,1152.0,A,700.0,757.0,0.008415707768577842,-0.3021405067176922,-0.15290336319735587,0.13231494137758945,-0.07199734341612214,0.18460558572783922
TGCGGAGTAAAGGTGC-1,-0.05228133752715453,7129.0,A,1073.0,643.0,-0.0114253083106622,0.08015849574534922,-0.015424857969412,-0.23497737944424804,-0.19629347839030287,-0.05366088636277688
TGCGGCATAGTTCAAC-1,-0.09588818483162354,1532.0,A,866.0,421.0,-0.20235773122446915,-0.03637822592010009,-0.025086362466804554,-0.2169471692657225,-0.06039581149587553,-0.003372420814461711
TGCGGTGAAATTTCAT-1,0.15362502810192669,2437.0,A,1020.0,420.0,0.23613084309815432,0.2589222798911446,-0.02156406331505443,0.25745041768596166,0.15692436166087312,0.010793620569079527
TGCGTCATGACTGAGC-1,-0.01659571641231722,2663.0,A,446.0,1340.0,-0.31976046260839497,-0.11610612823360196,0.009832862029077781,0.16805193016721962,0.15567421398837777,-0.1794860649157403
TGCGTTTGTTGACACT-1,0.04432263322295814,1031.0,A,1152.0,1091.0,-0.1562341845612887,0.18447949197040825,-0.017693002414666707,0.025779236183607945,0.15444491427384638,0.11799503578049177
TGCTAAGTGTCTATTT-1,-0.000744471172899332,1212.0,A,1333.0,1314.0,-0.02389915488686435,-0.0008724415291315596,-0.13301864357280652,0.024663666983292608,-0.07355476105880837,0.4518612296861831
TGCTCCACAGTTCTTA-1,0.00017607556554324888,1011.0,A,1397.0,1157.0,-0.021600647202882253,0.01145847011106415,-0.01734739316669193,0.20580948567670437,-0.15270169303366846,0.12578796859071667
TGCTGCGTCAGAGTTA-1,-0.03770560540150821,3722.0,A,1766.0,372.0,0.07044885427995132,-0.13517881892661626,0.024809818969122065,-0.01219208160417969,0.04896337194175079,-0.16848106583592873
TGCTGGTTGGACAATT-1,0.09974016271549561,9851.0,A,700.0,623.0,-0.16107658674173822,0.07358955461345397,0.10341633798945826,0.20121406060532845,0.13307255280090807,0.07629578624628353
TGCTGTTGAAGAACTC-1,-0.05851203920656863,7269.0,A,1023.0,1002.0,-0.06537816020876916,-0.2796811869753569,0.14940351339780839,-0.22921093275512022,-0.17512056477243132,0.09783675654050777
TGGAAGAAGGGAACGT-1,0.06248168242384337,6680.0,A,625.0,1026.0,-0.07753779293548499,0.06977284136599027,0.18884784320251444,-0.018443620027464625,0.19902695355561115,-0.09986634282275139
TGGAAGACGAACACCA-1,0.02149376724750752,3341.0,A,763.0,466.0,0.24779618104532597,0.16499059750571757,0.07206247424880519,0.10467979724735224,-0.34468266006744275,-0.06014801405133505
TGGAAGGATAAAGATG-1,0.10997576042085369,3528.0,A,1047.0,599.0,0.16703490188776032,-0.09866196315233292,0.038744188829499926,0.1514038066115159,0.13386669286858152,0.21359683227960127
TGGAATATCCTTGACC-1,-0.018079691751002554,8410.0,A,1549.0,664.0,-0.06485579490230112,0.007373625578412708,-0.06232072628012665,-0.3031606356176296,-0.18905024300391138,0.2934976353282604
TGGACACCGTTGCTTG-1,0.04100015919969527,7381.0,A,301.0,602.0,0.020914050576822635,-0.023945008613422206,-0.1701092809551386,0.09090882536102995,0.36927966829903464,-0.1992890640296033
TGGACTGTTCGCTCAA-1,0.08773429281133277,2479.0,A,1113.0,979.0,-0.283309325602793,-0.2718767629454806,0.08755840592980282,-0.025960586148616734,0.6742880589841064,0.3217195803409359
TGGCAAACTAAATTAC-1,-0.0011941115988745171,5556.0,A,1179.0,1270.0,0.12726705924042686,0.18216865104904714,-0.03156006027977755,0.07129624042154928,-0.28989269902081,0.03652689886884644
TGGCAATGGGACGGCG-1,0.04985478197362861,1027.0,A,1539.0,1357.0,-0.020443044359437994,0.25545702347882504,-0.09338017513411095,0.07580016396417463,0.08332579430553431,0.04379247347393865
TGGCATGAAGTTTGGG-1,0.0015088925384479368,29666.0,A,330.0,1408.0,-0.15952445693999578,-0.049552147653713435,-0.11233807362647374,0.01757419063453043,-0.058496200168545856,-0.07507192051139051
TGGCCAATTTGGTACT-1,0.05009470559458648,16253.0,A,317.0,1251.0,0.07248324564798894,-0.16570910822795998,-0.011622735920762697,0.053922616223178205,0.05087557143216745,-0.04933342553133467
TGGCTCTTGTCGCGTA-1,0.08318434669916189,8066.0,A,329.0,1095.0,-0.0966670325149735,-0.18724761328866346,0.1745412390207411,0.28118009841706426,0.029975850656706632,0.05367436058377709
TGGCTTGTACAAGCTT-1,0.026617334022675895,9491.0,A,1664.0,506.0,0.13004194190145013,0.06832263267585757,0.19085137116043005,0.09482089888306046,-0.10908024238006611,-0.26197602189738284
TGGCTTTGGGTAGACA-1,0.17686288591841448,3874.0,A,828.0,577.0,-0.12498606034831938,-0.07316670767874933,0.08301570038777457,0.2661679425742213,-0.00794579552229719,0.7617423309616592
TGGGAAATGCCTTTCC-1,-0.049712715043655153,2486.0,A,520.0,668.0,-0.09869392472679667,-0.10787273520392451,0.11468501318053644,0.1887420260583215,0.042528631979821215,-0.39399600390072165
TGGGATGCACTCATTC-1,-0.08507878640841957,706.0,A,1432.0,418.0,-0.013245477802236408,-0.11688049787362727,0.18375052028671948,-0.07705265955429233,-0.14368060549152212,-0.2208655582400897
TGGGCAATAGTTGGGT-1,-0.11488163940072907,920.0,A,1564.0,1178.0,-0.0417815384172744,-0.0912498171796757,0.036064687035751025,-0.2361294415091351,-0.10818141648404492,-0.045889173406048006
TGGGCACGTTCTATGG-1,0.010095138600878711,11605.0,A,1111.0,487.0,-0.22230418338135094,0.09835721275288144,0.11767762194082844,-0.26877909862949134,0.13837538347476053,-0.20525324751946733
TGGGCAGGCCACCGCA-1,0.10043207300971842,20462.0,A,1668.0,1357.0,0.12163929561204331,-0.09001806399109752,-0.020349083690971388,0.0002700919872261204,0.1734488071553617,0.03578211466333951
TGGGCCACAAGAGCGC-1,0.1062647864358346,5613.0,A,1098.0,554.0,-0.06050289496338432,-0.1754821660671368,0.030334094105221095,0.03107452578886019,0.0483150864032974,0.583141167426258
TGGGCCCATACTAATT-1,-0.0884066880135721,964.0,A,1320.0,1202.0,-0.04679228160712155,-0.06592198639832927,-0.11593277673157994,-0.08466890851180107,0.06339927320511252,-0.11585784862360168
TGGGTAAGGTTCCCGC-1,0.010353866512973299,1719.0,A,1188.0,441.0,-0.1309320256720656,0.02099069607604424,0.019674384952748942,-0.07391520692492617,0.4266118275551251,-0.20983103867795275
TGGGTGGGATGTCATT-1,-0.02861507130365515,1898.0,A,1612.0,372.0,-0.007142663216748047,-0.04730579061869483,-0.08794577920954173,-0.026136859233685368,0.04411849054600372,-0.06040184675833526
TGGTAGAATATATGGG-1,0.03504174274926136,1420.0,A,1461.0,1223.0,0.1186829384879671,0.04908275763599737,-0.07803592586851929,0.28676016873990695,0.07322498729572574,-0.004838465287024592
TGGTATCGCATCCCAA-1,0.09761775378698104,5696.0,A,1046.0,330.0,0.18784102034512182,-0.0934090823930078,0.12331241255877406,-0.06721571521876246,0.24438690279646003,0.10254069265884998
TGGTCTAGCTTACATG-1,-0.033546025610293385,5091.0,A,237.0,625.0,-0.11325869235403745,-0.2591383853065108,-0.037956084944263696,-0.18188297818776816,-0.005320495961979605,0.37062558560270725
TGGTCTGTTGGGCGTA-1,-0.20966439882775684,1856.0,A,547.0,982.0,0.0960505897648121,-0.15806930661092713,-0.5463720329219758,-0.4087249860306069,-0.21951068182128336,0.02336670459400599
TGGTTCAACGGGTAAT-1,0.057830414589231306,2405.0,A,1127.0,1270.0,-0.15081373259846745,-0.05102600860143046,0.39312833597820185,0.13809053288405068,0.19523520627671,-0.1450588658800334
TGGTTCGTAGCAAAGG-1,0.189274232468651,3081.0,A,880.0,667.0,0.15188329927226002,0.013051167074343617,0.030986495770911646,0.5272881654462164,-0.006800756148569039,0.2797613426119643
TGGTTGGAGGATCCTG-1,-0.11427012014789005,481.0,A,1342.0,396.0,0.004111103912784075,0.03154766516596018,0.05429564551696908,-0.29751157123066907,-0.2743608137302321,-0.036006374503706036
TGTAATGACCACAATA-1,0.2079650507211515,4513.0,A,354.0,960.0,0.1154878102363872,0.12899400968260755,-0.039682636206302295,0.6890800957665788,0.19496621191714425,0.09435921556035588
TGTACCTACACGAGGG-1,-0.030449764877095567,1350.0,A,1347.0,1470.0,-0.033649005255215775,-0.18833660462080523,0.20424214680736388,-0.102499363397066,0.16215595964336169,-0.10446623003565086
TGTACTACTCTCACGG-1,-0.04876421514980925,5846.0,A,1716.0,596.0,0.04698812408623553,-0.247932161796074,0.013173738445092998,-0.018432963619553887,-0.013138399028155612,-0.20966857625509416
TGTAGCCATCCCATTC-1,-0.06979740007798654,1130.0,A,1617.0,1536.0,0.042971717401927526,-0.03623409114107305,0.0419502589720733,-0.045081948684937374,-0.11116035412461656,-0.02498753644508673
TGTAGGAGAAATTTCC-1,-0.05402386981199832,1098.0,A,1280.0,911.0,-0.209928094058163,-0.2125859507511728,-0.018816633291153455,-0.025104160665846684,0.2206657989135068,-0.015323259729868356
TGTAGTGATCTATAAT-1,-0.08296483210996934,3147.0,A,598.0,937.0,-0.045181240463200656,0.006597129986095331,-0.09896955421344582,-0.23042966970991582,-0.12094528732555943,-0.08355373151161928
TGTATCAGACTGAAGC-1,0.009890566463660787,2086.0,A,1586.0,372.0,-0.011595470361670409,-0.09012743817480923,-0.024173259475007983,0.030955520515081415,0.18073232767373848,-0.06377738197539477
TGTATCCTTATTCCAT-1,0.08988057563764149,2906.0,A,814.0,376.0,0.09832779503729862,0.12304854919867114,-0.024471669890235092,-0.13965074737879102,0.24375789125703953,0.21008185774050356
TGTATGGCGCAGACAG-1,0.0169163597913055,769.0,A,1371.0,1112.0,0.31926622138664396,0.05766287538876351,0.04251690365836009,0.06799278085347557,-0.2938125768074138,0.10808574122045622
TGTATTTACCTAATGC-1,-0.02979954987811018,1056.0,A,1483.0,373.0,-0.04211507292873047,-0.09793626260911939,0.17307011541344633,0.08853495922324602,-0.05207200327779381,0.1189421007086188
TGTCCCGACATAGCAC-1,-0.1500672320628205,1162.0,A,905.0,398.0,-0.4676977214733365,0.04523880870179158,0.04088894416085938,-0.18938239784417488,-0.3085487683208537,0.08357862756130421
TGTCCGTGGCGCCTTT-1,-0.13643700068672998,9161.0,A,405.0,826.0,-0.2411247617700275,-0.24845923651406454,-0.7243716302787819,0.028306226462495317,-0.12219320374626291,0.25975203440152483
TGTCCTAAGTCACCGC-1,0.03466462417310368,5094.0,A,560.0,914.0,-0.220967541840476,0.1734029068760648,0.08061127416732798,-0.038613885201163635,0.2035992562708263,-0.16661699572500605
TGTCTACAGTTTCTGT-1,-0.01292524932728073,1625.0,A,853.0,398.0,-0.20163096860735522,-0.09782115191439603,0.3897611363351136,-0.07230775801518516,0.04461569078139125,-0.0540209645179696
TGTGCCGGTGCCGGAA-1,-0.09936739479170187,1378.0,A,1423.0,1336.0,-0.2884461147405084,-0.12164296940987909,0.1048486767188845,0.1790439616752849,-0.32347609433815144,-0.029527944045216477
TGTGCTTTACGTAAGA-1,-0.07657317940551492,3138.0,A,406.0,960.0,0.21590761416251894,-0.6884990073140581,0.17720079437950842,-0.10007386783905736,0.20631373638800143,-0.10478638840828762
TGTGGACTATCTACGT-1,-0.209062338805169,8935.0,A,1796.0,1311.0,0.13201288310831474,-1.0257867568182648,0.09608208207967879,-0.14930604254141572,-0.28772168629598643,-0.06432379397923103
TGTGGCTCCCACCAAC-1,0.12054353585428261,1597.0,A,1693.0,1133.0,-0.0862631263202711,-0.034913138700314233,0.4411949182784425,0.2899973706541906,0.12319950174681954,0.04342405216529809
TGTGGTAGGGTGCCTT-1,0.048413575457081075,8757.0,A,1784.0,1334.0,0.23270106189139544,0.0554338258626669,-0.12566980736872282,0.016078588034890824,-0.1349855805783669,0.11820155412941988
TGTGTAGTAGCACGTG-1,0.19164116606606452,1419.0,A,1668.0,1446.0,-0.00574711324488552,0.1481467344976371,0.37881813678761433,0.23370836017085186,0.17285855831395242,0.18992866976256662
TGTGTCGCGAGTTGCA-1,-0.057256875192969126,6744.0,A,636.0,690.0,-0.0783785786546926,-0.3150959532603533,-0.024353116728391553,0.13645751639340203,-0.16105266269846988,-0.062011811114678114
TGTTATTGTATGTGGC-1,-0.07042008805894062,668.0,A,1281.0,1135.0,-0.08347026193157223,0.14318473934138615,-0.027270209016529597,-0.15037337703542614,-0.20104671581077999,0.13770672386658697
TGTTCCGCTTCCATGA-1,0.01069168797496002,10704.0,A,740.0,958.0,0.021537690256034553,0.018103816964855593,-0.04200897556444493,0.0166232210220751,-0.02587899568157586,-0.10963806890875541
TGTTCTCTACTCCCTA-1,0.015461973338320998,5649.0,A,1754.0,439.0,-0.09130288445814808,0.05863530423421562,-0.1058331099505107,0.1377622372380674,-0.239751731133391,0.1715869280381335
TGTTGCCGTCGTCCCA-1,-0.13145204632376545,1096.0,A,1744.0,1177.0,0.01580448900401745,-0.14949681252837665,0.0262416589362212,0.04306441236892596,-0.10254067649294452,-0.31693113834252307
TGTTTAATACTTCATC-1,0.008536576733991375,1509.0,A,1162.0,352.0,0.09518499398372654,-0.17635063806754658,0.4910824555924392,-0.06764922023093667,-0.0007959096694189066,-0.18012035665768772
TGTTTCGGTACTTCTC-1,-0.05924987742365873,3069.0,A,892.0,555.0,-0.2547015409912565,-0.02679269208991234,-0.00846555180984008,-0.06901568659483218,-0.11035237394805963,-0.0017027366843005594
TGTTTGAGATCGTCAG-1,-0.02878423690884918,1519.0,A,1655.0,1245.0,0.03802191842051367,0.06691642829553979,-0.04712994176897701,0.07696125011312047,-0.12781042544618984,0.0812998570554645
TTAAACAGAGTCCCGC-1,0.1447849240898267,24127.0,A,518.0,355.0,0.3638526023746155,-0.039556180965893833,0.05404277333238544,0.032208180182758075,0.29065419193073394,-0.09231263861230114
TTAAACCGGTAGCGAC-1,-0.054640135920384116,874.0,A,840.0,331.0,-0.43220475007429515,-0.11345033394066925,0.14079961732859086,0.09938801611555609,0.17057682179950173,-0.10160534060651011
TTAACCAACCCTCCCT-1,-0.1590492789125344,5223.0,A,880.0,577.0,-0.4248646714223772,-0.19105667400074833,-0.20678376170110507,-0.2791367552946292,-0.20542972385992594,0.12133006459026575
TTAACGTCGCAAGACC-1,0.06267057967908782,1507.0,A,866.0,376.0,0.03599225066520623,-0.01002246870947952,0.19380287529459028,-0.24610572856397636,0.19387630949354998,0.20705365962540245
TTAACTTCAGGTAGGA-1,0.12945013226926588,2159.0,A,509.0,1183.0,0.06433080409601881,0.1039593059291301,0.3238440453891559,0.14991930960938613,0.2049899851612384,-0.005331533675450291
TTAAGACGAACGAACC-1,0.04755561061810293,3074.0,A,1406.0,284.0,-0.0006998863677444081,0.119190253165261,-0.12343705923294244,-0.06572100887797948,0.22281900546575223,0.033126872792256394
TTAAGATAGGATTGAC-1,-0.09082455821390799,706.0,A,1474.0,1112.0,-0.0018671899952961563,-0.06852526639943783,-0.13881608575697651,-0.2751527490954913,-0.08239664345474132,0.14774865863506784
TTAAGCCGACAACTTC-1,-0.08139399716427248,1633.0,A,1162.0,442.0,-0.3785805825917311,0.039859730198797176,-0.11597859787529494,-0.04818661379149926,0.19802043192127436,-0.1011710524303887
TTAATTTCAGACGCGG-1,-0.05257174430829738,1965.0,A,1059.0,532.0,-0.029452248879349316,-0.08852499519045057,-0.005939819486673957,-0.16073927472060506,0.06281563770328843,0.02790734399890832
TTACAACTACGCATCC-1,-0.07350396476738087,4202.0,A,842.0,689.0,0.048300146125882515,-0.04722609036258588,-0.1350972537613185,-0.19292096400078224,-0.13567366835490607,0.09798884895998118
TTACACGATCTGCGAC-1,-0.017555303175188608,559.0,A,1592.0,1536.0,0.07838738811916847,-0.14277107707253767,-0.007788067917007181,0.00756509073086227,0.1229647590360478,-0.038034799509733534
TTACATCGTGGCCTGG-1,-0.12536851041634603,1531.0,A,635.0,601.0,0.34325190563218766,-0.0684133605646393,-0.7169591403624338,-0.0004774619855461709,-0.06852282749387065,-0.19295876548309765
TTACATGCCACAACTA-1,-0.09559875721146653,773.0,A,1499.0,1067.0,-0.20590391875818062,-0.11342132966677487,-0.03487982505327021,-0.14268164613422976,-0.04602915284971943,0.08355875322975237
TTACCATTGATTACCC-1,-0.012396488699531957,5390.0,A,534.0,915.0,-0.09700743395111702,0.031125329642053168,-0.3468087171938976,0.05011908166939032,0.3703039727642002,-0.2018058326329696
TTACCCTAACAGTCCT-1,-0.0437080649253229,2658.0,A,481.0,691.0,0.061795975674158635,-0.21266408502436318,-0.003997201398826882,-0.09238501279430773,-0.05156071543787164,0.04023054465684558
TTACGGATGGTTCGAG-1,-0.10881159619687601,715.0,A,1370.0,888.0,-0.16796091046203987,-0.010177217792388588,0.17289389756719253,-0.07521436483430155,-0.29120064292298503,-0.041698053767410787
TTACTAAAGGACTTTA-1,0.002740071729452162,2824.0,A,1179.0,1225.0,-0.03641231416644375,-0.07057941274134033,-0.03802302565080031,0.023689891397634142,0.034947375688348534,0.08802640954023634
TTACTATCGGCTTCTC-1,-0.09403622212071264,2729.0,A,380.0,915.0,-0.2359108040545176,-0.019575348846016964,-0.2295794801844268,0.014876675828378597,-0.20783669106589375,0.15710319609698126
TTACTCCGGCCGGGAA-1,0.025922234676740465,1570.0,A,1177.0,911.0,-0.3196429965788879,0.020681518299560463,0.17651366441153005,-0.26664592103025886,0.6024363205155778,-0.05624505657071401
TTACTCTGGTACGTAC-1,-0.008742394121507138,1820.0,A,573.0,1116.0,0.05712594446576778,0.14123140904135614,-0.12161443070481878,0.0950950292310726,0.036440398947307516,-0.12268090714015623
TTAGACACGATCGTTG-1,0.2151309097905169,7774.0,A,1278.0,508.0,-0.04847146885472519,-0.17321777449248416,0.10414079925165058,0.16149647017377497,1.0849258051161759,-0.13517270585235774
TTAGACGAGTCACCTC-1,0.08816738989196632,1046.0,A,1204.0,1225.0,0.34801687882504384,-0.014969411978527407,0.03137936374897192,0.007209703302390659,0.30926113900931684,-0.02020396728703811
TTAGAGTTTAGAAGGA-1,-0.07929159751746256,1020.0,A,1281.0,1180.0,0.11830062719932491,-0.10440636183873322,-0.23539897247047273,-0.09027955825072173,-0.09653429357341149,0.08829797881511928
TTAGCAACATGGATGT-1,-0.040062430573561576,2018.0,A,532.0,601.0,0.043685046504793185,-0.20393301868005156,-0.036777039720116755,-0.18035360216725393,0.12008964135671224,-0.0014464225074626563
TTAGCTGATTTGCCGT-1,-0.15771229171638498,829.0,A,1383.0,1000.0,-0.04868943795589238,-0.027829186631946057,-0.46686848766532796,0.02603841290150813,-0.23389772889119548,-0.06951654743272276
TTAGGATGGGAGGGTA-1,0.04013229546954811,1432.0,A,1809.0,1199.0,0.07972369552206118,0.10160437553634175,0.05537041098150143,0.09600481511125639,-0.14355552314694306,0.20900716244758735
TTAGTAGGGCGGCGGG-1,0.05621684327171737,4563.0,A,508.0,915.0,0.33365742183826685,-0.060421785917189864,-0.13785947916191546,0.05499704293586761,0.11816644094222566,-0.13590528151559533
TTAGTTATTCGTGGCA-1,-0.10127719928368456,645.0,A,1346.0,1202.0,-0.13940050330776643,0.013129891194780058,-0.466777974325744,-0.0016494811667981044,0.1051914556089183,0.01933220976411674
TTATATACGCTGTCAC-1,-0.01664125138411289,1266.0,A,1126.0,1001.0,-0.12799750778523028,-0.35160222870791036,-0.03044374882314681,0.10524079917147755,0.28740075522102354,0.05702176686113401
TTATATTTGGCAATCC-1,-0.16257127059603632,2610.0,A,996.0,733.0,-0.10157084702140158,-0.06720838875055031,-0.005243860656918396,-0.463000880582877,-0.07791701880491048,-0.2812381498835499
TTATCCAATCGAACTC-1,0.1158197746611036,11954.0,A,596.0,444.0,0.18707403623534768,0.12644422911741993,-0.0521755181869152,0.23403404596899863,-0.054755398378065555,0.0403841341085167
TTATCCGGGATCTATA-1,-0.011130154915157313,1122.0,A,1295.0,1291.0,0.12144273024983032,0.03383965952230896,-0.3388924528667442,0.34214720832544504,0.030807755252730357,-0.2016015327054141
TTATCCTCAAGGAATA-1,0.017404425368175602,8425.0,A,407.0,1318.0,0.19849375380593004,0.02828400991421825,-0.03970113747638536,-0.0038638185193761027,-0.020647506470948346,-0.26401600905845046
TTATCTGTATCATAAC-1,-0.015700427719636232,2392.0,A,944.0,644.0,-0.05991068675047777,0.09005928641471743,-0.04457946979771248,-0.23072735638880523,-0.13254005496468915,0.23360402641526068
TTATGATCTTAACGAA-1,-0.13020971353256752,812.0,A,1229.0,1001.0,-0.04665625180999436,-0.325039527807861,-0.013609302039152622,-0.2510203875661604,0.36971437568182114,-0.39050767478952936
TTATTAGGGAAGCATC-1,-0.04082321650081934,2478.0,A,931.0,487.0,0.015553796701555166,-0.15122949039760517,-0.10166104102119392,-0.05220469908028945,-0.021619817123382384,0.01771846127190336
TTATTATCTGGAAGGC-1,0.16493663253999352,12130.0,A,1732.0,1379.0,0.4935099948778422,-0.01804887453638604,0.16811626886354528,0.06460620271072609,0.10779042368015368,0.02680698409007609
TTCAAAGTCTCTAGCC-1,0.013963349711939825,1881.0,A,1139.0,934.0,0.0033500334375685115,0.35504254521551837,-0.039172709775501975,-0.11430626131059321,-0.02061974283316994,-0.12247917015130952
TTCAACGACCCGACCG-1,0.032100075176517806,6376.0,A,790.0,600.0,-0.03715435824563047,0.050668169942620814,0.3975811971021082,0.06145102304270683,-0.3457432855721487,-0.0809734725017795
TTCAAGCCGAGCTGAG-1,-0.054447463729413954,1698.0,A,1136.0,442.0,-0.08299364751103014,0.0030616145501253973,-0.08868166894589752,-0.1988797640386384,0.07574804012869664,-0.028073085003315904
TTCAATACTCTGAATC-1,-0.0018844538083929857,788.0,A,1280.0,1001.0,0.051430589867988395,-0.0979331879474913,-0.01311609611483255,0.08089743664297652,0.011491173576677713,0.1463623512988899
TTCACGAAAGGATCAC-1,-0.012433786774690925,11905.0,A,869.0,1002.0,-0.20605736548381892,-0.3303181832591495,0.049771371964025285,-0.05337525422585222,-0.07313133226194841,0.18757169420148573
TTCAGCCCTGGTCCAC-1,0.017194364849572985,1223.0,A,1268.0,1202.0,0.3480156398538233,-0.22298966225407768,-0.08060845814667547,0.03497371042616061,0.017925159744642833,0.10947805295376659
TTCAGCTGGCGTGCCC-1,0.010684901505434843,527.0,A,1398.0,1380.0,-0.12771738285228568,-0.03293841943291172,-0.24148049317425668,0.3235133581300479,0.10839324824426524,0.16356494149404505
TTCAGGCGTCAAAGCC-1,0.08911295706699708,5336.0,A,380.0,1050.0,0.28222035850846744,0.09019625071243761,0.11238144222289176,0.1280893311604515,-0.028922305431791258,-0.04459809897656123
TTCCAGACGAGATTTA-1,-0.051798516502090566,995.0,A,1602.0,1021.0,-0.016146906823455154,0.15695182130436153,0.0799383693251443,-0.005646523948245372,-0.2434714865841548,-0.1052239186143355
TTCCATCATGCGGTGA-1,0.05178968558136306,1846.0,A,1445.0,440.0,0.14883328070046487,0.053654011847920034,-0.18358073716467938,0.4350313975137324,-0.0004183401935314024,-0.1015167850870581
TTCCATCGACAGCGTG-1,-0.01983915517723568,730.0,A,1553.0,1514.0,0.17520693201353155,0.08051347998180264,-0.011879358537116486,-0.288851354456242,0.10001387977230344,0.03717688517698328
TTCCCGGCGCCAATAG-1,-0.031178513901916755,15095.0,A,329.0,1184.0,-0.12305418533015905,-0.028378413268428437,-0.08525736587667898,-0.04362071112556253,-0.17351998212201514,-0.09558313639550448
TTCCGCAGAGAAATAT-1,0.09328635460080716,9260.0,A,1471.0,619.0,0.2147124369140408,0.13807323294393198,0.18029598899244856,-0.13952428267752393,-0.039161102291710534,-0.05823624623052921
TTCCGGCTCGACTTCT-1,0.09813486637501456,1926.0,A,1586.0,417.0,-0.07641782949672392,0.43577190284515,-0.18695558245697438,-0.08769229625029379,0.2645602257548764,0.19409536424591953
TTCCGGTATCTGTGTC-1,0.03307119739347061,936.0,A,1654.0,1066.0,0.18285817110404073,0.11614438038816918,-0.016005872496080424,0.2673097240226728,0.041355608201187805,-0.2534833811652452
TTCCGGTTACCCACTT-1,-0.041732326208381076,798.0,A,1294.0,1157.0,-0.10012175204390582,0.0313225248905743,-0.01332285872096877,0.05606613283655363,-0.08805378154913306,-0.0434693157493158
TTCCTCGAGGGTGTCT-1,0.004995141346898456,3246.0,A,803.0,622.0,-0.016860905260021805,-0.1825089774809215,0.24126509860749573,0.13404001373871954,0.023308788117697533,-0.08572068396003243
TTCCTCGGACTAACCA-1,0.04540562063158255,1057.0,A,1282.0,1269.0,0.19261978255184237,-0.16074630153412495,0.027526585616017847,0.19329456499203776,0.03781541354039772,0.11364345891631411
TTCCTCTGCCCGAATA-1,0.0791638760905837,2761.0,A,367.0,938.0,-0.07947845611034453,0.005875891993765583,0.32362066710615606,0.40811300055465993,-0.202053732823365,-0.023321947496141644
TTCCTTTCTGTGTTGC-1,0.12195868205015886,1431.0,A,493.0,400.0,0.6453959715433634,0.13818966655887033,0.08131275197560378,0.125573409639588,0.012335939732115206,0.14811533514147712
TTCGACGGGAAGGGCG-1,-0.03186562652948899,4055.0,A,739.0,690.0,-0.016766413575880667,-0.003654695167262592,-0.2165977748876809,-0.03314907430883415,0.13817153772003724,-0.05749595237692068
TTCGCACTCGCGTGCT-1,-0.0028115884802685856,3908.0,A,752.0,712.0,-0.2629157862643561,-0.10570255875191323,0.40805417609126676,-0.15101149998593888,-0.1270641768373948,0.13794075363011096
TTCGCTAGGAAGTTGT-1,-0.09972340915772458,744.0,A,1679.0,1066.0,-0.09851373165011079,0.038936291817020977,-0.3667886756266814,0.16618713032581797,-0.17718242822114835,-0.04232953227560995
TTCGGCAACCCGCTGA-1,0.10116122618817558,3899.0,A,1304.0,508.0,0.005656172792796937,0.3797402933464562,0.16485384775887854,-0.2952289466576984,-0.055118004939529314,0.348888124349726
TTCGGCTAGAGATGGT-1,-0.07454168846213807,1794.0,A,481.0,557.0,-0.1103657389418872,0.08383134822996822,-0.00800572742038881,0.04001772838083888,-0.16880307735274988,-0.20255042398433057
TTCGGGACTAATCGCG-1,0.08418682564660905,1720.0,A,1100.0,957.0,0.03832133995553397,-0.14429463465509101,-0.06810594861260742,0.06259550438132666,0.551614948475461,0.11442232994914017
TTCGGGTTGCCACGGG-1,0.04077840744028535,2634.0,A,1681.0,1513.0,-0.03194486856249624,0.0114838200724943,0.11235444230648603,-0.09531606528677199,0.12651372276482123,0.10638398864655542
TTCGGTGGAGACGCCC-1,-0.11578982646623485,1567.0,A,1731.0,1200.0,-0.21496995390258053,0.1598643037396569,0.013349333556027092,-0.24006329176913443,-0.15465149237426176,-0.14480262537191982
TTCGTAATCCCAGCGG-1,-0.07386042574352863,581.0,A,1278.0,419.0,-0.1333233076053732,0.010824311223758903,-0.008358052513744326,-0.05339772533314781,-0.16790425125711156,0.047101439655391354
TTCTAACCGAAGCTTA-1,0.03735540847481736,1189.0,A,1331.0,911.0,0.18827111125747764,0.05993493918030308,-0.12239777294283463,-0.09692670146747685,-0.11019510496548737,0.33224518418559845
TTCTACTTGCGAGGGC-1,-0.039419891268032595,2112.0,A,584.0,646.0,0.02795600086741142,-0.1779436097002072,-0.21215569945133758,-0.061199123542307256,0.2353336056095333,-0.0031257238318140217
TTCTAGGCCAATTGTG-1,-0.01367667898164742,5483.0,A,738.0,645.0,-0.05404122387061845,-0.012636019668795573,-0.023184102207735403,0.1739385117056298,0.12149057893398303,-0.31680343240750214
TTCTGACCGGGCTCAA-1,-0.06693493921952393,1591.0,A,1256.0,1314.0,-0.327529513731052,-0.00440961051455618,0.09034639182344231,0.11665394332142669,-0.05801583425013146,-0.1454222263680946
TTCTGCGAGCGCCCTT-1,0.058897105822169005,10814.0,A,392.0,893.0,-0.052541676458645964,0.24496695797426166,-0.09822639209702001,-0.1891143761672502,0.12153599399523124,0.06160874495853882
TTCTGCGGGTTAGCGG-1,0.08690422588259698,581.0,A,1203.0,1046.0,0.21695068953493835,0.4194660607488786,0.05237528112044501,0.08323513016867777,0.003271843122332571,-0.038581303436856104
TTCTGTTTCCTGTCGC-1,0.0013880217436680513,2687.0,A,327.0,602.0,0.3024463516272333,0.03255231242533441,0.04433217305503468,-0.1933956013882249,-0.0689502723403384,-0.06867152432756975
TTCTTAGTGAACGGTG-1,-0.08628446935263688,2652.0,A,609.0,556.0,0.024871260902600004,-0.30866930151786937,-0.015686574290539778,0.08306482955342549,-0.034595131406137014,-0.04209009655320443
TTCTTAGTGGCTCAGA-1,-0.025093204668550487,1607.0,A,957.0,532.0,0.0523567710618048,0.10681052346405065,0.1457186645568608,-0.07491839285387301,-0.17732980258686648,-0.05674184530445597
TTCTTATCCGCTGGGT-1,-0.05501682565750772,854.0,A,1474.0,1246.0,-0.017641506730638204,0.104338134286096,0.03500088638079632,-0.29427124278443795,-0.06786323052831393,0.003187840236604709
TTCTTGCTAGCATCTC-1,-0.018663275961721237,910.0,A,1589.0,1044.0,0.0039947607473546365,0.006021559170478835,-0.015522891793018582,-0.02400279928231585,0.0661638242564691,-0.07496278680141605
TTCTTGTAACCTAATG-1,-0.01818517450071569,5425.0,A,623.0,668.0,0.05875507094833005,-0.18248062909649027,0.03442557334117222,-0.049202094313877814,0.06087902991125647,-0.16149994475457782
TTGAAAGGTGTAAAGG-1,-0.05553339231804351,2903.0,A,1496.0,440.0,-0.2723354346208645,0.22782719269290436,-0.2709361008096823,-0.16865244026130344,0.32897959641415603,-0.18559880153821626
TTGAACGAATCCTTTG-1,0.043129042111544225,3662.0,A,442.0,579.0,-0.08796229138165515,0.13441251224368853,0.15026366769048652,-0.21310182036276135,-0.02431588981902663,0.10401028812978547
TTGAATATGGACTTTC-1,0.0003603842674608816,2609.0,A,1151.0,912.0,0.14103089708323147,0.020639855635671306,-0.06892924729453152,0.024031596961203713,-0.010589494209379748,-0.16670312626754374
TTGAATCGTTGTATAA-1,0.0015434355401319488,46810.0,A,304.0,1229.0,-0.27751645459423235,-0.03021934360284194,-0.0549061064526266,-0.14831311626208973,0.0036665141747091318,-0.019154489608669237
TTGAATTCACGTGAGG-1,-0.10629892341490632,793.0,A,1422.0,1022.0,-0.42188938924591907,-0.041672292873561737,-0.013219705256864098,0.079480459694999,-0.0842394676797798,-0.04336567006625265
TTGACAGGAGCTCCCG-1,-0.014482779564779155,890.0,A,1449.0,1201.0,0.2193660445441592,0.0721567328457158,0.03356588345931118,-0.09655132637356803,0.12165025858226877,-0.17980129098605216
TTGACATGAACGTGGA-1,0.10244042428201636,1935.0,A,586.0,1138.0,0.02629207001989623,0.19109676124137942,0.1446058303989977,-0.012762349560599155,0.06499934460524148,0.14363699409871644
TTGACGCTCCATGAGC-1,-0.01640939128334612,668.0,A,1474.0,1067.0,0.16788243990250667,-0.12129885424957855,0.14061853084851736,-0.2340089467181004,0.09947500073495233,-0.04064372840160747
TTGACTATTGTCCGGC-1,-0.08339937807850001,791.0,A,1513.0,1178.0,-0.38567047433514456,0.007407743413525306,-0.013178316534293289,0.03982054644224971,0.1645235984353528,-0.20275256561055557
TTGAGAAGTTTAGCAT-1,0.05302011274576158,1241.0,A,1295.0,1381.0,0.31229084776330723,-0.03221524350274388,0.4012644600078588,-0.0283406407873118,-0.11818913638159334,-0.1259043275854524
TTGAGCAGCCCACGGT-1,0.08825898463083386,2844.0,A,1667.0,1133.0,0.14187486672919888,0.6167666838986685,-0.09094214244327621,-0.0933138899386855,-0.1778362497328512,0.09639602816267434
TTGAGCGCCACGTGAT-1,-0.11665463228693132,792.0,A,1692.0,999.0,-0.06844074485949157,0.14259544652375533,-0.013199020027089059,0.14101286155258938,-0.36949402920705177,-0.32971144636187766
TTGAGGCATTTAACTC-1,0.018833036692794874,889.0,A,1341.0,306.0,0.14957946083749185,-0.0401445989820448,0.3737104107509267,-0.00637925405652999,-0.24947222902341165,-0.045293202946950356
TTGAGTCCCGCTGCTG-1,-0.21205874704597866,562.0,A,1705.0,1021.0,-0.3856683175409766,0.052245476198558974,-0.08795109746489871,-0.13676063622161283,-0.49267171924212155,-0.03810995454762039
TTGATTAGCTGTTTCT-1,-0.020046336586745248,5773.0,A,613.0,1227.0,0.10690015926443515,-0.11887958454898116,0.031158603738727503,0.01102762074299192,-0.0842776689720083,-0.1055961757862798
TTGCACGGAGCAGCAC-1,0.006242386865738712,1701.0,A,931.0,622.0,-0.05426218125601535,-0.08235975786641617,0.40703393032384916,-0.189550988124607,0.08319857283575832,-0.13583986722267574
TTGCATGCTGATCACG-1,-0.04549694179550859,1573.0,A,625.0,1071.0,-0.15926467105343647,-0.17770021764560043,0.08322613091806678,-0.03626552389089535,-0.07274851802406386,0.17015889082886673
TTGCCAAGCAGAACCC-1,-0.012341775065350821,2737.0,A,1641.0,1133.0,0.48626673725185204,-0.0062125705439361675,-0.044412699059807687,0.10788230225817458,-0.3103680611072416,-0.3121961160659663
TTGCCATAGCCCGCTC-1,-0.13411826337411198,1951.0,A,485.0,1362.0,0.033274936737958574,-0.3830055805400592,-0.02997998626867534,-0.01765875980342157,-0.17277147922583236,-0.15500608688024448
TTGCCCTGATCACGGG-1,0.04533636686596859,2711.0,A,611.0,959.0,0.04242988459097541,-0.0009441055181681497,0.13724469385898774,-0.016764109793931066,-0.11343098003215825,0.13576654755788
TTGCCGGTGATCCCTC-1,-0.0754865251435623,621.0,A,1419.0,396.0,-0.004773265570455251,0.05901509342864952,-0.03925274269250673,0.0711121495578302,-0.2856542377521436,-0.007262498983993899
TTGCGTGAACGCTTAG-1,-0.010508836890406256,799.0,A,1406.0,463.0,-0.04710476132112068,-0.09986149847164556,-0.013343435127393138,0.13068878729718808,0.09584422797144167,-0.043489999953226915
TTGCTGAAGGAACCAC-1,-0.12853876698728464,4613.0,A,905.0,577.0,-0.2819573286059217,-0.049652574538687294,-0.27687250807933184,-0.20883853499616445,0.048799823066208795,-0.03757429810204721
TTGCTGCACCTATCCA-1,0.05940971917508012,10338.0,A,430.0,646.0,-0.0797344304449594,-0.03521941618070372,0.2915147212173487,-0.15191495327938526,0.04551901797427615,0.0004243010428300817
TTGCTGGCCGGGCTTC-1,0.005500302158755965,922.0,A,1174.0,330.0,0.14203250631652642,-0.03577668635083817,-0.0157470107709995,0.3237094639926432,-0.09467807398882472,-0.04592720741516407
TTGGAAGAATACAGTC-1,-0.05010582523076623,5866.0,A,484.0,1273.0,-0.25771710953980004,-0.031507506371159864,-0.028747830164226884,-0.031758043199391295,-0.09528046256385456,-0.04811750579338374
TTGGACATGTGGCTTA-1,-0.07411025407804395,1238.0,A,548.0,1071.0,-0.1395613567665764,-0.0073374427160018615,-0.021012486879032847,0.08932423260974975,-0.11769092794689759,-0.1969098576805247
TTGGACCATCTGGCAA-1,-0.10138398773722276,1280.0,A,1526.0,1290.0,-0.08512784654079592,-0.2047730445990382,0.020691270823894832,-0.05442565082865979,-0.17846114983165987,-0.05205218904330909
TTGGACCTATAACAGT-1,0.11892768149978211,1369.0,A,1282.0,1403.0,0.030749288816252975,0.08153778222990879,-0.0357354430113998,0.3013443181939508,-0.06503445297788056,0.5904519168422707
TTGGATCGACTTCTGG-1,-0.013439087268523386,1286.0,A,943.0,375.0,0.04622780602668954,0.07284073518910618,0.07254390846169817,0.03001925407810114,-0.019967362413337953,-0.16476831064049818
TTGGATTGGGTACCAC-1,-0.029627651976113042,1786.0,A,879.0,532.0,0.21272615089789795,0.03222164271396454,-0.0561727016018025,-0.1862632598524297,0.06899612636827243,-0.10455003326032986
TTGGCCATCTTGCGCT-1,0.05509542491895662,2105.0,A,442.0,534.0,-0.03328897938457506,-0.1844791516393455,0.4772792743535913,-0.09522685193714939,-0.0016567382615004242,0.1921787709795238
TTGGCTCGCATGAGAC-1,-0.06816503008304144,1842.0,A,649.0,668.0,-0.06817723039890577,-0.09190028669660648,-0.028790204568113334,-0.366583324292121,0.07081920566378157,0.07735020028922367
TTGGGACGTAAGAGTT-1,0.02864619820631264,2188.0,A,1578.0,1290.0,-0.10470091339116777,-0.004052294621187721,0.09724427545255791,-0.005700600940084958,-0.013823488601112339,0.2381269153479042
TTGGGCGGCGGTTGCC-1,-0.2973407454437774,4412.0,A,1151.0,822.0,-0.24721679965458804,-0.47978707389070013,-0.6518309906973081,-0.2994807764895074,-0.07396790232873343,-0.2467054240016956
TTGGTCACACTCGTAA-1,0.026012740234782422,16897.0,A,793.0,1227.0,-0.006017764428527167,-0.11229882613217872,-0.22785229537597088,-0.024233773824446816,0.2118307559603294,-0.0392894397257318
TTGGTTCGCTCAAAGG-1,0.09613124748837175,1001.0,A,1782.0,1021.0,0.09801156894850382,-0.0327826259056009,0.3325602826465783,0.05034944909889996,-0.030536709697264144,0.401546188075638
TTGGTTGCGGTGCGCG-1,0.0357412203365146,6563.0,A,472.0,1340.0,-0.2946185092402382,0.1162182871333852,0.17672272121812577,-0.19790992231067311,0.03463504084395464,0.1578534543812317
TTGTAAGGACCTAAGT-1,0.07698833522143825,15293.0,A,587.0,1183.0,-0.13003751548255355,0.1945444738526031,0.19784703800364167,0.09800119254587218,-0.09366349433768939,-0.017440604735632123
TTGTATCACACAGAAT-1,0.04234700224872309,1934.0,A,1123.0,419.0,0.12509273426755424,0.21921633829360546,0.16959571803810894,-0.19386703068573433,0.07226260922201835,-0.026508920306062507
TTGTCGTTCAGTTACC-1,0.0533489732888087,2197.0,A,919.0,644.0,-0.03268269938146845,0.0918671068315897,0.2173221466314965,0.14488355719060952,-0.058277611528157025,0.02135736386851225
TTGTGAACCTAATCCG-1,-0.07778318891950134,853.0,A,1334.0,1403.0,-0.2237864094150318,-0.05066804614048348,0.20234975481476095,-0.08263854188695323,-0.16736472667185487,-0.15843845913642665
TTGTGAGGCATGACGC-1,0.014431055007043971,6908.0,A,342.0,1117.0,0.07855051690943501,0.010850363646653038,-0.007076482841049694,-0.07765833546200873,-0.06588931043157181,-0.0012854990011234371
TTGTGGCCCTGACAGT-1,0.03242598541363985,1319.0,A,944.0,555.0,-0.0364109939934461,-0.29856387500001713,0.5030022346608976,0.11927926819576182,-0.020601852928270024,-0.052650131054677377
TTGTGGTAGGAGGGAT-1,-0.09393539980917368,8244.0,A,536.0,1273.0,-0.053695007307875804,-0.03315154810490575,0.11433180363761045,-0.7828625705125714,-0.07326613050123623,0.08858071003466118
TTGTTAGCAAATTCGA-1,0.11051597529907899,8769.0,A,713.0,645.0,0.008883090774403885,0.1046195837843704,0.09353584257201854,0.08382288884533098,0.18024643113330938,0.020730734865277115
TTGTTCAGTGTGCTAC-1,-0.0032051322108193458,2872.0,A,996.0,689.0,-0.031632081541981834,0.17494034287609797,-0.16100417515390902,0.10363005461338777,-0.0680339321167561,-0.05159912504892462
TTGTTGTGTGTCAAGA-1,-0.04416524062333391,3999.0,A,1164.0,844.0,0.23700561111231674,-0.049021039591882504,-0.01783416939213691,-0.08173657213200469,-0.17972366584669763,-0.20803337252134727
TTGTTTCCATACAACT-1,0.053023555583401105,2491.0,A,522.0,1161.0,0.042338071049124154,-0.006435888168688688,-0.013629274403107242,-0.004962559686400218,0.17977930205208437,0.17493103974987964
