barcode,score,depth,section,x,y,score_vSTB1,score_vSTB2,score_vSTBjuv,score_vCTB,score_vHBC,score_vVEC
AAACAACGAATAGTTC-1,0.10295443111920966,10751.0,B,391.0,144.0,0.017140509219132204,-0.041954293294857045,0.61483132559743,-0.010009813776255455,-0.028772625715863004,0.0390763175417258
AAACACCAATAACTGC-1,-0.06596064442188943,6522.0,B,436.0,1474.0,0.0059325195120722846,-0.15151169491856697,-0.20463693271635033,0.22448672394101288,-0.34531949398746137,0.13960292438821154
AAACCGTTCGTCCAGG-1,-0.05131241005773056,9259.0,B,733.0,1315.0,-0.2665042822181019,-0.02604973219445419,-0.12256886078525295,-0.005659863522022142,0.02044371804923538,0.13509599817412551
AAACGAGACGGTTGAT-1,0.18860173913159112,16481.0,B,1210.0,929.0,-0.2858343929334576,0.13201654329884743,-0.0806209545661591,0.43358838659997967,-0.03043665448068573,0.8639464140728271
AAACGGGTTGGTATCC-1,0.09118003389237006,14915.0,B,482.0,167.0,0.12432556151538246,0.18222660973098986,0.06094385348560507,-0.08794249923397657,0.1902924611196382,-0.024301117737163883
AAACTCGTGATATAAG-1,0.08200260128466215,24952.0,B,1650.0,657.0,0.2696015725805977,0.031965092378679186,0.2009239907954141,-0.13165900512911313,0.056455683931940066,-0.07515957161824523
AAACTGCTGGCTCCAA-1,-0.044143362556212484,14347.0,B,1056.0,1155.0,-0.32181324710849796,-0.08064308775278306,0.10078566366612521,-0.11136721937437183,-0.1179418769362968,0.19697267808967836
AAAGCTTGCCTACATA-1,0.037897605148338134,43126.0,B,1766.0,724.0,-0.052429873740137564,-0.05365342182625285,0.033789089015420944,-0.10794740705921535,-0.0035525427215333666,-0.0055321066669733465
AAAGGCTCTCGCGCCG-1,-0.0912362742879482,14158.0,B,902.0,1381.0,-0.06245764630345182,-0.11315207653374856,-0.10958185006032223,-0.19113192212172567,-0.251037415482987,0.05714809079489326
AAAGTGTGATTTATCT-1,-0.047972286897120534,7657.0,B,1406.0,1131.0,0.08548477135326588,0.06543354446964539,-0.05897678241291118,0.08525244406406,-0.2023027397626411,-0.16176590631759932
AAAGTTGACTCCCGTA-1,0.10565820679395987,5276.0,B,1431.0,1086.0,-0.09866457124468309,0.36648270407853273,0.13511844369553672,-0.07610357402844056,0.22788576390237605,0.14138578370793553
AAATAAGGTAGTGCCC-1,0.05299058105740926,19182.0,B,1676.0,837.0,0.050863586466938136,-0.05676557164638875,-0.018140527080813543,0.0708186482320167,0.14990789266889398,0.07045566783441148
AAATACCTATAAGCAT-1,-0.06055706242906875,18424.0,B,1082.0,1200.0,-0.10603934840331072,0.1451735812789474,-0.05166786172104958,-0.36098305416544807,0.08596952607919511,-0.1814195813252922
AAATAGCTTAGACTTT-1,0.1096800832426997,19355.0,B,1560.0,950.0,0.21778337232971992,0.13005746178368816,0.1424585191248774,0.10218958018858584,0.008055944992884433,-0.11193154342528897
AAATAGGGTGCTATTG-1,-0.1220288041107116,9891.0,B,1212.0,1335.0,-0.14249077617048425,-0.16058043970064156,-0.04732496763316839,-0.10924883313077845,-0.13653674057915077,-0.26253477528745656
AAATCGTGTACCACAA-1,-0.06169791093334918,9741.0,B,914.0,1134.0,-0.048430338963490034,-0.3732750384664518,0.012986218230152953,-0.003636347063075482,-0.08264429104793496,-0.006016477593930871
AAATGATTCGATCAGC-1,0.09343510626448076,19186.0,B,1623.0,612.0,0.13072261997909207,0.21534497687539675,0.1699566740780731,0.03771996669516871,-0.15332143498770656,0.06328280568903746
AAATGCTCGTTACGTT-1,0.0518868999544107,7172.0,B,496.0,505.0,-0.0839911642942164,-0.046345232429395505,0.01628623516984972,0.15172724804112803,0.19141034985493074,0.17121358631084935
AAATTACCTATCGATG-1,0.08509577547758526,10040.0,B,1404.0,726.0,0.08918291467440236,-0.19474476533118987,0.2504543128322141,0.08494088765061474,0.19528161157546914,0.05699954471417363
AAATTGATAGTCCTTT-1,-0.022514876027407774,13758.0,B,591.0,1383.0,0.10913109933831261,-0.023208079067099416,0.25385726493568816,-0.16729251898899522,-0.0269545288310416,-0.4019561470834113
AAATTGCGGCGGTTCT-1,0.04718987767042025,13391.0,B,430.0,257.0,-0.11668613281115338,0.26415466462130227,-0.03422178891477567,0.07733291243534432,-0.06563516832128417,0.10013364035774072
AACACGCGGCCGCGAA-1,0.11412704382452626,6054.0,B,625.0,279.0,0.21539461841202523,0.15586648379056228,0.06216619595512167,0.4624022612052679,-0.02403016486715842,0.01334547273248974
AACAGCTGTGTGGCAA-1,-0.01791009347232452,28670.0,B,591.0,1473.0,-0.1469510617448847,-0.11088233857947778,0.12986606994577482,0.002665099043958813,-0.2237243009835963,-0.07449776430665894
AACATATCAACTGGTG-1,0.09959597578706778,8791.0,B,1469.0,748.0,0.21719313377142102,-0.15532712758467423,-0.13596951686784953,0.006760947619475391,0.39679819267133054,0.22193407411328683
AACATCGATACGTCTA-1,0.07284454966670878,16248.0,B,1649.0,522.0,0.232413476342228,0.23455863538419194,-0.04850273227875216,0.15448557849964928,-0.13260786856320111,0.0166274096003223
AACATTGGTCAGCCGT-1,0.04681535332895936,10490.0,B,404.0,212.0,-0.042742436592448425,-0.009030115210324922,0.08257509285699595,0.036552450771777295,0.23594634306401904,0.05481487163375927
AACCATGGGATCGCTA-1,-0.1375891321720787,2400.0,B,574.0,459.0,-0.22009503476948705,-0.37164075314575035,-0.1514751065092873,0.3476000531921313,0.08034033626621394,-0.2876141746290252
AACCCTACTGTCAATA-1,0.04079095233690579,5410.0,B,1431.0,1041.0,0.17226373503182482,0.040666625900898125,-0.03626958391835523,-0.020455494781058535,0.0010926462417967762,0.24883792610395433
AACCGCTAAGGGATGC-1,-0.12288210770797625,2564.0,B,1380.0,1176.0,-0.20460066086015705,0.07687015279988876,-0.21172394432674996,0.13602266229976318,-0.3123126606058124,-0.015418419150344843
AACCTTTAAATACGGT-1,-0.17520802508480807,4313.0,B,1070.0,1358.0,-0.07039365417045348,0.12477021107859593,-0.33703968403998746,-0.2617665378968216,-0.01567804077522033,-0.31293210323284437
AACGATAATGCCGTAG-1,0.05014527543897778,8759.0,B,1135.0,1335.0,-0.027524466206773332,0.03765298499502112,0.06209262467597343,-0.03820738182856301,0.1877153985999644,0.1076815056017696
AACGCATGATCTGGGT-1,0.08319327091895455,6070.0,B,1533.0,590.0,0.2584627269658174,0.04094869471276307,0.035731053169755486,0.1540213201215242,0.1501842051522291,-0.02934614696795957
AACGCGAACGGCAACA-1,0.047945648739162995,21994.0,B,470.0,324.0,-0.15286870679924974,-0.012067039608351197,0.1308877013974347,0.05176532300858241,0.09347822215532736,-0.024445961944592864
AACGTAGTCTACCCAT-1,0.13338052702025702,52377.0,B,715.0,166.0,0.16269470281172596,0.20574625252460257,-0.04521546155253045,-0.0999764948849175,0.34177253336147717,-0.08554755355417085
AACGTGCGAAAGTCTC-1,-0.256229854625995,13395.0,B,1146.0,952.0,-0.870713071419799,-0.42564172423370467,-0.169896139826086,-0.7863617363930067,-0.2330002017363199,0.10014344050492736
AACGTTATCAGCACCT-1,0.019494511595380758,8381.0,B,316.0,641.0,0.3775100785360396,0.19658332786100918,0.02002267993863613,-0.4580149018390436,0.15794014628375216,-0.0026231904198506795
AACTAGGCTTGGGTGT-1,-0.07818554174221412,7330.0,B,979.0,1381.0,-0.20353124926774194,0.24499482498193592,-0.036347563896719566,-0.18616423646144492,-0.3241061752109951,-0.009216166412878942
AACTCGATAAACACGT-1,0.14839120437188064,19233.0,B,340.0,235.0,0.5280680212145406,0.10345573938488528,0.014690843047716576,-0.04374290219036179,0.2051258128500445,0.03017980126931552
AACTCGATGGCGCAGT-1,-0.1692332219295693,3234.0,B,535.0,392.0,-0.00013465342217020004,-0.2378881752166086,-0.19849279220971722,0.1275436637686566,-0.22440971410439864,-0.3154485590624195
AACTCTCAATAGAGCG-1,0.13184224610051726,9452.0,B,1392.0,929.0,0.27330477677691417,-0.07010825532423268,0.08062293997147109,-0.02499816008395156,-0.1583588376159107,0.5607862073762878
AACTCTCAGTGTGCTC-1,-0.04899255795920539,28590.0,B,720.0,1337.0,-0.3002240503937929,-0.18403515264535097,0.16983062855676162,-0.09419441566640382,-0.09730602263025606,-0.1941899736403315
AACTTCTGCGTCTATC-1,-0.09140968262235209,4486.0,B,419.0,550.0,-0.23756544678335562,-0.044982076415890554,-0.17537025441461165,0.1558840210178461,-0.006651328438370671,-0.05583902318808877
AACTTGCGTTCTCGCG-1,0.06657061233846692,10891.0,B,444.0,460.0,0.02565732748360374,0.3217582812111505,0.1577585025058425,0.01116819284543115,-0.03136027370016876,-0.10522477177870346
AAGAAGGATCAGTTAG-1,-0.15547327972709848,6367.0,B,509.0,437.0,-0.06442656457651671,-0.16349934696813367,-0.4552789092953065,0.17590005994139873,-0.3281102548230446,-0.1389196965699398
AAGACCCAACTGAACA-1,-0.03178646582054564,22499.0,B,889.0,1494.0,-0.0989618154834819,-0.12788682457008296,-0.03692800347101613,0.09575064350640147,-0.01927093584708483,-0.1990894532938736
AAGACTAACCCGTTGT-1,0.0744718879131007,8177.0,B,534.0,256.0,0.17705402161697248,0.24656813834535576,0.2019068687650378,0.16845912297579865,-0.10577190454637504,-0.1702414208573705
AAGACTGCAAGCTACT-1,-0.013902697898271128,9919.0,B,1068.0,953.0,-0.08379605026599651,-0.09958821546624236,0.33890612075707355,0.037651837742305766,-0.15446586989464434,-0.12776823477432783
AAGAGCTCTTTATCGG-1,-0.016940428960230722,18611.0,B,1185.0,929.0,0.04943259214145735,-0.2768791677677216,0.18030951593405126,-0.2291380183419925,-0.004479110368216105,0.04078475871113197
AAGAGGCATGGATCGC-1,0.011284257514543199,15616.0,B,1224.0,952.0,0.17602160387431393,-0.06507594153682458,-0.013817051247270026,0.006810478846259654,-0.19331719415612378,0.0563704263483797
AAGATGGCACCGGACC-1,-0.10648954614652996,7462.0,B,695.0,1473.0,-0.2911874670841277,-0.12277977525424431,0.16621413287826595,-0.0675383048345714,-0.08925262895512388,-0.1367970791444821
AAGCATACTCTCCTGA-1,0.06736383894635355,3539.0,B,1083.0,1336.0,0.11521870122951715,0.19247157746391155,0.46537100082527255,-0.22470502941336173,0.094996778909827,0.17298231497075772
AAGCGTCCCTCATCGA-1,-0.005980694946301018,7152.0,B,643.0,1428.0,0.01099706899959978,0.016351030657580014,-0.049851760584645716,0.2011544756529203,-0.03748929589236228,-0.008906227318417247
AAGCTAGATCGAGTAA-1,-0.15527934349251762,3090.0,B,1070.0,1268.0,-0.2583758290575558,-0.1465996258551357,0.1423715381829393,-0.5305428201970807,-0.22275512374426,0.12173108485002357
AAGCTCGTGCCAAGTC-1,-0.011716706680166349,6644.0,B,1133.0,930.0,-0.02019451098803891,-0.05622185715024325,0.013206762492417456,0.1251592772855536,0.050966122576055574,-0.13160118204284163
AAGGGACAGATTCTGT-1,-0.13646092481983568,5441.0,B,1378.0,726.0,0.10057237757426421,0.011002185084153578,-0.07292450942841237,-0.3402624221569973,-0.41486483909591615,-0.039618594292267606
AAGGGACTATGCATTC-1,-0.2256215758778204,10944.0,B,527.0,1496.0,-0.08890103645568158,-0.02253362335816626,-0.29311175290145314,-0.6706723020193234,-0.11261254174447966,-0.08959030736763499
AAGGTGATAAACCAGC-1,-0.029937959794130095,2762.0,B,1380.0,1131.0,0.11883495302190669,-0.058255876500079816,-0.08103110754677113,0.26608658456866785,-0.21418016043939112,0.03748509713300269
AAGTAAGCTTCCAAAC-1,-0.008913284779523627,110286.0,B,702.0,143.0,-0.07190067963931251,-0.1442473679350428,-0.10416485940830619,-0.14602887967015535,-0.18138927160321416,-0.10190364623314722
AAGTGTTTGGAGACGG-1,-0.03748959043953466,2499.0,B,1225.0,1312.0,0.050860993588013395,0.03213383881796705,0.2523782173075399,-0.27027011998034833,0.11125495466080862,-0.01833179311044343
AAGTTCAGTCTGCGTA-1,0.07266264268051603,7507.0,B,1532.0,545.0,-0.14388437678127164,0.06402584188597388,0.09931102410451988,0.03025997000613638,0.34079030984897635,0.04531265976355443
AATAACACTAGAACAA-1,-0.0011123346452896962,8360.0,B,681.0,1315.0,-0.0037681175326808782,-0.11553585181135823,-0.22272337377735432,0.24073174772423303,-0.08156816868878695,0.27642619755472647
AATACAATGTTTCAGG-1,-0.09588173741304924,10909.0,B,432.0,663.0,-0.17445648223071122,-0.10377390140189242,-0.1664690410896414,-0.06494892216188371,-0.1537801370159534,0.0717552353436322
AATAGAACAGAGTGGC-1,0.06746536180252653,11899.0,B,785.0,1314.0,-0.12337972384992048,-0.07646103827451908,0.12375306081459897,0.050091567423257335,0.17868077446189917,0.1838678920573992
AATAGAATCTGTTTCA-1,0.01740333787655303,2729.0,B,1302.0,1222.0,-0.09172981369282819,0.08133295254609119,0.034621134533526415,0.11183430931025311,0.11127480557421018,0.08182316979955964
AATAGCTACCGCGTGC-1,0.026802645302563544,43093.0,B,1623.0,567.0,-0.07357296769075233,-0.08864475771513328,-0.04104169140495632,0.03007181650335182,-0.1287774951660141,0.07505622101738608
AATAGTCCGTCCCGAC-1,-0.03227583972572749,5822.0,B,928.0,1426.0,-0.03606800435242747,-0.479879964431448,-0.015615253658792318,0.07530553214096564,0.08869521330185112,0.26362487609014323
AATATCAAGGTCGGAT-1,-0.03388598740591875,4161.0,B,729.0,323.0,0.09338573393474489,0.25227502047197586,-0.32424613980125133,0.1955552311447703,-0.24817263098937492,0.09181474874745604
AATATCGAGGGTTCTC-1,-0.06974928013256285,7059.0,B,1495.0,748.0,0.020206033307217625,-0.2777490513437992,-0.015622939199495364,0.024044046723237747,0.06275943080242237,-0.1012315427935775
AATCAGACTGCAGGAC-1,0.03353026013464446,10113.0,B,482.0,257.0,0.10917523197882403,-0.056340880055740936,0.12680168085605567,0.014933990959405528,0.17250521035936386,-0.1982515958443492
AATCCATGCAAGGGTG-1,0.007211315744558196,9674.0,B,521.0,324.0,0.0017391138168770279,0.06902423543637631,-0.08396396814622008,0.18624210935487231,0.03830770746190834,-0.05955670168147646
AATCGCCTCAGCGCCA-1,0.09933240406103618,7308.0,B,1211.0,1019.0,0.26419079103711257,0.07326001524935298,0.2118372618758857,0.0414119599387351,0.1970434156826277,-0.033613861540697614
AATCTATGCCGGAGCC-1,0.05723352138196974,40136.0,B,1611.0,725.0,0.27404700478837674,-0.12285112013092495,-0.08266435465820413,0.11202133016484951,-0.20431781197018198,0.029454576169437058
AATCTGCGTTGGGACG-1,-0.04906646374307698,8863.0,B,1379.0,861.0,0.11180396236818635,-0.11811490850951754,-0.014100121542657676,-0.2801577885026383,-0.056071787228115115,0.16388109075426638
AATGACGTAGGATGTC-1,-0.16256740083943816,4611.0,B,1198.0,1132.0,-0.36752190901627596,-0.40501622973283613,-0.1351653936116905,0.11239354153994281,-0.2787354775448208,0.08271090968418263
AATGAGTTCGCATATG-1,-0.03994802596297362,21621.0,B,457.0,482.0,-0.059210177909126534,-0.18598694684783398,-0.13472677903764932,0.10519165535218994,0.07933315569870178,-0.25120928278063503
AATGATGATACGCTAT-1,0.06159977366995456,10890.0,B,1391.0,658.0,0.1636401418255317,-0.09095773720527164,-0.2501636416264842,0.18491037850648015,0.16116618222021528,0.2456034870882441
AATGATGCGACTCCTG-1,0.002318570084845553,12801.0,B,1494.0,703.0,-0.33878456994563166,-0.1998016295352013,0.20553402289903075,-0.018046643486944732,0.31598755750551144,-0.014045734462663752
AATGTGCCCGAGGTGT-1,-0.09300152432668662,3870.0,B,539.0,1383.0,-0.16330194619221025,-0.05630071518814112,-0.023524704855342634,-0.04138809905790678,0.10736503359468663,-0.21253050326762968
AATTACTCGTACGCTC-1,0.05348985275758653,5950.0,B,288.0,370.0,0.04242024752820493,0.18609911289786654,0.013896421757727649,0.23255282258980414,-0.04514250806422905,-0.049677086715217124
AATTAGCGCTGCAGCG-1,-0.11492648302051156,3291.0,B,1005.0,1291.0,-0.19010604280759208,0.028187696952444524,-0.06875405970976513,-0.1665610306417831,0.28344496699830735,-0.3575983386764646
AATTCCAACTTGGTGA-1,0.27322354278916894,14474.0,B,352.0,212.0,0.553690194822682,0.49890479980032965,0.04246698468962236,0.13215963958245952,0.5781738344340481,-0.14018946277070304
AATTCTAGAGTTAGGC-1,0.05202084138001689,2854.0,B,1005.0,1246.0,0.46200696404856956,0.06425134473924421,0.07648616687026207,-0.03670520385609967,-0.30696234357453583,0.20041737568896345
AATTGAACGCTCTGGT-1,-0.2082591441726911,4401.0,B,1263.0,1154.0,-0.22874722386098045,0.14549012289431326,-0.11535938246946387,-0.3199659719683976,0.07391718504393427,-0.5795114199640417
ACAAATCGCACCGAAT-1,-0.024666253148682607,20929.0,B,1251.0,1267.0,-0.23287035417249063,-0.19917935915740187,0.23656328093311768,-0.020583720930536217,0.038875248447408334,-0.20704464541200718
ACAAATGGTAGTGTTT-1,-0.09062384536897303,7664.0,B,1276.0,1132.0,-0.33222137840955157,0.055177857516692665,-0.1709599476448825,-0.2045662009706674,0.0897457659513273,0.09090590373805414
ACAACGGTCCCTGCGA-1,0.013483977354707855,4640.0,B,575.0,639.0,-0.141785121566123,-0.008194462686989827,0.2405740910789889,-0.04190140622839817,0.1761515575548313,-0.01914075382847629
ACAAGGAAATCCGCCC-1,-0.15151582100205818,6239.0,B,1160.0,1245.0,-0.15010258657421746,-0.10486740989358771,-0.22359314918650103,-0.11320809219394219,-0.013263937686270048,-0.030024136997726592
ACAAGGGCAGGCTCTG-1,0.044235412443390895,7707.0,B,1173.0,1132.0,-0.33731903314003614,-0.10737498978432047,0.4762043362321677,0.1912827912046905,0.08535838973281556,-0.002519732007757144
ACAATGAATACGGAGA-1,-0.15731048234287565,13216.0,B,591.0,1428.0,-0.18418726226200413,-0.2216117515921502,-0.14257348826991695,-0.2577084293618932,-0.15935842546919296,-0.024035530957773797
ACACACCAGGACCAGT-1,-0.01711047385339398,4851.0,B,1354.0,1131.0,-0.01569071869695475,0.10384106088831403,0.08964901032084303,0.02821055164634828,-0.16417403663094338,0.07613154108304976
ACACATTGACGCAACA-1,0.24523577257510648,8666.0,B,288.0,325.0,0.16701116441284483,0.3776583698303286,0.34444595017997925,0.6033930283119926,0.14257136218320055,-0.06452604538712693
ACACCACATAATTAGC-1,0.04967268823399845,59747.0,B,1702.0,837.0,0.012853273448340474,-0.0062258850712240375,-0.17232187393536813,-0.045638112308991535,-0.0018195930296302926,0.022849839072193706
ACACCGAGCGCTCTTT-1,-0.017586994394658072,9067.0,B,250.0,483.0,0.18818535829512906,-0.2321020476078759,-0.15656960381809618,-0.0815610636936446,0.11765042252717729,0.04992818491482757
ACACTCCAATGTCACT-1,0.06718697147269499,6062.0,B,406.0,527.0,-0.12790953646865647,0.3738070275181,0.0773344344523633,0.3307883764348086,0.14082665878767436,-0.18314009420618182
ACACTGATCAAGGTGT-1,0.0808244284517171,10215.0,B,811.0,1314.0,-0.09840021743448249,0.1061536455251784,0.13349219607074134,0.16669123656972845,0.2402902421829854,-0.09506940728745164
ACAGGAGGCGCAGCCG-1,-0.027921535316405195,6054.0,B,184.0,190.0,0.21555469054230483,0.149926752011527,-0.21021681794545605,-0.10943481671543444,-0.03748322795650596,0.10742735350780852
ACAGGTGGAGGTGAGG-1,0.04993821318169633,14419.0,B,694.0,1292.0,-0.13600783846273554,-0.07751725705863276,0.0036082847170492427,0.0707658241386339,-0.010068240976915152,0.19845297521901617
ACAGTATACCGTGGGA-1,-0.030657674546249174,21973.0,B,1727.0,566.0,0.012544773479985213,0.06636062204387799,-0.04734732489449901,0.10624286879422087,-0.12890756555240512,-0.31430822428188326
ACATCCCGGCCATACG-1,-0.1613402023856706,5807.0,B,928.0,1381.0,0.17670670548242762,-0.2605573233934766,-0.22196152336645633,-0.21601998976033251,-0.46062615460938444,-0.00813655623590397
ACATCCTGGTAACTGT-1,-0.026812862837625573,20324.0,B,1509.0,1086.0,-0.24840550228282215,0.18418970880455632,-0.05331210695998575,-0.3287849947152979,0.06225393260115361,0.007292146773113621
ACATCGATCGTTTACC-1,0.0560302423724182,7982.0,B,991.0,1088.0,-0.15693612666802137,-0.1686590078341841,0.13797495553413872,0.020625849139746955,0.05660111511813149,0.42112519490670747
ACATCGTATGCAATGG-1,0.12567529663951166,18387.0,B,1237.0,1155.0,-0.10554726008790577,0.12307042045277676,0.07319461702927058,0.11568163747183319,0.13182903148921205,0.20738258775222423
ACATGGCGCCAAAGTA-1,-0.01724092948449555,16869.0,B,1535.0,1041.0,-0.008259307211118297,-0.042195213386522795,0.02667833671935266,-0.0011209316374294412,-0.11632691352074817,-0.04824257216746963
ACATGGCTCAATTTAG-1,0.08936940703115578,3841.0,B,366.0,325.0,-0.03797030634343343,0.2288626642651792,0.011856437940861265,-0.04559936579690178,0.16963110681610072,0.4427411014851859
ACATTAGTTTATATCC-1,0.07979609378150058,3679.0,B,979.0,1291.0,0.48907093411165115,-0.23458499501650185,0.21363941119114413,0.2055344016067992,-0.24365575369348086,0.30021754234520787
ACCAAACACCCAGCGA-1,-0.005830735195194623,72101.0,B,1675.0,522.0,-0.029435473896662956,-0.19540144386825808,-0.04251540539405806,-0.10807698425067963,-0.1809633817378904,-0.015554124199824007
ACCAACACCACACACT-1,0.1493561565506677,25075.0,B,1610.0,590.0,0.15989533298447672,-0.038582219530003764,0.07757406315427737,0.5462339092380012,-0.08748616425036906,-0.061385269216496535
ACCAACGCTTATTTAT-1,0.06997914949315892,15324.0,B,824.0,1337.0,-0.2579946920669729,-0.03059552922537385,0.023256361690721955,-0.042878560358653395,-0.12323831212789876,0.6376709530978234
ACCACCCTCTCTTCTA-1,0.09309816313653255,20412.0,B,1753.0,656.0,-0.01843139757801618,-0.21974371318071673,0.08555846072181175,0.5318403072680007,-0.019010515131843646,0.043611034077421444
ACCACGTGCAGCTATA-1,-0.13258493223625767,6820.0,B,1173.0,1222.0,-0.017623305704136553,-0.010706065072823234,0.01370883490421076,-0.0015908172048217442,-0.133053661214056,-0.5693961121243635
ACCACTGTTCAAGAAG-1,0.08184870539699259,10595.0,B,263.0,370.0,0.20942223173734845,-0.04744893849145068,0.18131790455105026,0.24248854318872679,-0.06503484889760595,-0.03747533918858374
ACCATTAAGGGTGTCA-1,-0.008204245908089358,12007.0,B,250.0,438.0,-0.057385055666471695,-0.06772218844228363,-0.02568696034038432,0.12818918452895334,-0.056879697108744534,-0.013783759599889983
ACCCAACGCCCGTGGC-1,0.05637180153511081,12025.0,B,1301.0,816.0,0.07199274307629497,-0.05320316342420931,0.19915014435241796,0.19767990641680724,-0.1083009825459782,-0.036874170082930216
ACCCGAGCGAAATTAC-1,-0.11863884751338127,38745.0,B,566.0,1518.0,0.14349401402193007,0.0159578503110198,-0.16357320532488828,-0.12136488115068396,-0.6630016132426834,-0.2482235993890336
ACCCGGAAACTCCCAG-1,-0.0722065743487503,6784.0,B,1031.0,1426.0,-0.2320593101588595,0.04027933514243913,0.12077869910272425,0.15104101422002453,-0.15347836997883194,-0.3197683778448663
ACCCGGATGACGCATC-1,-0.07881893181737415,28977.0,B,1483.0,996.0,-0.24714237867495847,0.17584072254911318,-0.3044964057672874,-0.08853394214555656,-0.35351838397262725,-0.07042436821610423
ACCCGTGTCATCAGTA-1,-0.007568166885408026,17347.0,B,889.0,1449.0,-0.12273887032961064,-0.010725443138933564,-0.14383340444394327,0.0962629537753616,-0.006126169678161392,0.011942945644876302
ACCCTATAGGACTGAG-1,-0.09549224632491668,7954.0,B,444.0,415.0,-0.4177596285514631,-0.063298781473828,0.10521861344010576,-0.04833844100380271,-0.039076317727769594,-0.04851970797296849
ACCCTATGCCATATCG-1,0.060099278365971884,9012.0,B,708.0,1405.0,0.058075405745217676,-0.09256971341280719,-0.43111013047859736,0.19167999871715985,0.45229439855403764,0.16228542728462414
ACCCTCCCTTGCTATT-1,-0.049468492257087424,4653.0,B,1277.0,1222.0,-0.08933779140826087,0.2662054160898579,-0.12411182036542995,0.07758351424006318,-0.1635640491025231,0.08962303240415995
ACCCTGGTAACGCCCT-1,0.05715489421016615,38151.0,B,1675.0,612.0,0.04892871484638432,0.07182842945667614,0.13807104034974646,-0.08334469997337324,-0.03533196801559769,-0.10594838243498123
ACCGATGGTAGCATCG-1,-0.03956400198432071,12888.0,B,1379.0,951.0,-0.17370175298297882,-0.09594398975579148,-0.12589623082045445,-0.4176496957588101,-0.0616742595302128,0.4220537705912358
ACCGCAATAACTGCCT-1,-0.09514522979616288,4558.0,B,1212.0,1290.0,-0.18238011842832938,-0.18700742519441954,-0.24674082592353339,0.09980092900965198,-0.06520216054514319,0.09949685535856768
ACCGTCCACTGGGCCC-1,0.0003019617432117594,949.0,B,255.0,1565.0,0.06411746913492095,0.02443877723401766,0.15302985064249836,-0.11168710385473438,-0.05925183057714187,0.2629091951667014
ACCTCCGTTATTCACC-1,0.05341725108223054,43963.0,B,1638.0,905.0,0.060544149438743255,-0.2633844333657703,0.14499141727824255,-0.1397684380604438,0.0359289900730137,0.05220389944828936
ACGAGAACCCATCACG-1,-0.1068740490425589,5218.0,B,625.0,324.0,0.056067722307694724,-0.10075354426664833,-0.08491064822802982,-0.20439138633701479,-0.2684096636037317,0.12074834940185213
ACGAGTACGGATGCCC-1,0.008837323773684947,10903.0,B,1533.0,770.0,0.049954550204326445,0.06772500622725046,0.17276601420806098,-0.04163794531083018,-0.12177531721964105,-0.07320828330264144
ACGAGTCGCCGGCGTT-1,-0.003548343583834355,13256.0,B,288.0,235.0,-0.2364356172249678,-0.00036629500895653255,-0.029269311862500112,-0.011005869149594207,0.2113490798468212,-0.04801487124076034
ACGATCATCTTGTAAA-1,0.024731022616559538,12453.0,B,1508.0,951.0,0.1501098828950509,-0.05559835792810312,0.11642111958027063,0.06220335123814279,-0.020119731147806293,-0.0789765233932596
ACGCAATCACTACAGC-1,0.14526400242022866,24026.0,B,1598.0,702.0,0.0007965882896394799,0.3134080303453517,0.17185499328249373,0.22964115632093418,0.048184075292058114,0.01101783276104358
ACGCCGCTAGACGACC-1,-0.17125033517614874,3186.0,B,1108.0,1110.0,0.2837467336918431,0.05675343280765513,-0.14327028130728423,-0.08833584583171988,-0.6325583509090387,-0.08885210447639888
ACGCCTGACACGCGCT-1,0.2087692786018629,4639.0,B,184.0,145.0,0.896428039160997,0.17031769122001797,0.021777529867290698,0.20104281218692688,0.13247206340776607,0.15204792185790783
ACGCGAAGTCAGACGA-1,-0.27545467043496014,3930.0,B,953.0,1246.0,-0.6267049367473879,-0.5076276231939701,0.12164566943076308,-0.2081485698011024,-0.2319462557349185,-0.025252706317975583
ACGCTAGTGATACACT-1,-0.02706229089632003,9103.0,B,1482.0,770.0,0.028060262664675605,-0.12961974015681055,-0.11675429054695673,0.23139989935662833,-0.1696713258430359,0.03806050599681021
ACGGAATTTAGCAAAT-1,-0.03223899423367092,7385.0,B,535.0,482.0,-0.39108542931847745,0.1012524267411208,0.10104668959004412,0.2035719138701102,-0.08547906444418255,-0.045842871938933674
ACGGAGCGCAAATTAC-1,0.11014077176877447,10749.0,B,1584.0,545.0,0.2443116638483229,0.04053953538858795,0.12161274337351148,-0.15160836591087515,0.37847253274792186,0.06733472342705218
ACGGCACTTGCTTGGG-1,-0.07484108648836268,3229.0,B,966.0,1314.0,0.17152100315994837,0.10518582516121436,0.007519600995214162,-0.03535610613707553,-0.03578274857810402,-0.33162280490974005
ACGGCCAACATGGACT-1,-0.04275831191801928,9704.0,B,902.0,1336.0,0.11275209787718812,-0.19685923923014126,-0.08501993710642702,0.04040983224888662,-0.12025879030917792,0.16281631300384533
ACGGCGACGATGGGAA-1,0.021493177518485437,5007.0,B,1186.0,1245.0,0.19700791456535766,0.23326490388559687,0.04519122927155313,-0.11596468188281348,-0.14380633368319692,0.16983109397976714
ACGGCGGGTTGCCCTG-1,-0.1293371164780576,4048.0,B,586.0,256.0,-0.05027455309067348,-0.06711246495494974,-0.1558423454156294,0.23753704957541463,-0.11845118122841897,-0.44403235068939195
ACGGGCGTATGCGACA-1,0.022168172814572923,30649.0,B,1714.0,679.0,-0.022184688234816577,-0.351229550751155,0.058062156182293774,0.035370711918804434,0.06174908139425279,0.21583658999537253
ACGGGTCATGTGACTT-1,0.1578606783413174,25357.0,B,302.0,483.0,0.3800734608208291,-0.03257358964814952,0.13089870006159043,0.046506444684175835,0.10546569163545821,0.12227664617753621
ACGTATTACTCCGATC-1,-0.1908513343828202,3831.0,B,1444.0,1063.0,-0.019609638272806332,-0.11561963336128449,-0.15475885119081195,-0.18775734062594934,-0.08599456967181396,-0.5358187761977787
ACGTTAATGTCGAAGA-1,-0.24173274670806796,3128.0,B,1082.0,1065.0,-0.038876179086952595,-0.23032241211232835,-0.06786901379344401,-0.1361491295440724,-0.39991060028062936,-0.31391533892986967
ACGTTATTGGTCACTC-1,0.12989780383928562,4274.0,B,354.0,573.0,0.0901844304044881,0.18458899289645905,0.3562914421421285,-0.27528679216255764,0.40331859507077183,0.157632028063172
ACGTTCGCAATCAATT-1,0.04300038002210045,52396.0,B,1651.0,882.0,-0.08217103571369333,-0.07994766636070745,-0.03768284384910399,-0.09911175388250457,0.15712495738010712,-0.028559383294501195
ACGTTCGTTCAGGAAA-1,-0.11738649011164334,14825.0,B,760.0,1495.0,-0.2601474342104951,-0.27701823818094107,0.09161775669481245,-0.2315619043971737,-0.19171146850536203,0.061609283277602706
ACTATCCAGGGCATGG-1,-0.01202468840354375,14621.0,B,1586.0,995.0,-0.011806491602166336,-0.010672876872374226,0.03966570746394513,-0.1510731241698221,-0.15163240838643025,0.03983749465313524
ACTATCGCCGGCTAAA-1,-0.06877175369225721,21766.0,B,198.0,438.0,-0.016970809647184212,-0.014490391413939561,-0.25791655358266097,-0.23865154500012592,0.04145096137191177,0.036226207727161036
ACTATTTCCGGGCCCA-1,-0.09870133876579634,10557.0,B,721.0,1472.0,0.07128929580935978,-0.3724921936202226,0.0366531532799373,0.08731592433658265,-0.24034860805541913,-0.23942110629322658
ACTCAACGAATGTATT-1,0.027086631397472194,10098.0,B,612.0,301.0,-0.03748680244201892,0.09023745879882368,-0.03865134722831074,0.1010244285537477,0.1122313841982688,-0.03166472580567764
ACTCAGACCTGCTTCT-1,0.04408057140104559,9968.0,B,742.0,346.0,0.0009718917856758975,0.6244873460235738,-0.08352827705211428,-0.17889125794683788,0.09551497079463037,-0.17958105043226583
ACTCCCGAATTCGTTT-1,-0.11953821951610466,7977.0,B,1534.0,860.0,-0.09346288295834417,-0.16728081670235828,-0.24400334520849365,0.013676742882274214,-0.10508437398081066,-0.27000089355448165
ACTCCCGTAGACTAGG-1,0.04823969466272035,38605.0,B,1779.0,611.0,-0.05153241897202071,-0.23102423305119496,0.26184131046422976,0.017466145772336655,-0.061699723267428674,-0.014586949279007555
ACTCCCTAGAATAGTA-1,0.046655710292737705,5788.0,B,1095.0,1223.0,-0.04819544000472764,0.23136551161138624,0.33763544461180384,-0.26772555470733167,-0.09030033267842945,0.12398824368483574
ACTCGATGTATTTCAT-1,0.08138436147527844,8124.0,B,315.0,550.0,0.1570125452085589,0.021637588634687538,-0.0012714129187519595,-0.17729310235692697,0.528463785689672,0.13233262770266016
ACTCGTCAGTAATCCC-1,-0.11093712570935482,11982.0,B,1198.0,952.0,0.0682398456521165,-0.48141551737500005,-0.042168329751215886,-0.16258892049283058,0.0743334296401198,-0.1436425467327913
ACTCTCTGACTTAGGT-1,-0.07624179511693034,1713.0,B,1198.0,1087.0,-0.0690600066169387,0.0560504543299046,-0.20979549656803226,-0.07903716765072097,0.13101484646407113,0.10688055244397517
ACTCTTGTATAGTAAC-1,0.00298095429699783,4776.0,B,1094.0,952.0,-0.04916204761662672,0.4957890225591638,-0.02289540374711659,-0.2053926276852739,-0.17429961357678458,0.10440525602711828
ACTGAATGGCGAAAGT-1,0.05755829297169971,4091.0,B,1264.0,1199.0,0.6374528981855255,0.12540713102012319,0.11495407733819922,-0.0936871624999518,-0.42655583176441514,0.2971402923680077
ACTGTATACGCGAGCA-1,0.012225167563321097,9226.0,B,651.0,369.0,-0.09946313162159462,-0.07019863746341722,0.4794544186675508,-0.08709905199402392,-0.1820632296226027,0.04696165149390292
ACTGTGCTAGTAGATC-1,-0.005598351709256502,2801.0,B,587.0,436.0,0.19649154419100007,0.23023522954776196,-0.21261237046887688,0.26269423057897184,-0.05708524067655712,-0.19267812616845553
ACTTAGTACGACAAGA-1,0.0198067539908231,2988.0,B,600.0,459.0,0.09553320109572898,-0.030515266595232356,0.062247908339588015,0.29349629697767504,-0.021454003668196046,-0.04596359333962038
ACTTATACTTACCCGG-1,0.06659330339788319,7381.0,B,1353.0,951.0,-0.05007434396667598,0.1083730003435457,0.22955367455989523,0.10245164234697782,-0.12018797136455948,0.23805050582882356
ACTTATCTGATCTATA-1,0.06634800721220958,17134.0,B,598.0,144.0,0.01715466782616646,-0.051168567793674485,0.057236805832455225,0.08845192902354729,0.0880149859844793,0.10831458196170252
ACTTATTTATGTGCCA-1,-0.06683690275290845,2874.0,B,1354.0,1177.0,0.06873065445085863,0.21028504562123235,-0.10900046135378803,-0.14190417425887986,-0.26502803898805144,0.1240007344262618
ACTTCAGGCTGATCCC-1,-0.0997217298251889,8512.0,B,1238.0,1290.0,-0.21415367862079232,-0.09479454426472371,0.14977707662770803,-0.379369793741007,-0.17146756537960822,0.10557077165607996
ACTTGACTCCCTCTTT-1,-0.06609729729408857,2179.0,B,1121.0,1087.0,0.16112808922779556,-0.13685221321528168,-0.16514715661097779,0.051885408914401326,-0.22691620706589366,0.21863796231992993
ACTTTACCCTCATGAA-1,0.027854930283274917,6526.0,B,1560.0,860.0,0.0950049989843533,0.06633662685030046,-0.16609229294918235,0.14368831125966885,0.03149532819740751,0.223366100665342
AGAAGAGCGCCGTTCC-1,0.038942345112335686,43.0,B,1327.0,996.0,0.10404031416279541,0.16441680595639308,-0.053236158149025894,0.019991560706263067,0.33696312687287017,0.20594501375192725
AGAATTATGGATTCGA-1,0.12742222360655878,26019.0,B,1456.0,861.0,0.18384948368798257,0.05500952673410222,0.06671090698729423,0.11047213655662828,-0.05736600879088277,0.20120208175734294
AGAATTGTTTGACATA-1,-0.05031444539515482,7208.0,B,483.0,527.0,0.0071771916728317516,0.05659999309694219,0.11048729346742463,0.08998734708331357,-0.3313855441896526,-0.0739806111535752
AGACAGCTCAGAATCC-1,0.009368596163431154,4878.0,B,341.0,640.0,0.06915540686924837,0.07133297235618904,0.009783913698250716,-0.1252611912373661,0.921460464814136,-0.6750002702327637
AGACCCACCGCTGATC-1,-0.17111106041380736,3066.0,B,1031.0,1246.0,0.05903337535558463,-0.16452345653015485,0.13900493358126234,-0.2540415507942281,-0.3011081962234337,-0.3192068678907531
AGAGAAGGAGTACAAT-1,0.03825442412864204,23786.0,B,630.0,1450.0,-0.23592032546342734,-0.1686969164654474,0.06049910754941158,0.15661166639338622,0.007936977704626293,0.14222423794452427
AGAGCTACGAAAGCAT-1,-0.009942674583828817,7212.0,B,392.0,370.0,-0.02572846548375542,-0.007550390735652037,0.034338320340009824,0.15249489151588697,-0.10480340183217289,-0.05432610177741436
AGAGTATAGTGTTACG-1,0.04806587284775125,32278.0,B,1767.0,769.0,0.04719619310858193,-0.07132141075430257,0.007123256262478152,0.02744930038953519,-0.020954521551839272,0.020359920863465053
AGATACCAGCACTTCA-1,0.02482763354847932,47062.0,B,1714.0,499.0,-0.05193639794282193,-0.04176827503781292,0.03793908449312193,-0.012427545133682216,-0.1472522352503658,-0.0773922233766183
AGATACTCAAGATCGA-1,0.054777937596598596,6092.0,B,1250.0,1177.0,0.022796905315139858,0.016600376297740235,-0.33886902287257686,0.28427222993710183,0.16406311452672118,0.28277846316236055
AGATCGTGCATAAGAT-1,-0.0006044321356923812,16259.0,B,1442.0,613.0,0.04492700009394328,-0.09710888778464853,-0.07317271948724216,-0.04095045097188068,-0.04216046357168908,0.088024142334632
AGATGATGGAGTCTGG-1,0.02046830762658302,13429.0,B,1560.0,905.0,0.011535044186939354,-0.0447939183180042,-0.08440110315557629,-0.05751617899107913,0.2843616945572854,-0.057701801137684756
AGATGCAAGACGTGCA-1,-0.0765385848568131,3570.0,B,501.0,1451.0,0.0062255204431286015,0.04131736670631169,0.18980949308897624,-0.22284460129497025,-0.054518991351054015,-0.11261284689612022
AGATGCTATAACGAGC-1,-0.026894276497524017,16530.0,B,276.0,393.0,-0.23102029236636706,-0.14756552405843285,-0.021453019208320837,-0.0991138531232827,0.22732295168106428,-0.10959537972561009
AGCAACATATCTTATT-1,-0.1372963246180703,7750.0,B,1392.0,1064.0,-0.37522291708622446,-0.024806245235175106,-0.026570029292364305,-0.198392745955236,0.039478055925779666,-0.24837172894865306
AGCAACCGAAAGTAAT-1,0.020257190255134512,8514.0,B,449.0,1406.0,0.12772495019016375,-0.06997594701345258,0.09186491372052169,-0.21213301277484095,0.11274446271452983,0.052305701222082425
AGCACTACCTCACCAG-1,-0.14212843962404745,4837.0,B,1238.0,1335.0,-0.13193723122312953,0.003325975600291074,-0.4072854004578371,-0.06091861140536079,-0.024601386981027325,0.0595048364585251
AGCAGCCAGATGAATA-1,-0.026058621170951646,6968.0,B,941.0,1404.0,0.2412397800937471,-0.08894471500087361,-0.1025624270007092,-0.024012275600959265,0.09604907073821195,-0.19536837486014225
AGCCGCTTGATTAGCG-1,0.10665592963181258,16343.0,B,198.0,393.0,0.17670059752675682,-0.05578157332799528,-0.11939441750383888,0.23861498777520435,0.11493624493211019,0.17462434871243232
AGCCTTAAAGCGGAAG-1,0.024719474875562353,9229.0,B,380.0,618.0,0.10395720574923514,-0.06988718616270426,0.22809732928318308,0.14558637605431926,0.02346723509214787,-0.16900567473517802
AGCGCATAATGAATCG-1,-0.0661774767142357,10979.0,B,902.0,1426.0,-0.1764554001227192,-0.3241357238597742,0.05757861928734654,-0.04721037666944466,0.18543242999645163,-0.10696358893907841
AGCGCGGGTGCCAATG-1,0.07972856017913128,9580.0,B,1378.0,681.0,0.2723280587929985,-0.04146051268330107,0.02906657003065111,-0.01700642961942888,0.08716848808839255,0.0887387521861106
AGCGGGAAGGGTCCAT-1,0.04959894643581858,1836.0,B,664.0,436.0,0.8855191766071973,0.06923462043722588,0.12226822237860277,-0.08495236323953333,0.11028443997033877,-0.314636408548706
AGCGGTTGCCGCTCTG-1,0.07958924769623685,16522.0,B,1688.0,544.0,0.10628527392325496,-0.05956657074614568,0.05400686267982784,0.006203140783908961,0.12910570253120307,0.14612035133605877
AGCGTACGAGAGCTAG-1,-0.03546450006880006,8676.0,B,495.0,324.0,0.07590548918064778,0.06900433551985376,-0.19038060625214934,-0.14198250717620156,0.17599278137319194,-0.158243705618428
AGCGTAGCGCTAGACC-1,0.07518693001792877,14471.0,B,508.0,212.0,-0.12448158710003893,-0.1954375646115853,0.011011192753003888,0.3098532541481054,0.1610674534343855,0.22594363106199514
AGCGTCTGAACCCGCA-1,0.13329081666212064,4626.0,B,651.0,278.0,0.36600958668118494,0.33352174007669133,0.1153942443517046,0.14078371849185778,-0.06850415491853672,0.1567157325663231
AGCGTGGTATTCTACT-1,-0.09054165800920752,10423.0,B,1108.0,1155.0,-0.12658143153049226,-0.035066391683718126,-0.39775227099238364,-0.048180138854289165,-0.12858707093391175,0.1710366630810066
AGCTAACAAGCAATGT-1,-0.031886347739187415,28450.0,B,617.0,1518.0,-0.1867465132186253,-0.14099647271724436,-0.10631574939959973,-0.06325341279729377,0.02864490540408239,-0.014269622940668712
AGCTAGAAGCAGAAGT-1,0.04649581941502093,11294.0,B,1468.0,613.0,0.19988371155856277,0.05876131878965565,-0.32345525839647826,0.07824486070310754,0.13102632116203944,0.0393929557134535
AGCTCCTTCGCACATC-1,-0.11603260599138626,6104.0,B,1303.0,1312.0,-0.07421722953501156,0.26961984942977096,-0.4717196440259632,-0.08071351559583612,-0.2260138036029994,0.020217700553016943
AGCTCTAGACGTTCCA-1,-0.1323625472196912,8487.0,B,1172.0,997.0,-0.03318636938587275,-0.06836215555344466,-0.4190972719245488,-0.09919149939904001,0.028660915875715138,-0.09804200357511586
AGGAAAGCCTCTGATG-1,0.15245834787320545,15802.0,B,353.0,257.0,0.1881181065707148,0.32389104350334214,0.07941119900842185,-0.039073764272518755,0.12913881909160033,0.1906945835908803
AGGACAGTCGAATCCC-1,-0.05203464837599339,6837.0,B,1289.0,1109.0,0.11113463813776264,0.07064297562887241,0.15076301835541042,-0.11349780019736393,-0.22859573742661748,-0.1095820510957825
AGGACTTATAGGAGAA-1,0.024789227065972863,22934.0,B,224.0,438.0,-0.19081415003032304,0.13865432113105086,-0.011712411604555665,-0.039881146632529015,0.053357139968118604,-0.054712045098134626
AGGAGACATCCACAGT-1,0.03173828261923832,22684.0,B,1766.0,679.0,0.05513939563369069,-0.11495409683343583,-0.10786283615649256,0.18745752011281552,-0.0800107475805828,-0.01896282805109959
AGGATAAAGTCGGGAT-1,0.007864664535469197,4014.0,B,1031.0,1336.0,0.00737990966600173,-0.2485551375105833,-0.3312307852011395,0.2743864720974793,-0.0027914818403362504,0.43796513262027065
AGGATATAGGGATTTA-1,-0.06246245850061294,12446.0,B,1432.0,1176.0,-0.06719403474366926,-0.09741808864493626,-0.1844454107615371,0.05691462434722426,-0.16914962108215464,0.06454568686986317
AGGATTGCTTACGACA-1,0.0429740918337358,57251.0,B,1741.0,814.0,-0.055818453478780505,-0.18947791874898195,-0.08332369442230872,-0.11501952256325097,0.03850748628929587,0.1088005049557785
AGGCAAAGAGGAATCA-1,0.02785432920647512,55150.0,B,689.0,166.0,-0.04379863152903285,-0.15059945493089585,-0.022485694238745236,0.03300463799897771,-0.05180115100152547,-0.10627944599723829
AGGCAATACGGAGGAC-1,0.08385670391063785,16429.0,B,197.0,213.0,0.21169584212610454,0.34533341199633044,-0.32968690517481625,-0.13044964672242407,0.020303809374521895,0.2025919951288408
AGGCAGGGAGCGTACT-1,0.0009797901888250141,9166.0,B,824.0,1472.0,-0.14841543366800752,-0.005190654094768614,0.036208552246451545,-0.053784030775358815,-0.15581879791898234,0.3476641760672043
AGGCCCAGTGACTGGT-1,0.012100935273132551,3853.0,B,379.0,347.0,0.0026460380334062256,-0.18916494749763704,0.1872916466018624,0.1383078279835034,-0.1283069435292178,0.2288863893566267
AGGCGGTTTGTCCCGC-1,-0.13710238348713352,23318.0,B,410.0,1474.0,-0.17398340884368602,-0.14389060433083758,0.12722095610817047,-0.07979220170431062,-0.7041639089629808,-0.09928451888423792
AGGCGTCTATGGACGG-1,0.0709992537852458,26208.0,B,1636.0,499.0,0.20354769431558944,-0.032069271020263496,-0.08801266806334783,0.02328001976907558,0.04606794229893135,0.036165933006065125
AGGCTTCCCGAAGAAG-1,-0.05910192451185419,15886.0,B,733.0,1270.0,-0.19552558750932528,-0.09405434405913926,0.010214243010554389,-0.1267929894208471,-0.07761492995214599,-0.02530751347214481
AGGGACCGGCTGCGTT-1,0.09472806679528657,99540.0,B,1612.0,950.0,0.05245551824130501,-0.0345509068818231,0.007534191408251373,-0.021413499478234566,-0.08035611084074834,0.04485161538069454
AGGGACTCTACGCGAC-1,-0.11739453552379264,10663.0,B,876.0,1382.0,-0.3207778160988607,-0.07284235641073024,0.18603187962080528,-0.13393529844282015,-0.16055631624824643,-0.24583917488500967
AGGGAGACATACTTCG-1,0.041672736429964434,11980.0,B,1650.0,792.0,0.14703742975023,-0.06000146461718203,0.07372465982480568,0.05824501334483131,-0.05064459157366427,0.020641901617467387
AGGGTCAGTAACCCTA-1,-0.0018328812024439901,37690.0,B,1649.0,477.0,-0.06406419523158696,-0.1021177267510668,-0.1221327193638031,0.014262480641939801,-0.0580711031612136,-0.09840416782311777
AGGGTCGATGCGAACT-1,0.1333618063341784,8267.0,B,1444.0,973.0,0.2574891782084714,0.2421407827992721,-0.0188365469978346,0.45206940114466126,-0.047878095836587906,-0.0518450385240868
AGGGTGCTCTCGAGGG-1,0.009949663425298176,7539.0,B,1379.0,906.0,0.12134373233512155,-0.13449994394386164,0.01097799197878355,0.18643457611109604,0.1770982907648646,-0.1856357870089964
AGGGTTCCCTTTGGTT-1,-0.04587727089887347,10245.0,B,1327.0,816.0,0.13085034717751984,-0.20232543533345274,-0.34655443002166225,0.13568006649378708,0.054707907015565674,-0.040471139784291725
AGGTATAATTGATAGT-1,0.052215659054176564,43144.0,B,1599.0,928.0,-0.10066785674024337,-0.014355389022747956,0.14924234079446944,-0.10460096513884087,0.03160428337752662,-0.04082108019524684
AGGTCGCCACTTCGGT-1,0.14790460067550032,14172.0,B,534.0,211.0,-0.00014826390894841224,0.19474358027903632,0.20146973135602803,-0.16024999326744363,0.09921567283879393,0.37231016824520974
AGGTCGCGGAGTTACT-1,0.018681645611813277,9711.0,B,1533.0,725.0,0.09056095397235119,-0.021485140106772896,0.023099908245171264,0.1731552279820131,-0.15963286691223624,-0.03529443529362148
AGGTTTCACACACCTT-1,0.08635936857998086,3812.0,B,1056.0,1065.0,-0.16991582999420204,0.042294020963644,0.44482119361924943,0.21283429230077347,0.07182419216806672,0.08124010350405071
AGTACATCATTTATCA-1,0.14183860498105286,14416.0,B,1598.0,792.0,0.06793718432790616,0.26446308468458224,0.17852423010090307,0.04507883389181175,0.1363944869520239,0.14104718862980062
AGTATAATACTAGGCA-1,0.0435784344060027,4651.0,B,614.0,707.0,0.1519632652200369,-0.05760960818772967,0.32917334790492125,-0.2078653924922842,-0.06495372619174702,0.20871918012045843
AGTATCCATAATAACG-1,0.24089846788780872,12794.0,B,495.0,234.0,0.23560994650749087,0.1266389468059644,0.32991545969254443,0.26145458592504406,0.09650081896574178,0.3782059243451323
AGTATGCTGGAGACCA-1,-0.047660124043775176,5211.0,B,527.0,1451.0,-0.15242047149554586,-0.045914679349486565,0.11911357513805343,-0.08852467422527277,0.03563096378099139,-0.10772886370427176
AGTATTTGGCACGACC-1,0.009511969674052285,11350.0,B,863.0,1449.0,-0.054998334988545894,0.0748132863772838,-0.06777510494376962,0.19353161254325518,-0.09706063863798874,-0.03735762869583164
AGTCAAGATGACACTT-1,-0.21302304354266408,4043.0,B,1354.0,1222.0,-0.23463100814624405,-0.2914891554330796,-0.0034400769800129044,-0.48363271412042286,-0.14563925156279633,0.008087545811612983
AGTCACTCCGCCTCAT-1,0.055181991896183114,3749.0,B,573.0,279.0,-0.08081114543164161,0.08419931665399205,0.24476775935518905,0.22559293946143086,0.20339538756627484,-0.017996735032720812
AGTCAGCCACCGCCTG-1,-0.17051453613580397,2327.0,B,548.0,504.0,-0.5203693106097278,0.0336003815845302,-0.046950650203794936,-0.23727943847486532,0.0651718024398599,-0.07874728760752411
AGTCCAGCGGGTACGT-1,0.03678182452906382,16315.0,B,443.0,234.0,-0.005687928202761823,0.14031959620128046,-0.054551472326538855,-0.052202370286079505,0.10793371312277066,-0.16395432041994204
AGTCCATTGGCTGATG-1,-0.1415184119712653,14460.0,B,1483.0,1086.0,-0.3684745498956868,-0.0806623031235679,0.06373905526429044,-0.1913388917250333,-0.33973907781289037,-0.09026876712779464
AGTCGACGGTCTCAAG-1,0.13660425226185485,15674.0,B,1353.0,996.0,0.02531462925737564,0.00530590065067732,0.08746934116505575,0.38013250029838086,0.16275424574058395,0.03952721448941026
AGTCTAAAGTATACTC-1,-0.0167915653192322,12504.0,B,1624.0,792.0,-0.016531030838582917,0.25627783801963594,-0.2283359317771993,-0.09902915501123377,-0.17667066630498215,0.0917441626412947
AGTCTCACAAGACTAC-1,-0.12555851494321424,5619.0,B,578.0,1360.0,0.007825818818583019,-0.2615068624316997,-0.01709205271637527,-0.20523811516898388,-0.11404530435396368,-0.11250119634793451
AGTCTGGACATCCTTG-1,-0.12503514936849347,4351.0,B,445.0,550.0,-0.015204638819129118,-0.07369519896873473,-0.09781029548544691,-0.3025648115549897,-0.11163193993827525,-0.04323220948316603
AGTGAAGATGGTGTCC-1,-0.06607389499065422,31659.0,B,1753.0,611.0,-0.06540140090041675,-0.3069846545423037,0.05218028142225302,-0.046234311867469374,0.006312775626579344,-0.14923126475091492
AGTGAGACTTCCAGTA-1,0.06817739922360622,9086.0,B,1314.0,929.0,0.052200141082506306,0.039275528790900203,-0.06302496048437072,-0.05594890947348889,0.3024128531458068,0.06171648940832395
AGTGAGCCTCGCCGCC-1,0.049086777937916354,10022.0,B,1521.0,793.0,0.3509578382291973,0.04001446160870102,-0.1589217775740384,-0.029283606119601464,-0.07152595930675366,0.1888302757232514
AGTGATTCAAGCAGGA-1,-0.021109380271012286,11020.0,B,1314.0,884.0,0.10245618686619361,0.015325198634349755,-0.16545080814627533,-0.3706982223542798,0.38999655096387803,-0.0069624299757304955
AGTGCTTGCACGAATA-1,0.06367863943480778,7805.0,B,1341.0,1064.0,0.048647643478826524,0.2148870898258196,0.17906500371794215,0.20380221403870175,0.06533305870924244,-0.20028477220002971
AGTGGCGGCAATTTGA-1,0.04724305929331202,13300.0,B,1404.0,681.0,0.15368260460489136,0.16094277538097346,0.02262048768500698,-0.07895121707203354,0.0020521474018919787,-0.12607514464119937
AGTGGGAGTATACACG-1,0.0989764714008116,18013.0,B,184.0,281.0,-0.16248045349577467,0.1824717071822775,-0.0322405674142196,-0.044416085563440254,0.3413129429455605,0.10805033531609967
AGTGTGCTAAGATCGC-1,0.09475087413093279,23979.0,B,315.0,460.0,0.1722119095856049,0.10819834589164307,-0.09983436082263705,0.008684541359642917,0.034799340586869565,0.14099499556193187
AGTGTGGTCTATTGTG-1,-0.1347601987663931,10697.0,B,484.0,617.0,0.040984730907475446,-0.37532380936776344,-0.2696729387644349,0.09954196211587923,0.004046930108849428,-0.1711667495889914
AGTTCACCGGTTGGAC-1,-0.06004252865945511,7094.0,B,289.0,596.0,-0.0737127029992493,-0.1081870097341104,-0.23645676729786033,0.04228157025887102,0.18521795140654954,-0.16389193917969377
AGTTCCTATTTATGTT-1,0.10549391468669078,4526.0,B,1030.0,1110.0,0.14084660183630385,-0.010348556632296821,0.10406274461888451,0.08291417594050149,0.2651376871363826,0.08112147396469484
AGTTCTGCGTTGTATC-1,-0.0867500741144757,23661.0,B,431.0,437.0,-0.4122193400969695,-0.04950610774017283,0.09204756997830175,-0.22026357188524884,-0.15073997890476798,-0.013931258046442178
AGTTGACATCGGCTGG-1,0.07988931438880598,8978.0,B,522.0,369.0,-0.03310994828381867,0.012092399485289996,0.04344072229885321,0.23445947542046522,0.2339672401895328,-0.017487720431045073
AGTTGCTGACTGATAT-1,-0.09754330140049419,4224.0,B,419.0,505.0,0.10695011313412581,-0.06795933546219843,-0.07740367692031287,-0.16693174197117874,-0.20468708776238406,-0.07061353924119704
AGTTTATGTAAAGACA-1,-0.14982122943816928,26833.0,B,1753.0,702.0,-0.7913856278291919,-0.13303892419453262,-0.033586210592878356,-0.07416690842885384,-0.029806487472871054,-0.007553723095725752
ATAAACGGACCCGTAA-1,0.15994858768188452,4701.0,B,979.0,1201.0,0.09274717075021631,0.13766819714994075,0.22838666866294982,0.4357147247748251,0.01676841628274329,0.1688631990511353
ATAACGCCGGAGGGTC-1,0.07918870280376639,14502.0,B,1236.0,929.0,0.38137772567533457,0.011130310207452854,-0.08870543111660031,0.11975698084600513,0.07475144175044451,-0.08961172187241404
ATAAGGTGGAGAACAT-1,-0.03460666968610308,3432.0,B,1121.0,1268.0,-0.1150662123505192,0.08463593720208809,0.2017612236431283,-0.41224361545801946,0.36482424211127723,-0.2222506551289082
ATAAGTAGGATTCAGA-1,0.041552822959935634,10315.0,B,1520.0,748.0,0.17146273275155208,0.13978469265539042,-0.1564657708996152,0.0750034192225935,0.16551919339759621,-0.030316614289396353
ATAAGTAGGGCGACTC-1,0.1483953785728744,24153.0,B,1586.0,950.0,0.358936994535118,-0.18280088842110462,0.0545407514860784,0.5224253288406133,-0.08138611804046972,-0.018110175443248836
ATAAGTTACCGCGACG-1,-0.09816498098195739,9070.0,B,862.0,1179.0,0.09304096939374194,-0.12372128782677308,-0.23945183427945033,-0.23501970961507102,-0.06492845463299854,-0.021725896961020532
ATAATACCGTTAGCCG-1,-0.174837183231236,4463.0,B,393.0,505.0,-0.222551021046588,-0.16630100987431345,-0.37458423887962655,-0.3922915470500797,0.03986166675370141,0.08996550004552817
ATAATAGCTGTTGAAT-1,-0.04328218354451722,4669.0,B,1005.0,1201.0,0.10226958314932053,0.17300648616815847,-0.06957429818003469,-0.09799306861888911,-0.18435289099543187,0.09491527407847127
ATAATAGTGTAGGGAC-1,-0.03139229409093766,1946.0,B,574.0,549.0,-0.07216132294131677,-0.014608123454638092,0.256839551274241,0.14545882175973568,0.0801795882647091,-0.15702477506504794
ATACCCTGGCTCAAAT-1,-0.06952637557896621,9779.0,B,352.0,167.0,-0.17136661216863203,-0.051019752241043374,0.020713231072249642,0.10620068343276598,-0.007496448172123674,-0.2145156579102746
ATACCGTCATCCATAA-1,0.1258339194034485,62215.0,B,1675.0,477.0,0.023429512722509427,0.20484416576154313,0.060273107604992944,0.06598491836459985,-0.07079431972128843,0.03512544595742101
ATACCTAACCAAGAAA-1,-0.06873640710111968,8182.0,B,1019.0,1448.0,-0.21390527562156741,-0.0844653394568154,0.14757810459697002,0.015154762792918155,-0.039113995312934004,-0.17796443701335493
ATACGCCGATCTACCG-1,0.11882254754742844,7719.0,B,585.0,166.0,0.27208300595684837,0.03537282189637814,0.31370475427651245,0.14556172742489235,0.06471347011072945,0.04353687378466449
ATACGCCGGCGAAACC-1,-0.019128221733582695,7218.0,B,1198.0,1042.0,0.12107119589391879,-0.22562160317029042,0.04267286606067504,-0.2360304621127475,0.024388818279668247,0.23567603691610753
ATACGGAACGTCGTTT-1,-0.11712265815867398,3099.0,B,475.0,1406.0,0.24318375124520064,-0.3111373139251581,-0.20347026541102103,0.023648818601335123,-0.15656968555078526,-0.01437664871724248
ATACGTCCACTCCTGT-1,-0.23998412016566417,5708.0,B,1393.0,1199.0,-0.8207317552614861,-0.021327956901566462,-0.44354903016877506,-0.213544814947696,0.1277931235481902,0.017470491546355948
ATACTCTCGCCACTCT-1,-0.16955519049918852,9141.0,B,508.0,347.0,-0.277614313987337,-0.22598647556074625,-0.2569734609377546,0.05200931438645346,-0.21700152767433853,0.04047119348133161
ATAGACAACGGGACCT-1,0.10410659111135108,31973.0,B,1378.0,771.0,0.050992966424071876,-0.08101886768245391,0.16938200597910963,-0.05572721238395418,0.0348345639431212,0.11782563153915658
ATAGAGTTATCAACTT-1,0.05607254113358891,17746.0,B,1391.0,748.0,0.26832372804652527,-0.03530861732228183,-0.11282045966561013,0.11111354921493291,-0.0555694056562185,0.05010490935931712
ATAGCCTCAGTACCCA-1,0.021208535098087775,3957.0,B,367.0,550.0,-0.1362541796550936,-0.0010052872329528659,0.07133650622310064,0.04279446760398959,0.14447558514174993,0.09097737571823739
ATAGCTGCTCTTGTTA-1,-0.06751680115102637,12227.0,B,315.0,505.0,-0.12146032926622519,-0.178110790830147,0.02426182847112008,-0.09780556971638889,-0.07874136604718418,-0.07263298376575097
ATAGGCTAGCTTCGCA-1,0.10035648341849371,6407.0,B,1443.0,703.0,0.06711524169219571,0.23337197831376116,0.08295623879181438,0.11645549152456736,0.016144702498527036,0.18304200988383032
ATAGTTCCACCCACTC-1,-0.11555458477139186,19928.0,B,1509.0,996.0,-0.21972168750294857,-0.09051679558088865,-0.10836772539765255,-0.3244672544145833,-0.051030761908854375,-0.07048418170371731
ATATAAATGTAGCTGC-1,-0.046105066594221845,12965.0,B,1148.0,1358.0,-0.33436985494156574,-0.013026301562974331,0.05573561881455848,-0.21296687006747547,-0.18146238917898375,0.3099829174996324
ATATCAACCTACAGAG-1,-0.030178505598480936,13887.0,B,1547.0,973.0,0.03030114093435106,-0.0422933355247833,-0.2118528653800637,0.147329537480649,-0.05887031565932155,-0.029276642384450314
ATATGTCTCCCTAGCC-1,0.0372138868731523,10168.0,B,1444.0,928.0,-0.15471382968540465,0.01847800737047718,0.09395662040290563,-0.10081611470542673,0.1847823233147703,0.1648056731607317
ATATTATCCCGTATTT-1,-0.0057539154129059925,22286.0,B,198.0,348.0,0.02645794393807885,0.11155554152795498,-0.0516993431482647,-0.20737465995519255,-0.12858218979327052,0.020100545826237978
ATATTCCACATAGTGA-1,-0.0895091236748906,6103.0,B,1186.0,1290.0,0.03769327461017512,-0.21019756231502487,-0.12684593491882643,-0.21144983895556183,-0.041572589978987835,-0.038573649841988786
ATATTGCTGTCAAAGT-1,-0.06749142666467417,1972.0,B,600.0,549.0,0.3899247424887225,-0.09859041008098302,-0.13331504958128698,-0.32149158178823267,-0.10455356242509337,0.18263687220842412
ATCCAGAGCAACAACC-1,-0.06674576553901565,7482.0,B,862.0,1269.0,-0.33690676148237075,-0.0995348404639031,-0.22167693710779893,-0.32945580308842765,0.4792580473319313,0.144372683001649
ATCGACCCAATACAGA-1,0.03633993288197225,5233.0,B,1004.0,1111.0,0.1624329998427324,-0.13656707883846209,-0.30218193465601895,-0.013818329103263444,0.5441775709808906,0.042321185762580475
ATCGCACGATTGTTCA-1,0.016661872587247148,8145.0,B,405.0,302.0,0.09940615419102194,0.2496082693758717,-0.12708369662176522,0.17753351127916084,-0.21638948981525616,0.0902771762611369
ATCGCTGCGTGCAGCA-1,0.06765714952453898,18583.0,B,1624.0,657.0,0.1617189834918611,0.038378929585736486,0.09511579301430846,-0.0521098195039411,0.03369570386572951,0.03268567601042846
ATCGGAGACAGACGGC-1,0.14279951041532435,7467.0,B,1173.0,1313.0,0.08072269321325422,0.02639931601524288,0.045663720804767376,0.2031127653169818,0.2628827426730722,0.21317153082358412
ATCGTCCAATCGAGTC-1,0.035790842068677664,4004.0,B,353.0,347.0,-0.0032598264223051843,-0.13165761189001002,0.09554584115127271,0.34063725967547603,-0.06578197633956076,0.10876614041967875
ATCTAACGTCCCTATG-1,0.14070435779134527,20837.0,B,224.0,348.0,-0.06434282026492417,0.33949500936390387,0.24281337989772123,0.055131721253113025,0.25959524258835115,-0.08361261854092879
ATCTAATATCCTACGG-1,0.028850578726619072,4038.0,B,1057.0,1381.0,0.12367696159420766,-0.22409376140024231,-0.013823736121097881,0.022659286536460675,0.21003653286094498,0.13371871076101025
ATCTATCGATGATCAA-1,0.28834744669949147,35701.0,B,223.0,213.0,0.45053449706491905,0.47782761653847217,0.1579910412575114,0.15262982988471754,0.15797922173273657,0.13146814592815803
ATCTGATAGTGTCTTA-1,-0.008743946765985312,4187.0,B,341.0,505.0,0.22745158816578848,-0.13265747520123522,0.07608621175981184,-0.010388489839582613,-0.10530567960379636,0.035222298152966444
ATCTGCACCTCTGCGA-1,-0.023697423701170183,8239.0,B,1495.0,793.0,-0.12851207285338753,-0.2847273242125304,0.17681619455410957,0.13304470977633714,-0.12714939891196964,0.18016885264132027
ATCTTGACTTGTCCAA-1,0.09889838037927585,8584.0,B,1585.0,815.0,0.1831833098801415,0.032739979111088474,-0.06409985887149407,0.03530910497823551,0.4003029423644082,0.12082417199074023
ATCTTTCGTATAACCA-1,-0.004384848910599294,25199.0,B,1740.0,724.0,-0.07837247853575488,0.030258390243589322,-0.08937476440537655,-0.10463345781293196,0.055752955755709835,0.01198095134194662
ATGACTATGCGACATT-1,0.10407654660944354,3454.0,B,1328.0,1222.0,0.01799135093614991,0.04962616478673114,0.14140816467144066,0.6380174680590731,-0.09857323578495267,-0.07119699595708164
ATGCACCTTCCTTAAT-1,-0.0966304924729988,5527.0,B,264.0,596.0,-0.1556672879232403,-0.08184527720313055,0.1317224008784076,0.16269987537405334,-0.4225558149571406,-0.08044428853992937
ATGCCATTTGCGACCA-1,-0.0683562045596744,3069.0,B,1367.0,1109.0,0.1035680563326623,-0.3968323350100599,-0.07137809643773349,0.27867224025384013,-0.194638799762697,0.032080498250362556
ATGCGACAGTCCCATT-1,-0.08426351476707596,9346.0,B,1107.0,930.0,-0.15415489266573362,-0.4669110715853777,-0.09285822817754835,0.14838541376705983,-0.266347290484658,0.28701206751247843
ATGGGACCTGCTGAAC-1,-0.12015683526309145,17254.0,B,592.0,1518.0,-0.3263002222560831,0.051353855550161885,-0.10272344985317411,-0.17852285114199443,-0.07507796772690256,-0.16710375471206715
ATGGGCCTCGGCCTCT-1,-0.05628208896622977,3302.0,B,1367.0,1154.0,0.20024039552725634,-0.31594528315617304,0.014431423579471393,-0.4101300883220282,0.35249348810868464,-0.036387452629995085
ATGGTCGCGTGGTTTC-1,-0.05702833227295236,3891.0,B,1289.0,1154.0,0.15958781851790166,-0.1153326877956522,0.19105370998468224,-0.3562731209472686,0.13555474706737128,-0.24300659478260828
ATGTAAGGCTGCTCTT-1,0.11739365268354762,10850.0,B,1638.0,860.0,-0.01599708434895738,0.2520320008655129,0.14746467782485229,0.10484257252546382,0.0962515801960474,0.07993918678020842
ATGTCATTTCCCATTG-1,0.040794497838795525,5301.0,B,237.0,551.0,0.04307531398029575,-0.3086860415554884,-0.005337271569132336,-0.013622459733970957,0.44238876044652947,0.11063371937237151
ATGTGGACATCTTGAT-1,0.09967730201788481,16274.0,B,1108.0,1200.0,-0.14106447702684005,0.09113027379878075,-0.10922600647856262,0.3928024824296824,0.3484107726705846,-0.07509932330701204
ATGTTACGAGCAATAC-1,0.061281987467689814,4147.0,B,561.0,482.0,-0.1406686167598059,0.04197613139471369,0.3329459063419993,0.272099584414537,-0.08760351676517929,0.16266642480275834
ATGTTCCTGCCCACCT-1,0.15060985136552482,21935.0,B,289.0,505.0,0.4738879879214262,0.4374286201314276,-0.06505940542471483,-0.09192156597624565,0.18957924729233963,-0.25867817027816936
ATTAAACATGCGGACC-1,-0.17754417522120355,19930.0,B,952.0,1111.0,-0.1769775447058355,-0.3258412840967503,-0.025520944834108515,-0.335447013673249,-0.12148663871221868,-0.29673896390763443
ATTAAAGCGGACGAGC-1,-0.007574252274248376,5347.0,B,210.0,145.0,0.4492084995320454,0.042214478864648575,-0.3051149470479745,0.05071840033344441,-0.03811553575779416,-0.024802252466209162
ATTACGACTCCACAGT-1,0.09491264760349032,25263.0,B,1753.0,566.0,-0.18583051083634428,-0.022104476919347464,-0.23608018744562748,0.0003271247620428991,-0.11129147950948229,0.8013415764258981
ATTACTTACTGGGCAT-1,0.03734829389337263,5689.0,B,1481.0,635.0,0.3409313930604544,0.017677368525920313,-0.11700602910024473,-0.0199109132872805,0.30346153256585057,-0.21509319513485606
ATTAGATTCCTCAGCA-1,0.10101495057522387,16526.0,B,1546.0,702.0,-0.012683819068411761,0.053601785257660337,-0.37976523351405184,-0.3716514059043818,0.3241485687529473,0.3238246623363068
ATTAGGCGATGCTTTC-1,-0.0006318713177487847,5180.0,B,1107.0,975.0,-0.1781975889914484,-0.18336082636225318,0.23665640592919884,0.08148693679202573,0.12045523383443829,0.03425815256387864
ATTATAGCTACTTTAC-1,0.00910374598810023,61168.0,B,1676.0,882.0,-0.0011531422257855528,-0.16282812187255669,-0.07589289527794721,-0.1039425030288835,-0.04304677138441529,-0.08682206953773838
ATTATTATGTCCGTCA-1,-0.179227669492815,6186.0,B,669.0,1473.0,0.0018428295081421228,0.023028524548950692,-0.25666760255307114,-0.03236235607351552,-0.39397563286318377,-0.2696034759267305
ATTCAAAGTACCTGTT-1,0.036897772738872105,11417.0,B,262.0,325.0,0.03511904239038023,0.1847785583032024,-0.15509708855879373,0.003676926922260574,0.29534209749375756,-0.20192676155338662
ATTCAGGACCTATTTC-1,-0.06927698332030045,6829.0,B,1455.0,590.0,0.07404199774280047,0.1309098383309845,-0.6196481537537617,0.1542413862243868,-0.1935548005861682,0.14183969042193842
ATTCATATACTGTCCA-1,0.03900906341071593,5398.0,B,966.0,1178.0,0.2988254021294839,-0.04850750525902113,0.21673196778089057,0.07716621191822134,0.011991920506249209,-0.16387659598370505
ATTCCTAAGACGTGGA-1,0.0588104916195495,11321.0,B,1571.0,477.0,-0.06322997254019119,0.015396567255120237,-0.1491278169814523,0.24966333376814592,0.13797976708541873,0.14395910186810681
ATTCCTTCCAGGCGGT-1,0.027069184773103758,7272.0,B,496.0,369.0,-0.2046787007546749,0.3451462253799421,0.09101331549447751,0.18896123142919502,-0.11300639722430182,-0.09910458228386747
ATTGACCGGCGATGAC-1,-0.005174347208142624,53690.0,B,1662.0,589.0,0.05778001493075491,-0.20668085820463736,-0.07284623912543337,0.004936710308966752,-0.09648490199517351,-0.07253228627408091
ATTGATAGCAACGAGA-1,0.08803210764143292,5896.0,B,470.0,414.0,0.3888663463832153,-0.013228038988811471,0.22479668423104396,0.2497010051726205,-0.26276685454505533,0.03259285137032874
ATTGATGAGTCCTAAC-1,-0.08372929472856265,25399.0,B,1469.0,883.0,-0.0006886257050474076,0.06162543846599394,-0.8641300234218791,0.064318866401007,0.0557851320558269,-0.04596908542160076
ATTGTACAACTCGGCT-1,0.05605847317173182,10511.0,B,1521.0,928.0,-0.049351009975637065,-0.016049348569502526,0.2506075988349182,0.10574810744016444,0.025205928005707878,-0.03095857732021403
ATTTACTAAGTCCATT-1,-0.0632506158614239,9365.0,B,1624.0,837.0,0.016913305947052606,-0.06037782276290165,-0.28097565556155557,0.16408813307114706,-0.21645887580539686,0.056605309916663044
ATTTCCGGGTTCTGCG-1,0.054515437431287665,7475.0,B,643.0,1383.0,0.03656456292387291,0.38659747521733373,-0.09534194339082427,0.3092866626677584,-0.07904093878990873,-0.10736978858743561
ATTTGTCTTGGGAGCT-1,0.14460092387384443,4704.0,B,1276.0,1042.0,0.08877604054327415,0.004687343795461185,0.14424363013039043,-0.1206071786581002,0.538040264676823,0.23519718694809225
CAAACGAGTATCGCAG-1,-0.17629646818899686,5066.0,B,797.0,1202.0,0.1721834741684725,-0.035549831527798045,-0.6246046430954034,-0.0854757350339679,-0.18748843021551315,-0.06977893730699888
CAAAGATTATTGGGCC-1,0.042699741552912,11325.0,B,578.0,1405.0,-0.14729179767145822,0.11748554972127961,0.21279096065037661,-0.2016081116578009,0.17057724153143317,0.02688198863482885
CAAAGTCAGGTTAGCT-1,-0.07172476427997582,4414.0,B,327.0,348.0,-0.30952564032780194,-0.06314086364869251,-0.09368245660738637,0.05250953928766343,-0.14891020274700661,0.22323345892406116
CAAATTGGATTATGCC-1,0.00824538558618925,21787.0,B,1688.0,634.0,0.019393475493529072,0.012717513330471273,-0.10330935349729126,0.04521565763345576,0.06494796644653156,-0.1584912650797714
CAACATGGCCTGATAA-1,0.005360249350404592,20559.0,B,340.0,280.0,0.1696173477039688,0.18494989670251807,-0.15000579010911141,-0.0011929438253204805,-0.18117257149182497,-0.0253518246355385
CAACCGCACCTAGACA-1,0.0981032666718534,13003.0,B,250.0,393.0,0.40015881306478407,-0.01116508536824408,-0.07281244916297659,0.11131341278768234,0.10767263195583528,0.0653782112339634
CAACCTGAACCTGCCA-1,-0.015299815800218115,41470.0,B,1779.0,701.0,0.053056362043256936,0.04121862402524797,-0.09477871860047232,-0.058788064455431624,-0.1744942775575875,-0.15253920825203987
CAACTGCTCATCCGAT-1,-0.07129360948213184,37293.0,B,902.0,1472.0,-0.2444387820505048,-0.17448494524005895,-0.07933868481151181,0.03872842094040649,-0.2042606816120731,-0.09861205427139509
CAACTTGTAGTGGGCA-1,-0.042484254439507534,5193.0,B,716.0,346.0,0.09924245359137851,-0.1709512042321541,-0.07050196557648679,-0.040512289157571386,0.023448962395858253,0.026804070103337418
CAAGAGGGCGGAGTAC-1,-0.1311989734197274,7547.0,B,1147.0,1178.0,-0.22974516727586003,0.06431354855056184,-0.15867317724872554,-0.21684543584713506,-0.21331358679878398,-0.1602685599052477
CAAGATATTATAACGT-1,-0.03836432571095724,3257.0,B,1341.0,1154.0,-0.23798840388915615,-0.0803432048762201,0.13997557950169637,0.26808068309869226,-0.03464268742084646,-0.0516422040264853
CAAGCGGCACATAATT-1,-0.008976030574380386,23159.0,B,1122.0,1358.0,-0.09329071538407983,0.052052515907849345,-0.1771285485401276,-0.16430039548289924,0.028211100199239378,0.11287252898143618
CAAGGATCGCATGTTC-1,-0.009964349696358458,4589.0,B,1069.0,1043.0,-0.06291317853500127,0.11586580058605674,-0.1453304098310933,0.01317212383443489,0.14718262649814653,-0.045744238209255696
CAAGGGAGTGTATTTG-1,0.05855410258000758,17778.0,B,404.0,167.0,0.08887222792534702,0.13817619366512385,-0.11326351538148219,-0.058328854874581004,0.10993612870890022,0.03633613816005176
CAAGGTCCTATAGGCT-1,0.08011254039056012,23639.0,B,1612.0,905.0,0.15594450793379147,-0.47913497734590466,-0.08699286258457185,0.10893777798903394,0.43368212862990535,0.11997893588332202
CAAGTGTGGTTGCAAA-1,-0.12355573678707894,5990.0,B,1405.0,1041.0,-0.14019891012729363,-0.06157365141667155,-0.1839199321535057,0.11883884690016541,-0.22797737024546208,-0.042758995490971646
CAATATTCTTGACCTA-1,-0.17274093631227386,17608.0,B,707.0,1360.0,-0.19093480117106487,-0.4867209842986824,-0.045236077167708166,0.003921122798384108,-0.14390184031241954,-0.23701582817378497
CAATATTGGACTAGTG-1,-0.06966963270469176,27210.0,B,418.0,325.0,-0.2922892123118775,-0.004579269326836839,-0.02720859358299053,-0.233581510354415,0.042731849906806826,-0.2030567954352914
CAATCCTGCCGTGGAG-1,-0.0800213772512289,9143.0,B,496.0,459.0,-0.20586026321601816,-0.15780214718092564,0.10005949918954189,-0.061868762287794754,0.016701388514203323,-0.14111288985813364
CAATGAGGTTCGACTA-1,-0.1776508404397784,35749.0,B,1728.0,792.0,-0.060247624380349515,-0.27412955223970364,-0.1761545475208231,-0.01068764050925318,-0.011182563447696588,-0.8830542883364089
CAATGCGAGAAGTATC-1,-0.35000972867346036,14161.0,B,1251.0,1357.0,-0.2200149401513526,0.6065870399273124,-0.3124573513029661,-1.036909519546615,-1.1619338414184974,-0.02225642702422118
CAATGGATCTCTACCA-1,-0.06014949418551114,12398.0,B,1300.0,771.0,0.0501567693073776,-0.16816560129745972,-0.2445386779429597,-0.25773283098632355,0.028931319591677794,0.10452018047272554
CAATTTGACCGGGAAG-1,0.022517664415990984,8860.0,B,353.0,302.0,-0.007216939402041009,-0.052185532309092356,0.2602862068826151,-0.05362625615324355,-0.2635953768616513,0.063656223271755
CACAAGAAAGATATTA-1,0.0812788708545423,24578.0,B,1636.0,454.0,0.04841589744317651,-0.17281931664659125,0.2800925834565205,-0.03631356933968628,-0.01307305548922819,0.0317932340193332
CACACGCGCTGTCTTA-1,0.13941479981435903,13412.0,B,1340.0,884.0,0.03874593899658006,0.08390831806306737,-0.004077328708757106,0.3038457235400581,0.2861628177471246,0.006964953849431545
CACATAAGGCGACCGT-1,0.000397661789038134,8218.0,B,559.0,166.0,0.1794859113539408,-0.08295176760481841,0.16895607173459734,-0.06141674422665752,-0.07751262449360763,-0.05056936858888725
CACATATTAGCAGGAT-1,0.060284836586301516,9608.0,B,1134.0,1200.0,0.08611154492126259,0.36073868631987444,0.4371967990320353,-0.17491268919651726,-0.08624403310212624,-0.13018309759037197
CACATCGTGCACGCGC-1,-0.0759225566992497,24280.0,B,682.0,1495.0,-0.4471105447333084,0.0846387040854799,0.09203585383081571,-0.2064062115396755,-0.12374221593267397,-0.14044696778212912
CACATGTTTGGACATG-1,-0.14172020303798308,19481.0,B,418.0,370.0,-0.24083785123769688,0.02183259942437794,-0.2374362765695314,-0.016220834009224736,-0.13863851652397993,-0.34728055035008026
CACCAGTCAGCATGCA-1,-0.13067132903960804,18697.0,B,475.0,1496.0,-0.3175388647004339,-0.20628811892884474,-0.23627968163503474,-0.14865520653572892,-0.17953476690782127,0.024494609873068833
CACCCAAATCTTATGT-1,0.032863818539248066,18584.0,B,1547.0,928.0,-0.035509760183475,0.2292913094464106,-0.12851723018995836,-0.09518971187388339,-0.029158927045365195,-0.006266165682647436
CACCCGGTTTGTGACT-1,0.018505419958837015,8002.0,B,694.0,1337.0,-0.28070126665021283,-0.11874120479523051,0.17415114826934858,0.15721544781658384,0.22169755963053692,-0.05701319193572881
CACCCTTTCCTCGCTC-1,0.048954747690980134,3550.0,B,703.0,323.0,0.17296167876564977,0.31912011005138025,0.03979381856333894,-0.2083976923261536,0.18114344214559294,-0.006111395270592554
CACCGCGTCCACTCTA-1,0.055934584837672566,5519.0,B,1532.0,500.0,0.42725487922522226,-0.06744291057584151,-0.16207397626547349,0.021674426010091806,0.13226025787352672,0.05802757743954196
CACCGTTAGGGATCAC-1,-0.006089792145073825,5784.0,B,668.0,1337.0,0.2405474017027075,0.15884514015067763,0.0004199223192987815,0.09909233539774205,-0.004722397847168339,-0.2973575861891641
CACCTAATAGAGTCGT-1,0.000799705910437442,7587.0,B,509.0,527.0,-0.07585241580885033,0.1368888484536341,0.2885012076177014,-0.008577191494047703,0.010575715802754423,-0.06873607653251468
CACGCGGAACTGTTGC-1,-0.07847383702079547,7750.0,B,1457.0,1086.0,-0.13562038425421938,0.11053339337936509,-0.06276282815545095,-0.3341810473700368,-0.1407991308259582,0.12858425118099723
CACGTCGGGTTCTAGA-1,0.11263942147631015,8072.0,B,198.0,483.0,0.12216508620982251,0.0433187923546204,0.035044387613121786,0.1280646233526918,0.4557842559255322,-0.11462713421406333
CACGTTCGTGCTCTAG-1,0.09988663674999178,13809.0,B,1237.0,974.0,-0.0877612293570745,0.20324771447404125,-0.06818735092623034,0.3425661073185785,0.09395624933606594,-0.04726344305842446
CACTCCTATGTAAGAT-1,-0.033760861511198816,6965.0,B,656.0,1405.0,-0.10957285305063491,0.0372190252648178,0.03218854264625102,0.027887618692611815,0.09844639732366829,-0.21716074765519702
CACTCGAGCTGAACAA-1,0.034503690631918826,14572.0,B,1147.0,1223.0,-0.49339763024175476,0.21761647769099318,0.2217459663526463,-0.10655396445557408,0.1024455484785567,0.03268076771330028
CACTTCGCCACAGGCT-1,0.04163403870682593,3114.0,B,587.0,617.0,0.20187017535521354,0.151240585876511,0.04213693623084395,0.10605180705176981,0.1760246623853634,-0.015375978768760748
CACTTCGTCTTATCTC-1,-0.13647095808782259,6601.0,B,367.0,460.0,-0.12247131731178426,-0.1744789337202097,-0.18202727322376305,0.1567474926827061,-0.17980636950518655,-0.17408643525300463
CAGACACCGATCGCTG-1,-0.029180651995404303,8327.0,B,850.0,1337.0,-0.3161302764445502,0.15670607769356615,0.1773533068376297,-0.1251550443704228,-0.03892566174609607,-0.08479540539357716
CAGACCTGTAAGTGTT-1,0.11374028099487432,23228.0,B,1469.0,838.0,0.1304018720940511,0.03422346702864663,0.008570976848199675,0.04786583744207439,0.14180089024198128,0.0760428287376015
CAGACGAACCTGATAC-1,-0.07853364911128904,6685.0,B,836.0,1269.0,-0.0733401905390251,-0.3779374246141254,0.01176107645335125,0.028784447701834394,-0.015139873234851357,-0.019217984078592147
CAGAGACGGTCACCCA-1,-0.10913219272936184,2996.0,B,927.0,1291.0,0.34045960870808756,-0.152048667247203,-0.2316512774276349,-0.05852094197645426,0.09777412084817244,-0.30839294396278716
CAGAGGCGATGCATGA-1,-0.03890633583406845,10926.0,B,811.0,1359.0,-0.02511762508514597,-0.1330439861724626,0.03998270128539546,0.21984832906762053,-0.12508385995048038,-0.2587239703179524
CAGATCATTTAAAGTC-1,-0.0002495885383575697,13328.0,B,1585.0,635.0,-0.06502196813134475,-0.13353072741675326,0.07442328889026179,0.14848077061443254,-0.11779912041645654,0.13544092588603993
CAGCGATTCCCTTCAA-1,-0.08312945131511902,7843.0,B,746.0,1337.0,-0.15542108534408608,-0.756057713367356,0.36060316318563596,0.02139092954998498,0.17996269952927324,-0.1404846842445488
CAGCTCGACAAGTTAA-1,-0.06468780968014298,12479.0,B,1352.0,771.0,-0.011845216959528206,-0.2973012791322869,-0.10703677725885988,0.03319335706925875,0.1426862426989065,-0.14637146684873972
CAGGATATATCGTTGT-1,-0.10666292168993584,6583.0,B,965.0,1133.0,-0.21000574066027852,0.06372136555260166,-0.29854133751408735,0.03207502253499114,0.14846414346740702,-0.24756332750359403
CAGGCGCACGGTGGTC-1,-0.147610012970774,7649.0,B,552.0,1406.0,-0.23419063936638473,0.06479197528323115,-0.1723389549666441,-0.4771316655810526,-0.24737721115061886,0.10578504764515169
CAGGCGCCATGCTAGG-1,0.20876952735191692,5534.0,B,1134.0,1245.0,0.21190091837118705,0.5922498141504218,0.042712411830165914,0.1926629980760395,0.10865497492386497,0.32214663986543274
CAGGGCTAACGAAACC-1,0.042912407483362794,12047.0,B,288.0,190.0,0.4228277875263359,0.0255556073578282,-0.054070767160543494,-0.1909638029977451,-0.038553199021982704,0.1337137515565236
CAGTAACTATTTATTG-1,0.07605662687776986,5524.0,B,1494.0,568.0,0.45676974690180827,0.1640333472960299,0.19667765871830686,-0.20241553389096956,0.035239427202758945,-0.11989712807675007
CAGTAATCCCTCCCAG-1,0.034073655288007036,8468.0,B,510.0,617.0,0.2742584139883146,0.06554852971399071,0.18245146498322562,-0.4364377269446522,0.01680586206444166,0.09229281064449597
CAGTACATTCTCTAAA-1,0.14745139531012927,6376.0,B,1507.0,590.0,0.6108005885293362,0.1807582444185941,0.05700125353519819,0.07534817096194316,-0.05059211751024228,0.11294991058546909
CAGTAGATGATGTCCG-1,0.03328884277359058,18820.0,B,199.0,528.0,0.20491151157433904,-0.1297894439949452,0.06198158066938603,-0.06351435581151736,-0.10477403441457636,0.08543980689606341
CAGTAGCCCACGCGGT-1,0.012950310637253716,18442.0,B,1365.0,703.0,0.07988653032850632,0.018269556343205325,-0.04594228987567163,0.12062187108003017,-0.005333339691054637,-0.13671415442988422
CAGTAGCGAGGTAGTA-1,-0.03226280058577905,8578.0,B,573.0,234.0,-0.09284794599490691,-0.1687088116209361,-0.22773906757886436,0.22297409068895094,-0.0015917585308081765,0.07320142997639212
CAGTCGAGGATGCAAT-1,0.06928584112833117,8047.0,B,1468.0,703.0,0.14183794085611648,0.29688239845458375,-0.1169732878508948,0.1401483787977024,0.14896178836921672,-0.1694240050566075
CAGTCTCTCGGCTAAT-1,-0.020435943734577397,5647.0,B,547.0,279.0,-0.12293567109723394,-0.12249682284428094,0.3619730895175489,-0.16857147880856346,-0.07845821128002675,0.1464968116409174
CAGTCTGTATACTGGG-1,-0.03649478713214378,11743.0,B,1043.0,1088.0,-0.32356168141063973,0.002112040147184302,0.06753238394999504,0.0414167581907159,-0.1903956202944588,0.13863866297984573
CAGTGGTTGCACATGA-1,-0.09876153278528282,13732.0,B,470.0,505.0,-0.1020330992260726,-0.27685281029621006,0.09215311775073654,0.008721734340990411,-0.07596356113405014,-0.21301799792152187
CATAACGGACAGTCGT-1,-0.0679783004365932,9939.0,B,1405.0,951.0,-0.10622681901416224,-0.1546141968090225,-0.09072816420756455,0.009582252392831267,0.30444981227482076,-0.3925692101054488
CATACAAAGCCGAACC-1,-0.08254840560500756,2546.0,B,638.0,436.0,0.1551812397224414,-0.02269640427970171,-0.06445357609218685,0.04670065133447528,-0.13027764038706963,-0.21326724678009717
CATACGGCGTCTGGGC-1,-0.0140514254604132,6454.0,B,1004.0,1020.0,0.041529764778501996,-0.1685013010968758,0.08849640623142271,0.05621309429905931,0.011810135203288734,-0.12052805605381813
CATACGGGTGCATGAT-1,0.01155757144482196,15764.0,B,404.0,257.0,0.041394139712053635,-0.17872996174937691,0.056874372721589406,-0.1624315106492933,0.3882660897043773,-0.11401298387690355
CATAGCGTTGCCCACC-1,-0.02734163697279652,12189.0,B,733.0,1360.0,0.13006382332666638,-0.525048420559731,0.2639012353773612,0.17304106597082414,-0.1310339913869988,-0.04616855778906527
CATATACTACTGATAA-1,0.06324341244666967,14175.0,B,1507.0,545.0,-0.04415863155257527,-0.03897005821667272,-0.1699631214084514,0.323644988157989,-0.0703340742096672,0.1553684975299811
CATCAAACTGGCGCCC-1,0.020469992152920596,41478.0,B,1700.0,476.0,-0.057553421169786054,-0.15975984680669528,0.05538338919850345,-0.006854751210887383,-0.14697024227737668,0.08271657576401246
CATCAACACCTACTAA-1,0.07145830723726945,21506.0,B,276.0,483.0,-0.058968581868211925,0.20950990561535407,-0.08148931948465224,0.00475467857062542,-0.02228413070898609,0.12179955146921356
CATCCGCAGGCCCGAA-1,0.01941217009222626,5060.0,B,380.0,483.0,0.0984803575499195,-0.01930680287414638,-0.07210729026004062,0.10391685041785488,0.010905405302693995,0.1368619547605241
CATCGAATGGATCTCT-1,0.08619620291333159,15690.0,B,430.0,212.0,-0.059430350388800665,0.48218973312927194,-0.0697204356126824,-0.07456652425721469,0.09399281486682054,0.07646024856385743
CATCTATCCCGTGTCT-1,0.22222729910625094,7884.0,B,1481.0,545.0,0.4150728868378999,0.5969782451667851,-0.06846983625293418,0.03977082977480626,0.35828539408639765,0.06696476666859118
CATCTTACACCACCTC-1,-0.06810244221780047,15150.0,B,1470.0,973.0,0.0245333726845188,0.06956508298756664,-0.11758078410307914,0.0732497177693403,-0.09746345427929468,-0.4570579071424231
CATGCGACCAGTTTAA-1,0.07385712263464257,11541.0,B,1456.0,725.0,0.2296334227127529,0.16785102205135086,0.1239741488730282,-0.11884584135177335,0.06644086693027945,0.010587695458113888
CATGGTAAGTAGCGTT-1,-0.11782786156371783,13650.0,B,1134.0,1155.0,-0.5119732602408862,-0.12899952492293745,-0.17702429540298895,-0.07183645265436191,0.018380279736629767,0.19098814951500426
CATGTAGGAGCGCCAA-1,-0.04066527213566319,9455.0,B,1623.0,477.0,-0.08297067564954712,-0.21476309893602266,0.0046975142876388085,-0.006381144767441671,-0.01474485920062923,0.09115074144649371
CATGTCTCATTTATGG-1,-0.17215834238205222,2599.0,B,1290.0,1244.0,-0.07499447350427031,-0.028466174046582582,-0.047369968288239875,0.15512349561102107,-0.6820564703642907,-0.1343633160737852
CATTACATAGATTGTG-1,0.029243671244375512,19385.0,B,1702.0,747.0,0.21244727983667935,-0.18215678612870734,-0.28864022570721576,0.2536838374084083,0.005400699451284765,0.09361837630919878
CATTCAGGTCAGTGCG-1,0.002011590098391948,9647.0,B,456.0,257.0,0.08415154856185612,0.19202402888779024,0.125168164086694,0.06741251616342137,-0.26919103071597594,-0.08820057721198664
CATTCCCATTCCGTCG-1,0.13368178825525182,36945.0,B,1715.0,859.0,0.160830794966142,0.11630539899794107,-0.0883257419708926,-0.03904852222349249,0.2685627318912451,-0.012855270950367287
CATTCCCTAAGTACAA-1,-0.02616802456112871,15446.0,B,418.0,415.0,-0.3129080564558287,0.0756206351626531,-0.095798510324053,-0.037923176429017415,-0.07578938433540207,0.13613753159452874
CATTGATGAACACGCC-1,0.06605188418570168,14535.0,B,1727.0,657.0,-0.02362006426006081,0.04859829759745916,0.45377902916240676,-0.06414024895041054,0.16052798070591662,-0.20844097575583745
CATTGCGGGTCAATTC-1,0.2015173287555979,34107.0,B,1676.0,702.0,0.3393048358418721,0.06124673278114991,0.035345030953140816,0.3358146113474192,0.18530431633529443,0.07929032439192057
CATTGTGTGCTAGATC-1,-0.05405444164902681,15015.0,B,379.0,437.0,0.10240509494663946,0.029986504919485284,-0.02711662900418514,0.019659982050055955,-0.27795528478745457,-0.30606709818041306
CATTTCTAGCAGACTA-1,-0.15353228721465903,3181.0,B,522.0,504.0,0.0033228962757744646,-0.2822658686314047,-0.2468363715636371,-0.054848276550852865,-0.14349185361363115,-0.022408091739855147
CATTTGAGTGGTACGT-1,0.05805425421583102,8447.0,B,811.0,1269.0,-0.06349348118874869,0.010371723989911636,0.2604789673009029,0.25356826209544225,-0.011692425895094621,-0.05881095421061486
CCAAAGCAGTTGGTTG-1,0.07250891359493526,7177.0,B,314.0,370.0,0.05441747718691739,0.16162290524167172,0.7091133222383865,-0.10175004538208418,-0.2473324683618556,-0.01829879979408677
CCAAAGTCCCGCTAAC-1,0.0167770655718691,5583.0,B,663.0,211.0,0.43637375069418927,-0.2410631267285923,0.12921813432754034,-0.013749395298734257,0.260457040049473,-0.24430388674121203
CCAAGAAAGTGGGCGA-1,-0.15231183924013103,16887.0,B,863.0,1314.0,-0.8680370229555953,0.2832205436219023,0.17582832401386075,-0.31637097127386327,-0.018384203992750765,-0.23023409436138587
CCAAGCTTGATCTCCT-1,0.15744708633148832,9331.0,B,417.0,144.0,0.17815075089925306,0.23008703736388678,0.392094870589961,-0.15864481533632144,-0.01159452514166894,0.31794770438673636
CCAAGTTTCTACAGAT-1,-0.0483854417849826,9905.0,B,289.0,460.0,-0.21896680254353393,0.04121022848807786,0.056571023808468075,0.032798180515165844,-0.23071948545578913,0.07349403168909065
CCACAATGTACGTCTT-1,-0.06795431157539338,24107.0,B,1288.0,794.0,-0.046703912986997886,-0.43044716238094805,-0.11232557705823523,0.03294269659601326,0.1187854727587401,-0.29332916888960103
CCACAGCTGAAATCAT-1,0.05408568403117489,9988.0,B,547.0,324.0,0.018923974787872867,0.058160995336481024,0.11633462784225813,0.13304835696748987,-0.013154480630368162,0.11408492944788942
CCACAGTACCCATCCT-1,-0.17216419621715284,8444.0,B,1380.0,1221.0,-0.019870872986660428,0.11609888926376288,-0.30189038953919506,-0.33245954532301397,-0.18735386644711655,-0.2870060151912774
CCACCAACTTTACTGT-1,-0.1453237296042308,15952.0,B,707.0,1315.0,-0.12537110464353599,-0.04118406148301218,-0.032717350932392905,-0.2679634276166233,-0.46807392180677226,-0.13367222705517617
CCACCCAAGGAAAGTG-1,0.00848833055138432,10706.0,B,1159.0,975.0,0.1764988583441403,0.053345712172974576,-0.16928695766292143,-0.1681581024367784,-0.012133370572899909,0.11103999047839434
CCACGGTGCCCGGTAG-1,0.12114145311075611,11395.0,B,1573.0,928.0,0.04085734072974548,-0.18539783580128685,0.13445736448848472,0.29019604183208236,0.05480046280328941,0.33797823951130096
CCACTAAACTGAATCG-1,0.24810792908743642,16538.0,B,417.0,234.0,0.25053224617397096,0.20841842997682175,0.290713548407216,-0.2106952792502229,0.4109849741861118,0.446413732649199
CCACTATCCGGGTCAC-1,0.04151580331417415,17788.0,B,1689.0,814.0,0.11096613583041853,0.11483580816437995,-0.28208621667267925,-0.014982287945338617,0.039333448191804996,0.059825251249345936
CCAGAGACAAAGCCGG-1,0.050257598001316364,14919.0,B,458.0,662.0,-0.15140564542678514,0.2525390020644678,-0.004027409292443274,0.06942075671767144,-0.06480367635317254,0.043559051697590945
CCAGATAGTTGAGTGA-1,0.15968491901141021,21183.0,B,1274.0,771.0,0.09371033272152793,0.4686228231384168,-0.32268208722359587,0.07592682705875814,0.2624772729455924,0.14183384799583265
CCAGCTACGCCTCATA-1,-0.03422966930537003,5583.0,B,638.0,346.0,0.159663138952789,0.23814333180837394,-0.07130721549632865,0.28719744977553374,-0.10233000569780218,-0.533054709726692
CCAGTAGTCTGATCCA-1,0.01801718677909627,9188.0,B,1365.0,748.0,0.09916283226380115,-0.11225743201568403,-0.20061771601783907,0.022554269242613882,0.19790379071791941,0.10704809577588625
CCAGTCCATTATTCGA-1,0.0016890121549995168,8656.0,B,470.0,369.0,-0.12160185004746557,-0.2323214330712679,-0.2522104809976179,0.2638979128908047,0.05935756085144689,0.23023799402946962
CCAGTCTTGTCATAGA-1,-0.08787058918710808,32363.0,B,954.0,1471.0,-0.2572441616011718,-0.11991622622750893,-0.03556476537091833,-0.18180280377972668,0.020214772441017548,-0.3281901095377755
CCAGTGAGCTCCTTGT-1,0.004619451804385508,9762.0,B,339.0,145.0,0.13337322099196558,0.0625799416200511,0.08727765832697666,0.04767027423858341,-0.165399479634455,-0.14832148008827253
CCATACCTTTACTTGT-1,0.1110097266677186,16163.0,B,1508.0,815.0,0.29944924457034716,0.06901352514604717,0.11531052602409776,0.2439511368921001,-0.07928048553525222,0.011662024916816179
CCATAGTCAGTAACCC-1,-0.08727611997835791,3089.0,B,406.0,482.0,0.001640246571167972,-0.27840851051865306,0.09017525526342184,-0.2278547883682868,0.1583210134358113,-0.09905075902088284
CCATATTGGATCATGA-1,-0.008763230679078068,9690.0,B,327.0,393.0,0.04447187129289802,0.25049409775486303,-0.11874293590855999,-0.3848413351967694,0.15325664342742923,0.043114945843627545
CCATCGCAGTTAAACT-1,-0.03279638635923056,3384.0,B,992.0,1268.0,0.13179105222280288,-0.06545076450668977,0.17045711531193572,0.08675477829978748,-0.18876700736623425,-0.13680484180079427
CCATCTCACCAGTGAA-1,-0.04036173425546841,17247.0,B,1457.0,996.0,-0.00448459105916757,-0.0664439756424898,-0.19074122612213906,-0.011260152500525825,0.07132941825000348,-0.14380461146214876
CCATCTTGTTCACAAT-1,0.058847135146705226,12791.0,B,715.0,301.0,-0.07220030490878022,0.30888360640095586,-0.22735657093089456,0.32198546564076985,-0.1800884877355946,0.21784080825644175
CCCAAACATGCTGCTC-1,0.08991019150693033,13410.0,B,1327.0,906.0,0.12102162935398411,0.0371177437978338,0.12599458168430552,-0.02332614326396571,0.2695616904387552,-0.04134281683431659
CCCAATGAGATTTGCA-1,-0.1221651289662393,26356.0,B,708.0,1495.0,-0.2632361652954486,0.03734429686167143,-0.1659050935932719,-0.1306603703673167,-0.42931893610762734,-0.016917718039710088
CCCAGAGGAGGGCGTA-1,0.11239649138548355,7146.0,B,1546.0,612.0,0.14848180036590394,0.3941959410316441,0.12586853301457473,0.010379966373333695,-0.06682765539479248,0.1806615255786694
CCCAGTTAAGGCGCCG-1,0.010164621354650356,3448.0,B,1250.0,1087.0,-0.11471459252592969,0.03346434009397345,0.13540637973971298,0.1347347471988209,0.15803322983512452,-0.06126661001104999
CCCGCAGCGCGAACTA-1,0.014966495208216107,3843.0,B,1057.0,1246.0,-0.11065628493960117,0.06395917337647611,0.3727773169083765,0.09809274210904621,-0.08710459356018792,-0.09657298414502222
CCCGCGCAATGCACCC-1,-0.08088845605920794,3274.0,B,484.0,572.0,-0.12588249101202587,-0.134440957801469,-0.12227477952345213,0.0019322988808644775,0.245664913174305,-0.04586561414648893
CCCGCTTGCCCTCGTC-1,0.04676691971178123,20119.0,B,702.0,188.0,-0.05717014507901364,0.0017657767162836888,-0.07027162767933484,-0.1950863508624095,0.21829176595414077,0.24738327758161932
CCCGGCTAGGTGAGAA-1,-0.034053522817159815,15760.0,B,211.0,371.0,-0.0105275081460251,-0.1674758634864492,-0.3959612604697096,-0.174573338626093,0.1554266570848741,0.10565259280965464
CCCGTAGCTGGGAAGA-1,0.006456771016092063,13137.0,B,695.0,1427.0,-0.16569418876081507,0.19920340827239885,0.07903843007904976,0.015459617222529327,-0.004186444345403027,-0.08794766614101879
CCCGTGGGTTAATTGA-1,-0.0059789722396705255,15996.0,B,301.0,212.0,-0.03958597291753386,-0.2572434688504858,-0.17136809352373242,0.06376710553714572,0.13922528155101235,0.0060900002424982
CCCTAGTGTCAGGTGT-1,0.040774802299373594,8918.0,B,444.0,370.0,-0.030975761891497592,0.03824825250585734,0.07767549998615512,0.23127701388965913,-0.06068288669054881,0.056390664738336996
CCCTATGTAGAGCAGA-1,-0.10006088938120822,16857.0,B,501.0,1496.0,-0.09950082447277939,-0.21354134741551334,-0.11245083450072593,-0.11698738105457715,-0.1346428883500513,-0.12522182702324386
CCCTCAAGCTCTTAGT-1,0.05403143141531975,9667.0,B,238.0,596.0,0.18625234611415997,0.01292337399634367,-0.04526217460004899,0.02435915471998525,0.07844847823149839,0.09963550885715776
CCCTGATGTAACTCGT-1,-0.05651507261131475,6259.0,B,392.0,460.0,-0.06486995618169669,0.16471376212035102,0.2731550047651119,-0.028677453757599905,-0.5764491811096479,-0.04686439675566834
CCCTGTTGGCAAAGAC-1,0.03655502707479367,11376.0,B,315.0,415.0,0.09591706558352302,0.12440229254392987,-0.018089913599692874,-0.30666973651315,0.0021058360960260966,0.2870009607975099
CCCTTCTCGTACGCGA-1,0.09080066109591613,10715.0,B,650.0,188.0,0.07591567012736264,0.25928508396451344,-0.19980891642766588,-0.05268711374540813,0.291110135356287,0.2123676774753952
CCCTTTGACAGGTCTT-1,0.11113255482809982,7253.0,B,914.0,1269.0,0.21383373517092716,0.25185009075845566,0.1660706410391824,-0.08778486204820768,0.13615324050742275,-0.03290586481291253
CCGAAAGTGGTGAGCA-1,-0.04735944422687844,4232.0,B,535.0,527.0,0.008722151421344956,-0.13638252352129562,-0.08665169750200624,0.02538041812619176,0.1064258889018011,-0.013549069184924926
CCGAACCTTCCCGGCC-1,-0.024982947477232443,3441.0,B,1108.0,1245.0,0.2876178556299049,-0.3508996671956122,-0.18002130650709666,0.024869025508428934,0.13244679665466752,0.06650132570118647
CCGAAGTATATTGTTC-1,0.08234297041581755,6352.0,B,471.0,640.0,-0.07234434493292155,0.03783435311234964,-0.058166994725252434,0.09858149940214085,0.3642495039509759,0.23026480791225357
CCGACAAACACATGAG-1,0.008488826765344931,5111.0,B,367.0,505.0,-0.12218638977674469,0.06413520569279454,0.011123467721826107,0.0160049268727442,0.05280364927475546,-0.006536363016957723
CCGAGCTGTGCTTGTC-1,0.07023301618922084,2218.0,B,1636.0,544.0,0.11141131918545569,0.34017889041440297,0.12657342029517193,0.11682870612649189,-0.01847177688554033,0.07690208978776653
CCGATCTCAACCTTAT-1,0.014402175865964479,19566.0,B,1496.0,973.0,-0.16507935849523223,0.3529645973520752,0.005363072486901165,0.006679864990074703,-0.09287886831986647,-0.21970906325087589
CCGCACAAAGACCAAC-1,0.1051427496931167,22708.0,B,1172.0,952.0,0.27828886702547323,-0.045405542426487096,-0.19839276390365537,0.1853064188809418,0.05025366660878223,0.21884654406241705
CCGCATGTGGTACGAT-1,0.021657951219636616,3981.0,B,1044.0,1403.0,0.2331420476446423,0.05306505334007375,0.21296173861444445,-0.15121401622502006,-0.0981585653464612,-0.13722151965525917
CCGCGGAATGCGTCAC-1,-0.14261057221691625,6540.0,B,772.0,1292.0,-0.0590886474994482,-0.20735630773533967,0.23647603295646877,-0.4961540590704273,-0.1816735021766214,-0.12301119031890487
CCGCTATCAGCACCAG-1,-0.047562576551193,7617.0,B,1004.0,1156.0,-0.16438242815645956,0.09474686367201642,-0.13351537609839462,0.0534206855914501,-0.010230493068503063,0.06848336503417249
CCGCTTCGCGGTTAAC-1,0.017961721885527783,12037.0,B,676.0,188.0,0.008357357760335544,-0.23784480403947467,0.16664840545639242,0.10763993797086731,-0.03970762990215211,0.0939734950003489
CCGCTTGCTGACATGG-1,0.06131176001725579,22481.0,B,1650.0,747.0,0.08355880246821942,-0.008728525332139487,-0.013584878220954024,0.17383724423734054,-0.06372066968926904,0.03331583095533706
CCGGAGCGTACTTTCT-1,-0.011515873636770958,19202.0,B,915.0,1449.0,-0.1428723828321902,-0.09441192549847537,0.05690877774305564,0.058317064995829615,-0.06211655397207293,-0.029117087444327457
CCGGAGGTCTTATGGT-1,-0.011654444563978471,12147.0,B,1714.0,544.0,0.21525737739476616,-0.26230371888539006,-0.047397576201048314,0.08116453639616536,-0.1657248600775729,0.12075846532053747
CCGGCACGACCGTTTC-1,0.04323611416590344,81105.0,B,1625.0,927.0,-0.023804433308192596,-0.1857688417329218,-0.1184897480856973,-0.02029489941812651,-0.06415623564411066,0.02480564166317073
CCGGGCTGCTCCATAC-1,0.00672927361220077,12735.0,B,1301.0,951.0,-0.009330946815995791,-0.03367862849528229,0.07401175918610398,-0.08285199027015726,0.10897511902874268,-0.05497770110730165
CCGGTGCGAGTGATAG-1,0.044479422003031774,8513.0,B,275.0,303.0,0.02447782553862344,0.3643607447779155,-0.22428240498291732,0.022556742257475334,0.09332444541932176,0.02746297678885279
CCGGTTTGTAATTGTG-1,0.02690438249154363,8973.0,B,734.0,1405.0,0.2634813662801119,-0.0956644241576011,0.1653299547063259,-0.005468834840978111,-0.25598591849152724,0.1458536479305763
CCGTAAGTTGGTCCCA-1,0.06753543202860973,6335.0,B,1184.0,884.0,0.1044573968823756,0.25712981416527503,0.015799119530290093,-0.2343697749233876,0.02413585372329146,0.3311286535339359
CCGTACCCAAGCGCCA-1,0.07264418751813169,2101.0,B,625.0,414.0,-0.087401690837979,0.5700173815195104,-0.13210922173239165,0.36093677572738964,0.09689847462996537,0.00780759198379509
CCGTATTAGCGCAGTT-1,0.003744881113139989,5633.0,B,1623.0,522.0,0.1227368515537691,-0.12497108192675974,-0.1759333116148948,0.07194778246713768,0.05637178011662307,0.09189253559008669
CCGTGGAACGATCCAA-1,0.04220397220843311,9805.0,B,1559.0,680.0,0.3196886715193152,-0.18628281240254613,0.17120863270715259,0.12149782818643812,0.1438395108318052,-0.17189064382169633
CCTAAATTAACGGTTC-1,-0.11140863776667961,6944.0,B,1069.0,1088.0,0.045623979321032106,-0.21753937728899936,0.05056697981497563,-0.2579778341441661,0.1645255270726272,-0.4455183667508888
CCTAACCCAAACAAGT-1,-0.11419890297008818,5732.0,B,1341.0,1244.0,0.06667754291909225,0.02874420745884543,-0.2493706837063982,-0.08788471556712485,-0.312384648918495,0.0731293538272359
CCTAAGTGTCTAACCG-1,-0.05603578113339897,12431.0,B,469.0,189.0,0.07635497413526865,0.0652341277365878,-0.7151054693287485,-0.15819768238680923,0.20997664755330156,0.19156967066462677
CCTACGGCTCAGTCGA-1,0.011496870576534035,1446.0,B,600.0,504.0,0.16558153576837617,-0.30005226533444884,0.1976072003839727,0.04419738463967056,0.10705930420837913,0.11977326644354222
CCTAGGCGTAGCGATC-1,0.11318826144087803,11620.0,B,1327.0,951.0,0.050627945915716045,0.10495607291596873,0.09242842712816136,0.10817918896731635,0.13234573925801682,0.06841735152949252
CCTATACCGTCCTGTC-1,-0.2907638475166862,5434.0,B,772.0,1382.0,-0.5601821794343986,-0.16396739636229493,-0.05397790983556075,-0.6229923593297385,-0.08052309222447172,-0.049207337207699396
CCTCACCTGAGGGAGC-1,0.19243666168455245,8599.0,B,1508.0,770.0,0.4870485467816413,0.06244020331085709,0.14271455897473753,0.27188798993009566,0.22648432140029134,0.022090797705491685
CCTCACCTTAGCATCG-1,-0.14079298027490528,6577.0,B,1443.0,748.0,0.017610398570756393,0.15430565817380965,-0.4622178185648122,-0.1697166370071342,-0.10843909738874898,-0.030615948573300727
CCTCATGCAGCTACGA-1,-0.030015224848778114,5347.0,B,573.0,369.0,0.15425388292743905,-0.14899375326890035,0.009500597114535747,-0.10022683452763179,0.08350814348802645,-0.1585003957218243
CCTCGCGCTGTGCGAT-1,-0.1532265622938263,6739.0,B,954.0,1426.0,-0.17508790833762028,-0.1734912912711857,-0.29717429588656635,-0.08363295784592495,-0.06967579056976651,-0.0035719962129948657
CCTCGGACCGGGATAG-1,0.09426676943255725,3587.0,B,1289.0,1064.0,-0.06281190509038369,-0.21365069887354993,0.3099661146074168,0.4246526591599567,0.008134937645435644,0.09928500668994406
CCTCTGTACTATTCTA-1,-0.10399962265510238,4952.0,B,979.0,1336.0,-0.07312949863129893,-0.4842648382796072,0.2523879349051963,-0.09073275645615628,-0.04943876234059333,0.10246814414241223
CCTGAACGATATATTC-1,0.07212545349107388,12487.0,B,1288.0,974.0,0.16082353696679585,-0.1435532793850922,0.13874620596748855,0.2924548771352586,-0.22247263676402976,0.16304976600380428
CCTGACAAACTCGCGC-1,-0.03559014160807231,10617.0,B,225.0,573.0,0.19139602508858142,-0.15250284455473256,0.04222756469751936,-0.2198644027034943,0.09840509640642144,-0.19524907437969888
CCTGACCACCGATGGT-1,-0.07540553287187494,4024.0,B,978.0,1156.0,-0.16612666025762074,0.01581429147852974,0.1400579622619524,-0.16247525984320765,-0.1770404727896342,0.032424350686978465
CCTGCGATAGAACTGT-1,-0.0749267436139117,46012.0,B,444.0,324.0,-0.4345799024830794,0.16334981725643857,0.0320982191406957,-0.12833237907233525,-0.2630697801309514,-0.2345999822192732
CCTGTGCATAGGAGAC-1,-0.012657922841630103,10247.0,B,391.0,235.0,0.1871464779466701,-0.004189427242632788,-0.04609433346156446,0.0778751430916722,-0.1847539831689652,0.039613834988644084
CCTTTAAGGGAGCACT-1,-0.017291684705523568,5172.0,B,837.0,1449.0,0.3155615837260322,0.18907496978941038,-0.058185552712053855,0.02997814324809322,-0.07002197208168258,-0.3653986677541291
CCTTTCAATGAAGAAA-1,0.05001087610358592,12852.0,B,1417.0,703.0,0.20561552256419652,-0.016760529642861826,-0.05616381637059199,-0.16621591627035906,0.2174256253371708,0.0182548595183311
CGAACCCGCATGCGTC-1,-0.041335878672705016,5211.0,B,823.0,1247.0,0.021926906966235428,0.05351494838063993,0.08672652021917296,-0.17942512272005814,0.029317019816767792,-0.0016190323348474478
CGAAGCTATAAATTCA-1,0.056177589620371615,8090.0,B,1546.0,567.0,0.031299800186088154,0.0885354958814504,-0.03837335334788897,-0.0420147120104135,0.23664123996357828,0.08596491904324471
CGACAATTTGATCTAA-1,0.08953952554391306,11106.0,B,1418.0,1109.0,0.18706195132940895,0.06997316473205498,-0.04354679693200316,0.14901276666151053,0.14714230825689312,0.005744238960922462
CGACACGCTCCGACAG-1,-0.05309975801802601,6410.0,B,1406.0,1176.0,-0.2319376817256118,-0.11592225754872,-0.000567082329757421,0.10349629839290517,-0.34020962676483435,0.2713269782545087
CGACTTTGTATAGCCT-1,0.07014295719214908,11287.0,B,1599.0,882.0,-0.06756445489040672,-0.04926237809295134,0.05168670490030962,0.11491886572530999,0.27306156315955016,0.11396579805632708
CGAGACCCTAGAGTGT-1,-0.021743895010355757,8719.0,B,978.0,1111.0,-0.03417379305126635,-0.4721395044414156,0.1580082483461058,0.05373746528974192,-0.19473200316712053,0.45629022666384605
CGAGATGTTGCCTATA-1,0.02961550662650264,5443.0,B,598.0,189.0,0.26594848992724435,-0.329330748423893,-0.06268888568247419,0.046159466274850756,0.37967479781004654,0.045455774662741866
CGAGCCGAGCACTCGA-1,0.08712564920986356,13820.0,B,224.0,393.0,-0.3040250244870766,0.005293639467343609,-0.013653119973229126,0.22771965358095506,0.2505474214125167,0.22532603130229722
CGAGGAGCTTCCATAT-1,0.10162284413859013,28166.0,B,1701.0,657.0,-0.06775242784909474,-0.07614556396914002,-0.011778462738183046,0.24683846859371944,0.030655036095024214,0.14092669848424555
CGAGGATCGGGAACGA-1,0.018364426005474478,20558.0,B,1715.0,769.0,0.18114802661564094,-0.023262743405633533,0.02405026795697404,-0.09070312063698215,-0.07830326898672793,-0.027846030722783695
CGAGGCCAGGCATTGG-1,-0.13751119744297685,15339.0,B,470.0,460.0,0.005509580299822431,-0.0719256216031437,0.08394622179992003,-0.08802350520955057,-0.7026744991407302,-0.019509572086716123
CGAGGGACTGCGGTCG-1,0.007507491332587546,7760.0,B,1198.0,997.0,0.12064798553638527,-0.17326518585501194,0.06959662108536517,0.2006784656301715,0.02573886388375901,-0.11927849704130514
CGAGTGAAGGTACCAG-1,0.0985341071132835,11897.0,B,565.0,1383.0,-0.10460117078995199,0.07596086159324324,0.04268554769325592,0.18574852914250728,0.022130268708323398,0.23186743081128372
CGAGTGCTATAGTTCG-1,0.003998747797526327,13182.0,B,677.0,368.0,-0.01485726730708489,0.19953816143600198,0.11716041703087335,0.0733888562779285,-0.25087141926231626,-0.03380221315959199
CGAGTTTATCGGACTG-1,0.1887056159760494,18335.0,B,1392.0,974.0,0.40926964206643957,0.04690356485007102,0.17913085634727008,0.17646214222284076,0.24336612499478083,0.01821950257811561
CGATATTAGCCGCAGG-1,0.02153938010641185,6579.0,B,638.0,301.0,0.1211697749361357,0.23897620875820094,-0.033242072217527105,-0.17295629924961642,0.2580664873180659,-0.11748463040321823
CGATGGACCCTACGCC-1,0.04492452926035085,7890.0,B,1429.0,635.0,-0.020819479592646014,0.0031567750309915146,0.05129109460556568,0.00912125113427243,0.04769595086902083,0.30314062515883644
CGATTAAATATCTCCT-1,-0.09761983257798532,6191.0,B,993.0,1404.0,-0.13092186149107635,-0.13035400225771904,-0.15344849831532198,0.02944763452022094,-0.18422019872762074,0.008567172040598002
CGATTCGCCTGGCTGC-1,-0.049165859993342026,5424.0,B,1135.0,1425.0,-0.029830743360795407,-0.28354424382137394,0.017659730563091048,0.3020616742564982,-0.015043271987418245,-0.18767490348681462
CGCACATGTCCACTAC-1,0.11585586468320853,5196.0,B,1314.0,1019.0,0.1384295856533653,0.21737164544408774,0.04275618998937585,0.30961218054311973,-0.07341126085502524,0.25930478939446844
CGCACGTGCGCTATCA-1,0.030364038861524868,9546.0,B,1470.0,1018.0,-0.27530692163888226,0.2906661606443694,-0.2473483300157661,-0.07791317562238512,0.4232956848397933,0.0173923173529401
CGCAGATCTTCACCCG-1,0.13609512107599925,22361.0,B,1650.0,702.0,0.2887150526209268,0.3338835926310857,0.10839703037572236,0.15576055583298315,-0.10865968576524121,0.02442480871456179
CGCATCCATCAGCCAG-1,0.07498060724352099,21837.0,B,1689.0,769.0,0.0012624906299195104,-0.22898670423119702,0.0424268270650082,0.25889700541289873,0.16601605165675312,-0.012702297398663409
CGCATGGTGCGATGCT-1,0.051774570511602745,6989.0,B,1043.0,1043.0,-0.08160231230153006,0.19521798003301058,0.018849457019893837,0.2770695701160254,0.05239169859889633,-0.03876502904082278
CGCCAATTATTGCGTT-1,0.04864037993561378,28065.0,B,223.0,303.0,-0.10063375695591899,0.012633523816689236,0.05658364296598117,0.10024111942167281,-0.07883541864663532,-0.00936096163552528
CGCCACCCGCATTAAC-1,0.08432351920110709,20489.0,B,418.0,280.0,0.13049058487126974,0.1288542559135536,0.06317957378264999,0.006629558521954633,0.17764421778378506,-0.11342614181213455
CGCCCAGCACGCCTAG-1,-0.024173977592855375,18598.0,B,850.0,1472.0,-0.05756155016297967,-0.08806046519720227,-0.1277923192835599,0.010080614178769112,-0.1251895102845103,0.09217854193651724
CGCCGCCCATGCCTGT-1,0.14415316385651739,16604.0,B,1263.0,1019.0,0.010753554993620684,-0.013448734878101509,0.296282616747682,0.2246349173707262,0.07788888026310174,0.15531418634818575
CGCCTCCCTCCTCTAT-1,-0.09606888275446315,3767.0,B,1134.0,1110.0,-0.4032460230956424,0.19216769499703812,-0.15598946989933005,0.05814013344557521,-0.07754267425427994,-0.06307363105988781
CGCGAGAGGGACTTGT-1,0.005889448993615622,13734.0,B,1584.0,499.0,0.1738158412304026,-0.13687048788064338,0.12665592854277052,-0.09320177896131542,-0.15107883266712227,-0.03642628058781468
CGCGCAAATGTCCAGA-1,-0.07372306652376348,5894.0,B,500.0,1406.0,-0.29928163202850194,0.381175883939205,-0.11564762806796394,-0.2741623887977065,0.012849690504167772,-0.18213851866319092
CGCGCAAGGAACTACA-1,0.024301389741727242,9963.0,B,560.0,256.0,0.021031625201330856,-0.12704267296701305,-0.06144795442104794,0.2370883427702421,0.05539199873983083,0.0224144516081767
CGCGCATGTTTGATTG-1,0.052623010524300864,5429.0,B,888.0,1269.0,-0.057474481137943095,0.18257227883162666,0.19183860183022744,-0.029511163831138026,0.20177667972862603,0.03662683510014682
CGCGGCAGTATTACGG-1,-0.142306859539247,19874.0,B,392.0,415.0,-0.09103705386314465,-0.8936323988845641,-0.2204700121086229,0.3012088502014145,0.011812023740561325,-0.08231602662917745
CGCGGCTCAACTTGAA-1,-0.07272623482993572,16059.0,B,1444.0,1109.0,-0.11721067117890013,-0.14920053103374617,0.041708175176253526,-0.10077680479997056,-0.3743227216135296,0.042531467304973536
CGCGGTAAGTCTAGCT-1,0.037262762056341964,59958.0,B,1715.0,814.0,-0.0459545966967827,-0.2795440055415877,0.04465456199472716,0.05342858072724732,0.004561726378291692,-0.042561155814034385
CGCGGTCACAAACCAA-1,-0.06374202084604173,5268.0,B,1558.0,545.0,0.3558629286273237,-0.23363865975314446,-0.0718157975060831,0.06584703866912724,-0.1987845335853577,-0.047643300332134625
CGCGTGCTATCAACGA-1,0.022834489951267488,11922.0,B,534.0,166.0,-0.04721669395963007,-0.08974782398587859,-0.00575125309883539,0.33129505755346617,-0.15992112265565028,-0.05190962552342632
CGCTACCGCCCTATGA-1,0.06533108087263147,17842.0,B,728.0,188.0,0.12578527421162058,0.18275976024385931,-0.054466705093278014,-0.22455490565291306,0.11978539121939888,0.034812119122555565
CGCTAGAGACCGCTGC-1,0.0039910838241537985,10288.0,B,1496.0,1018.0,-0.24600022783216843,-0.05926200715457279,-0.04094079559357578,0.04044237088266028,-0.1331038474525461,0.25289546983723915
CGCTATACCGCCCACT-1,-0.21547115903103847,1706.0,B,651.0,459.0,-0.22330322258158591,-0.3416654264640503,-0.05448520762003753,-0.057856994483196186,-0.281066572574501,0.13416485047689938
CGCTATTCAATGTATG-1,0.04199810068234698,4706.0,B,587.0,572.0,0.24799580929389836,0.29551533490680215,-0.010203891804777782,-0.22016049142274416,-0.08696759905533896,0.25138482013280283
CGCTGAGGACGTCCAA-1,0.10800276025139961,6383.0,B,702.0,233.0,0.5678120935579021,-0.029686779514322345,0.3561777777769523,0.02691729152581043,-0.06621299351854365,0.04547620910117297
CGCTGTGTGGATGTTG-1,-0.055659861587108915,9085.0,B,747.0,1472.0,-0.14155980235655508,-0.03538494444705807,-0.07771208360694637,-0.09276737798796723,-0.010138597082512357,0.08513495969283728
CGCTTTCTTGCATTCG-1,0.14304734567854993,11439.0,B,1288.0,839.0,0.3990955295970196,-0.04354251646066855,0.1841472312603249,0.24856249259686097,0.08270674860708044,-0.11637078640805876
CGGAAAGAATCAAACG-1,0.013708808518675869,9769.0,B,811.0,1449.0,-0.03322980945894882,-0.014107765479100606,0.24751766494812327,0.1633505320010323,-0.15078078075450072,-0.07165666726192374
CGGAAAGCAAATGTGC-1,-0.12969285978970965,5585.0,B,263.0,551.0,-0.09053323800673371,-0.07769281849907005,-0.08011803845653304,-0.10752655234085462,-0.19049418602512114,-0.12774886162184274
CGGAGCAATTTAATCG-1,0.09655358344398343,5980.0,B,966.0,1359.0,0.13822528533109238,-0.15611137208251866,0.20230349800228803,0.24222233815536726,0.17023216124544072,0.11502118037427797
CGGAGCATGGCGATCC-1,-0.10916819087066351,5352.0,B,1055.0,1020.0,0.18682944224829273,-0.14678429600314602,0.14461468089567595,-0.4202698160307329,-0.20704175086142124,-0.1528282410509611
CGGATAAGCGGACATG-1,0.09054034858783433,9077.0,B,406.0,573.0,0.2973309336110631,0.018879279975474644,-0.11193796731319812,0.06314696883192354,0.27159816831453415,0.003998435371260567
CGGCAAACATCGTGCG-1,-0.07595368251584139,13104.0,B,1044.0,1313.0,-0.08582671844033594,-0.19283031696245304,-0.16564522626186032,-0.14257381477807254,-0.0022970910368094073,0.15320912807120773
CGGCACTCAAGAAAGT-1,0.0008673670450573545,2862.0,B,548.0,414.0,-0.06601559665497497,-0.10648500375395534,0.10535327369748756,-0.08369023466789746,0.3458212730599323,-0.03633913630455819
CGGCAGGGTCGGGTTG-1,0.07300634266598396,12915.0,B,1404.0,861.0,0.12169129083437111,0.11816696579360572,0.015959919669654973,0.09606894682079821,-0.041206484401505476,0.036168359766609544
CGGCCCAACCTGTAGT-1,0.13495043107648516,26682.0,B,1637.0,770.0,-0.021588051596545213,0.09712563082327226,0.06692436566153111,0.22627468811700202,-0.00403603404041928,0.18741446792829813
CGGGAATTTATGTAAA-1,-0.022249476959656386,13830.0,B,1030.0,1156.0,-0.14158021526020242,0.06885784988299705,-0.25762320962767304,0.04776681341458307,0.10600419527081573,0.018811684381244986
CGGGAGCTTCAGTGTA-1,-0.056023676852579515,4237.0,B,1367.0,1244.0,-0.16337006481084126,-0.10991846346391895,-0.028111544599561916,-0.1492087747892432,-0.04861934360582873,0.33489381449254124
CGGGAGTATACCGCCG-1,-0.049316664974983944,4643.0,B,380.0,573.0,-0.22581739472700676,0.0036122217038692186,-0.12222404372348711,0.021300634409246153,0.16454376118666378,0.014593093450785605
CGGGCCATAGCCGCAC-1,0.10029770252055745,9196.0,B,418.0,460.0,0.08475163453648886,0.203372827692695,0.047667299000780816,0.14399224809708358,0.12088750863119753,0.008835708424937088
CGGGTGTACCCATTTA-1,0.19730584293085884,23205.0,B,1301.0,861.0,0.21694291398910537,0.3030674495709264,0.23121878735312562,0.041338383188583155,0.12439354944574438,0.008651541876498206
CGGGTTGTAGCTTTGG-1,0.013012035119943609,11194.0,B,456.0,212.0,-0.07912501203666358,-0.07831979980320605,0.23079655180842443,0.0024551258460383286,-0.0600969369597779,-0.09478401081724014
CGGTAACAAGATACAT-1,0.2112467152113423,26410.0,B,236.0,190.0,0.23269549689823943,0.27295301599422556,0.18427601708787425,0.20122853776452865,0.15654141150579576,0.08191046198294406
CGGTACTAGAATCAAA-1,-0.04687134044394217,10204.0,B,1263.0,1109.0,-0.023892480396118403,-0.1027667440157083,0.2262009260422475,0.060159927091858544,-0.1899925880493774,0.0014993289772626188
CGGTCCATGAGACTCC-1,-0.03882795012370017,31584.0,B,1714.0,589.0,-0.17897759881088499,-0.24626719253857488,-0.13277353168453826,0.05949413990127324,-0.07157257624832808,0.06575273737951119
CGGTGTACTTGATCCC-1,-0.029000429992825427,1692.0,B,587.0,527.0,0.06397971624149787,0.23409743188564436,-0.136426914053012,-0.2566705421079358,-0.14691829744034723,0.3175524006178938
CGGTTATCCAACAGTG-1,0.05444288769136231,27734.0,B,1456.0,816.0,-0.10440522534576589,-0.08306719066556377,-0.05808171251571142,0.11843794953942022,0.132044041834046,0.008308553649245286
CGGTTCAAGTAGGTGT-1,0.03330108590383528,10474.0,B,1455.0,680.0,0.0905582719739496,-0.022119555243874794,0.016128649416441782,-0.12224514024853934,0.15225214710601923,0.07165988469307595
CGGTTCCGGCTTCTTG-1,0.004944393388437043,5564.0,B,560.0,346.0,0.1886631417576944,-0.02807228315056325,-0.04156567932507997,0.07032958802794192,-0.15356662226992282,0.049311454855178585
CGTAAACGCTTGAGTG-1,-0.0677041151477018,3463.0,B,483.0,392.0,-0.05973087369543596,0.06339740110191722,0.13314656724773546,-0.4837358769395606,0.06476430606348937,0.1031134240686477
CGTAATAATTACGAGT-1,-0.020636825743503354,8416.0,B,263.0,461.0,-0.12205188695039065,-0.12568554411704835,-0.06383051757662692,-0.1460721182549271,0.15554289898742413,0.14951933779210705
CGTACCGAAAGTCTAG-1,-0.0734774773506257,9997.0,B,340.0,370.0,-0.12776100877087254,-0.05751264334751019,-0.2181760879160184,-0.17159563664695612,0.14123301930695012,0.026744398889642876
CGTCAATCTTTAACAT-1,-0.07888953245403699,15433.0,B,302.0,393.0,-0.08243165532748398,0.01981774982257593,-0.28498929648045235,-0.015727630287704512,0.03359085452586552,-0.1568336013502808
CGTCACGTCCATTGGT-1,0.052123173872873824,6474.0,B,849.0,1201.0,0.11403882766860053,-0.012318113721599605,0.18387782724208152,0.03993873412460516,0.0006806686873268852,0.005733751583899733
CGTCAGCTATTTACTC-1,-0.05358761505011097,3168.0,B,328.0,528.0,-0.18120124729677015,0.061093520007293525,0.08473822241439162,-0.1165109200216279,-0.16452977397192087,0.14545248720824713
CGTCATACCATATCCA-1,-0.10953187161163942,10157.0,B,445.0,595.0,-0.16725738332954682,-0.020534781897978367,0.038935297705365086,0.013838574766370522,-0.3215468358807482,-0.25283450844342703
CGTCCAGATGGCTCCA-1,0.1757688866034026,12469.0,B,185.0,416.0,0.3033499947535301,0.09925160818551687,0.18240378067393406,0.2928117296081674,0.08243704801611998,-0.05068236448682405
CGTCGCGGCGGGATTT-1,-0.035279556797871814,30895.0,B,366.0,415.0,-0.28877665407478814,0.13293600461440588,0.043201204163075525,-0.042073226801862984,-0.21074630122913038,-0.2218146777456564
CGTCGGATAGTGTTGA-1,0.06744878846712983,17714.0,B,1431.0,906.0,0.15012542022280015,0.05907294350162878,-0.0015587645421776906,0.016815034633110716,0.06998799122194882,0.024073461913621894
CGTGCAGACTGGGACA-1,-0.2076175429033733,1205.0,B,1146.0,1042.0,-0.34474439185007977,0.00785017020988138,0.15222916518013327,-0.33582639315245155,-0.236225545237852,-0.28346155351386004
CGTGCCCTCCCGAAGA-1,-0.08148838915391578,2505.0,B,1185.0,1110.0,-0.22979286332989174,-0.3689075024293109,0.3594385158522032,-0.051215976140983874,0.018280331849038878,-0.01568033517091518
CGTGCTGGCCTAGTCG-1,-0.015300841151336064,29839.0,B,431.0,347.0,-0.17413010793270542,-0.06723871400022595,0.04402387077456203,-0.023837161310528848,-0.0004415002333459442,-0.03947625593973808
CGTGTCTCGTTACGAC-1,0.04515083654999026,4741.0,B,630.0,1495.0,-0.08564157467548619,0.25433287930797915,0.047555305002874915,0.04721761723493684,-0.33854324326297175,0.5269860269091761
CGTGTGTTAAACCCTG-1,-0.036882090462104215,31987.0,B,1689.0,860.0,-0.1717054948449302,-0.06496674905212986,-0.16759712637299518,-0.024846175231420582,0.08192241958115595,-0.14439617395031706
CGTTCTTCGCACACCT-1,0.24937369369169465,19956.0,B,1597.0,567.0,0.3790948230646606,0.3753562462048078,0.12362589947543806,0.16757581614265354,0.1289478885642396,0.0633559133490102
CGTTGAGCGACCGTCG-1,0.13277162943726245,5317.0,B,1147.0,1132.0,0.14078908854830247,-0.055311196542143,-0.10414258654090765,0.2772965347418171,0.30518120598533505,0.29414780217456477
CGTTGTAAACGTCAGG-1,0.05848647577803617,3950.0,B,354.0,618.0,-0.04820388316578772,0.1497750298931666,0.18847178007756257,0.08769694046234497,0.18033981921462378,-0.0731227620059937
CGTTGTAAGATTGATT-1,0.10979775253253023,33143.0,B,1585.0,725.0,0.2660512133506352,0.23712614032619447,-0.07839940235013285,0.025674456425899175,-0.0926734689556334,0.024930281313112854
CGTTTACAAGGCAGCT-1,0.06661873842866223,26321.0,B,1701.0,612.0,0.032043203435183826,-0.1347823587702799,0.013834009540430455,-0.055285770677858656,0.028632092801833556,0.1810652071271395
CGTTTGTGTAGAGGGT-1,-0.11120697340141912,12186.0,B,720.0,1382.0,-0.21838287899388198,-0.13136886196304928,0.22777644493882573,-0.05664209276391084,-0.3308308239430356,-0.03995532926254038
CTAAACGGGTGTAATC-1,0.01900142065759281,5833.0,B,728.0,233.0,-0.12874706523752238,-0.09811504851849322,0.24574533266787024,0.09108565840555055,0.26473820669668735,-0.08947092195787737
CTAAAGGGAAATAGGA-1,-0.23564387677535922,7824.0,B,991.0,1133.0,-0.6539901303856275,-0.01897523051906868,-0.7458140350385744,-0.6584375860199457,-0.1442307678350149,-0.24190426721634367
CTAAAGTCCGAAGCTA-1,-0.043809131541422144,10928.0,B,469.0,234.0,0.019675472709355837,-0.045899921698238276,-0.20871289025213527,0.032191596600688814,0.18594095177011416,-0.3281393559787385
CTAACGAAACTTGCTG-1,-0.0022532784399569364,8969.0,B,1404.0,816.0,0.03867554004005024,-0.28841049204003,-0.0904128816698682,0.012382936692850895,0.26750604696560315,-0.06142051714157291
CTAAGGGAATGATTGG-1,-0.054038110990371147,4349.0,B,1121.0,1133.0,-0.033201344542279534,-0.20679438151048166,-0.11962850580741013,0.21785856427284184,0.1416731641044619,-0.16391380372901543
CTAATGCGCCCAACAA-1,0.07149736543096735,9189.0,B,184.0,236.0,-0.11598934663420256,0.1052530838197869,0.15076033429301922,0.08734359037697079,0.1839872543745062,-0.010143135297202331
CTAATTCTCAGATATT-1,0.054463963275922296,12316.0,B,1546.0,748.0,0.16615136166035263,0.15738359748274783,-0.02994621958883645,0.05575493970346495,-0.13880727311572771,0.1950715684742937
CTAATTTCAACAACAC-1,0.0025932309239305035,7387.0,B,536.0,617.0,-0.4218039070625638,0.38115173896765486,0.16171787745776928,-0.13293699623774696,0.004970679698531587,-0.06267936663823918
CTACAAGAAATAACCC-1,-0.24653526079990362,29520.0,B,708.0,1450.0,-0.07313469508525455,-0.18764986453961374,-0.5241475662540006,-0.49859512582939114,-0.17304476092936172,-0.2462863521646796
CTACACTAGCTTGTTC-1,-0.05988904675553644,5304.0,B,676.0,233.0,0.013377253534364808,0.4682997325649593,-0.6691337976651204,-0.09956006848621934,0.35032350385797983,-0.29708225035009217
CTACCCTAAGGTCATA-1,0.09004314676829789,11405.0,B,1365.0,839.0,0.3125405607130992,0.06342743698282845,0.16542069757688244,-0.01106703790398159,0.26329200143317855,-0.19952766985768308
CTACGTGTTGCCACCA-1,0.11227259105266159,9202.0,B,495.0,279.0,-0.08517458993678903,0.2582804974125495,0.1316740543121268,-0.14441169451216188,0.3311170614813287,0.08161353262448609
CTACTATCTTTCAGAG-1,-0.040509237121054684,10806.0,B,1391.0,793.0,0.14688969995097736,-0.271641608687716,-0.13437346580035406,-0.08862132567457114,0.032420380820689015,-0.04683420940654575
CTACTCAAGGTATAGT-1,-0.08671073632176038,19825.0,B,734.0,1495.0,-0.15406985691161185,-0.06714394720898272,-0.18406079756269225,-0.07935133108944394,-0.24419934650274275,0.049063587801713125
CTAGATAAACTCCTCG-1,0.001148494548796692,7318.0,B,508.0,302.0,0.2302334678885762,-0.21062437920656946,-0.09858645533810956,-0.18327281128293305,0.35424190994138643,0.0035812749370393963
CTAGATGTGAGTGTAA-1,0.04604959399627711,9041.0,B,1521.0,883.0,-0.22079964767904103,0.24985818629451484,-0.06057024757901737,0.025788946017620468,0.05755164608887824,0.12154751652616931
CTAGATTTACGACGGC-1,0.05178823562089813,1573.0,B,1146.0,1087.0,-0.05586759535610286,-0.17072666533430103,-0.24428249381704478,0.2776110128033615,0.6534038509918528,0.09605947186824179
CTAGCAACTAATTTAC-1,0.18772936353181316,12669.0,B,547.0,189.0,0.10913269344393173,0.02601328085033324,0.39399882768104094,0.37128950899915647,0.14944481393249456,0.09927797179332792
CTAGCCGATGTTATGA-1,-0.10998782328944672,6977.0,B,1494.0,658.0,0.30858715297117284,-0.7062864147128143,0.06590141018874722,-0.004479591457969608,-0.07691620698818852,-0.002289685651884952
CTAGGCGGCAGAGAAT-1,-0.017784236689098634,7944.0,B,599.0,234.0,-0.07193858412059341,0.1004859209635898,-0.07437432943454893,-0.13794004471835625,0.04011974844776349,0.071545568543226
CTAGGTCTGAAGGAAT-1,0.05459031759583239,15675.0,B,1534.0,950.0,0.12667431064332677,-0.06437342617011121,0.1105814897835106,-0.13340230806074732,0.16644922368359583,-0.07234670794269354
CTAGTCACGTCTTAAG-1,-0.13068128437644508,6519.0,B,1081.0,975.0,0.03103180707847524,-0.1664845619446602,-0.07245942953968865,-0.10368604373181327,-0.02275756062859293,-0.2474679042049101
CTAGTTACAACCCGGT-1,-0.02092475578138689,3031.0,B,1057.0,1336.0,-0.16510178022441996,0.04805472215490002,0.08191519249020228,-0.038051210696159396,0.05687002687355038,0.20473289299633296
CTATAAGAGCCAATCG-1,0.21314118764912512,6987.0,B,1481.0,725.0,-0.0643691729126904,0.0034938498487528218,0.2524059025794014,0.24572236702992523,0.17704829927054028,0.5860732157159729
CTATTCATGTGTCCCA-1,0.07793265221137458,2709.0,B,992.0,1313.0,0.18431721398645912,0.15852455555275904,-0.03790763164334138,0.035237473129989136,0.24483521941831238,0.1007826296301594
CTATTTGGTTACGGAT-1,0.0813150940374553,25670.0,B,1249.0,952.0,0.003127404294059666,0.010113021753852109,-0.06157527631901641,0.12435987999388255,0.018191384090163326,0.188263373509354
CTCAGGACTCACCTGT-1,-0.11618553887844962,1823.0,B,574.0,504.0,0.010227848218258034,-0.023874889293325235,-0.583618573010745,0.2185245124734405,-0.5175580466870626,-0.05966652053309825
CTCAGTCACGACAAAT-1,0.01620684167285709,13331.0,B,1429.0,680.0,0.2768910196148153,-0.16520746191780017,0.19171169867587462,-0.05283292424285256,-0.1449716989468756,-0.01945401880210682
CTCCGGCTTGTAGACA-1,-0.08880128669922646,9204.0,B,431.0,482.0,0.23704843371537887,-0.31861752723658876,-0.16334939080149394,-0.06991340082076282,0.01548242225676704,-0.10099757821232094
CTCCTAAGTTATGTCT-1,-0.1212286074079768,2730.0,B,574.0,414.0,-0.1825429586642399,-0.09581078179607344,-0.26490596683890444,0.002831615466788104,0.08804635090905336,-0.0835635105965511
CTCCTTTACGCAAGTC-1,0.0824525216080034,13215.0,B,1598.0,657.0,0.18083211236913133,-0.06893937391078235,0.22412601660794296,0.26390857505152415,-0.21661861111542347,0.06518343684030219
CTCGAGATCCAAAGCA-1,-0.0016110169877172759,12248.0,B,353.0,392.0,-0.20817375639123728,0.007669220302410046,0.24607560458260466,0.12973079410034236,-0.2582661268858993,-0.023987067560390457
CTCGATATTTGCGAGC-1,0.028807895927440992,8214.0,B,1468.0,658.0,0.25221365731317374,-0.2666884630331219,-0.03459917471393617,0.03243492694095198,-0.05595394211312445,0.17667750878080596
CTCGGGTTCTCTGGCC-1,0.00994931071937924,18233.0,B,540.0,1518.0,-0.19736086046310586,0.03195765116714297,-0.05236160053178997,-0.27825268414423465,0.22213959030989622,0.07633152109378438
CTCGGTACCACTGCTC-1,-0.08833586547876215,3112.0,B,1237.0,1064.0,-0.05512461226406477,-0.17831215063112044,0.004540718605533553,0.05415963193705959,-0.1493869853206145,0.05273080808972792
CTCGGTTGTCGGCCCT-1,-0.2490569282390173,4516.0,B,526.0,1406.0,-0.5312630011301946,-0.2842582534522671,-0.2602954241663914,-0.11602206723795638,-0.24770643042141435,-0.16070090992147334
CTCGTTTCTAATGTTT-1,-0.04066289854104646,12908.0,B,1533.0,635.0,0.30107507286947616,0.38074026765900115,-0.5248483976097793,-0.050756565010234074,-0.16018743508650435,-0.01719299246637303
CTCTAATGCATTGATC-1,0.07397786880748855,14338.0,B,1611.0,680.0,0.13904606329415195,-0.046576340883977704,0.1588929291989022,0.10866244932625815,0.016479973785599455,-0.008624432137849195
CTCTATTTGGCTGCAG-1,-0.07807599244067587,3464.0,B,1069.0,1223.0,0.15317535098824342,0.05159190914665855,0.07707743203770767,0.0895865357733525,-0.17843691170987422,-0.49676765547487145
CTCTCTAACTGCCTAG-1,-0.05757242698430831,6203.0,B,462.0,1429.0,0.05372406404726054,-0.11917948281072656,-0.09151762007358748,0.06492626643502011,0.09614823834569695,-0.195989062662146
CTCTTGTCCCGCTTGG-1,-0.03149376854180194,8146.0,B,940.0,1359.0,-0.1422372686018686,0.07914432972825597,0.17897645763816838,-0.039990591835989964,-0.09460596513992282,0.004580310052719116
CTGAATCCGAGACCTC-1,-0.1286338878830125,13208.0,B,875.0,1201.0,-0.13466168856263047,-0.09823588057709982,-0.2544358484377582,-0.03886251313101333,-0.22811605904786628,-0.1581927252357905
CTGAATTTATTGCCAG-1,0.1183807707373841,8885.0,B,1559.0,635.0,0.33629161083030124,0.21030769462020418,0.07589332083106086,0.10052421132647846,0.29679003563095047,-0.15532950142980417
CTGACTGCGCAGCTCG-1,0.14942436886938382,14895.0,B,1495.0,838.0,-0.030459151610562757,0.0971043569675953,0.21786160983025674,0.33524225665182417,0.1655434593639041,0.06349916143989853
CTGAGCAAGTAACAAG-1,0.026913032366282362,12179.0,B,509.0,482.0,-0.21665644140403711,-0.16449373303384818,0.07103739961705371,0.08409336874981027,0.009085435942540805,0.2621798297090755
CTGCACAACTACATAT-1,0.027151718405053867,4894.0,B,1173.0,1268.0,-0.032435312231486185,0.04064769110745843,0.048587434760039225,0.2987366069280804,-0.029329139978206454,-0.041595917089239196
CTGCACCTAGTCCACA-1,0.08172311654651819,18880.0,B,1702.0,792.0,-0.056054054276198494,0.01645588525028477,-0.19964810182174994,0.2204746161244054,0.2543625824046552,0.07811538507871234
CTGCACTCCAGTACAG-1,0.00808630051785681,11926.0,B,1096.0,1358.0,0.1173995874660314,0.05025557846395909,-0.1321648213575717,0.09819296044045597,-0.11213870054877133,0.0023841687122794254
CTGCAGGTGCTCGGCC-1,0.09857092018672531,16960.0,B,262.0,280.0,0.1479070467960808,-0.18960789396628508,-0.05488688469504849,0.07413115370119111,0.0606647727104459,0.43305900398311326
CTGCCATGCATCACAT-1,-0.12347873162277354,8539.0,B,991.0,1043.0,-0.36171409094230444,-0.12756553496785428,0.19957156402013929,-0.09668126187420045,-0.30667097537888466,-0.0459504259944566
CTGCTTGGCGATAGCT-1,-0.038244210354393945,18194.0,B,1161.0,1335.0,-0.20598425488845418,-0.061448165174704895,-0.0030661306888788535,-0.06125774940041254,0.07303469379248431,-0.19088265898461299
CTGCTTTATGTCCGCG-1,0.005871533894775044,28922.0,B,1636.0,589.0,0.2408798087401164,0.06443286670761063,0.05613800352909933,0.32827118027703117,-0.8502495890612889,-0.00030629327628462627
CTGGAAGACACGGTGG-1,-0.02444516247285962,6290.0,B,1329.0,1267.0,-0.1832978614412596,-0.07503928071005783,0.032771879759477734,0.3290665276669438,-0.03215022304903189,-0.1123138496320307
CTGGATTTACACTTGA-1,-0.02934670434851719,10446.0,B,901.0,1246.0,0.04980019195832087,-0.1822442706037381,-0.19528361322589535,-0.11461223099879721,0.38163366419926065,-0.07476295578262804
CTGGCGCACAGGTCTG-1,0.12660337439025823,8146.0,B,1340.0,974.0,-0.06508500144388497,0.06435768141133748,0.1663403691647222,-0.034608770518891066,0.45766868695070867,0.08555618948527437
CTGGCGGGAATAAGTA-1,-0.07692741516426484,7230.0,B,471.0,595.0,0.13002954548614673,-0.3600050523877739,0.1486118073144942,0.06704774379341077,-0.310535957600369,-0.07142172759083432
CTGGCTCCTGCGGGAT-1,-0.07996910840470178,5447.0,B,534.0,302.0,0.08795033996223381,0.1118885067423182,-0.09570365358557965,-0.2547035747599733,-0.136405925576369,-0.07311538332109238
CTGGCTGATTCATCCT-1,0.047573623446560576,24136.0,B,1432.0,1131.0,-0.0593006798614453,0.1579802354833086,-0.004510599339939612,0.008377014163288274,-0.016626646214307567,-0.03778656247098533
CTGGCTGCTAACGTAA-1,0.04933223277023434,9112.0,B,508.0,257.0,-0.04095620861377056,-0.17416870414898597,0.3688079461686301,-0.10191989004579628,0.0579225316753051,0.06502703926068366
CTGGCTGGTTGTCAGT-1,0.12724365028300838,5395.0,B,915.0,1359.0,-0.2783615792578894,0.13409016694428147,-0.026457275883213942,0.35931474661724266,0.4821815884164223,0.15745879103694987
CTGGGATAAATAATGG-1,0.009464558831832129,19144.0,B,1276.0,997.0,-0.01115551531071425,-0.3223680156742366,-0.007863210274895269,-0.06644267984448793,0.1166223753613151,0.15919279671798006
CTGGGTAGGCAGTTAA-1,-0.016406916199434837,3436.0,B,1211.0,1110.0,0.18811851234692417,-0.06975824023249409,0.06730886959826228,0.1784484036214205,-0.06976941566325129,-0.034853248982297656
CTGGTAACACATAGAA-1,-0.06271676457830026,6727.0,B,1328.0,1087.0,-0.17131450331162412,-0.08247466897420415,0.05159146142184291,-0.08299907026809758,0.0588018792916252,-0.18902666755764924
CTGGTAACGAGCTCTT-1,-0.22699976654159376,8216.0,B,1443.0,793.0,-0.25816334416770376,-0.14879228247951165,-0.5931546238294729,-0.1522127146511979,0.12584361005653116,-0.2781316552284511
CTGGTCATTCCAATCC-1,-0.11049853245553241,3876.0,B,380.0,663.0,-0.0408734044650417,-0.00841268021280377,-0.27003919308220836,0.029725872395151384,0.012749485922443918,-0.25764799247607945
CTGGTTCAACGCATCA-1,0.12224156566708927,3213.0,B,677.0,323.0,0.27465181076929346,-0.017471440308256113,0.07544468545257639,0.06149838390699916,0.44319857364685566,0.10409116740104209
CTGGTTTCGAGCAAGA-1,-0.08905544463303906,2512.0,B,1328.0,1177.0,0.05944460099828247,-0.028223484170156653,0.32425318213957444,-0.2066790956552288,-0.09541653642223002,-0.1546836219406833
CTGTAGCCATCTCACT-1,0.0138973665992581,6954.0,B,785.0,1404.0,0.07304286433560296,-0.08439312155168313,-0.07909646327434677,-0.09977981161900715,0.09076244049571452,0.15744374422543841
CTGTATGGTGTAGAAA-1,0.06928814858327649,3022.0,B,600.0,594.0,0.18711705510583546,0.00507018657258386,0.1701803593481601,0.025607179817984133,0.01673614200193442,0.3266866648695703
CTGTCTGTGGCTGGCT-1,0.029008688268222366,43199.0,B,185.0,326.0,-0.03788412753729774,-0.14276234606677551,0.07203998627062097,0.3961313343687219,-0.3369593037627432,-0.14169873751413714
CTGTGCAGGGTAGGTC-1,-0.09203392520651522,3514.0,B,1095.0,1088.0,-0.35415065347469465,0.08573455588218477,0.11549126108740554,-0.2734829817195033,0.20180889367046684,-0.08095944068979738
CTGTTACCCAATCTAG-1,-0.09378959062266115,4000.0,B,940.0,1224.0,-0.22649200152715415,-0.0921289393217625,-0.305370504743885,0.16299751941755664,-0.12523453902583984,0.25818593729931405
CTTAGTAGGCCTACAG-1,0.06201779319495548,9339.0,B,1508.0,860.0,-0.19745779559463586,0.1980743100518054,0.04306270259758106,0.04078811958702464,0.20398198953442928,0.019744414654389687
CTTATGTTGACTACCA-1,-0.03888561856176266,4087.0,B,535.0,437.0,0.17583647284640663,0.030767391657157115,0.08818323871868097,-0.330083204881902,-0.004043298183173179,-0.06122058849545633
CTTCCGCTCCGTGAAG-1,-0.2233533223205714,6825.0,B,837.0,1404.0,-0.09531511989367304,-0.15226192189146806,-0.06338321512068779,-0.11279095100796983,-0.5677128388663478,-0.08280042457569425
CTTCGTGCCCGCATCG-1,0.05764122251301756,11790.0,B,469.0,144.0,0.29373531881815074,-0.05149544653711693,-0.018457464414586563,0.18297196252466275,-0.023353544658172715,-0.07503678671011849
CTTCTATTAATGCTAG-1,0.012045092783810406,13085.0,B,798.0,1292.0,-0.027410485188338007,-0.06267903294739281,0.025034579847744164,0.20357290949882118,-0.2195200660547861,0.10234013406754755
CTTGAGGTTATCCCGA-1,-0.17767093678828313,3084.0,B,496.0,414.0,-0.37764303780254177,0.03225004315201209,-0.034543990727359655,0.03985453430836236,-0.09919061482245149,-0.3415326879544039
CTTGAGTTAGGGTAAT-1,0.09380010436002845,9025.0,B,1392.0,1019.0,-0.029837649713833802,-0.16414130464919005,0.04311570747392514,0.1787165555929875,0.17576873930906653,0.43434485159991765
CTTGTCAACATTCGAG-1,0.020006725756097056,5151.0,B,1044.0,1268.0,-0.08301884813321087,0.010761570509146152,0.035678514871185764,-0.04331851156209692,0.4715666661874035,-0.13118309981483964
CTTGTCGTACGTGTCA-1,-0.05455411007274631,3573.0,B,624.0,188.0,0.2148766202715309,0.051056821987921566,-0.3834697430679663,0.10787039387520012,-0.031161567080969788,-0.09245289930417938
CTTGTGAGGACAGCGG-1,-0.011619076759024075,6449.0,B,314.0,280.0,0.21207858146390993,0.05486811903224357,-0.331427807175764,-0.02742796345393595,0.03219954417683539,0.1455653882956838
CTTGTGAGTCTTTGAC-1,0.010720101919867497,2908.0,B,625.0,369.0,0.2217096668112738,-0.2476604331482718,-0.071503880094715,0.11816126768080547,0.32372287747048833,-0.07151274902076216
CTTGTGCTCACCGATT-1,0.11326448284612949,11765.0,B,1403.0,636.0,0.17449558489705752,0.12494946718385504,0.1356992261569775,0.006408923481932527,0.05432451529650521,0.14940492939823213
CTTGTTGCTGAGTCAA-1,0.07150770056452761,15411.0,B,1224.0,997.0,-0.09787500275624564,-0.09395965265137747,0.08126616641152315,0.21872127376598172,-0.005801992801275649,0.16560509522286593
CTTGTTTATGTAGCCA-1,0.02273325037470751,4675.0,B,548.0,549.0,0.5178043240854124,0.19911634342670387,0.16781142392526427,-0.048741961397227015,-0.2034696576619499,-0.11249921094416039
CTTTAATATTGGTCGA-1,0.012153862224007314,5450.0,B,1134.0,1290.0,-0.16966168834973874,0.24366430619168578,-0.23699701002132748,0.2731900540603888,-0.04970954104201458,0.1482998230149577
CTTTACCGAATAGTAG-1,-0.15008591810783706,8327.0,B,1277.0,1267.0,-0.20601807029126887,-0.0504158497729197,-0.4042024627494674,0.002382992154622232,-0.09131156735875945,-0.17911180686985725
CTTTAGGAACACTGTT-1,0.07525962850383283,5080.0,B,1315.0,1064.0,0.3378960028737489,-0.01607999635593014,0.12707517485896416,0.06257640164105263,-0.20435681983379592,0.24785699535133024
CTTTAGTGCTATTATT-1,-0.10082113143736385,5205.0,B,1017.0,1133.0,-0.07259866106296742,0.06718526910439286,0.17898779298612333,-0.4397717242628093,-0.012501162605236947,-0.13148975157422416
CTTTCTGTGCGGGCTT-1,-0.11414635433986274,2634.0,B,1044.0,1358.0,-0.21107283441436167,-0.26228991544796926,0.3880864219224291,-0.19409547362395047,-0.26609070854875966,-0.06791441868898387
GAAACAGATGACCACC-1,-0.049813520702430204,9525.0,B,1379.0,1041.0,0.029926931059689518,0.0070867556686538425,-0.1844351595027905,-0.048784827463081736,-0.1911772789803559,0.060263261268283706
GAAACCATGGTGCGCT-1,0.11163577602126576,34334.0,B,1598.0,747.0,-0.033387304528595396,0.09718475403488033,0.22930354412780468,0.00772990650426332,-0.024102087375535382,0.0508917056572743
GAAACCTATACAAATG-1,-0.007853827580812631,26681.0,B,863.0,1494.0,-0.1259857276278194,-0.149033641938217,-0.06290801074571675,-0.0448754200960486,-0.0434015559908398,0.08508543795661788
GAAAGAACAGCGTTAT-1,0.064113047167231,25287.0,B,1521.0,973.0,-0.10194451178694447,0.11007940065446334,-0.08141579004141274,-0.020850172113399457,0.17550708135805254,0.006535818306866274
GAAAGCAGTGCACTTT-1,0.1289094433000279,8758.0,B,889.0,1404.0,0.6786685614905498,-0.08764138599002233,0.25361148662568506,0.16458222058063468,-0.13572936710871092,-0.130324762532614
GAAATACTAAACGTTT-1,-0.12173394649395458,3867.0,B,471.0,550.0,-0.07146567745775788,-0.16242265431096387,0.1160144957372931,-0.09586688025489357,-0.34312706248199565,0.04836637865807767
GAAATATGCTTGAATG-1,-0.05922799145627379,16569.0,B,1610.0,499.0,0.12448036080776803,-0.2660754074064627,0.04258595064120571,-0.1860626064041549,-0.15299934630830486,-0.12460591105123758
GAAATCTGACCAAGTT-1,0.12779865807903595,7498.0,B,212.0,551.0,-0.025878081482156895,0.23190234523769382,0.19271318053619962,0.2661732337040106,0.1410116024474917,0.037188468707823226
GAAATGGGATGTAAAC-1,-0.00562576014308851,16903.0,B,405.0,437.0,-0.17325887400307133,-0.17299759117173455,0.14300586366087767,0.007491752130402506,-0.07993330518080236,0.03830050555001918
GAACGTCTCATGGTCG-1,-0.013889574314639178,11205.0,B,1314.0,839.0,-0.05394813738338454,-0.17465421039298382,-0.01088437346702258,-0.22872749102503712,0.08213272595450113,0.10339912954531309
GAAGAAACGATATTGT-1,-0.20452346156990586,11945.0,B,565.0,1473.0,-0.3415105304871264,-0.027932336802978804,-0.29047120910709184,-0.14136457257901652,-0.34215036844205976,-0.14443375874768466
GAAGAACGGTGCAGGT-1,0.07557806379580981,1574.0,B,703.0,458.0,0.15372779329239047,-0.15283498951879632,0.36922408292128006,0.06743460958713762,0.08756473769764182,0.165595014628744
GAAGCTCTTTGCTTAG-1,-0.08165241257060457,11454.0,B,237.0,461.0,0.012009586621207297,-0.5562675419607408,-0.02454310297900606,0.037384631341773916,-0.13517448784984495,0.18703367830389195
GAAGGACTAAATTGAA-1,0.14505960957207287,14383.0,B,366.0,235.0,0.22782481749587463,-0.04317303398907588,0.34912877013997423,0.11731911021382431,0.11894709267799777,0.0901476328301628
GAAGGCTACCATTGTT-1,0.05131580562353186,19797.0,B,1727.0,702.0,0.06529952247813589,-0.1027516361138305,-0.06136568906892153,0.18458933536069277,-0.06261531156924048,0.08857588068711
GAAGGGCATAACCATG-1,0.050370254859794246,12715.0,B,327.0,302.0,0.24985369471746147,-0.10192311493062298,0.016055470429907757,0.06686580744280265,-0.05254182591920982,0.04129972544254309
GAAGTCAGTTGCACTA-1,-0.07001252040955128,6741.0,B,940.0,1314.0,-0.25507676357295483,-0.02521334426385576,0.023803798967678962,-0.022785164700672603,-0.11780796062355951,0.08066048627258224
GAAGTCTCCCTAGCGA-1,0.08786314455241488,15322.0,B,1366.0,974.0,0.12582026374273195,0.005215079984243049,0.3003495601058232,-0.04134869827607139,-0.05304151361698593,0.09668858788846076
GAATAGACGCGACCCA-1,-0.10329754832381097,5504.0,B,1380.0,1086.0,0.09543924493027788,0.18244218702645026,-0.22076230167928404,-0.3512556534131958,0.040551782240477036,-0.04782139755214669
GAATAGCCCTGCGGTC-1,0.018294528774040773,4849.0,B,1610.0,544.0,0.2150533834204489,0.14161143499592962,-0.14805905876862058,0.06115370367054486,0.07438591425388438,0.06056255828182838
GAATAGTGCTCGATTA-1,0.01614374621893895,15008.0,B,656.0,1495.0,-0.21113439541990414,0.4754215819278338,-0.2776634288157642,-0.1097841722931841,0.07201760595708198,0.011189667087624481
GAATCGCCGGACACGG-1,-0.11519814311417574,5664.0,B,716.0,391.0,0.15165485910199725,-0.22227863148808794,-0.06993613423631188,-0.3494962471247549,0.02478860369315508,-0.17486574237634409
GAATCTGAACATTCTC-1,-0.16814043566467804,4698.0,B,1017.0,1088.0,-0.02404917345128485,-0.5008746588468065,-0.11910907595179808,0.03472858741616139,-0.24747202056924042,0.0022967927667750243
GAATGAAGGTCTTCAG-1,0.047537547159771036,48318.0,B,1701.0,521.0,-0.2784466444890382,-0.01833900320905962,-0.045539325468407735,0.09951525092764982,-0.005588191399468673,0.059530845667961255
GAATGCCGAAATGACC-1,0.015594318551306455,21722.0,B,406.0,618.0,-0.20239461271371356,0.012268203006386286,0.00021409519019794168,-0.0641615757483749,0.138673720121281,-0.02165739324172701
GAATGTGGTCCGGATT-1,-0.10377262592537768,4668.0,B,1237.0,1109.0,-0.20619138624277744,-0.11229168981181457,-0.17235607496398997,-0.08345454277355424,0.05858583192732491,0.029600803283345134
GAATTCACCCGGGTGT-1,0.01769342412826578,17768.0,B,901.0,1201.0,-0.004655279489549774,-0.22033954927099905,0.21072560446689417,0.05405199550480045,-0.1111548613746218,0.019193238184566894
GACACGAGTTAGAGGA-1,-0.20721487052860904,4089.0,B,510.0,572.0,-0.6332224661983402,-0.02930030707828788,-0.2963387333925486,-0.10273620065014924,-0.10873562613110212,0.06618328223916062
GACAGCCAGACCTGAC-1,0.018602275710271038,11841.0,B,1302.0,1087.0,0.2082254284264199,0.1308803034548645,0.013598193351323676,-0.0390340796158977,-0.2008943789397406,0.08451558707335029
GACATACTGTCGCAGA-1,-0.01756150744474262,21283.0,B,303.0,618.0,-0.01769525117934012,-0.04041070501034985,-0.04256872440529705,-0.1548915907855594,0.2658525222869261,-0.2191706138143554
GACATCGATTTATAAC-1,-0.0891245485499361,27130.0,B,837.0,1314.0,-0.10005246188665015,-0.15105446744088372,-0.022181048991709224,-0.027466320399786234,-0.4010438820153418,-0.06579357956921542
GACCGACCGCTAATAT-1,0.09407955182245528,15049.0,B,314.0,190.0,0.08979498322670096,0.1917759117658691,0.15534752888420494,0.06019601676495984,0.14140338980820377,-0.08678008229839959
GACCTGGTCTGGGCGT-1,0.02316187180339103,10172.0,B,185.0,371.0,0.23809051704021164,0.0341836410906527,-0.0539139362425049,-0.05918613270107597,0.024777212119567377,0.09458450440091835
GACGACGATCCGCGTT-1,-0.21856868050910222,3791.0,B,1096.0,1313.0,-0.3314379084210775,-0.1959845195893633,-0.000308430129661752,0.1005631817805753,-0.39912774307435783,-0.2911020505360614
GACGACTTTCCAAGAA-1,0.23884303455701666,17301.0,B,326.0,167.0,0.22886687066753822,0.18220770623816693,0.3595320962226059,0.2258972892077318,0.18861578728366077,0.14762584848414106
GACGCCGTAAAGGCTA-1,-0.011175361636245024,17364.0,B,889.0,1359.0,0.13601605084200763,0.2585599780168202,0.023929416268629662,-0.22248440288328208,0.19875122159282993,-0.5163460190983157
GACGCCTGTTGCAGGG-1,-0.05446306737567502,2659.0,B,586.0,391.0,-0.012337996725905936,-0.17411156007051748,-0.004448427039496803,0.2895196878170367,-0.2364005589674707,-0.01134972008557874
GACGGGATGTCTTATG-1,0.11717350728305966,16494.0,B,508.0,166.0,-0.06587670258394153,-0.10940174739184656,0.31405002360412965,0.3432921651861908,0.1839242244226208,-0.05796153450068191
GACGGTCAATAGAAGC-1,0.072268824609107,15711.0,B,1482.0,815.0,0.26130250734502564,0.09070242102199635,-0.053036015398755146,0.1277448580495047,0.07874196260071183,-0.18509649410323364
GACGTGAGACTCCATG-1,0.011488425551874619,6582.0,B,573.0,324.0,0.18648048103047593,0.1032106905126918,-0.10593360743296128,-0.0072366574832108226,0.015997593897055323,0.08440310299195874
GACGTTCGTAAATACA-1,0.13780980314545732,31787.0,B,1688.0,679.0,0.2067126697657372,-0.03654843358158997,0.0010785032099541528,0.0608689793171696,0.14340771302176147,0.14424619077896172
GACTCACCCACGTGAG-1,-0.019437206091375718,18524.0,B,1560.0,995.0,-0.18227200559640327,0.14669531028467978,-0.0182006162109536,-0.08729130368768426,-0.03886174660324471,-0.07351295466224847
GACTCCCAGAATAAGG-1,0.07275400165313216,40872.0,B,1624.0,747.0,0.013694802147260265,-0.10793535599282086,0.09003750285526313,-0.055810002333228394,0.060857121037488734,0.05342910185484896
GACTCGCGGGAATGAC-1,-0.027594184767154434,10983.0,B,1430.0,771.0,0.18399031493998536,0.019881814227864697,-0.09303988564368496,-0.1717086855409306,-0.1387044721610561,-0.021041507296619306
GACTGCACCAGCCCAG-1,0.000970352249664002,13248.0,B,1225.0,1177.0,-0.03978765584071482,-0.2638653874556059,0.30991215455834986,-0.159870495680129,-0.03368860077270882,0.0038651810375137097
GAGACTTCGCGACCGA-1,0.04073602893741117,8291.0,B,927.0,1336.0,0.04577066221892023,0.157245854179422,-0.08568072225466383,-0.21107961439646938,0.15022159344418282,0.17244706799749268
GAGATCTTCCATGACA-1,-0.05384327715230354,7721.0,B,1186.0,1155.0,-0.10266977049736767,0.07399543437532027,-0.0051136085058928835,-0.15728250948157413,-0.03433450699873801,0.006151368558330065
GAGATGACAATCCTTA-1,0.060602306122723756,39378.0,B,1754.0,747.0,-0.11443240434430389,0.04801707565962289,0.07866930316287264,-0.0636077755841565,0.08299050717254025,-0.06199587600816149
GAGATGGGAGTCGACA-1,-0.10345263914369104,4797.0,B,1122.0,1313.0,-0.1123450949447002,-0.048842919716239434,-0.08457032903538872,-0.038833742170084125,-0.5399248029408618,0.28794312414547196
GAGCATCATCCCTGGG-1,0.007118202062145029,2023.0,B,703.0,413.0,-0.005551567079584679,0.16517100541936042,0.06831004005542433,0.05452465003400772,0.12971527382004522,0.03335577100987305
GAGCCACGGTAGTAGG-1,-0.09555714733417439,2757.0,B,793.0,345.0,-0.497478779070059,0.14776715605356883,0.1793493185291702,-0.20922921506547226,0.04731101242724832,-0.05703405101515815
GAGCGCTATGTCAGGC-1,0.03857668990418399,8804.0,B,443.0,144.0,0.3198813232117742,-0.0010830440010878087,-0.13528293301719105,-0.3938161372090266,0.253393368497259,0.31708134062450094
GAGCGCTGTTAGGTAA-1,-0.18121732551758496,16159.0,B,488.0,1519.0,-0.13762520342359902,-0.041351313837876186,-0.30453331967769187,-0.3285674480012209,-0.5445996565979424,0.0015093126295587095
GAGCTCTCGGACCTAA-1,-0.05990886221770657,1497.0,B,613.0,481.0,0.12143870911646605,0.2100765439703473,-0.05691278869502362,-0.0334305497168009,-0.27691841843637377,0.054293499871094025
GAGCTGTCGTCTCGGA-1,0.1762810474640566,16041.0,B,1584.0,590.0,0.26813184363642184,0.31864946104145514,0.11773722765884045,0.3842467377715414,0.08926185593818514,0.06710789200161436
GAGGAGATCCTCATGC-1,0.08077051884655315,13308.0,B,289.0,415.0,-0.10691469925272719,0.16819534258006316,0.16862883546773016,0.11741447022097778,-0.024194966595480132,0.07105899053602847
GAGGCATTTGCAGCAG-1,-0.016248953426936823,24613.0,B,1739.0,499.0,0.04095645058067196,-0.08566805555436648,0.17844571450139618,-0.07689576056496156,-0.4191082905492899,0.020866671910506243
GAGGGCATCGCGTATC-1,-0.13486827969540277,2888.0,B,612.0,391.0,-0.09158819894431827,-0.20786137001280588,0.024481430431211777,-0.16521176349116073,-0.12734995592267126,-0.05913846940104268
GAGGGCGCAGCTCTGC-1,0.02075801481208772,10272.0,B,1339.0,748.0,0.22063432336590594,-0.010949240845570632,0.06323704316551557,-0.19805921313724223,-0.05673549779203009,0.19535498129696194
GAGGTCCCAAAGATCT-1,-0.0034909979762261373,4413.0,B,522.0,549.0,-0.18935258415007203,-0.03815613470490883,-0.019715868554192065,0.31097408675766447,-0.0003259718678638897,0.05396908313838814
GAGTATGCCCGCCTTG-1,0.07535115075901712,6397.0,B,746.0,1247.0,-0.10396041325366984,-0.05075238241128295,0.25092400317286834,0.34481428924221513,0.1041488365960376,0.024213747580094383
GAGTCAGACCAGAATC-1,-0.08229915062751268,12891.0,B,811.0,1404.0,-0.2743065489382249,-0.31944787097187716,-0.03595373941794229,0.19074971667556706,0.15233845669019366,-0.2183332493193275
GAGTCCGCTTACCGGA-1,-0.020662592252955785,6953.0,B,940.0,1178.0,-0.003042511515555176,-0.1789448894141467,-0.025372205032366278,0.365644897083568,0.011675973963149558,-0.3276461031608344
GAGTGTGCGGTACCCA-1,-0.03031224720232189,18469.0,B,1328.0,1132.0,-0.10062912471990092,-0.1598252565278383,0.14574126925932196,-0.10599311070154802,-0.2199599132128647,-0.001847531682719828
GATAACTCGCACTGTG-1,-0.036875677433139555,4625.0,B,1340.0,1019.0,0.24321193183843656,0.024848439013863247,-0.1849966942504707,-0.11564491978573466,0.029090993301626258,0.040095712414555916
GATAAGGCAGATGCAA-1,0.010482052641515492,9711.0,B,547.0,369.0,-0.08041569328606592,0.0828496476002535,-0.13287636180618165,0.23346173460556846,-0.15067567849709057,0.09036994805180384
GATAAGGGACGATTAG-1,0.038844774704677384,15308.0,B,223.0,168.0,-0.04011482269269437,0.13941468699198983,-0.14078012107946378,-0.4744380215063491,-0.032805123313364576,0.029721412268994937
GATAGCGTACCACGCG-1,-0.01499919434996308,9844.0,B,211.0,416.0,0.05169469334216144,-0.28012035140296676,0.2688427962134899,-0.09263240138556772,-0.13160733173147304,0.05963553244343288
GATAGGTAACGTTGAC-1,-0.09569327288184884,2112.0,B,966.0,1223.0,-0.26098003096880945,-0.060793393735990256,-0.01928419898901431,-0.1813975305317029,0.2490236625780519,0.02142484893303915
GATATCAGTATGTATC-1,-0.012208223369594155,5234.0,B,301.0,348.0,-0.05540102157374419,-0.14280147461231701,0.28669670680377624,0.022707802358767806,0.11962885803676412,-0.055916362409626316
GATATGAGACACTAAC-1,-0.0549122503605526,9975.0,B,1237.0,1019.0,-0.2106917028086353,-0.18487250394682805,0.011355085097899361,-0.015284084513604855,0.11053238537006117,-0.14085528818858617
GATATTGAGATTGGCG-1,0.04077344962362811,12985.0,B,1482.0,906.0,0.15472098756348693,-0.12355143466099996,-0.17329625436167828,0.17781188370844292,0.012932694564337804,0.12452848612689768
GATCCGGGAATTAACA-1,0.0042213341306028135,29197.0,B,1133.0,1020.0,0.05787022799756615,0.12567623512171175,-0.16265401927424256,0.02313097619335437,0.10707363279447207,-0.3517622384085367
GATCCTAAATCGGGAC-1,0.024506678660628244,9470.0,B,1417.0,748.0,0.22976720032734238,0.015476940005641222,0.17946040423358062,-0.31223875520853156,0.04562632834303802,-0.023569541230104046
GATCGCTATATCTCAG-1,-0.14953866642464356,19390.0,B,514.0,1518.0,-0.19462121581193506,-0.08441883438781081,-0.08819828152403346,-0.39580231798067067,-0.10640777059855616,-0.2266598077349815
GATCGGCGATAAGTCG-1,0.08115980996426185,4305.0,B,367.0,595.0,-0.09114808955668481,0.28290445329954583,-0.12212912625701965,0.15485921057671873,0.1630907272476371,0.15461134418183342
GATCGTGACTGATATC-1,0.17343123076874328,24089.0,B,1120.0,997.0,0.00788495710627661,0.18065902767075243,0.46114844076328676,0.04107508629845927,-0.01568125435880054,0.08584184014580754
GATCTTCATTGTCCTC-1,-0.04317066983075491,4104.0,B,302.0,573.0,-0.10953576758596806,-0.10051658911941379,0.18953654698105268,-0.11499107220936602,-0.0014108013375012801,-0.026169915824511114
GATCTTGGAGGGCATA-1,0.049604084341506614,4683.0,B,1095.0,1133.0,-0.33660030877954017,0.2616241856206937,0.6784821757116258,-0.17384083804381772,0.17485650138998732,-0.2155980131652631
GATGACAAGTAGGGCA-1,-0.039840475591125024,14807.0,B,617.0,1428.0,-0.041925638057988025,-0.11397001413251558,-0.1715086673389459,0.07484878616245356,-0.06576562527544473,-0.01606907060225978
GATGACGATGATCGCG-1,0.13949768791795333,68670.0,B,1649.0,567.0,0.21031794854153563,0.03411801173726779,0.0064424867271836925,0.12500425056836728,0.047925708747474136,0.08490803235938965
GATGATTTGAAACTGG-1,0.09315615273488168,24398.0,B,624.0,143.0,0.08750541911907403,-0.0052163399483571155,-0.11452885056888062,0.24402703134672193,0.09231935234514942,-0.01262795235148903
GATGCCACACTACAGC-1,-0.0025686254529533256,54441.0,B,676.0,143.0,0.0485859148082434,-0.1448144340182332,-0.09221034888372401,-0.12907055097474454,0.0103979471157193,-0.14736183333340996
GATGCTGTATTTCATC-1,-0.11183679979169417,3350.0,B,1160.0,1110.0,-0.3211272502943452,-0.05442318453055129,0.24383717010324524,0.007121311186688628,-0.24619107771968196,-0.14364787255782838
GATGGCGCACACATTA-1,-0.08622963738214114,3068.0,B,561.0,572.0,0.3251466365677226,0.09649032193771181,-0.1516688577144013,0.10657070058447465,-0.26027539937164806,-0.2025518056411119
GATGTCCGGATCACAT-1,-0.0919493685384352,9868.0,B,664.0,301.0,-0.0403702291225149,0.01949870906321713,-0.14222711379116576,-0.06419194666156508,-0.3155241318469764,-0.13624756067008167
GATGTTTGTGCGAGAT-1,0.1501582769719712,4349.0,B,574.0,594.0,0.39937761867180666,0.40268021143370564,-0.014486803892041513,-0.3077788302709193,0.45947617173603383,-0.011336730138458512
GATTAATCCTGGCTCA-1,-0.00799312242026415,12137.0,B,547.0,234.0,0.12963034386461078,0.1994568825459883,-0.22153691229682707,-0.028482658468946633,-0.10636742926041284,-0.018460531292036227
GATTCGACGGTTCACG-1,-0.03254766678667359,3113.0,B,1107.0,1065.0,0.10908636997611111,-0.14830838271055846,-0.06764582968433415,0.035405090512191165,-0.08675714869433573,0.285654623659507
GCAAACCCTACATTAT-1,-0.04570233496686751,6518.0,B,1251.0,1222.0,0.07250442911799199,0.262608314866889,0.25337346807544703,-0.34091064820714445,-0.1018466609187285,-0.1817186920228009
GCAAACCTTGGCCATA-1,-0.04744717447361592,7758.0,B,1057.0,1426.0,-0.09128163376543544,0.06407148356394303,0.1301132104563442,0.026036647499026302,0.10914511474078885,-0.43516021069719457
GCACAAGTGGATCATA-1,-0.03414395880747623,9772.0,B,263.0,506.0,-0.33206454818866915,0.052164299731429956,0.11579598523330262,-0.15459012660296476,0.06495827581046251,0.03498875101090856
GCACGCCTACTTAGAT-1,-0.047378816509590006,8495.0,B,695.0,1382.0,-0.08189624001411484,-0.16788963990208597,0.09477429692090965,-0.026502249733784275,0.1735858637144168,-0.2581040202469175
GCACTGTGCAAATGTA-1,0.05976897855560265,8546.0,B,612.0,346.0,0.21579598437125094,0.008013155811297705,-0.06918806012246506,0.16963896085475447,-0.1570017445043364,0.34324729253355446
GCAGACCCAGCACGTA-1,-0.09522218371162121,31595.0,B,1522.0,1018.0,-0.28325327194573846,0.016909041036884807,-0.09414633764572455,-0.1372551525135091,-0.1245080762696561,-0.2667960994593614
GCAGATCCATAAGACT-1,-0.0013042992089585675,3033.0,B,1290.0,1290.0,-0.02729597438415915,0.0918072048707495,-0.17227253045214797,0.3907912745490157,-0.05884694520467364,-0.08753870593973528
GCAGCCTATATCACAT-1,0.15978452463686532,53407.0,B,1651.0,927.0,0.0795779503550926,0.34043395118288267,-0.11589795708209805,0.104420420043625,0.12249145045592646,-0.03412903940094665
GCAGCGGTGGGCATTA-1,0.02116037463369507,6251.0,B,586.0,301.0,0.06482115764819354,0.20870742982134463,-0.33797210064962663,0.26025665696710026,-0.039684873530614534,0.05894182978000183
GCAGCTATGGACAGGT-1,0.15143186918863755,41914.0,B,1648.0,432.0,0.38218633438822863,0.20750426988654092,0.11130740569769818,0.2247974247409919,-0.17517890236997813,0.07055867481858648
GCATCCTCTCCTATTA-1,0.09266434614345008,15907.0,B,262.0,145.0,0.3255052262881367,-0.11835717355780287,-0.09817154309178368,0.08675161736052753,0.07923238278379999,0.14001413795537795
GCATGAGGGACGCGGC-1,0.11335678354167379,18255.0,B,1352.0,816.0,0.09480968358363337,0.13793964777210144,0.0684776153769465,0.1359851308025565,0.021591675211946115,0.07040014873732875
GCATTCAAGGCAACGC-1,-0.014820993114317643,17535.0,B,1585.0,770.0,-0.2047781685645669,0.14771063049705285,-0.14884219235184482,-0.098048156307528,0.07763171356574647,-0.05829332447509663
GCATTTCCAAGGCTCC-1,0.07912534399210507,17849.0,B,1625.0,882.0,0.23195265440453772,0.048073215229701774,-0.2225472291442358,0.19158568828685552,0.10914034226156949,0.018496427007176432
GCCAACCATTTCCGGA-1,-0.02653343310894602,15651.0,B,1559.0,725.0,-0.10323922091165022,0.029126354110357626,-0.13112184491809656,0.1570467383621522,-0.3099919757419023,0.16086342024222727
GCCAATAGGGCATCTC-1,0.025211414214728514,18189.0,B,1520.0,703.0,-0.13513543544522266,0.25299806128116353,0.07749538805010218,0.05776541923995758,-0.16418885186922227,0.001087834380275144
GCCACCCATTCCACTT-1,0.021963601219255925,10282.0,B,197.0,258.0,-0.17946254838170053,0.06163969398746055,0.01882696487962957,-0.02119409903647938,0.30616974403260466,0.0629934356511389
GCCAGGCTTAGTGGTA-1,0.0933971332429002,13331.0,B,249.0,348.0,-0.27855006181000613,-0.07207814342555062,0.11957552165805091,0.12078298749903638,0.2502489313497412,0.24450188788138602
GCCATCGAGCTGCGTG-1,0.012862564479301576,9653.0,B,798.0,1337.0,-0.18982908944663027,0.04417953584447505,-0.013403396681352748,-0.17199731823026848,0.2866647176937752,0.07329252699610703
GCCATCGATGCTGCAT-1,0.0851753362611174,7074.0,B,1612.0,860.0,0.09159899125295413,0.4732858329399561,0.255200671214622,-0.21716344338744237,-0.21174658052941508,0.25433527682243
GCCCACCAAGGCTGTC-1,-0.20334184505439293,3060.0,B,677.0,414.0,-0.048694622376301955,-0.2081169717539252,-0.744579523129102,-0.10474109893426542,0.10531273433347516,0.09114940478907527
GCCCGATCTGTGGTCG-1,-0.018007118088005036,3888.0,B,1005.0,1336.0,-0.22496929520631168,0.002852315778276583,0.030215260642589926,0.07336209966200258,0.24310660318307153,-0.07011707262017194
GCCCGCGCGTAAACGG-1,-0.06828084050036637,7442.0,B,720.0,1247.0,0.03695016122255524,-0.06344191631751783,-0.036494495720495575,-0.04183750225698736,-0.1405659053077389,0.04913384906571524
GCCGATTGGCCAAGCT-1,0.10634937574477242,14407.0,B,978.0,1066.0,-0.11073755316888487,0.2502760172361324,0.15075183232666295,0.18917814729354712,-0.0028856240671207324,-0.07501870422102365
GCCGGTTTGGGCGGAT-1,0.07840247452731368,6599.0,B,573.0,189.0,-0.44932831122165484,0.025746158174953942,-0.07983285036996383,0.4649827714193228,0.5019279992473509,0.015780474146986096
GCCTATAGTGTCAGGG-1,0.05047897261432937,19896.0,B,1365.0,793.0,0.20667075068408644,0.02638331160372894,-0.049985348698997456,0.018229217129127645,-0.08833151022826444,0.0805498583495782
GCCTATGCTGGGCCTT-1,0.19546582529063775,3426.0,B,1662.0,544.0,0.23062335248658317,0.0941820691835365,-0.015718106431775312,0.3983028849327587,0.3342748263181234,0.4045400820080793
GCCTCATCTGGAAATA-1,-0.043437523317274324,5403.0,B,1418.0,1064.0,-0.3325858153755536,-0.11852699801725047,0.2534698924004852,-0.12367568555379707,-0.010900486164995324,0.15456414697622664
GCCTTGTATATGCAGT-1,-0.07088220301632385,4685.0,B,380.0,528.0,-0.0981683130842128,-0.18792636445646296,-0.17031594411250806,0.17890400529287856,-0.2250187573312215,0.15752337647174114
GCGAAACTTAACTGGA-1,-0.0926090910053858,10427.0,B,1250.0,1132.0,-0.16709941026128222,-0.05368413286258951,-0.050351031879289965,-0.10560755860226582,-0.09591433674523472,-0.10185209932138749
GCGACATGTAAACATC-1,-0.047261557012239566,25134.0,B,1573.0,973.0,-0.2078523174778974,-0.03985400305065828,-0.010555266220337735,-0.10358542460237918,-0.15100245832241616,-0.06104051929595217
GCGACCCAACCATCTG-1,-0.11718729467037892,9960.0,B,617.0,1473.0,-0.26995002251521943,0.12127201433047123,-0.08334281897544388,0.07823017369638004,-0.5357749100893255,0.00608205345871116
GCGACGATAGTTGTAC-1,-0.0136490103467506,10253.0,B,888.0,1224.0,-0.3539544305953189,0.08284662760727211,-0.022917040123615357,-0.06884549389331995,-0.10527192849214069,0.16285405327171726
GCGAGAAACGGGAGTT-1,0.00394399976639466,14036.0,B,354.0,438.0,-0.009010057299178031,-0.1479290267166276,-0.04837533050256382,0.12666688661553827,-0.002109657602257578,-0.0915145594071283
GCGAGAGGCCATGTAA-1,0.12692946037453928,31127.0,B,1649.0,612.0,0.19153535070747868,0.020490249629607958,0.09446396217879377,0.11269613561704597,0.06737954890472764,0.0902573234251524
GCGAGAGTTGCGTCCA-1,0.024057144634566912,6332.0,B,1573.0,883.0,0.24788393421513683,-0.020868806275957292,-0.3557036811924682,-0.25545709873284006,0.402417664658205,0.1176271795964348
GCGAGCGCATGCTCCC-1,0.0747561980724905,42804.0,B,1599.0,973.0,0.1346918906767914,-0.0965970709006339,0.1942275811560637,-0.05145025064056328,-0.035180610494398926,-0.05518618273822652
GCGAGGGACTGCTAGA-1,-0.05849164392393895,15363.0,B,275.0,168.0,0.1273856489208789,0.0007146029349752829,0.10726241576026688,-0.15291574313330364,-0.506775873985485,-0.012159622897305853
GCGATTGTTAACGTTA-1,0.009007046730883456,10384.0,B,1185.0,975.0,0.07951508234286192,0.07604643501250119,0.054070102522160664,0.25638677875475463,-0.03842492099021666,-0.3859336959660118
GCGCAAATATATTCAA-1,0.06246113747780879,10432.0,B,552.0,1451.0,0.05723817104496472,-0.0512842589592031,0.06935602016993911,-0.1213134044636381,0.4254468399450248,-0.07293414772694082
GCGCAAGAGCGCGCTG-1,-0.07433008021381185,4945.0,B,1483.0,1041.0,0.22012141051380393,-0.03753307618729778,-0.28074779048727855,-0.15874208010832017,-0.0738162800434907,0.07672491924545027
GCGCATCCAGTCAGCA-1,-0.14658741649802506,7058.0,B,1417.0,793.0,0.2207426834675962,-0.6197458678469682,0.05080821671086542,-0.1147709590186631,0.0010595011683035395,-0.2820119956999691
GCGCCGTTCCACGATA-1,-0.1041161870234352,5713.0,B,1030.0,1065.0,-0.17865633371088005,-0.30966605134283004,-0.07850393106821718,0.19981378519282705,-0.02412056657336681,-0.18255219987017585
GCGCGTTTAAATCGTA-1,-0.015154767333078245,12557.0,B,300.0,167.0,0.16461554093711217,-0.07391483031873548,-0.0577774847580273,-0.2329606242883814,0.10537474737907387,0.05476404186979851
GCGCTGCTTTGCATTT-1,0.0447111262430198,16092.0,B,1404.0,771.0,-0.11131423746080035,-0.004564941747583415,-0.07757564472631225,0.13114028541115927,-0.17316236847884817,0.376429895568399
GCGCTGGCGGAAAGTC-1,0.05212149943827956,37238.0,B,211.0,326.0,-0.006581277438388211,0.01221645944534126,0.1273740281672865,0.0032863414124082446,0.049470146805759244,-0.20339648268410893
GCGGACCGCGTTGTGG-1,-0.08710088757446277,9356.0,B,746.0,1292.0,-0.184127830815346,-0.2668326014824642,0.19436907342216148,-0.013997151945705005,-0.2554777113337086,-0.00023251400658896946
GCGGAGAAACTTCGCA-1,-0.12792469648431087,23640.0,B,617.0,1383.0,-0.2654353456437045,0.027587168517417108,-0.13004523485288494,-0.15646816181919274,-0.20556148210414538,-0.20103455277587373
GCGGAGAGGGAGAACG-1,0.08129275013901249,9696.0,B,1199.0,1177.0,0.24441580008341046,0.21611252737155845,-0.15648473943237629,0.29010769386262425,-0.0930171360218243,0.10459749798377113
GCGGCAAAGTATTGCC-1,0.06171359005238519,6602.0,B,540.0,1473.0,0.780477281075118,-0.17860970718971125,-0.023844096332441347,0.05353345561763839,-0.08241599483292372,-0.20918028326347143
GCGGGCGAGCCTTACC-1,-0.020251724852078844,18600.0,B,850.0,1382.0,-0.4301969216249192,0.1268523739806459,-0.09383765182351837,0.01965163121067716,0.02586399069134448,0.13009665619269972
GCGGTAACCCAAATGA-1,-0.03718344825079343,11320.0,B,482.0,302.0,-0.17631929134295832,-0.23443859727098765,0.004992198262084902,-0.1517213858579607,0.06800316667530767,0.07706453088049756
GCGGTCCCGGTGAAGG-1,0.0488189497185324,47648.0,B,1727.0,521.0,-0.11190232000434196,-0.15453952275741392,-0.03689114490593665,0.042562575620647816,-0.019965383215772292,0.13464192861676821
GCGGTGCGGAGCATCG-1,0.02993041693913527,7269.0,B,251.0,573.0,0.03659483392067993,0.37284922562854306,-0.15727102111694224,0.14249048199272055,0.04677600127555333,-0.06320421540660563
GCGGTTCCCTATCATG-1,0.0006811341532614243,13726.0,B,823.0,1202.0,-0.4009001732633896,-0.047484546772836755,0.226730052080441,-0.1431945267955919,0.2182383292960092,0.044848386630078264
GCGTAAATGGCCATAA-1,0.12606731822362957,13826.0,B,1508.0,905.0,0.18696364781688007,0.2041025065790268,0.10629050134319276,0.4006911387449364,0.07129806880280899,-0.2828257463643601
GCGTCCAGCTCGTGGC-1,0.03384419452565546,2859.0,B,637.0,211.0,0.0914172911880561,0.021163177808956116,0.031077403293361887,0.12762356617821435,0.047513237565725175,0.11793886569787383
GCGTCGCCAGGGTGAT-1,0.023928548602917335,5894.0,B,992.0,1358.0,-0.0411317937980633,0.08765283899329263,0.11487595823101615,0.1974812837794731,0.033000804833386216,-0.02203689303726357
GCGTGGTACTGGGTTA-1,-0.024641997160941915,12526.0,B,1418.0,928.0,0.21265525296155063,0.11803615134648844,-0.14976192071670308,-0.10869862036147894,-0.11855570994154073,-0.13255756324894216
GCGTTCGGAGACCGGG-1,-0.1703280207515756,5797.0,B,1520.0,567.0,0.06884177501207907,-0.030609138025974467,-0.11917611855955522,-0.21305047207005576,-0.18684942084147788,-0.4352216044185141
GCTAAACCTGAGGTGA-1,-0.01674275020773021,3581.0,B,484.0,662.0,0.11126192395271736,-0.15773695155406242,0.01399922022419934,-0.1489780641130663,0.07034647775366769,0.12337085473792306
GCTAAGTAGTTTCTCT-1,0.033256767798793205,10574.0,B,1223.0,907.0,-0.4097543367648014,0.06551345239014833,0.0882548879413181,-0.08533170953169178,0.0024298314062367026,0.5597371252779075
GCTACACTGTCCGAAC-1,0.0908009235005989,15397.0,B,443.0,189.0,-0.17449797464233435,0.05212976872811756,-0.060297234984256064,0.041134043563105537,0.16303487659384674,0.2419608283420802
GCTACGACTTATTGGG-1,-0.029458919807387046,4018.0,B,1082.0,1110.0,0.03585172311577245,0.06239073731618443,0.22265222466072757,-0.1740550645471028,0.07026333884136429,-0.19873926767173536
GCTAGCTTGAATAGCT-1,-0.12264097715461689,7542.0,B,759.0,1314.0,-0.07437696961887574,-0.18405089858419085,0.11455506311395226,-0.25088271053847727,-0.1859179849451216,-0.1620531833726303
GCTAGTAGAGCTTGTA-1,-0.04539544903149146,6427.0,B,1030.0,1020.0,-0.15585050670584757,0.19831124539758294,0.13057061706546633,-0.0926988509514692,0.07552050950225968,-0.3591824478890042
GCTATCGCGGCGCAAC-1,0.001829734865043453,7694.0,B,497.0,595.0,-0.1309817507454028,0.17921076145111642,-0.06659957613569462,0.09079222540614101,-0.18313926731366229,0.05726811649116889
GCTCAACCTCTTAGAG-1,0.11149945799708905,14939.0,B,302.0,528.0,0.03290421377915569,0.2921777519150436,0.09473582661200529,-0.1655298857604729,0.1593830036297271,0.13898729047957914
GCTCAATCCGTTTATT-1,0.11107677934994926,6030.0,B,643.0,1338.0,0.020601519245914357,0.45107534474249256,0.3246194526613696,-0.1339152696764312,-0.0689776765188148,0.14395840298893192
GCTCCTGACATACTGG-1,-0.10549481129373695,16612.0,B,604.0,1405.0,-0.2130374810783151,-0.18308836628248396,-0.28744292382067815,0.0029034003506412595,-0.22165495943943328,0.16988573626312206
GCTCGCTCATGTCCAA-1,0.07720009631607073,5238.0,B,1470.0,1063.0,-0.005930955323626745,-0.07317072614639784,0.049766518378875496,0.4764085099727848,-0.036543961609774626,0.20005605336632284
GCTGAATCTTCCAATC-1,-0.11897796076239373,5982.0,B,488.0,1473.0,-0.06668187693426622,-0.15781419268508076,-0.2936048734691062,-0.16400447261513956,0.06469396081784844,0.006847149560374719
GCTGAGCAACGGTTCT-1,0.014637703990137294,6316.0,B,276.0,573.0,0.14163174967099132,-0.1192482291434942,-0.07715293468251345,0.17518049263898752,0.03833215783828016,0.05923609088917614
GCTGAGGCGTGAGTAT-1,-0.21643541733284308,12087.0,B,1017.0,1043.0,-0.09150823563360043,-0.30012792474571703,-0.29049689186845895,-0.21955826271741524,-0.12007588405100736,-0.3030027736836679
GCTGCACGGTTTCTTA-1,-0.07541522762663413,3338.0,B,1133.0,1065.0,-0.18228824510212102,-0.004455777951644722,0.0898756174480084,0.15527316179054473,-0.1524954678193485,0.04208569913711924
GCTGCTAAGTAGTCGA-1,-0.19084874382947076,13247.0,B,915.0,1404.0,-0.6811762586681271,-0.11473318571895155,-0.32036134836089714,-0.12730210152693122,0.027131829705746492,0.034519020123405436
GCTGCTACTGCGTAGC-1,0.021086463464362458,6578.0,B,1160.0,1290.0,0.07209942557694184,0.36054944865657923,-0.11417729012520014,-0.10386522979913672,-0.05804398180992501,0.015171636498630792
GCTGGCGGCGCATGCT-1,-0.009585703182814292,3658.0,B,1018.0,1358.0,0.03552888556131885,0.05164843898582027,0.3419989341933137,-0.1496248635308611,-0.08108094904968607,-0.061953206726328855
GCTGGGTCCGCTGTTA-1,0.029950408004085848,9716.0,B,378.0,212.0,0.216763015394512,-0.02590033888583071,-0.19285815372084472,0.3382285823471661,0.09627923844535682,-0.20553507983173638
GCTGTTGCTACCGAAC-1,-0.000779818413139721,7582.0,B,1418.0,1019.0,0.06559702063723391,-0.10763713379046211,0.053780871062536734,-0.05659509979216604,0.11143604691001852,0.029444874977363332
GCTTAATGTAACTAAC-1,0.014415139834981765,8621.0,B,1276.0,1087.0,0.09301044301656824,0.016286299827394442,0.2773647445709423,-0.017610715790782404,-0.11328018362881254,-0.010509699338009593
GCTTATGAAGCAGGAA-1,0.21869028963958606,14714.0,B,1340.0,929.0,0.10293804259402536,0.6201082338360645,0.07282773373891563,-0.048154064223834586,0.25759640722046023,0.23632438171273568
GCTTCCAGCTTAGATT-1,-0.022731076983284082,5347.0,B,392.0,325.0,0.04078217065244969,-0.15819090093925728,0.15581860573374645,0.055156230669887236,-0.025622254331760907,-0.06708571333137127
GCTTGCAGCACAATTG-1,0.04190552654290272,37542.0,B,1701.0,567.0,-0.004277416493573369,-0.07319771533808277,0.018122112271829964,0.12970421614660768,-0.10380332622963434,-0.007738156835045584
GCTTGGATCGATTAGG-1,0.06858157184725819,19792.0,B,1443.0,838.0,-0.03936094108455776,0.12105823300623753,-0.00961886140251974,0.02649346814362047,-0.09037013334906788,0.23904830699093205
GCTTTCAGAGGAGGTG-1,0.1173615980342708,20644.0,B,1417.0,883.0,0.014373283935668571,0.08628211200103685,0.25566041667600103,-0.13085540125607673,0.18416860638532756,0.06120262597494374
GGAAACCTTGTTGAAT-1,0.0022611844508662188,8653.0,B,1559.0,590.0,0.27033746676793075,0.06976023272082923,0.0763546145227618,0.007862360670226696,-0.2634301276330562,0.07306181983207685
GGAACCGTGTAAATTG-1,-0.04914906040011206,6401.0,B,798.0,1247.0,0.10852391666494648,-0.23996386590758903,0.27624921598210733,0.013933633162169789,-0.0988256643790805,-0.18834875248808375
GGAACCTTGACTCTGC-1,-0.19583744868556507,5967.0,B,462.0,1474.0,-0.0394697920054723,0.0010309077912564481,-0.2634472782304909,-0.31891492116915854,-0.3903403106392199,0.1799785495117577
GGAATGCGCTAGCGTG-1,0.04349388867565088,11247.0,B,1249.0,862.0,-0.047939995645994396,-0.06564828568249842,0.0026576955273724685,0.047097450198077324,0.06484583031155448,0.13842923726453008
GGACCAACAGGATAAC-1,-0.040939134733883664,6170.0,B,1057.0,1291.0,-0.24002241543935565,-0.020218129036312704,0.08794399639695238,0.029888232439962355,-0.1912780222484903,0.2543833428784462
GGACCTACGGTAACGT-1,0.01829260323713207,7712.0,B,1597.0,522.0,-0.05517114495625615,0.10488222455734335,-0.01929466601527438,0.07650263433396913,-0.09015267876004027,0.12611736450244249
GGACCTCTAGGCCGCC-1,-0.14526238642652975,16825.0,B,578.0,1451.0,-0.4143289550787097,-0.2489526982647648,-0.3539430396411664,-0.03191347530069874,-0.23863003720960635,-0.03669453233298171
GGAGACATTCACGGGC-1,0.04534603054096285,19130.0,B,249.0,258.0,0.3805589051293247,0.10616769895925571,-0.1595337044748233,-0.12205407285776755,0.01102270099895606,-0.08386225844571257
GGAGACCAATGTGCTT-1,0.08793314952139013,24916.0,B,1714.0,634.0,-0.014156258342238992,-0.0323996938542368,0.22258568786575772,-0.03734614497089088,0.11534172480357269,0.037278382142835666
GGAGACGACACCTTTG-1,-0.06153826186921456,9265.0,B,1056.0,1110.0,-0.10510402296406117,-0.17234932889177193,0.15396742662555785,-0.017509068444239807,-0.20942428647539466,0.0005277249788895703
GGAGGAGTGTGTTTAT-1,0.09277878106093057,20069.0,B,262.0,190.0,0.39333077330196997,0.17434457107001286,0.04123975283504487,0.05514752535775916,-0.15165465548331236,0.10886502010856466
GGAGGGCTTGGTTGGC-1,-0.0077629047630471786,9153.0,B,1197.0,862.0,0.4687558597380395,0.0574012267772223,-0.3111033602113875,-0.4630728296746374,0.23570359302247484,-0.05559508404599186
GGAGTACACATGAGCT-1,0.0009735135363977149,11894.0,B,211.0,461.0,-0.05483905500340416,-0.06312495515270436,-0.03456150020035666,-0.07564714101433263,-0.06659522474678897,0.2164467576953058
GGATACTCATGAATTG-1,-0.07855147284219588,3193.0,B,767.0,346.0,-0.006909339230505712,-0.28053775393555047,0.07478165595420563,-0.06858633001994183,0.19529718170748572,-0.23374804606931132
GGATCCCTACCAGCTA-1,0.07475038437570666,5139.0,B,340.0,325.0,0.39254950018027635,-0.1257214131613431,0.23489082952887244,0.28086854721164484,-0.04317242351676574,-0.08663620743298074
GGATCCGGAATATACT-1,0.03354778610487753,21030.0,B,1249.0,907.0,0.18830365850921643,0.032253553809341466,-0.3677104117892718,0.35924990048235295,0.05583444259476322,-0.14386894282692766
GGATGAAGATCGCTGA-1,-0.11584202105732107,4154.0,B,1405.0,1086.0,-0.10044162485300677,-0.07482303886329486,-0.07398179432825322,-0.10528322022633925,-0.05195106323448955,-0.09785458614230433
GGATGTCCTTACCGCA-1,0.08363425707660126,8525.0,B,1366.0,929.0,0.19204411525060086,0.17805006547645913,-0.08979738042050993,-0.03411086680773161,0.16798906289475865,0.019669652444634228
GGATTCAGTACGGTGG-1,-0.11290536268779557,1856.0,B,613.0,572.0,-0.2272639450585531,-0.0020880287346470294,-0.25942454776169094,0.14037080470810753,-0.0735864541067432,0.004745333929360912
GGATTTCACTTCTATA-1,0.01993568913584387,28921.0,B,1262.0,839.0,0.016548376389307173,-0.1505492963821546,-0.009650660435938489,-0.02355490946458136,0.04906249477153947,-0.037868238355954376
GGCAAAGGCGCCAATA-1,-0.01869422151869854,12683.0,B,630.0,1360.0,-0.25379658503226155,0.07475716700199889,-0.3337473424772977,0.02556743663787937,0.022330110558629074,0.16069122810745798
GGCAAGCCAGGGATAG-1,0.006604245816957989,33800.0,B,1752.0,521.0,0.20070252708664615,-0.18413256029769576,0.024342007124896176,-0.1903511274798461,-0.09484605746811317,0.028602877222070472
GGCAAGGCGAAATAGC-1,-0.08027242498220552,13273.0,B,1082.0,1155.0,-0.07756269098823318,0.16833913807506842,0.048506994995593126,-0.2399318862994072,-0.07641735142797877,-0.2502670185778712
GGCCCGTATACCATGC-1,0.04331229715668595,24549.0,B,1728.0,747.0,0.09564514702733819,-0.06743439584287875,-0.08358067703970884,-1.669361851283635e-05,-0.10458591205725638,0.039596718405709816
GGCCGTTTGGGTTTCA-1,-0.020421278735418727,6295.0,B,773.0,1472.0,0.004154339746892284,0.16776907353380618,0.2809883682240683,-0.17370441410674126,-0.0005741150853768116,0.051388332143116
GGCGAAATCTAACTTG-1,-0.14203187081656704,7311.0,B,1315.0,1109.0,-0.08520794275671689,-0.038425697355518866,-0.276767539442878,-0.17995747395152933,-0.1464371956826119,-0.0034426340444776455
GGCGAGCATCGAGGAC-1,0.10622271309656317,13195.0,B,521.0,144.0,-0.026784994167925773,0.2726219847533447,0.15626404474609087,0.3349638695627269,0.05916460772800922,-0.18546698682801607
GGCGCGTTCGAGTTTA-1,-0.26902658072100016,4364.0,B,953.0,1201.0,-0.2795466059404845,-0.25071132639953,-0.18278486345995962,-0.18870594182276496,-0.31355636416182425,-0.09968894133197002
GGCGCTCCTCATCAAT-1,0.0008424037074099347,6274.0,B,432.0,527.0,-0.24587245163197272,0.12089230748709523,0.08837189454876192,-0.1255914228813459,0.09728975885734154,0.0942117436917031
GGCGGTTTGCCGGTGC-1,0.08119792113236865,10773.0,B,328.0,483.0,0.026521088975774543,0.191529724922109,0.15752462776699602,-0.030447631502648464,-0.05546337717412598,0.1330495578158181
GGCTAAAGGGCGGGTC-1,0.11448046448260261,2009.0,B,1468.0,568.0,0.535257835418316,0.27663785515625616,-0.4030667415705191,0.013765651785387661,0.544831755422143,0.1863882757204107
GGCTCCTCCACCTGTT-1,-0.024040792216115343,5747.0,B,643.0,1473.0,0.08201633086195195,0.3449239934254866,0.059933275197109115,-0.4711364642240512,0.11200340254311376,0.07338775789738551
GGCTCGCGTTGAGGTA-1,-0.02012931818128459,15580.0,B,1391.0,838.0,-0.009616993427385798,-0.004241968338129176,-0.0059940618030218384,-0.07727012694469687,0.263264422429308,-0.2969763013164387
GGCTCGTGCCACCAGC-1,0.03804339230290163,1734.0,B,678.0,594.0,0.06660409956280158,0.29647192507904563,0.1525109103230799,-0.220258312322051,0.048034180429029336,0.26370655815970906
GGCTGAAATAGCAAAG-1,-0.01443678791870313,8703.0,B,1212.0,1245.0,-0.3071769752961077,-0.03403141385041001,0.09125036039394946,-0.031831005196208,0.133046552140746,-0.12252056983045657
GGCTGGCAGCTTTATG-1,0.11043351872019071,17511.0,B,210.0,280.0,0.19485861870660254,0.28253472345958774,0.1381308225644695,-0.22083337694617605,0.1464376852919558,-0.006496794433114392
GGCTGGCTAGCTTAAA-1,-0.05459889998756849,4586.0,B,560.0,392.0,0.032051815824074396,0.06575584259357803,0.08710587458698725,-0.04108784878866798,-0.11257818537811769,-0.11832660838036302
GGCTTTCAATAAGGGT-1,-0.2405281141989294,4708.0,B,993.0,1494.0,-0.14779483799652748,-0.9249158783792796,-0.10512908946246326,-0.1753342178280931,-0.06495330845390124,0.1015476282731757
GGGAACCACCTGTTTC-1,-0.005776846469388974,9214.0,B,637.0,166.0,0.08040503153718907,0.1440132123617453,0.030121311414986265,-0.14294501485770422,0.19428897009424187,-0.3839044773809563
GGGAATGAGCCCTCAC-1,0.18305082018724544,10387.0,B,1571.0,567.0,0.5407632961052953,0.2159460663585454,0.09675342785479729,0.22122626422339162,0.02059669660403226,0.09209926725287702
GGGACAGAGTTACTCC-1,-0.009920339991896815,14822.0,B,436.0,1429.0,-0.24018564986795166,0.1130492763427621,-0.06801054666379909,-0.43648359637431394,0.0842062355690559,0.33070719780397906
GGGACCCGTATATCTT-1,-0.010867193485447915,6465.0,B,876.0,1427.0,0.040910995010171494,0.08775189911473802,0.12918674639132008,-0.17214871164167506,0.13059010662069023,-0.1929131970026231
GGGAGTAATGGCTGGC-1,-0.1356257536921743,14867.0,B,729.0,368.0,-0.12143472792226329,-0.004514896796966511,-0.036906474590692614,-0.18594007846340316,-0.2029079179232786,-0.22609122657139935
GGGAGTTAATGAGGCG-1,0.12116416809925057,14046.0,B,1158.0,885.0,0.08847394770039341,0.3292223952375043,-0.02397303864924975,-0.13357125615114626,0.23288393773465987,0.1284235745407287
GGGATCCCAATACAAA-1,0.09825872665106161,14283.0,B,1740.0,544.0,0.3792468294525102,0.38910987180473044,-0.31936029489716844,0.17970240699915713,-0.041421173294352506,-0.08278447731017533
GGGATTATCTCACAAC-1,0.1294501389599321,14944.0,B,262.0,235.0,0.09856763797815926,0.1699773922295716,0.039781029960466646,0.6424122309111235,-0.1289988807618418,-0.06850063721384944
GGGATTTACCGCACCT-1,-0.18015453349845972,6007.0,B,1354.0,1086.0,-0.3407309723014622,0.14171104183617972,-0.13428879592020573,-0.30114867261682,-0.10963579880292795,-0.0979400109950197
GGGCAGAGCAATCGTT-1,0.007061952526231888,7811.0,B,967.0,1449.0,0.1427950794561721,-0.12076464889135377,0.17472461733403974,0.20543942141126847,-0.01777351451982059,-0.2454836525710498
GGGCCGGCCGAAGTAC-1,0.07542103627971466,41779.0,B,1275.0,952.0,-0.0869516299260884,-0.2020816920244687,0.2776929487754911,0.03880472547993502,0.07674987502892089,-0.04715787048060174
GGGCGAATTTCTCCAC-1,-0.042431925544511306,9651.0,B,276.0,528.0,0.07815994402645868,-0.038386641360888415,-0.17184500786598644,-0.06737544252003298,0.0141099074519039,-0.12424684215108928
GGGCGGCAAATGAATT-1,-0.09974927746350523,7369.0,B,772.0,1247.0,-0.12065405773439537,0.24357653286253084,-0.4740879358851936,-0.22777898691042503,-0.03179694340913368,0.05954442135970635
GGGCGGTCCTATTGTC-1,-0.1024808021055166,5486.0,B,548.0,459.0,-0.40985588158621966,-0.028529904513394724,-0.12816251032583645,0.13407150082774233,-0.12699278456893007,-0.00506924980883185
GGGCGTCACCACGTAA-1,-0.19399515189390323,6522.0,B,836.0,1224.0,-0.161079865574709,-0.16211636646939626,0.006275189293248091,-0.16955195841710352,-0.11315735164458185,-0.4565014695721159
GGGCTATGATCGATGG-1,0.017609021064043193,5591.0,B,850.0,1427.0,-0.2482607837641077,0.10234173434219822,0.30562123159617177,-0.10054491740378833,0.13395893399714642,-0.08611163107653569
GGGTAATGCTGTGTTT-1,0.10995248733515463,24770.0,B,457.0,347.0,-0.040851780041801115,-0.0505420806223705,0.07093696996756906,0.25475576567765096,0.03478501611291079,0.1974117055535648
GGGTACACTCTGGAGG-1,0.09232725897340927,9725.0,B,288.0,280.0,0.14727358626713674,-0.08735061876645431,0.0722985491667821,0.23367807375839192,0.05429057756051019,0.13953625904053435
GGGTACCCACGGTCCT-1,0.11264715773857167,11756.0,B,522.0,459.0,0.20484354474481536,-0.0072156087925094176,0.0018579453776488251,0.1759381422720136,0.24537318461704943,-0.016956467286807077
GGGTCATGCGTACCAT-1,-0.06735554530885136,3872.0,B,367.0,640.0,-0.10371857015543365,-0.1913637140867356,-0.25390340395025024,0.23628565016286132,0.10690497233636398,-0.015809318778007488
GGGTCGTGGCAAGTGT-1,0.12469182196308758,20848.0,B,1572.0,702.0,0.45360053449318444,0.2276892775227618,0.040445636368247856,0.10387381301055056,-0.17454173303637913,0.14674092578967055
GGGTGACACCTTAACT-1,-0.16188788001268484,15009.0,B,914.0,1179.0,-0.770588097470865,-0.20345458890836945,0.0763920292252893,0.23923141308774287,-0.07470114838605173,-0.2341391878796862
GGGTGCATATGAAAGC-1,-0.03312619904182269,15308.0,B,1637.0,815.0,-0.0729876090732723,-0.2465670227524368,-0.027671554340240406,-0.3254243631642364,0.17022681389360167,0.10156138061140466
GGGTTAACATTTGAGT-1,0.014713631809980893,24529.0,B,837.0,1359.0,-0.16131488529892357,0.025797744185012485,0.06430515589469057,-0.19150724117067602,0.13062302794906802,0.007353149457615553
GGGTTCAGACGAACAA-1,0.046489269971008676,14799.0,B,432.0,572.0,-0.10406680540694571,-0.08712508901039275,0.06068904808062849,0.12305771237377572,-0.06549570832994388,0.2365185586813774
GGGTTTCCGGCTTCCA-1,-0.09133742801881536,5617.0,B,365.0,145.0,0.1250695750445557,0.11488707955354262,-0.22756006793475306,0.21705213207697005,-0.0503346610208859,-0.4533143057984071
GGTAACCGGCAAAGGT-1,0.07339392446660375,22950.0,B,236.0,280.0,0.14246074794080846,-0.010185937189727587,-0.06624832704476184,-0.00935347615950799,0.16593714697838716,0.003650456131924544
GGTAACCGGGAGGATA-1,-0.08482059892291938,7394.0,B,539.0,1428.0,-0.3089777605586321,0.061426321555008795,-0.01573722442192579,-0.16493200197495292,-0.18428630150352743,0.13742655674752857
GGTACACCAGATTTAT-1,0.02901632280265439,19493.0,B,1715.0,724.0,-0.02245930456411039,0.035577223714217635,0.0628103056591094,-0.08713051171980182,-0.13461397874671513,0.09701648110515373
GGTACCATTAAGACGG-1,0.03728570921628573,10888.0,B,1547.0,793.0,0.26668724788036496,-0.17275083199128474,0.08755932885162343,0.17594066831033064,0.06757368440865474,-0.1461709501120371
GGTAGAAGACCGCCTG-1,-0.04597171056626255,7953.0,B,1109.0,1335.0,-0.06322647746687257,0.007483890042007623,0.007275158069436999,0.07961106922856953,-0.2077390974839759,-0.14718511046650798
GGTAGACCGTTGGGCG-1,0.07819565681980145,9450.0,B,876.0,1336.0,-0.11120916154567413,0.15379710700832838,0.26059095798878384,0.21864261563609602,0.049389367493672204,-0.1807263224005184
GGTATCAAGCATAGAA-1,0.26485385044788423,18735.0,B,327.0,212.0,0.03791194856267302,0.3120552809140501,0.05270323448285978,0.0786397459156647,0.2630387808401114,0.7868506165005864
GGTCACGTTAGATTCA-1,0.03891965801942757,8158.0,B,677.0,278.0,0.14868738259172315,0.3047224635327872,-0.08474942277984919,-0.23122181749476123,0.19676391858475667,-0.03183913211410559
GGTCAGTGGGTCCCAC-1,-0.1552972201482233,2614.0,B,992.0,1223.0,-0.15147812367172273,0.0038964860947840116,-0.005486926609926827,-0.18465007330205585,-0.2741029711806605,0.00048478430852914867
GGTCCTTCATACGACT-1,-0.019481647690537313,10526.0,B,302.0,438.0,0.21372545944314567,0.002354611285910033,0.1351578577552111,-0.3123244668234409,-0.044034190324647,-0.11598191050639414
GGTCGGATAAACGGCG-1,-0.0062666433083665984,17927.0,B,1442.0,658.0,0.1726987561970605,-0.11535806663723346,-0.47807206550029746,-0.13417515385685094,0.10285472967169597,0.21092281805325108
GGTCGGCCAGGAGCTT-1,0.21206644196549196,30494.0,B,1275.0,861.0,0.20403227715296662,0.15991297169215898,0.0602876763748622,0.14914566001649213,0.16118643437121172,0.22805386911710757
GGTCGGTAATTAGACA-1,-0.0867059951909522,4327.0,B,651.0,414.0,-0.1105850947828837,-0.49537435037124694,-0.18079809079549658,-0.08878130637384435,0.3555718270487741,0.10315917850411334
GGTCGGTCGTCCACAG-1,0.044503569041348154,5639.0,B,863.0,1404.0,-0.01572414540046605,0.09334303425723856,0.044325728605777825,0.24374046617396236,-0.04294105386865909,0.07574502191147872
GGTCTTGGTGTTAACT-1,0.12218823425934207,39387.0,B,197.0,303.0,0.07796618215650718,-0.02979291292596014,0.10296646015983554,0.08260668165455726,0.19772292192479765,0.011018168521312502
GGTGAACGGGCTAGCC-1,-0.0193436575995689,6554.0,B,599.0,324.0,0.09506310691117921,0.013418632007877997,0.23594406112589844,-0.2800891521969753,-0.11459508028598314,0.23793409254757433
GGTGATAAGGAGCAGT-1,-0.027337314528284612,16577.0,B,1211.0,974.0,-0.1889726918452173,-0.10562642077276999,-0.04295217977772961,0.19882367982243238,-0.13210544384278594,-0.01614453979642701
GGTGATTTCATCTTGT-1,0.01265474726777819,5606.0,B,690.0,346.0,0.0434935217514438,0.03167607756242716,0.15348834835011535,-0.07964185719465262,-0.0390203436853275,0.18606809217869036
GGTTAGCTATATGTCT-1,-0.03328515192281735,3015.0,B,1315.0,1199.0,-0.3593986047338673,0.27057071194669335,-0.03562279537414173,-0.16371833107998823,-0.09899886598067677,0.34063916573151054
GGTTTAATTGAGCAGG-1,0.19546199905989625,20587.0,B,1689.0,724.0,0.1946267911324656,-0.15957970841618388,0.06331693058046986,0.8154791209691398,0.15771215691469553,-0.04942191520495992
GGTTTCAATCGGTCAG-1,0.057171224221276636,13956.0,B,1366.0,884.0,0.2975158148421377,0.16269225868094045,0.012860905860933169,0.006850661356760383,0.06671069560705788,-0.1247653344219914
GGTTTGAGTGCTGGAA-1,0.01969976061856049,1587.0,B,729.0,413.0,-0.17267303425736283,-0.13867328607180873,-0.057652268674360775,0.0933091432066244,0.050167880927109554,0.5921779298484529
GTAACTTGCGGCAGTC-1,-0.059953326950118874,14406.0,B,703.0,368.0,0.061896737767543,-0.22551689296562122,0.0347389410069924,-0.018842865169179247,-0.07672822968813625,2.0498593867612075e-05
GTAAGTAACAGTCTGG-1,-0.0007764691640763932,3899.0,B,1250.0,1042.0,-0.19344493851061786,0.10247948586508797,0.1268814442812379,0.2482200014284551,0.10547463263651063,-0.21628906193624337
GTAATAAAGGGCTCCC-1,0.04670392111622221,10903.0,B,1521.0,838.0,0.0077284499385266905,0.01892893200242701,-0.022688820068727755,0.11705944477092065,0.2922542007358102,-0.038775182341577764
GTAATCTGATTCTTCG-1,0.004697141029895546,7828.0,B,759.0,1269.0,-0.11820521964750565,-0.14877100680110397,0.10690416924239264,-0.05574990890194058,0.21772852935782402,0.18613450390086272
GTACAGAGGCAAGGGT-1,0.030707587792433703,13650.0,B,1262.0,974.0,-0.004025190311595227,0.2603084695345808,0.01827236423276592,-0.1320283485167702,0.022710520691391064,0.1327835891030585
GTACGACGGCGCTGCG-1,-0.13432291378919808,2764.0,B,522.0,414.0,-0.46557243484250715,-0.2339347307827423,0.2937392046965315,-0.20251169908785582,0.18403814153395026,-0.07993942437991329
GTACGCTTCATTGCAC-1,-0.056476595303987645,12979.0,B,1121.0,1178.0,-0.23705640561903857,0.17184899976273293,-0.24020338624685886,-0.12688115233609784,0.1604214599624964,-0.1141899829917081
GTACGTTTGCCCGTCA-1,-0.19208094716199994,2796.0,B,1069.0,1133.0,-0.009906813560247474,-0.018676679084534457,0.008041057075761054,-0.5532494607352791,-0.13006790991835449,-0.12035621336290445
GTACTCCTGGGTATGC-1,0.006604650901410873,9047.0,B,1507.0,725.0,0.20683557619797102,-0.010068259651405892,0.048713066145489946,0.2992436737295298,-0.1004797975921308,-0.3652029968571545
GTACTGCATGAAGCGT-1,0.008377136015551373,11739.0,B,690.0,391.0,-0.006661075760139915,-0.12073494166734516,0.027872412325974857,0.1216238282399555,-0.010474668909173038,0.05164347944061429
GTACTGGAGTTAGACC-1,0.06715051603573165,11486.0,B,1236.0,884.0,0.28265514535727415,-0.07740456547142471,0.1853412633812105,-0.17479004898688114,0.30672454822343875,-0.09276981343758986
GTAGACGTCGTTACAT-1,0.13924866368248331,1455.0,B,690.0,436.0,0.24522793959849248,-0.11614469653985067,0.31440280504220325,-0.09539285802684459,0.1820944332322833,0.6495709928174092
GTAGCCAAACATGGGA-1,-0.10670414892362418,4021.0,B,1095.0,1268.0,0.02929220663606852,-0.18649689351112728,-0.018054333502426377,0.28569169719678683,-0.05579996102128974,-0.3968093075253581
GTAGCGGCTATACACT-1,-0.00554865388155678,7435.0,B,1081.0,1020.0,-0.1591918980437624,0.1842103345907323,0.15840563946989855,-0.13600842498774998,-0.0755895630070229,-0.020968111446925515
GTAGCTTCCTCTTGTT-1,0.07805798116333204,15849.0,B,1340.0,839.0,-0.02072108846793992,-0.09654785525878838,0.03762712798104251,0.1312481907606458,-0.02693611668628447,0.26067943297321067
GTAGTCGCGGGAATCA-1,-0.09940355610854273,16219.0,B,1238.0,1245.0,-0.2998186021577315,-0.04173602708035445,0.13151447236235506,-0.47036416108379453,0.13194124335008586,-0.21465447638573626
GTATAATCTCCCGGAT-1,0.14325419161722436,12004.0,B,341.0,460.0,0.19657377179600924,0.30808357635325706,0.10318614393571157,0.11260817400084489,-0.025918047791597065,0.18172022795754317
GTATATGTTACGGCGG-1,-0.015575253411395762,17839.0,B,443.0,279.0,-0.3393601839661569,0.08478426488596384,0.03406896251058339,0.1063008870513882,-0.1643688960682519,0.05316213388266654
GTATCGGGACGAGCTG-1,0.09208677332606502,9473.0,B,379.0,257.0,0.11273866644135208,-0.04331542066269893,0.20352922670413712,0.12753852447657107,0.20610480733303493,0.06446552094152021
GTATCTCAGTCTTGAC-1,-0.08590758637091357,2411.0,B,475.0,1451.0,0.06275489870108956,-0.0995353314631821,-0.18530444325852627,0.044954809148830974,5.678179712428899e-05,-0.13409651262785072
GTATCTTTCATAACCA-1,-0.08432704892593715,8792.0,B,1043.0,1178.0,0.17113914960270768,-0.2159282134349574,-0.049538585441146823,-0.4566736496152035,0.10337201134891442,-0.021489335283552066
GTATGACGTGGGAAAC-1,-0.07032909012880255,7258.0,B,560.0,301.0,0.1847795960834959,0.05974805227259636,-0.5674813269575913,-0.049175066322381444,0.08632379980250057,-0.0252528558417735
GTATGTGGGTCTAGTT-1,0.0823821616991556,28321.0,B,1379.0,996.0,0.021341076174170137,-0.0965260192659519,0.12099147746897254,0.13346709023465847,-0.009766221255707142,0.09327264815276617
GTATTAAGGCGTCTAA-1,-0.20597244657404568,21729.0,B,523.0,595.0,-0.38235600946757137,-0.5201032331888936,-0.07134792062769546,-0.19426303507893283,-0.1422390068322226,-0.02354017516454558
GTATTCTTACCGTGCT-1,0.11348922775593902,14410.0,B,456.0,302.0,-0.10713867118281842,0.1423674774221876,0.30193864997934533,0.05142982352389572,-0.05023435349615803,0.0695965077728247
GTCAAAGTTTACATAG-1,-0.010193428957549239,3195.0,B,561.0,437.0,-0.0002827272550228743,-0.05034719242084064,0.25849110235569484,0.008321801022999481,-0.007027469978700324,0.1680474296251417
GTCAAGCGGACTCGGG-1,-0.044467132309018546,7126.0,B,1185.0,1020.0,0.08591303617669746,-0.16045285183361707,0.007988812487555653,-0.1908682366310037,0.1541590959761107,-0.06421082293891014
GTCAATGCTATAATTT-1,0.05921334271556802,21674.0,B,1740.0,634.0,-0.0768877801478718,-0.005340253429223486,-0.04299943278799211,0.03962341011553116,0.11024428093272085,0.1472390730812495
GTCAGACAGCGTTGGA-1,0.10725022640106989,22811.0,B,236.0,325.0,0.1905363754404928,0.04054193907133942,-0.0009660523492069431,0.14180315394886842,-0.0553568008494905,0.1486828291250466
GTCATCTCCTACAGCT-1,-0.07812682832069986,9503.0,B,340.0,415.0,-0.020371409755044437,-0.062452692745836876,-0.029730449436030693,-0.29193225810382534,-0.13830184619029304,-0.027990431322337597
GTCATTAGAGCGAACG-1,-0.07647419944716154,4906.0,B,1055.0,975.0,0.08166366799230677,-0.05191296813583967,-0.07390223154533077,-0.20751288519289418,-0.3083015402863498,0.31927231345790097
GTCCTACAGGCGGCTC-1,-0.08829628853557321,3666.0,B,393.0,550.0,-0.08276536315605224,0.0715467543035018,0.05156140185063846,-0.2303239584996054,-0.017466166559375045,-0.08978064027462762
GTCGCCGTTGTGTGTT-1,0.08938695716473502,12712.0,B,747.0,1427.0,-0.03602683539852615,-0.1685206380576198,0.2652724020055069,0.4231721940593851,0.10922508553899231,-0.1520151694200223
GTCGCGTAACCCGTTG-1,0.11808175232432906,4962.0,B,1159.0,1020.0,0.004551020436626016,0.5202959063205499,-0.0766006307110193,0.19169741208014557,0.16542244215186735,-0.08349296675632059
GTCGGGAAGCAGAAAC-1,-0.005215342891712799,6715.0,B,1032.0,1471.0,-0.07276448160402438,0.043338312183633716,0.2234815767712618,-0.11248215785625022,-0.09566797316311687,0.10761117823799861
GTCGTACCATCTCGGG-1,-0.036009518047249445,2115.0,B,991.0,1178.0,-0.3933109648967714,-0.25680877359326804,0.1022263169744372,0.3373866053930511,-0.06843111523709079,0.3574336497538877
GTCGTGTCTGGTCATC-1,-0.1395846353324547,840.0,B,1611.0,770.0,0.022654953633633595,-0.06101537883338415,-0.05078623052491478,-0.11413966169503284,-0.19640171427481726,-0.05608480370170388
GTCGTTATTCGCTTAT-1,0.14199533765642325,3542.0,B,1173.0,1177.0,0.09771150239136653,0.17790418583640727,0.29906171356334127,0.4911532975865255,0.08959135719011099,-0.0045798151993993105
GTCTATTGGTTCCGGT-1,-0.0670882692080211,13312.0,B,1354.0,1267.0,-0.008618354873491618,0.06050160049818586,-0.08399820104850207,-0.35952515079882325,-0.04613159903908849,-0.06562504735016786
GTCTCGACTAAGTTTG-1,0.16134735209691403,22788.0,B,1624.0,702.0,0.061129756491547824,0.15383865739896016,0.20209053671020674,0.1305393169140458,0.013084382430185268,0.21796075897975126
GTGAAACGTGCTCCAC-1,-0.12868136160774485,12059.0,B,664.0,391.0,-0.39306717568124566,-0.21789041228229875,-0.2485232508838324,0.1324474671813537,-0.10757012090595224,0.005418693207623228
GTGAACTCCCATTCGA-1,0.013056720301204985,9306.0,B,1534.0,815.0,0.03478530040058284,-0.14073156300254056,-0.10981980450426646,0.10733286887099441,0.232227952332114,-0.03840442248283655
GTGAAGATTTCAAGTG-1,0.037829230303438474,4985.0,B,1520.0,612.0,0.07471417803428707,0.048627211533391695,0.15338058770492277,-0.016662988898080267,0.024976642163713685,0.12781681306877335
GTGAAGCCGTATAGTC-1,-0.018135765385734658,9507.0,B,1572.0,612.0,0.07101587817994072,-0.09958174986291135,0.1651576643946453,-0.2341330609771504,0.11112629523540858,-0.07267075325359863
GTGACCGCACACTACG-1,0.03561340780719887,9565.0,B,1366.0,1019.0,-0.025867266843574092,-0.028645398536459022,0.05236880375378022,0.1250533123806282,-0.06048051090666366,0.18220707793004304
GTGACGAGGGTGACCC-1,0.047947220365322035,25891.0,B,1663.0,860.0,-0.05978647074602036,-0.051435894879847,0.005802213266416903,-0.003429724622661376,-0.03379122253944293,0.14427937564507654
GTGACTTCAGTAGTGC-1,-0.16396779476552673,17428.0,B,836.0,1179.0,-0.049397198827466945,-0.3902873863864943,-0.20049064691149232,-0.05140193702110461,-0.3357322255064703,-0.05783406470877649
GTGAGGACACTTAAGG-1,0.09054953409491516,5456.0,B,1185.0,1065.0,0.2806434211625284,0.08527908699098018,-0.07708596935933018,0.19018686421964306,0.015216752346271446,0.12811988138028774
GTGAGTGGTACAACGC-1,0.03447340164682186,4150.0,B,914.0,1314.0,0.08388850091440384,-0.020530282886234,0.066646455818235,-0.14324316446894297,0.2623409119265817,0.14514679339024184
GTGATCATAGATCTGC-1,-0.043076276852415586,7284.0,B,927.0,1156.0,-0.09159782831572096,-0.0346230131527554,-0.15129580258632078,-0.11320239519165294,-0.018708895536787454,0.240674477139295
GTGCAAATCACCAATA-1,0.03582581760461853,21224.0,B,236.0,145.0,0.26040417439755265,0.0656106955976333,-0.10680041064499288,-0.027603757420440685,-0.06973358923227385,0.08814783348720388
GTGCCCGTTCGGATTC-1,0.12717337508214874,14253.0,B,1289.0,1019.0,0.022982405634202896,0.07765909799009685,0.15288470097226833,-0.013390948567235092,0.40894424569178567,0.0007699772638196829
GTGCCTAGCTATGCTT-1,0.0688962001022306,16019.0,B,328.0,438.0,0.018015168728117585,-0.019209506852535155,0.0734419228590937,0.010187849172014367,0.26162751824777986,-0.0763181400288329
GTGCGACAGGGAGTGT-1,0.06091186882912319,10440.0,B,1483.0,951.0,-0.11137788571948129,0.08781795650479506,0.08263013621484482,0.13829830515867578,0.07070199677884215,0.16650792419830043
GTGCGCAGCTTGCTCC-1,-0.08205712248440764,4196.0,B,612.0,256.0,-0.23775034855669783,0.017375438622217482,-0.04821327079586668,-0.24830068686863893,-0.012186299728245038,0.03996942084556095
GTGCGGGACCATCGGC-1,0.1548176249685511,6416.0,B,702.0,278.0,0.13084538485942898,0.03875784740767631,0.10188447625216548,0.4763540318645105,0.031924008973758564,0.1599228480958867
GTGCGTGTATATGAGC-1,0.052142740993800604,3949.0,B,1263.0,1064.0,0.21405120662824745,0.3123438896273678,-0.2533504608614271,0.32526519803853843,-0.03195583637540848,-0.1919396229782232
GTGGACGCATTTGTCC-1,-0.09157570897100618,15060.0,B,1018.0,1403.0,-0.05789890532878311,-0.011973896571900275,0.06858292555826581,-0.09877513614360041,-0.2686046948351312,-0.37018754719876096
GTGGAGCGTTTACCGA-1,-0.14696535252397555,13557.0,B,397.0,1451.0,-0.5204031558024332,-0.2437524521213879,0.07699902078450817,-0.10047305446623278,-0.2817713986603653,-0.03870335103271172
GTGGAGTCGGCGGTTG-1,-0.13691250584912723,10727.0,B,682.0,1360.0,-0.3696350155582387,-0.11764930236375412,-0.0023611228247180415,-0.04116304244373279,-0.20050857230006186,-0.12557193179512444
GTGGGTCTTCTTTGCG-1,0.014590236966317525,10907.0,B,417.0,189.0,0.04985398076821189,-0.2043830411894652,0.14966458812737324,-0.12423171915510929,0.1898605691756303,0.06408687461727566
GTGGTATAGTCTGCCG-1,0.005102744912536372,18926.0,B,721.0,1427.0,-0.04672999660144506,0.06428189641890418,0.09712576156906289,0.08203962183613772,-0.0709548599518038,-0.13414878321873874
GTGGTGGCCAAGTGAA-1,-0.07302536203672357,8936.0,B,1212.0,1155.0,-0.10849564815257086,0.1340084055246548,0.07350736656847438,-0.1925983033335767,-0.20380824153029228,-0.20510090075175064
GTGGTTACTTCTTTCG-1,-0.011908566812732047,6088.0,B,1547.0,838.0,0.1779048814230435,-0.15903712887223953,-0.0342183096957189,0.02704997014488701,0.1733483455688449,-0.13182965062274188
GTGTATGACTTTAAAG-1,0.10522788723936097,12187.0,B,715.0,256.0,0.5594984800849707,-0.0036243275107518125,-0.21457173772305677,0.053377324688520036,0.33852971678959326,-0.06653414204615146
GTGTCGTATAGCGTTC-1,-0.0643987455356486,3439.0,B,1174.0,1358.0,-0.28873811640806263,-0.10148154432268369,0.04281458112723789,0.28238959941765823,-0.1300740637075128,0.03467443012967573
GTGTGAATAACTTAGG-1,0.13861872569850242,18911.0,B,1262.0,884.0,0.2147818049658596,0.1856170828115471,0.026962166821014887,-0.020194822036270647,0.29452533859065416,0.02939766696555507
GTGTGAGCCGAGGTGC-1,0.12067791153966217,7934.0,B,611.0,166.0,0.17521058803040573,0.09878214909664106,0.13832082228119918,0.25880291148696566,0.05263365933868968,0.13561114448485423
GTGTGTCGACGTCGCT-1,-0.06301177791634771,8401.0,B,224.0,483.0,0.3036372469627128,-0.003332636058242907,-0.26477172649010566,-0.38184469561118517,0.1109838256935212,0.0011313741035469168
GTGTTACTATGCGTCC-1,-0.006443787961921188,3092.0,B,1159.0,1065.0,0.24622053835539703,0.06126433036754072,-0.20023371378993018,0.08245147069765711,-0.05916775266959176,0.03371276134304236
GTTAAAGTAGGACTGG-1,-0.047354269740798594,20276.0,B,1264.0,1245.0,-0.23392014772142955,-0.11316130913415275,-0.03996872659504264,-0.1258578607153894,-0.1643933417399183,0.04716197275419289
GTTACCTACAACTTGC-1,-0.012335575171702917,14358.0,B,1056.0,1200.0,0.12738936758048716,0.22583732766678782,-0.13183821922740097,0.11942960844554451,-0.1792363720629211,-0.20275071718876006
GTTACGAAATCCACGC-1,0.11275476280004472,8593.0,B,611.0,211.0,0.35746120560408023,-0.1352942680874063,0.24284620093655399,-0.06339664823790266,0.14212363355436664,0.07491274988409312
GTTACGGCCCGACTGC-1,0.08744911720711171,4959.0,B,689.0,211.0,0.1603161187199329,0.11992717780114272,0.3005374037306434,-0.10330927913116134,0.29287911375483566,-0.08680141314301533
GTTAGCCGTAAATCAA-1,0.02497240138958421,19008.0,B,1611.0,815.0,-0.026445639128606507,0.03166506220077602,0.006614144356509061,-0.12068375435406437,0.10800710476445205,0.04308778055498452
GTTATATCAGGAGCCA-1,0.18296679677194877,30120.0,B,1675.0,657.0,0.1948441401192481,0.44935545719548736,-0.033056507753308324,0.07226653115100728,-0.08626851677680278,0.1921953229873051
GTTATATTATCTCCCT-1,0.06373874237894853,4156.0,B,914.0,1224.0,0.1620237883425094,0.2760340453451269,0.18589791481634985,0.013433104887268212,-0.06370909730730505,0.033575963339743706
GTTATTAACGTGGGAG-1,-0.02470076500204363,13118.0,B,419.0,640.0,-0.2758615334070375,-0.10207554416755905,-0.12322825406536105,0.07895796583690012,-0.015114527503976629,0.1659580713022024
GTTCATCGTTTGGCTG-1,-0.15736369326061678,5591.0,B,1547.0,883.0,0.1506499893828628,-0.45492517070122895,-0.28260398699360384,-0.03984616095149096,-0.12822987710698644,0.04208056661139387
GTTCCAAGACAGCGAC-1,0.027923840120667665,8794.0,B,521.0,234.0,-0.14270208663032719,0.06232112129758903,-0.04251763129710438,-0.09606417398705153,0.13354772461232944,0.164677020893588
GTTCGGGCGTACCATT-1,0.09503704122062348,4287.0,B,1586.0,860.0,0.07699643571710735,-0.07348360498416161,0.25321091090317044,0.03184163794077815,0.3712910013058959,-0.02256166746453344
GTTCGGTGTGGATTTA-1,0.23987061612101068,16960.0,B,223.0,258.0,0.29914968620220683,-0.004998487295879685,0.31852642712462637,0.2603452186128831,0.262522952890923,0.12872547822438005
GTTCGTCTGGGTCCCT-1,0.22914078399929472,13020.0,B,1727.0,612.0,0.050728178995252705,0.6789550693544126,0.07122894797230789,0.11241392602348652,0.3470904417772377,0.0179064397650393
GTTCGTTGCGGACCAG-1,0.08149310834909856,46016.0,B,650.0,143.0,0.04096831680878765,0.13821378636733797,-0.08951052019552988,-0.06635886493233355,0.13057993588685418,-0.0667477362085267
GTTGAGTCCCGCCGGT-1,-0.0952679923512249,9237.0,B,1199.0,1312.0,-0.17728422928393328,0.013471627717953938,-0.08109350827810355,-0.14432280920060403,-0.08669363466621598,-0.06584502161965738
GTTGGACCGCATCAGG-1,-0.00036767550908684,43008.0,B,1688.0,589.0,-0.011856511228726108,-0.37973151572287595,-0.08717622304294723,0.09034638377548886,-0.02031846162157217,0.031781015973264826
GTTGGATTGAGAACAC-1,0.039663940861004714,15770.0,B,1327.0,861.0,0.07162717878333108,0.19439553806903087,0.031016558269022037,-0.1588483884429687,0.0679366712532281,0.01823693449950942
GTTGGTCATGCTATCC-1,-0.04585501539997386,8698.0,B,1005.0,1381.0,-0.3030063001528494,-0.21593862398313535,0.0962458470478958,-0.032783661575637876,0.18624616857051335,0.025090032992507567
GTTTACGTTCCATCTG-1,-0.013112400064528212,2502.0,B,1018.0,1223.0,-0.11970609282999824,0.10301864472678399,0.1191808729562264,0.4163462188669238,-0.2408608355254145,-0.0042348292503146395
GTTTCTGCAGTCTCCC-1,0.11233074108854936,7899.0,B,1120.0,1042.0,0.03465285076443836,-0.010521947899666368,0.16376985150861234,0.1514773838226523,0.008009631946862151,0.2768085362019999
GTTTGAGCGGTTATGT-1,0.07204981488166826,72607.0,B,728.0,143.0,0.19593050509491966,-0.015237461145105428,0.09243150699144204,0.0746349285552948,-0.10755568450927833,-0.06654496225051797
GTTTGGCCCAAGTTAT-1,-0.15299214056005336,3749.0,B,1224.0,1087.0,-0.33474519628111515,0.04112437562771744,-0.21348329587515874,-0.0597327193873066,-0.04976985035917876,-0.015784632362446843
GTTTGGCCGCTCAGCG-1,0.06253200334662404,2123.0,B,599.0,414.0,-0.29390990231523406,0.06840831705092545,0.31460257792214363,0.08237319076145289,0.19278948935742685,0.20447075910421264
GTTTGGGCTTGTGAGC-1,0.08524953335816672,10171.0,B,1031.0,1291.0,-0.15829969703452565,0.08358857137736198,0.4570588745319362,-0.02378964336251981,0.0823945828457052,0.05580721941706061
GTTTGGTAGGGTCAAC-1,-0.10377327357395755,8414.0,B,953.0,1336.0,-0.06512340810611737,0.11611749988717247,0.24611508842820617,-0.41906362197788954,0.15349728808709187,-0.6277338144660072
TAAACCCAGGAGGGCA-1,0.025303207226969243,7034.0,B,656.0,1360.0,-0.06417285456398725,-0.06627496069706242,0.07072913437109683,0.28986139432114577,-0.11418676432615063,0.0557483937117609
TAAACGTCGTCAATGA-1,-0.024658099264275743,3895.0,B,341.0,550.0,-0.11370976771752134,-0.10337846360121103,0.22675140196852211,0.30579593860472026,-0.3281748162309814,-0.0336018309506015
TAAAGCGTTAGGAGAA-1,-0.07025349937133912,7040.0,B,1326.0,771.0,0.3273401257941712,-0.15934979874127062,0.004063285852913021,-0.3524786684586351,0.050832251872724395,-0.2544442857287402
TAAATCTTTACACCTC-1,0.013560303301101133,23971.0,B,1740.0,679.0,-0.1794280961500978,-0.18378767563247672,-0.0242151856276203,-0.04302286238001518,0.31000172736573933,-0.029945851632395125
TAACATACAATGTGGG-1,0.05522190429816155,12577.0,B,1094.0,997.0,-0.19205929052989468,0.0867432380020382,0.007434463564850808,-0.06714611994054201,0.040310198856237676,0.36058630016240895
TAACCGTCCAGTTCAT-1,0.13763391425946556,13739.0,B,378.0,167.0,0.20196924300578425,0.35515803859807565,-0.016259589083022514,0.0912664642205088,-0.009308968296600918,0.14978913857455878
TAACCTACCGTCCGAG-1,-0.22693995722671423,10010.0,B,1495.0,883.0,-0.7878347225068968,-0.10548285454281343,0.03110307993869925,-0.055743580227344665,-0.12237223587195525,-0.24272484565028246
TAACTATTACGCCAAA-1,0.052083178679893385,15443.0,B,1572.0,792.0,0.1144917708676317,0.05908081099796106,-0.04083148523287204,-0.001352456190768618,0.0032792264532282393,0.233165570958255
TAACTCCATGGAGGCT-1,-0.019945145632165623,3548.0,B,535.0,572.0,0.09923792975928741,0.027388034276484417,0.03288771280198385,-0.16564341535387747,0.07513802206101061,-0.07276653782665314
TAAGATTTAGCGGGAG-1,-0.05146724822026384,3705.0,B,650.0,233.0,0.11243149168063211,0.12493481820715889,-0.2104654206254084,0.20724791795685313,-0.295649850688838,-0.05790212020313405
TAAGCCCTTACGACCA-1,0.027875000093718256,73124.0,B,1662.0,454.0,-0.04148474726490392,-0.15615441607337358,0.03549764180235373,0.054943493642302915,-0.23738961814970455,-0.009878167253664125
TAAGGCATAACATCAA-1,-0.15518693754827567,12392.0,B,824.0,1427.0,-0.4269510407739029,-0.0430505174477986,0.1263627370235865,-0.38377549782361464,-0.09464636966980243,-0.13673253300017063
TAAGGCTGAATCCCTC-1,-0.09321120729616598,15010.0,B,1445.0,1154.0,-0.01450920569830079,-0.4300770439964157,-0.14071035514772703,-0.013471325422243885,-0.03793976449401572,-0.023747008918295176
TAATAGAACAGAGTTA-1,0.05680161789857628,18043.0,B,681.0,1270.0,-0.03783761621752522,0.006040390910212981,0.0666447670222814,0.006290995319687465,0.21987337996534514,-0.13016522392340793
TAATAGGTCACCAGAA-1,-0.021269574600721507,7794.0,B,462.0,1519.0,0.11457705226480838,-0.15876230130523689,-0.193297397411916,-0.058162827479858396,0.15882986933944754,-0.000837878499601619
TAATCGATCCGTACGT-1,0.04685066042890612,8416.0,B,1391.0,703.0,0.033355128363933895,-0.2111035608666643,0.4026900782613751,-0.04471622793889361,0.3898078452147243,-0.1717411365337816
TAATTAGATGGATATG-1,0.043299136993547996,5100.0,B,599.0,369.0,0.19070589291754259,0.15479022644336593,0.1561913884348382,0.03379882373211134,0.10223443816207636,-0.12147350412312757
TAATTGGAATCGGGAA-1,-0.023778233253551967,1461.0,B,1545.0,522.0,-0.053453178822993164,-0.04359797241309539,0.23569675004708437,-0.060575469158236556,0.07916811338443788,-0.030580314567437136
TACACCGTCGTTAGTC-1,0.09056174620330382,30010.0,B,1702.0,702.0,0.07693968844775277,-0.09493501005224805,0.13459178870534988,-0.025906484305718097,0.06247932389292763,0.07288318170955102
TACATAGGCATACACC-1,-0.06965992701090291,29961.0,B,965.0,1043.0,-0.24120230723170463,-0.0489623401658123,-0.024357892142143168,-0.21311903582845665,-0.1673913569773563,-0.12619399672159004
TACATCCCTATCCCTG-1,-0.13483678222671958,655.0,B,370.0,1136.0,-0.05441822768478807,0.26076085942981864,-0.0488151545611326,-0.09261601395133084,-0.1549807886665888,-0.31002422732970764
TACATCTTGTTTCTTG-1,0.06917588549374663,8127.0,B,224.0,528.0,0.09874057376714739,0.6134235031470031,0.09002503115306364,0.0019020736331162563,-0.1575570818221198,-0.07498733538824534
TACCAAATAGCCCAGA-1,0.017702895768967174,10189.0,B,980.0,1471.0,-0.1119750028353701,0.27258725330061256,-0.13221652358166228,-0.042685268851152446,-0.010692883029996955,0.08345276894382489
TACCAGAAGTAGGTTC-1,0.0664503918493528,5539.0,B,849.0,1246.0,-0.022125141518082363,0.21099885713710687,0.31566352711974627,0.006022397519258843,0.14522626503258063,-0.2921780682279044
TACCGATCCAACACTT-1,-0.04368879377610422,7445.0,B,197.0,168.0,0.15256911759442413,0.02958352711743789,0.03466582862928838,-0.29607733512940504,0.07531051226338312,-0.18255665034600027
TACCGCGGACTTGCAG-1,0.018450207202679564,22787.0,B,1443.0,883.0,0.07862863021441051,0.07448785572951785,-0.3264515194764095,0.09778547938204377,0.0730398435469739,-0.05694803426909484
TACCGGCTCACTGCCC-1,0.26928080124417053,6987.0,B,1030.0,1201.0,0.16683802962197578,0.07443523499305903,1.4639079088266442,0.10949805485069732,-0.06944914627643312,0.03414505717600866
TACCGTAGGTTAACTA-1,0.023530975247308884,37158.0,B,928.0,1471.0,0.06727832386262479,-0.1303298704284387,-0.03424517418855296,-0.03927262298463653,-0.026413743951524654,-0.06471320376399793
TACCGTGCCTCGGACC-1,-0.018168559249827486,4056.0,B,1083.0,1290.0,-0.03142415879005592,-0.01557951456857435,-0.3757227413916572,0.030364105996418745,-0.18201433190542504,0.697009369224345
TACCTACTCCCAGTAT-1,-0.0846532388657176,4825.0,B,993.0,1449.0,-0.21310037985832747,-0.30467188572060333,-0.06727292761750235,0.03369561792359493,0.050789423216180865,0.06618632710859287
TACCTCAGTTGTCTGT-1,0.06348060736361791,10301.0,B,838.0,1494.0,-0.09823207407632603,0.05374355622754474,0.10568437911807152,0.20975761998589199,-0.01374927288785646,0.20444725799760896
TACGACGCTTGCTGCG-1,-0.148000705754314,10547.0,B,888.0,1179.0,-0.0769825472159765,-0.0937705027118916,-0.3900941559414834,-0.12302034936327547,-0.1868745684926876,-0.2093172636337588
TACGACTGCCTCTTAG-1,-0.0833673176574799,3235.0,B,1043.0,1133.0,0.27804328691196656,0.015386601812451578,-0.16864194658951026,0.10479182381171849,-0.2831031571442101,-0.1309893070287784
TACGCCGAGGGTACCC-1,-0.07250736395575424,6853.0,B,630.0,1405.0,0.16924743718810137,-0.1353150828954675,-0.1484761810335828,0.20231248566152982,-0.29179052451088366,-0.0788211100734611
TACGCCTCCATTCCGA-1,-0.024078844820031114,9491.0,B,954.0,1381.0,0.1987132725261812,0.1435232407505704,-0.0345488792124203,-0.06152383496985309,-0.2098866678111207,-0.18745995168868834
TACGCTATAGAAACCT-1,0.21477981226638068,18148.0,B,1534.0,905.0,-0.0666394648078355,0.072009742515359,0.31291395094387686,0.40375098515200086,0.469848093486435,-0.008051423140323928
TACTATGGTTCCTCAG-1,-0.06873308810203076,18024.0,B,798.0,1427.0,-0.33894487598189865,0.25828760106404275,-0.008225397195467367,-0.1755810357077746,-0.008992982223911938,-0.15138006845646623
TACTCACAACGTAGTA-1,0.08918520498743285,21628.0,B,210.0,235.0,0.29814132745679,0.10791670970818831,-0.04816155203035036,-0.053868108884053204,0.0882807693435225,0.11057219761959142
TACTCTTTCGTCTTCA-1,-0.12903317140088935,8976.0,B,786.0,1450.0,-0.33937961943390177,-0.34439243702756756,-0.569329904491049,0.08398041970306054,0.05977583764121476,0.2969873933759766
TACTGAACAGATTTAG-1,0.0734599959597699,7621.0,B,759.0,1405.0,0.1767669384778945,0.1327834973191056,0.10523961617459895,0.21661470903688834,-0.013665912420810038,-0.029211979763606212
TACTGCAATCAATTAC-1,0.05435623943346964,7189.0,B,1507.0,635.0,0.157336670893972,0.21725780724430965,0.06017462331859506,0.12059092970395446,-0.17310830640678224,-0.1041793980553414
TACTTGTTAGTAGTCC-1,0.10978269114663056,7192.0,B,1314.0,974.0,0.060588283980106065,0.10527040181477365,-0.04670540639956479,-0.15079066972488503,0.2801036399293333,0.35281573459216
TACTTTACTGAGCCGG-1,0.06668374843350773,8070.0,B,1430.0,816.0,-0.04991454911135021,-0.022482581846391576,0.023105837397460933,-0.05514511665239956,0.3082568203045247,0.21884507034900402
TAGAAACACAATAGTG-1,0.06806411421369604,18409.0,B,185.0,506.0,-0.05556992220655006,0.0891313097111712,0.1883653152730804,-0.09452219697972185,0.20758501053226217,-0.06022465472413495
TAGAAAGGTGGCGCTA-1,0.06891126092949053,9492.0,B,1236.0,839.0,-0.05009578700089827,0.2860611172039,0.13870285757797565,0.16437252276467196,-0.01764743819895774,-0.13836460397398828
TAGAACGCCAGTAACG-1,0.04702530955204533,17211.0,B,275.0,258.0,-0.08725014006808589,0.08962696659892788,-0.03659767585519715,-0.022396461526036318,0.18110533747399152,0.03505166107106663
TAGACGCCCGTACCGG-1,-0.008862822209039875,10152.0,B,1353.0,861.0,0.18240001873761058,0.3621213301898418,-0.5461039889357974,-0.029514670995494624,-0.007918461730504955,0.15309129831880622
TAGACTACCTAGCGTT-1,-0.03036937083630929,11338.0,B,1535.0,995.0,0.06250390104596876,0.13230690484121574,-0.21173961305048225,0.025654239686294628,-0.05927734692934926,-0.19215904263904726
TAGATATGGACTGGAA-1,-0.1335558353102514,10150.0,B,875.0,1246.0,-0.24986092744651642,-0.7388970984225491,-0.0027153910357534386,0.024301556700410745,-0.014493049924425853,0.015464103922512233
TAGCCAGAGGGTCCGG-1,0.14900422630805973,5852.0,B,301.0,303.0,-0.05075317433596311,0.01932461768238017,0.4964405096123118,0.24932386758621475,-0.01514402434874178,0.22859340758353114
TAGCCATTTCAAAGTC-1,0.036774589947045605,13147.0,B,1341.0,1109.0,-0.10083405927715708,0.08727551303483372,0.30834653957521163,-0.062426184773563306,-0.003867587508227993,-0.08098496587459443
TAGCCGGCGGTCAGCG-1,0.10192917590052486,14464.0,B,1288.0,884.0,0.07716733100723361,-0.023710992138299147,-0.1522765879134092,-0.16657882767461174,0.23427600453478542,0.4772204500260117
TAGCGTCCGGTGTGGT-1,-0.0251081561655237,14051.0,B,1186.0,1335.0,-0.20470903470757149,-0.0658752491930974,-0.08673553867979565,-0.1784578747862537,0.0008185180007568224,0.16372728183293445
TAGCGTTGGGTCTTAC-1,-0.043057639014579055,2803.0,B,1068.0,998.0,-0.13175372503374738,0.10275534791255649,-0.021161586699247087,0.24932182727241978,-0.3522292844991309,0.0626762160765108
TAGCTAGAAGGCATGA-1,-0.0727208760519129,12459.0,B,850.0,1292.0,-0.1569153308098103,0.021448686830157677,-0.27908202024506934,-0.1979426608636724,0.01880799834050438,0.04770224864852423
TAGCTAGTGATGATGG-1,0.039202770229119804,9173.0,B,812.0,1495.0,0.22711480224531705,-0.05536078002345035,0.025640662596639295,0.0720102637101976,0.16517403493543514,-0.10367204253362351
TAGCTCGCCTGATAAC-1,0.03688918642929293,3861.0,B,940.0,1269.0,-0.345397714329755,0.5368923331126689,0.1447577130493322,-0.17020263891895768,0.06463036550959204,0.14435731723872036
TAGGGAGCTTGGGATG-1,0.03311534466373527,11857.0,B,1431.0,951.0,-0.19582879127245953,0.14061302647376603,-0.21784115125385128,0.16544165574759456,0.12922271946548006,0.12315957797415707
TAGGTCGCCGGAACTG-1,0.014511620253040619,15400.0,B,1482.0,860.0,0.03168784022052979,0.051494375364666584,-0.0007339404508683121,-0.11012947125520416,0.16855104360746512,-0.13116418361689514
TAGGTGCTCGCCTAGC-1,-0.032200915348007994,3483.0,B,1302.0,1042.0,-0.06903961877285733,0.09701281117582362,-0.002385093380475597,-0.03294971435980229,-0.05099834374993451,0.061897411241419925
TAGGTGTTCCACAGAT-1,-0.011424616790571898,9138.0,B,967.0,1494.0,-0.19801159258041406,0.07614897627221837,0.34118727222497464,-0.12381909961673375,-0.16578190753067665,-0.08611248093135775
TAGTACCTTAGTGGTC-1,0.04502339418223694,6848.0,B,458.0,617.0,0.13877577037981165,0.23986337943119174,0.09542284011177005,0.1294784015014278,-0.2693252218035438,0.03407106396279354
TAGTCCGTATGCATAA-1,-0.0874193602588952,4957.0,B,354.0,483.0,-0.2947694835536029,-0.28368196933437745,0.09082753318890197,0.2514962367413654,-0.22642021638352638,-0.08500480682775566
TAGTCGGGATTCTTCG-1,0.012228064372607136,10483.0,B,237.0,416.0,0.3124003052782321,-0.2149714416860585,0.03361876606051799,-0.03283889654402856,0.0973178295976947,0.022585685966870803
TAGTCTGTGACGTTGC-1,0.08422335305242899,7415.0,B,1520.0,658.0,0.05476739976019089,0.19367176102935454,-0.05575698164299913,0.09082161416239476,-0.19789591743890067,0.4279657905720582
TAGTGAGAAGTGGTTG-1,-0.021185493160985155,4256.0,B,715.0,211.0,0.2029698073654958,0.3789233134848326,-0.13985694529335457,-0.3051824339910854,-0.0853469000519001,0.05022834366914336
TAGTGCTTGAATCCTT-1,0.057968723310470496,14242.0,B,237.0,370.0,0.21049971386325944,0.6029511261352055,-0.30261518255634556,0.016627825335536615,-0.010197818834188493,-0.12009055028358212
TAGTGTCAGAAACGGC-1,0.0353981860552297,12220.0,B,432.0,617.0,0.00083726669663425,0.03662234509984849,0.07509296023011537,-0.23711649056204112,0.40886722078785936,-0.09511919885933337
TATACACAGACGCCTT-1,-0.07331311884805071,2943.0,B,966.0,1268.0,-0.12726355882213103,-0.03911117219174235,-0.11593898935197043,0.12840558352581938,-0.06866415447698382,-0.04948222081213769
TATACTCATGCGGCAA-1,0.0434066730939418,18457.0,B,419.0,595.0,0.03701271243885848,-0.031012090861569693,-0.1016989615860459,0.03416849164314047,0.10880880898349131,0.09573012698523813
TATAGATGGTCGCAGT-1,-0.04453588728853389,7923.0,B,1509.0,1041.0,0.19235832274159276,0.2144315630320291,-0.05447371291632201,-0.2273035415939356,-0.09725417774056345,-0.18290835186521737
TATATATCGAGAAATG-1,-0.06805240589579313,9956.0,B,553.0,1496.0,-0.09833683727958148,-0.09417537537238743,-0.31045280942379944,-0.20569594636054797,0.23552616222570846,-0.03402127468735753
TATATCCCTGGGAGGA-1,-0.022233302719548077,9207.0,B,1457.0,951.0,-0.1660709238006296,-0.0864465078514343,0.005593455832376696,0.08986494051856495,0.04190320449376341,-0.04700998649084632
TATATTACAAATGTCG-1,-0.08325387841489744,1524.0,B,1571.0,522.0,0.11696607904222249,-0.1885060404866662,-0.17833738028629972,0.34572219971985546,-0.15709093160738571,-0.06764152890754573
TATCACCCAACCGACC-1,-0.05069037376655391,7724.0,B,1481.0,680.0,0.04536499599124623,0.06885091263349444,-0.5652522800582446,0.11338256804433133,0.06711943501874608,0.13614619064959518
TATCCAATTGGTTATC-1,-0.11530188939570729,5684.0,B,1213.0,1380.0,-0.07278404832528572,-0.3894079895812851,-0.1081614770320242,0.10960306900444672,0.004532658077239061,-0.1191941178748546
TATCCGCACCGTCGGG-1,0.05958971227041317,34108.0,B,876.0,1472.0,-0.23725467465411013,0.7916751936867267,-0.10754907263413577,-0.21331427374899314,-0.08569793387295038,-0.12337365132569299
TATCTACCACAGCGGG-1,-0.16948201963134307,9125.0,B,965.0,1088.0,-0.27061396368470697,-0.05279254015992045,0.07014326755883396,-0.23225221712656074,-0.029935036292626956,-0.49127609277073736
TATGATCCGGCACGCC-1,0.1376201712938115,34561.0,B,1637.0,725.0,0.04111429988433038,-0.026572536717686362,0.26388207603578523,0.06466619294269997,0.11713993609383751,0.07012541456393152
TATGATTCTGCTTGGT-1,0.14497683095281255,4346.0,B,638.0,256.0,-0.29566150881615005,0.15865285177046443,0.2299862854155767,0.3568504839028083,0.16426445570225146,0.44243091509107024
TATGGAGTTTCTCGTT-1,-0.09718157384125989,4235.0,B,599.0,279.0,-0.214785756911698,-0.07361657211187969,-0.023072286065970535,-0.13409736237749129,0.0686356854480414,-0.09779489945799523
TATGGCAGACTTTCGA-1,0.13372309102199992,10710.0,B,456.0,167.0,0.03259025523268609,0.4601560815379503,0.22143035624061802,0.037572745157014746,-0.010060836199280382,0.04209358885010046
TATGTCTCATTGTGCC-1,-0.025358598938322388,6489.0,B,1249.0,817.0,-0.0633342885660401,0.0014752410841716507,-0.058768735125991935,0.25919993166102456,0.07799342897011827,-0.1668571487642348
TATTAACCTGACCGCG-1,-0.06453890836450009,9920.0,B,772.0,1427.0,-0.2325400897053757,0.0680830814043339,0.18139863202514367,-0.04788333661329468,-0.10091909369442567,-0.16739818164940956
TATTACCATCCTGCTT-1,0.04189118775040164,13723.0,B,1431.0,996.0,-0.226631609289817,-0.2554357251668659,0.3354668021965563,0.004821837560746195,0.018990424057261462,0.1745984202703235
TATTATGTTTGCCTGC-1,-0.02203574230671735,18025.0,B,410.0,1429.0,-0.12795338343939783,-0.019564221617659278,-0.03425714535785229,-0.15461910108220778,-0.04631615599312906,0.12638377357383399
TATTCAATTCTAATCC-1,0.10562184162994882,11920.0,B,1146.0,907.0,0.04569854794799256,-0.13944515202314825,0.011541723320637205,0.01861666384726711,0.398296718127473,0.2317660015857898
TATTCCACTCAGCTCG-1,-0.14434627149736834,2173.0,B,927.0,1246.0,0.03469411895031457,-0.2313366046131463,-0.1280073216090562,-0.11864763111334917,-0.026582808284322634,-0.061972734814557
TCAACACATTGGGTAA-1,0.06092941269562504,5044.0,B,638.0,391.0,0.038825012419586705,-0.02718035213265306,-0.05510754481330605,0.46289026975773684,0.0012403414276307319,-0.04571555411327719
TCAACATAGCGCCCTA-1,-0.15301080212846918,10434.0,B,760.0,1450.0,-0.13418159030533525,-0.16594627615116433,0.008211330563304586,-0.12225056811834414,-0.3804027969086285,-0.2555498660964451
TCAAGAAATACTAGCT-1,0.09656634565387101,30270.0,B,1586.0,905.0,0.15389276935486773,0.026976461962391896,0.03390229773297482,0.16019677804731558,0.0735702289938851,-0.09473471858956906
TCACAGATCCTCAAAC-1,-0.02097599577661763,14360.0,B,379.0,392.0,-0.08652266905562703,0.0679755268932257,-0.042389320993748744,0.09092344470477594,-0.32399308283398653,0.11237767184463483
TCACAGCAAACTCGAA-1,0.018707514397469063,8059.0,B,824.0,1292.0,-0.08342230765692164,0.1375077387063703,-0.29529106051351717,0.04126584367664424,0.3233331783601688,0.027488829721933783
TCACAGGAGAATAAGA-1,-0.02748096388393912,17160.0,B,824.0,1382.0,-0.1742090157030769,0.18036823307267008,-0.2251198398310697,-0.04883894617532065,-0.126704757774797,0.1308824031687469
TCACAGGGAATCGCAA-1,-0.1519680520058429,19203.0,B,1212.0,1200.0,-0.23915453364959063,0.02774153342782562,0.002159554402136086,-0.012220256536656135,-0.88506187080828,0.11209655726894567
TCACCCTCTTAAGATT-1,-0.14974238632617778,4843.0,B,953.0,1156.0,-0.57370002599261,-0.15504388620855034,-0.1972585236545067,-0.008230130250423393,-0.14441273141272187,0.06576131219807893
TCACCGCTCGGCACTC-1,0.011855030180554893,12619.0,B,1378.0,816.0,0.18292633275512812,-0.05955057308776601,-0.13928694332813565,-0.06595024263984112,0.3560600434309122,-0.3235308673779696
TCACTATCGTGCAATC-1,0.0440690197015755,3890.0,B,625.0,234.0,0.2479551052489552,-0.0369810055072301,0.027241331004198115,-0.13062047672116656,0.13955437639991333,0.26805050619589843
TCACTCTTCGTCTGTC-1,0.0594389884854268,5581.0,B,289.0,551.0,0.7303596635994549,0.2255600047374566,0.06282006004516072,0.12467660239382349,-0.3407358184410517,-0.19199889145599483
TCAGAACCTCCACAGG-1,-0.06245934993540314,9799.0,B,1560.0,815.0,0.041372174773712335,-0.14832268531459153,-0.1187793245916284,-0.07353213574990598,-0.10582237569129019,-0.011360600061405234
TCAGACGCTATAGAAG-1,-0.07014422426674122,11548.0,B,1121.0,1223.0,-0.04601883006656978,-0.125402208885988,0.017281731562393633,0.09882516486073062,-0.3729997491044474,-0.036929287241279994
TCAGGGCGCAAACTCG-1,0.10090648508831714,14949.0,B,393.0,640.0,0.052989235030715814,0.14165610628023634,0.0499258131160455,0.08271106425461516,0.16510863030361345,0.050443670694917585
TCAGTGTATACGTCAT-1,-0.007956872816555986,7684.0,B,656.0,1450.0,0.21238878629967467,0.056884129954040685,-0.2288519547307075,0.019000487370391575,-0.05080756772757279,-0.0035787222088878613
TCATCACTCGAGCTCG-1,-0.16145727350542055,1696.0,B,561.0,527.0,-0.09668515751546827,-0.06606157452189916,-0.05852053750598155,-0.06524615395805392,-0.001728959536700922,-0.3993072004218914
TCATCGATGGTCCCAA-1,-0.04079196571667755,17301.0,B,565.0,1428.0,-0.16112074977656626,-0.08008214795194654,-0.1195028471361406,0.026888547972857828,-0.08999957557734149,0.009526020993002173
TCATTTAAGTCTCCGA-1,-0.11642852919740361,8388.0,B,1469.0,928.0,0.041127720519660974,0.06920842245582887,-0.2787980028173719,-0.06070474494039581,-0.10596849186999646,-0.2591583248859892
TCCACTTTATCTAGGT-1,0.06266902640912816,9066.0,B,1210.0,839.0,-0.1025041438321232,0.1257817599132415,-0.19136538524033483,0.08606787410128708,0.3986884155634758,0.051157121167686545
TCCAGAGCACCGGTTC-1,0.045851758151328206,6611.0,B,1094.0,1043.0,0.4068639714421708,-0.08727391021498136,0.06965539137249653,0.1634070868216463,-0.10792837831007275,-0.060840350264512
TCCAGATGTACGCCAA-1,0.05798572672840123,20430.0,B,1663.0,679.0,0.08605906490173892,-0.13188917501509978,-0.149364368384076,0.2388785188099741,0.06804612387449688,0.10056914930701272
TCCATTAGTTGGATAG-1,0.06299662780941383,8543.0,B,521.0,279.0,0.0626936056399361,0.15794449095159208,-0.04152797931293273,0.16146043562859808,0.2070547602495007,-0.06165697006675606
TCCCAAACAGACAACG-1,0.14908031355298396,19709.0,B,1611.0,635.0,0.18483901588181176,0.1651044095007827,-0.007065090031226212,0.00865932117155059,0.21611685288422808,0.1971012212170733
TCCCACTCTCTTCCGG-1,0.04246463567302406,6590.0,B,1573.0,838.0,0.10602220901317244,-0.24300900454738392,0.2781889967254156,0.06952730058391593,0.04912559357140715,0.12776450532776018
TCCCGGTCAGGAATTT-1,0.15490792127130892,5904.0,B,651.0,324.0,-0.005089500854485431,0.27443224268708083,0.47795802264513954,0.3661934222834305,-0.04087284527715772,0.08063759595618697
TCCCGTCGCGTCATAG-1,0.031430562179071045,9516.0,B,1676.0,792.0,0.027357845447543522,0.3895998922129961,0.13241556632539453,-0.36444121402459106,0.07550710316583488,0.10012118216691407
TCCCGTGTGCAATTTG-1,0.025150813633036544,7049.0,B,1224.0,1132.0,0.14974511826261494,0.06123283349661691,0.163914255735245,-0.23870886267432717,0.1566701941033284,-0.07152161621630063
TCCCTAGATCAATAGG-1,0.07793072101378529,24901.0,B,1663.0,770.0,0.15219168409468858,-0.0018448330067811353,0.039560666764169694,0.05804690708105689,0.06838865331121338,-0.0678532251986679
TCCCTCCGAAATCGTT-1,0.1793159689315276,15827.0,B,521.0,189.0,0.45934901264772193,-0.2524506340472918,0.18953206085247357,0.1463007462119758,0.35055604218905645,0.1141691996114291
TCCCTGGCGTATTAAC-1,-0.05154316918459968,8491.0,B,423.0,1451.0,0.0015051003374942596,-0.06942337113893433,-0.33380427022089826,-0.06840418623804448,0.15174635360498023,-0.07142712415686908
TCCGAAGTAGTCACCA-1,0.013488924849255245,17920.0,B,1610.0,454.0,0.27843283146193826,0.09684153794547522,-0.05250325329857944,-0.06877625842279933,-0.19982542004185552,0.050958796963658876
TCCGAATGGTCCTGAG-1,-0.009858298010392036,9595.0,B,1650.0,837.0,0.06209041925897383,0.16291194190198433,-0.0682860963693996,-0.12056409396626988,0.0858484188376486,-0.09847433584901524
TCCGAGAAGGCTAAGC-1,-0.12188008988945583,5518.0,B,728.0,278.0,-0.009678103369679315,-0.3866862719673411,0.09398399896355572,-0.42095886992234965,0.05489109218146404,0.1190643007920994
TCCGCAGCCACCTAGC-1,-0.005231580706756778,11811.0,B,276.0,438.0,0.04222228478442627,0.11518835126900112,-0.03339941499222236,-0.1080896318447413,-0.06472109374245921,0.02390695904571631
TCCGCCTGTCTACAAG-1,-0.0853036012102639,8226.0,B,1148.0,1403.0,-0.37591333326068527,-0.12157412691354627,0.083266630311085,-0.24426370723660332,-0.1753724574492659,0.3369545900766081
TCCGCGGCAGCATCTG-1,0.0008990844698698701,18211.0,B,1275.0,907.0,0.04396032405332162,0.1285874300781179,-0.14811191439285334,0.126577207385021,-0.15696776585358538,-0.08034406189452246
TCCGCTGTCATCCCGG-1,-0.04044583839089568,10812.0,B,1238.0,1200.0,-0.061800647290081695,-0.07831602292910073,0.07561338745928303,0.07626965814932568,-0.06121893810717675,-0.1675216665416428
TCCGCTTATCCCATTA-1,-0.02051462474316186,3578.0,B,1018.0,1268.0,-0.13212120158719853,0.09085326010220487,0.048506379434303776,-0.11680263855970134,0.1711462243618561,-0.06693461865454546
TCCGGCCTAGCGTACA-1,-0.06529806172204444,8852.0,B,1456.0,770.0,-0.0897378332979287,0.14271411387110047,0.07791805943946604,-0.19070587544569909,-0.17822074279255776,-0.1382149105566529
TCCGGTTCGTCCGGTC-1,0.07648717448953964,7980.0,B,875.0,1291.0,-0.0943985022439494,0.03205789175604099,0.09069437482075741,0.10470335327723142,0.07668973180987546,0.1681960832830951
TCCGTAACCACAATCC-1,-0.05157933266530487,14016.0,B,393.0,595.0,0.08016517456423475,0.13938222186052635,0.34284653790562386,-0.3814966755815022,-0.23502961898037059,-0.2286527044878508
TCCGTTTAGCCTTGAA-1,0.12904658696018018,11637.0,B,1339.0,794.0,0.3132530063900033,0.01684352588007253,-0.029394404221701677,0.26517475238907984,0.13935429165158425,0.12866714511645638
TCCTACATCCACGGCC-1,-0.08909327792897333,3917.0,B,1276.0,1177.0,0.060668845179617015,0.21111044571035992,0.167965966524273,-0.11773930266951843,-0.4433145622247601,-0.21575147062306016
TCCTCGGGCTGGGCTT-1,0.08007374077954037,4414.0,B,1172.0,1042.0,-0.07673151704009609,0.05129557257412169,0.0763782695215041,0.3345249814454504,0.03361167343520867,0.24168503056459276
TCGAATATCCCGCAGG-1,-0.015092622377307019,14825.0,B,604.0,1450.0,-0.20330732372176702,-0.014759537443314315,0.19876567986246785,0.11902554404504234,0.08433849370855401,-0.39807922348910285
TCGAGCCAGGCAGGCC-1,-0.08662776259355578,18657.0,B,669.0,1428.0,-0.31182369611135946,-0.12790863705361338,-0.1231127801823888,-0.13263464617473153,-0.1491849454258098,0.07138626503764661
TCGATAGGCTAGTCGC-1,0.03311252745950413,2383.0,B,806.0,323.0,0.5009075195024706,-0.22867210524650508,0.07049177381880631,0.01941812766905883,-0.04270549705222364,0.05407653138312856
TCGCAAAGATGCATTT-1,-0.019843661862789682,5595.0,B,1160.0,1200.0,0.30884327071576057,-0.1201355584479461,-0.25202894224157407,-0.08309408982913918,-0.03670268768840569,0.11790508909050894
TCGCACCAGGAGGCAG-1,0.001872523823895477,5486.0,B,1225.0,1267.0,0.18853439322933416,0.00031909133803706326,-0.03164862319170052,0.09210434068097109,-0.23196215487974267,0.13996683217553244
TCGCACTAACGTTTGT-1,0.04354122350999601,23147.0,B,185.0,461.0,0.012348899784119544,-0.35487872720834795,0.11981258796996333,-0.17059016460195953,0.20299204752521893,0.03929489753827422
TCGCATCCCTAAGTGT-1,-0.007012185828136147,2086.0,B,587.0,482.0,0.1336120999206056,0.11129300387307164,0.19655317406159045,0.03830699388948326,0.12349596306221276,0.008073295742286761
TCGCATTCAATGACTT-1,-0.038916522943128556,4143.0,B,664.0,346.0,-0.06818197861217534,0.4235263978010611,-0.2821975789062369,0.01544843333221941,-0.22614883277049144,0.12362099455194345
TCGCCGGAGAGTCTTA-1,0.11609351837490983,19438.0,B,249.0,213.0,0.36974580004584023,0.16061339274372008,-0.01914596190338814,0.08923186023722249,0.007835125807020792,0.07852103879994224
TCGCCTCGACCTGTTG-1,0.1986183608254176,36174.0,B,327.0,257.0,0.3709667343847683,0.13085753972429742,0.06211776513019312,0.21658619976214327,0.019901245736157383,0.1074319630877786
TCGCGTCCAGAAGGTC-1,0.046920734285241045,417.0,B,563.0,842.0,0.18372301230383184,0.0032172944359039057,0.3473544072354168,0.11485408260454674,0.2038478613752061,-0.15524879508509276
TCGCTCGGCACCAGCG-1,0.01246846492473934,8748.0,B,1585.0,680.0,0.2579047054307931,0.14638571794079744,-0.07914346208525895,-0.019473667287362908,-0.09218322161802059,0.07938157833073684
TCGGACGCCCAGCCCA-1,0.16318684469398342,16918.0,B,1210.0,884.0,0.2666603911317275,-0.03387886109844335,0.3358343858446507,0.11729825368895726,0.11784074922020019,0.051174959869629916
TCGGGAACGTGCCTAG-1,0.049531450752281284,7420.0,B,1599.0,837.0,-0.05939185653792774,0.07001580696580866,0.33545497579970474,0.08627572765779093,0.15361378966732644,-0.23490859380663623
TCGGGCCGTCGTGGTA-1,-0.06351726192187679,2291.0,B,1328.0,1041.0,0.2511207969460314,-0.13164568436348895,-0.2515923791952187,0.045700160211557386,-0.08925427016814058,0.13692520151949808
TCGGTCCCGACAATAG-1,-0.21441069706549434,3435.0,B,488.0,1428.0,-0.04313848635266648,-0.28519746525522405,-0.198410225379699,0.07624060531793017,-0.133607208078777,-0.4288501555807113
TCGGTGACCGCTCCGG-1,-0.039457412512068815,17588.0,B,1597.0,477.0,0.0035685011146234027,0.09915218582677285,-0.253845016719228,-0.09748031928098766,-0.06524846790710918,-0.017652898386546
TCGTCAAGTACGCGCA-1,-0.060227296479241695,7167.0,B,682.0,1405.0,-0.01948019701456155,0.0395961221112239,-0.09302553940939402,0.025369418965798356,-0.10038516564015229,-0.12408803476286873
TCGTCTTAGGCGTTAA-1,-0.09367271326392128,3711.0,B,1264.0,1335.0,-0.3032149538492399,0.06571730003446037,-0.000799778090913375,0.4704098132881725,-0.35367712320323136,-0.1489031407805828
TCGTGTACTATGGATG-1,-0.06219791038990247,100.0,B,1186.0,1200.0,-0.11698980940415832,0.3616381863256336,-0.04683352876201378,-0.16892972679542945,0.1969074096141371,-0.0535579801062894
TCGTTAGGAGTCCCTA-1,-0.04822052059748601,7491.0,B,888.0,1314.0,-0.2373915641700235,-0.0759372530989835,0.016414375862728037,-0.2597211451180213,0.05366644073145502,0.26625758351330986
TCGTTGCTATCCGGTC-1,0.14242666966019593,4487.0,B,785.0,1359.0,0.010532654665578144,0.24269613703233692,0.39425419895131675,0.6360528129601712,-0.13757285465663632,-0.025753534709949955
TCGTTGGCTCGTCAAT-1,0.0370791834582406,3876.0,B,586.0,346.0,-0.27531732308557844,0.1564478352589208,-0.26401366574289375,0.5494177327735402,-0.06199282553668416,0.04993522411146735
TCTAATACTGCCTCAG-1,-0.13585760817478104,3808.0,B,513.0,1428.0,-0.03129494482705321,-0.2204222415039434,0.04185394358133465,0.0069474222664156066,-0.28699933038131586,-0.18759091557318405
TCTAGCATGCCCAGAA-1,-0.07017044377460466,5560.0,B,1043.0,1223.0,-0.16692999436328204,0.10247905058662986,0.041494314700535655,-0.01144488684736495,-0.2224292098156524,-0.055014062122536025
TCTAGGTGGCGACGCT-1,-0.054838823604710325,10572.0,B,1469.0,793.0,0.1883706776207341,-0.007137064610224989,-0.0907238113321512,-0.26995965021852225,-0.005519757597440221,-0.10064670097223606
TCTAGTGATATCGTGG-1,-0.09158049786551142,11409.0,B,1457.0,1131.0,0.08245962990101086,-0.07150254470868381,0.007010680549915045,-0.13368588150722424,-0.004086235721825477,-0.4177902218000633
TCTATTACGCTGGCGA-1,-0.09042416068869781,1488.0,B,626.0,459.0,0.05439307933405771,-0.1337821159569422,0.10923790399232436,0.08201496963957615,0.2670204861567419,-0.4923038096892889
TCTCATGAGATAGGGT-1,-0.12640274292617576,2069.0,B,1316.0,1244.0,-0.1082102034696007,-0.08966795793390146,-0.3293071642706038,0.19487581924718805,-0.08921223236874559,-0.09435637212466652
TCTCCCTGGGCAGCGT-1,-0.13491290025203248,10282.0,B,1225.0,1357.0,-0.06618602508414094,0.06650422263163887,-0.12225283033545813,-0.26885380519819535,-0.024217473994959642,-0.3294921167066402
TCTCGGCTCCAGGACT-1,-0.043904694886330156,11943.0,B,483.0,437.0,0.06380101206268496,0.17541771828330613,-0.18452204117545906,0.13935380977186693,-0.39968917731677633,-0.04084941908023149
TCTGAACTCGTACCCG-1,-0.15486146358477254,8607.0,B,1419.0,1199.0,-0.12261104198876611,-0.14698218271874136,-0.329225751170562,0.07809715674151871,-0.10118551836579034,-0.3259493045089242
TCTGAATTCCGTACAA-1,-0.05487848611051567,16432.0,B,1405.0,906.0,-0.44489438129769987,0.10931336382872617,-0.16522135704967775,0.008473760287391073,-0.0036933142290814375,0.0017742784904334202
TCTGACGGGCTAACCC-1,0.059075721246804117,29023.0,B,1741.0,769.0,-0.1069368905122617,0.3502554824671521,-1.4356771947079267e-05,-0.1311842769793949,0.15782965730691956,-0.12891023276800798
TCTGACTGTAATGGTT-1,0.05018135889541092,13347.0,B,366.0,280.0,0.13500846269570055,0.2411399612478703,-0.013124599570223154,-0.018078630468586987,0.18444769464824234,-0.2314701419720487
TCTGATGTATTCTGTC-1,-0.02440559069752929,7343.0,B,1264.0,1290.0,-0.16935825158897205,-0.23309471719811056,0.2693615728703646,0.1464816753320772,-0.08580812133053684,-0.10710164597256681
TCTGCCAGAAACTGCA-1,0.14632890598516446,4348.0,B,1211.0,1065.0,0.4930918865576108,0.2679160059570199,0.01812786268173641,0.2585915637143878,-0.023357666303768614,0.10812974514805287
TCTGCGTCCGGTTTCT-1,0.12513515128772132,9026.0,B,483.0,482.0,0.27650797251818865,-0.14866664868760918,0.07845564088050824,0.27152283530748134,0.08189746911598794,0.2122987628842678
TCTGGGAACCTTTGAA-1,-0.12435831438401611,4936.0,B,1457.0,1041.0,-0.025064446401425793,-0.019067046569115703,0.15780941123113862,-0.3141161067301288,0.1307318336700695,-0.581048950413181
TCTGTGACTGACCGTT-1,-0.03591906875466177,7714.0,B,482.0,212.0,0.03571748419016613,-0.5927500393620926,0.09343306688664,0.10265737042334608,0.14827583011129256,-0.040738975720953585
TCTGTGCCATCATAGT-1,0.040444310043304565,8479.0,B,1223.0,862.0,0.06360524010525141,-0.07710124869284493,0.08159763527569483,0.07606083565857982,-0.11545007728863342,0.1681773488295144
TCTGTTACCCAGCATA-1,-0.0780404346746059,23753.0,B,642.0,1292.0,-0.2628833166580635,-0.28758211623581786,-0.17933186717220184,0.08335120629766891,-0.0031916289553718807,-0.10416057035084603
TCTTAACTCGGATGTA-1,0.054061865608503526,6607.0,B,211.0,506.0,-0.056178492586059246,0.11282899193805078,0.019535208242708043,0.31770722256916767,0.07253388183681968,0.0894715413456749
TCTTACTTATGCCTCT-1,-0.037059386604230846,4874.0,B,1393.0,1154.0,-0.16400369214917515,-0.08639691587001838,0.06865042549601384,-0.014535804590690662,-0.01718627119753611,0.0362755304813972
TCTTAGAGTGAACTCT-1,0.015009640229451298,18772.0,B,1470.0,1108.0,-0.03300049103412224,-0.10340053203574717,0.1588421125608858,-0.16527900368584064,0.08231581824964473,-0.028458587023537818
TCTTCCCATGGGCACA-1,0.1896921933040575,22451.0,B,1430.0,861.0,0.27922771380684835,0.22901539198507218,0.1603508697954416,0.06565708515693432,0.24759540141820213,-0.04153730968059108
TCTTCGAATAGACGTT-1,-0.007785051729857259,30735.0,B,1107.0,1020.0,-0.07091977473260595,-0.06838630136037195,0.05052466206442131,-0.1667923551462437,-0.10965981636470125,-0.06961121722656835
TCTTTAAGACTATGAA-1,0.1653359157875078,26232.0,B,1456.0,906.0,0.05086400142078644,0.1899999310903686,0.28216753296762986,0.08295684530360489,0.10621411088101318,0.08483447342462373
TCTTTCGGCGGGACAC-1,0.12703490531210643,11431.0,B,236.0,235.0,0.14660355230528488,-0.0951221711395985,-0.06373090401517002,0.32213223467100954,0.22662130012754605,0.19153599440212093
TGAAACCTCAACTCAC-1,0.03357276856485799,15282.0,B,546.0,144.0,-0.01345327741383514,0.10939321264630605,-0.02420346535429945,-0.08712059616818904,0.1833425020964571,0.09345048391621573
TGAAAGGACCTGACTC-1,0.16617735280685092,29524.0,B,1262.0,929.0,-0.0717168701211798,0.16132071149911098,0.05464288523154287,0.0903740117591065,0.22821056036621523,0.2252962226494557
TGAACACCCGAAGCAG-1,0.08538272133028765,17543.0,B,391.0,190.0,0.11927852197556424,0.08740806732801089,0.1905354240484845,-0.18508820287779612,0.17563877193468072,0.016364141572119253
TGAAGAGCGGTCCTAG-1,0.07277763691602286,3138.0,B,328.0,573.0,-0.09012797038229614,0.047818470837842124,0.07283158909934417,-0.13179104045602644,0.6693195591123481,-0.015827642491950247
TGAAGTAGCTTACGGA-1,-0.027946145574212676,9143.0,B,250.0,528.0,-0.06852555638031663,-0.19311006283268792,0.27820051114834443,-0.10747677738846184,0.21549380238387913,-0.31384268569262
TGAATATGCTATAAAC-1,0.04626942658206522,57761.0,B,1662.0,499.0,-0.11985473710541707,0.010104297107000995,-0.10933535842099729,0.06224067307617043,-0.01573657375684203,-0.03483192616191774
TGACATCGAGCGGACC-1,0.037168663796344426,9275.0,B,1495.0,928.0,-0.034943692761145305,-0.05697795663907086,-0.28061247811633927,0.2705658170768731,0.23433511859658254,-0.0016614137166266639
TGACCCAACTCACATT-1,0.10988180890195193,13128.0,B,572.0,144.0,0.15117424988643882,0.12939565470645864,0.19249023203387536,0.0007042394797957992,0.07713098577006816,0.09186535534579612
TGACGATGCACTAGAA-1,-0.012216531053568333,19968.0,B,1418.0,973.0,0.3166358402896736,-0.3444259479301857,0.1291668946520291,-0.161236125600048,0.029175637504132455,-0.18521279722347153
TGACTATAATCCTTTC-1,-0.05682155821157504,11270.0,B,1069.0,1178.0,-0.3453658796950338,0.015975846640722866,-0.044158462032945,-0.030454657139546443,-0.04037759278056594,0.07944861722478111
TGAGAGATTTACCACG-1,-0.016923673214567128,8558.0,B,1366.0,1064.0,-0.1588431889317049,-0.03229423405766671,0.0820976954266091,-0.08716238545505557,0.05810635541687488,0.0765204313573089
TGAGCAGTCGTGAAGT-1,0.05996997117844677,1960.0,B,689.0,256.0,0.14035091221924634,-0.11869430144193552,-0.06051061304245725,0.5283006373795882,0.0714215182216807,0.1642726655362993
TGAGCGGAAAGTGTTC-1,-0.06858371182384593,7504.0,B,1031.0,1381.0,-0.11093891629096597,0.019686994996067117,-0.07417613822693682,0.07071396643810968,-0.24795499354544084,0.011914030752731678
TGAGGAGTGCCAGCTT-1,0.01847545023023591,12801.0,B,941.0,1449.0,-0.006827258510927026,0.09544942066358311,0.2035786690682858,-0.1615554310008748,0.015554171872770629,-0.1977769828618472
TGAGGTTGATCCCAAG-1,-0.05917655453666468,21843.0,B,663.0,166.0,0.19876461129671402,-0.11341466725044727,-0.21461544519650783,-0.10958123061707527,-0.2403838646073569,-0.0781177733313358
TGAGTAAATTAGCGTA-1,0.022675016730397825,8460.0,B,927.0,1201.0,0.023298428937480957,0.011031540577769746,0.1358092502819357,0.2141511553908542,-0.11482376422176947,-0.16998169850415318
TGAGTGGTCCGTGACG-1,0.002858692297226963,26090.0,B,1275.0,816.0,0.12033835698325991,0.022245742247650767,0.03947082032379142,-0.25541851671983223,0.013241278335613157,-0.16607676561018603
TGATACATTTAGCCGT-1,-0.04859695533880293,22199.0,B,746.0,1382.0,-0.3443639970489652,0.09175223091663855,-0.25892450985812965,-0.309906936179171,-0.05850866108743002,-0.13977432172245316
TGATCCCAGCATTAGT-1,0.04126263458991354,18806.0,B,1572.0,747.0,0.07370002020960108,-0.11205090237664588,0.11007018244816963,0.00770422888282922,0.051438153540455306,-0.002170041753886645
TGATGGCTGTTTCTGA-1,-0.029603241059748996,11478.0,B,1663.0,815.0,0.16612274269016267,-0.1587536601006514,0.13191948237755122,-0.17907733466540166,-0.004890231232206284,-0.07624733511951474
TGATGGGACTAAGTCA-1,0.12941131698372163,14015.0,B,301.0,258.0,0.1939833814837316,0.2896958568868626,0.1475976411694461,-0.00856816392474289,0.02977546057875827,0.08994754155612743
TGATTATGGCACGCAG-1,0.07203960798911518,17617.0,B,1623.0,432.0,0.178069809436457,0.01756364678342791,0.18984442409799332,-0.004167740476767018,-0.16488814045771222,0.16288011359974108
TGATTCTGTCGCCGGT-1,-0.011834646783519434,15451.0,B,759.0,1224.0,-0.024537237399623497,-0.041112942780292566,0.012603421783952032,-0.02786487044292884,-0.2174021090878748,0.034135027069037135
TGCAAACCCACATCAA-1,0.10873270244182093,24812.0,B,495.0,144.0,0.18825540076214975,-0.05773684715375105,0.038011735711287936,-0.11768891135331416,0.2343459407746833,0.10784677055854489
TGCACTATGTGAGTGC-1,-0.039905262980806766,2578.0,B,354.0,528.0,0.10339157634693176,-0.2679342446778853,0.04228968863278944,0.04582314024425581,-0.04487373368600539,0.06435160510343929
TGCAGTTTCCTCCCAT-1,0.028198967574467174,6669.0,B,1353.0,1041.0,-0.031244435313082575,0.17813943832163576,0.03418607094453176,0.04153190447405683,0.11202123158256241,-0.053884077514751494
TGCATATGTCTGTCAC-1,0.23339902251732664,16421.0,B,1288.0,929.0,-0.08181597898621644,0.43041884626421684,0.4770595945895022,0.038165117149498023,0.23137131015090168,0.10155302235723371
TGCATGAGTAGATTCG-1,0.18457257798843174,12015.0,B,339.0,190.0,0.19465678633784733,0.18201623457768373,0.18466203901394143,0.13985893039642222,0.3063300552464078,0.22684763771847322
TGCCAATGGGTACTCT-1,-0.11961220693561575,13460.0,B,863.0,1359.0,-0.2917441779021711,-0.03090725836786483,0.13574284626445962,-0.11491246757755146,-0.3231987313207671,-0.23196800588240335
TGCCAGTACGTGGAGA-1,-0.0295274511488699,3137.0,B,1109.0,1290.0,0.0220528118749707,0.12966124649783434,-0.06791862511182631,-0.21222596378504135,0.1244543398810175,0.03492482684158439
TGCCCGTACCGTTAAA-1,-0.028218139037619168,4826.0,B,1160.0,1155.0,0.07212979140005576,-0.04576554240302899,-0.10860371045015015,-0.06313385670825172,0.07070729568554125,0.021024390102707794
TGCCGATGTCATCAAT-1,-0.006310966127716318,13528.0,B,365.0,190.0,0.27147886721998477,0.11501240118761064,-0.0645491285937984,-0.16031843128449386,-0.10450057574186328,-0.12648305885522396
TGCCGTGGATCGTCCT-1,-0.012179835756874108,4796.0,B,1006.0,1426.0,0.051704492859116304,-0.04292660779904218,0.37641141676958395,-0.04448948697562528,-0.05305403787170472,-0.03418672144680476
TGCCTGACATCGGTCA-1,0.1580262236257744,13457.0,B,444.0,505.0,0.0082399432419488,0.08254833827409185,0.38613734462892085,0.04929475419753267,0.008924966939797663,0.3237552291338649
TGCCTTGCCCTTACGG-1,-0.07951617834463723,8164.0,B,313.0,145.0,0.353661323516416,-0.34419059000359326,-0.12634308806069025,-0.24390889190754672,0.04568337249615149,0.002834486013254126
TGCCTTGGCCAGGCAA-1,0.04073809378975258,3712.0,B,1251.0,1312.0,-0.21502590312732045,-0.03055362274224973,-0.1804871405066746,0.2188364153030572,0.5943215958465209,0.07522855419790911
TGCGACGGCCGAACGT-1,0.027997070464350904,9103.0,B,604.0,1495.0,0.018071196031125687,-0.2099194978847424,0.09352287381875575,0.16791169753746013,0.03700536558769492,0.022634278325048697
TGCGAGAAACGTTACG-1,0.06806338131342596,25604.0,B,314.0,235.0,0.15513640939089102,-0.12193864520795576,0.17968901052743005,-0.11625376164713684,0.09235911791898302,0.04616336094628905
TGCGAGAATATTACCC-1,0.008441003666576907,19922.0,B,707.0,1270.0,0.022932296770796917,0.08813265828503947,0.11926067075946203,-0.18935051827105964,-0.21922528404803476,-0.003268309851326444
TGCGATGCTAATGGCT-1,0.04283223084600578,6623.0,B,328.0,618.0,0.07124676319360668,0.2568493953564268,-0.01918801807841425,0.10115425752004858,-0.028415098118664037,0.07868862761851804
TGCGTGATTGGGTGTC-1,-0.09054142742844024,7254.0,B,405.0,392.0,-0.2670092292032187,-0.07370447853121799,0.06621041316024177,-0.13027676839421806,-0.0726801008849738,0.09592113147689803
TGCGTTTGTTGACACT-1,-0.19317292514433493,1462.0,B,1172.0,1087.0,-0.4950771565267209,-0.5226971544620128,0.04588557798499006,-0.13503216155182862,0.03295243167153948,-0.18968260580067975
TGCTCCACAGTTCTTA-1,-0.019832399286552643,8640.0,B,1419.0,1154.0,-0.11837491908059801,0.02502798075726812,-0.15296155873766817,0.3992125716660278,-0.11189083612121632,-0.13826290934948002
TGCTCGGCGAAACCCA-1,-0.18299822998977291,4495.0,B,980.0,1426.0,-0.19435810037381374,-0.027137550069497376,-0.2218341887910216,-0.22367816475822433,-0.2894278740800712,-0.02530371617696134
TGCTGTTGAAGAACTC-1,-0.15113683885030044,6681.0,B,1042.0,998.0,-0.06128109652120731,-0.0786387401570535,-0.33333541818531365,-0.2707612795282439,-0.038567815844958,-0.02748429202747946
TGCTTGAAACCATGCA-1,-0.022192006276446727,14704.0,B,405.0,347.0,-0.018533499108918355,-0.18699345182637986,-0.0021227330966828613,-0.004462943548192617,-0.0021315115010252794,-0.10680096159614674
TGGAAACGGAGTGAAC-1,0.08454944759689169,13796.0,B,392.0,280.0,0.03243842635363764,0.1550263109041232,0.024317929746839127,0.006543924122966154,0.14568096309238224,0.12210369417424591
TGGAACCACTGACACA-1,0.04988260578546224,31373.0,B,1507.0,680.0,-0.08343006951822579,-0.258209591976112,0.07975563400094636,0.16026889450927537,-0.009698328726203798,0.08622688299196994
TGGAATATCCTTGACC-1,0.0835860357010521,11002.0,B,1572.0,657.0,0.058487774852008734,-0.06520398360603986,0.27592718511987957,0.21343371696454247,-0.051994902269975725,0.09100267971037806
TGGACACCGTTGCTTG-1,0.059193605103403706,5168.0,B,315.0,595.0,-0.19735774624329994,0.18514873999653572,0.19098262904951513,-0.03780419750490413,0.2954062269068757,0.12068523917999416
TGGACCACGGCGTTGA-1,0.0782181675714677,16796.0,B,431.0,302.0,-0.13357524973938276,0.10545581089363149,0.19987725365200565,0.06418086780543568,0.12245439597670564,-0.03737727356664222
TGGACGCAATCCAGCC-1,0.1096266846477551,4698.0,B,449.0,1451.0,-0.031311602217036924,0.3042374430324239,0.10728051101380731,-0.09709057962806113,0.10936350675729958,0.35764832693848336
TGGACGTAGGCGAATC-1,0.004597409874932283,8238.0,B,275.0,348.0,0.043613924531428726,-0.1261596695081453,0.14358023799925276,0.11960751658994695,0.17747562189671778,-0.20515296365915087
TGGACTGTTCGCTCAA-1,-0.10934460355574874,11923.0,B,1133.0,975.0,-0.1836146660405354,0.08538333605934141,-0.5137125345110017,0.015388657696063573,-0.011295111743827094,-0.04352130214354281
TGGAGGGAAACACCTC-1,0.0760739011132919,48079.0,B,1766.0,634.0,-0.10689131913881683,0.044473062515788205,0.05781865014380717,0.15508643200400468,-0.05198436010298979,-0.054981955081492145
TGGATAGAGTAACAGA-1,-0.023444944083944447,8084.0,B,366.0,370.0,-0.1577749657005241,0.2546180506613146,0.14790171249715173,-0.26130427146939317,-0.2271171793431877,0.13304410739298628
TGGCAAACTAAATTAC-1,0.001155334582241905,10237.0,B,1199.0,1267.0,-0.16561248744987875,0.06894165459139756,0.37388937027977515,-0.06314960363157966,-0.24719979209320564,-0.10167457712110449
TGGCAGATTACGATCA-1,-0.12345128878749065,5242.0,B,939.0,1133.0,0.1530080278767469,0.02685074740193588,-0.384201903681772,-0.16777069460001953,-0.11960569526995905,-0.04190470669692112
TGGCGACTGCTCCAAA-1,-0.0237598469470787,7230.0,B,798.0,1382.0,-0.20080928920643953,-0.07968386267082106,0.19147829826498078,-0.1422563613970128,0.16009233590309532,-0.09990491490371312
TGGCGATCAAGTTATG-1,-0.11429385496324304,9872.0,B,901.0,1291.0,-0.2914804223082328,-0.03494674319808707,0.1252958236657992,0.018513434763393958,-0.18133432499055305,-0.22737308111270788
TGGCGGTGTGCGATTG-1,0.04050132108965407,5487.0,B,741.0,301.0,0.034933499862036546,-0.047227854234701196,-0.05564394001767746,0.1854248454648986,0.08443906535150467,0.08561169310530148
TGGCTTGTACAAGCTT-1,0.012086546655068657,62874.0,B,1688.0,499.0,-0.017583013396307023,-0.11047129092728594,-0.03470301335109953,0.022733305266944004,-0.28635807095345184,-0.019002685983661546
TGGGACCATTGGGAGT-1,-0.037758088953034556,17081.0,B,249.0,303.0,-0.01621052718428838,-0.20814977293254716,0.02305036148424979,0.002426425900719925,0.1525191985968618,-0.37751413368023873
TGGGCACAAACAGAAC-1,-0.09402972380129915,2644.0,B,780.0,323.0,-0.20064493032700673,0.22208296112281145,-0.09158880624386691,-0.021379584361769663,-0.16384783984598633,-0.0127555496668975
TGGGCCCATACTAATT-1,-0.033802721059938576,4471.0,B,1341.0,1199.0,-0.10024334125161943,-0.1386110420711816,0.02002837304493438,-0.07525025160667327,-0.069981689396617,0.2373602118814197
TGGGCCTTGCCTGCAT-1,-0.2397126471533273,10521.0,B,314.0,325.0,-0.4790132568554106,-0.3418899500084435,-0.18484803073446363,-0.10012629507637046,-0.014657664557471107,-0.3233621128234201
TGGTACCGGCACAGCC-1,0.12910705575659454,12152.0,B,287.0,145.0,0.09133324821389228,-0.01870658516921712,0.2111449431728241,0.02686532176051234,0.3913346437171858,0.024766678379863537
TGGTCCCACGCTACGG-1,-0.0777370246309907,3242.0,B,1147.0,1313.0,-0.02449510251582604,0.05114958045921464,0.1865811071747004,-0.040614956127505084,-0.36250758007427836,0.08329454655881888
TGGTGTGACAGACGAT-1,0.16134344406780982,19047.0,B,210.0,190.0,0.3472368472919957,0.36645158040792297,0.09405708194286258,0.037724121354452536,0.18951117864820388,-0.11057044186338144
TGGTTAAGGGCGCTGG-1,0.08444390472192718,26657.0,B,1663.0,724.0,-0.08057801851453247,0.10421829518312152,0.1697338264658017,-0.0077815072638013905,0.09589110687098629,-0.02508389033411723
TGGTTCAACGGGTAAT-1,-0.07385506631279919,9825.0,B,1147.0,1268.0,-0.11565595881875496,0.0896065148959054,-0.06550413015786558,-0.1379935195913614,0.06836821384998285,-0.26433537263221035
TGGTTTAAACGTGGGT-1,0.008245273766295384,17471.0,B,1637.0,680.0,0.07025018800558003,-0.2741689182183438,0.22118591052108558,0.0054590316255981736,-0.1555196416024699,0.053671713004088434
TGTAACTTGTCAACCT-1,-0.043916028537949715,8858.0,B,586.0,211.0,-0.04851319505435863,-0.6163864563243638,-0.003597528450656569,0.09483437933605296,0.04195865190850147,0.19998083484131002
TGTACTACTCTCACGG-1,0.09544043766800293,16490.0,B,1740.0,589.0,0.05233393846855821,0.14470871195292134,-0.01942168233070525,-0.0653580035222272,0.10406951820498558,0.17587704119684047
TGTAGGAGAAATTTCC-1,0.1545899418000906,12193.0,B,1301.0,906.0,0.21296948046656686,0.164639653880156,0.11676829809384337,0.2780411208980578,-0.048003284450972135,0.22772802141879972
TGTATGGCGCAGACAG-1,-0.0029155231711410906,4153.0,B,1393.0,1109.0,-0.0025917634026332848,-0.006623800695350592,-0.14400723635665783,0.14802591705809948,0.16440343596931103,0.02285635182401273
TGTCATTTGTTGGGAA-1,0.11118698446505243,13277.0,B,1598.0,612.0,0.19938832861471867,0.2498277823167933,0.009032770151545598,0.10188451798237959,0.0823398033956305,0.0653830027232495
TGTCGGCATGGTGGAA-1,-0.06888863449566006,10384.0,B,483.0,347.0,-0.0016967915103345416,-0.01961532600549115,-0.2477464631479084,-0.21199884544021969,0.08341124661691288,0.0035483287010492416
TGTGAGACTAGCCCAA-1,-0.13768613648604866,2818.0,B,1006.0,1471.0,-0.32622546281101283,0.1367318370899181,-0.15276288829012521,0.029134826960705296,-0.34331150534567245,0.0219105545945487
TGTGGCAAAGCGTATG-1,0.04182264315468998,11864.0,B,1313.0,794.0,-0.016251275288710926,0.29241503343012853,-0.1025835883445258,-0.09160522912164049,0.12695056162514923,0.0564990594110836
TGTTATTGTATGTGGC-1,-0.13466264251294952,5922.0,B,1302.0,1132.0,0.1358695696047399,-0.031088347941541274,-0.08521601714920152,0.12616352277774204,0.06494946705124399,-0.8227455691378748
TGTTCGTATTGCGGTG-1,-0.0447341574257673,2359.0,B,979.0,1246.0,-0.043989590107488874,-0.10978521559650996,-0.11162491479592777,0.2774615015658052,0.08565066339313039,-0.16106645894196975
TGTTGGCTGGCGGAAG-1,0.05135025919400453,16443.0,B,249.0,168.0,0.2982409179188048,0.07917384091786055,-0.01866471476693111,-0.11465705858721911,0.01650742496779438,0.09850748228659185
TTAAACAGAGTCCCGC-1,0.01855150766000712,13163.0,B,534.0,347.0,-0.00012037624189766699,0.054098659258243496,0.09856484947315332,-0.002667795689089661,0.061088216740460555,-0.10142864947680677
TTAAACTCGAATTCAT-1,0.03542257349978448,13142.0,B,1417.0,838.0,-0.27617165107801983,0.3065169836941424,0.21671541937854236,0.10287245303854457,-0.20426157973105757,0.017892868604476024
TTAACGAACAAGCAGT-1,0.0150870613827736,26396.0,B,1662.0,634.0,0.14284569494920013,0.0838563480058684,-0.010526878419061195,-0.16267577476743603,-0.1566776897047366,0.0657736599695887
TTAAGGATACGGAGGT-1,0.08525826392002464,9291.0,B,690.0,301.0,0.2191849571413547,0.0227711401086563,0.21737282169217365,0.02754073292514162,0.1265746931473169,-0.12151556513544834
TTAAGGCCCGTACTTT-1,-0.10855659190030767,5653.0,B,514.0,1473.0,-0.03890865152734937,0.27994133929424647,-0.14854815766744772,-0.14054153185532003,-0.31058472058975073,-0.039303831973225525
TTAATGTGTTTGCAGG-1,0.0780476240949969,8537.0,B,263.0,415.0,0.1494957246581347,0.11682980221881124,-0.0934252211945694,0.1844705618478819,0.06947076534664733,-0.05425825209072255
TTACAGACCTAAATGA-1,-0.04419723703581237,10821.0,B,1430.0,726.0,-0.047857522887930666,0.05621998018413385,-0.24608336226268837,-0.004933096869186528,0.11758242114812838,-0.10264498708087401
TTACATGCCACAACTA-1,-0.05364127449933111,26568.0,B,1522.0,1063.0,-0.0934478792285107,-0.07713113315349675,-0.06206667080297845,-0.19543943677586437,-0.1797881991448,-0.03552674393329177
TTACCGCCTTAGGGAA-1,-0.1365026938430332,4294.0,B,457.0,392.0,-0.13827459566399775,-0.3146575020950973,-0.042143786022420866,-0.01901335164387899,0.07385448475364248,-0.30333811417223444
TTACGGATGGTTCGAG-1,-0.03143916233187477,12511.0,B,1392.0,883.0,-0.2675167201610328,-0.15309868844342914,-0.03791698412772499,0.112389383480625,0.020579984104514313,0.1308769458419364
TTACGGTGTCACCGAG-1,0.0273823791226804,4591.0,B,663.0,256.0,0.4674951056363092,0.13849021566027767,-0.16347013211496447,-0.12005318451960433,-0.2031769778789676,0.29359615868968014
TTACTAAAGGACTTTA-1,0.05095372493695973,8111.0,B,1199.0,1222.0,0.22014095620902568,0.3142917303649762,-0.19423351147130544,0.01597386863755742,0.1442693714131685,-0.15328802606027936
TTACTCCGGCCGGGAA-1,0.07117334492800993,11668.0,B,1197.0,907.0,0.16698483390693783,0.11113634574300149,0.07404997393244159,0.04589657630393336,-0.040091338201741954,-0.025150574308926747
TTACTGTCTAGAGCTC-1,0.14507300764401612,81445.0,B,1675.0,567.0,0.03555214765855985,0.1990406786872005,0.10606670340477356,0.042827180775058565,-0.06109336514667951,0.03859725864315608
TTAGAAGAACATGACT-1,0.018705531556227502,6724.0,B,1018.0,1313.0,-0.1618275406356226,0.11009817245367504,-0.02202668659224996,0.48271014277829727,-0.1200363362847941,0.041426463286823346
TTAGACGAGTCACCTC-1,-0.09332926028405009,8528.0,B,1225.0,1222.0,-0.12104109424214193,-0.12431238241718162,-0.344298700911357,-0.007995059214758665,0.1255298056550436,-0.1597267200804448
TTAGAGTTTAGAAGGA-1,-0.09684233347619611,11198.0,B,1302.0,1177.0,-0.05137841314440628,-0.14620304247123855,-0.280515736275187,-0.2796481706112023,-0.3691156904349288,0.27974327286592165
TTAGATAGGTCGATAC-1,-0.038833659128609546,10176.0,B,457.0,437.0,-0.11139192357051853,-0.01579341857869894,0.08923031971342801,-0.024768873776780963,-0.04089257574975245,-0.22006084438308765
TTAGCAACATGGATGT-1,0.11559311150265612,4196.0,B,548.0,594.0,0.5870807084800809,0.0894779848795492,-0.09810215892936847,0.046486638272497174,0.135753319216386,0.18660561416661875
TTAGCTAATACGATCT-1,0.01596178404824304,11383.0,B,1455.0,635.0,0.3795675880689332,0.016925806619385603,-0.1165943163272883,0.09459200125167709,-0.03728672356522157,-0.2079279326569433
TTAGCTGATTTGCCGT-1,0.04236010467468732,20853.0,B,1405.0,996.0,0.02463369974314779,-0.2668817601099586,-0.014879407824952335,0.09925701525502384,0.07421459640941803,0.0870321004741113
TTAGGTCATAACCGAC-1,0.06157403581981073,8085.0,B,682.0,1450.0,-0.0019145066093128882,-0.04432395074605781,0.18514830555714318,0.050936516033149894,0.015179742999662913,0.1811604510511258
TTAGGTGTGACTGGTC-1,0.1782172881898386,20621.0,B,275.0,213.0,0.45070297088389943,0.2624105907809417,0.202352865749392,0.35303730972362063,-0.12260366333583976,0.046853261712559414
TTAGTTATTCGTGGCA-1,-0.12146461355234685,5284.0,B,1367.0,1199.0,-0.0866433570478212,0.06718732390705304,0.006640509407392961,-0.2441109206256266,-0.40106714372999375,0.06349263869822219
TTAGTTCAAGTGTTCG-1,0.1262815369869958,17480.0,B,1636.0,634.0,0.11440327509274592,0.147967442626209,0.14633356293060978,0.11761167809646787,0.09518485372688923,0.09471479335559355
TTATATACGCTGTCAC-1,0.12504558811007263,19452.0,B,1146.0,997.0,0.12584584665653537,-0.05840134222704606,0.48527199699890927,0.054054410519318,-0.013184932149596072,-0.02475625479888692
TTATCATACTCGCAAA-1,0.2621285914644222,14216.0,B,495.0,189.0,0.025386028434982853,0.3770474926221294,-0.1387957974211457,0.33857270436130305,0.14681546747917223,0.6012718232914839
TTATCCAATCGAACTC-1,-0.12510767579029058,2075.0,B,613.0,436.0,-0.17072353006236574,0.09099375745755697,-0.061332226901527724,-0.2820514028233049,-0.028523865908003182,-0.06123049780882157
TTATCCGGGATCTATA-1,-0.08439163482763336,7772.0,B,1316.0,1289.0,-0.4176518099197107,0.025518042753969815,-0.280490169326821,0.19528444523299948,-0.09203894697100092,0.07666063805525149
TTATGAATGAAAGGGA-1,-0.04857334221063551,5946.0,B,1004.0,1065.0,0.038985910377374505,0.04656205183928514,-0.18452030923156693,0.0025717058986269928,-0.08024941016279939,-0.017582837090792967
TTATGATCTTAACGAA-1,0.0021002826183362583,13133.0,B,1250.0,997.0,0.12864676171072323,-0.044091305355779715,0.022959006652505977,0.049081730628535755,-0.06111036451012311,-0.2147975024506279
TTATTAGAGCGTGTTC-1,-0.25214717341926685,9600.0,B,1095.0,1178.0,-0.1994760589122146,-0.15133433613658775,-0.29759639561043566,-0.32588471640974204,-0.369643915028103,-0.18133783575303505
TTATTTCATCCCAAAC-1,0.13062003406547265,11311.0,B,430.0,167.0,0.23716601148391667,0.14903522307845807,-0.2800426193131636,0.21907775190494197,0.49445311190401275,-0.09934013927916792
TTCAAAGTCTCTAGCC-1,-0.11246862835146461,10417.0,B,1159.0,930.0,-0.14990612847036908,-0.5629627024355858,0.04411879225588808,0.0431139415637978,0.12591251289300426,-0.15854248168758123
TTCAATACTCTGAATC-1,0.049331895221735846,10455.0,B,1301.0,997.0,0.14421115070753834,0.043086514505050785,-0.0055576530258542945,-0.07787471681934342,0.3307318252081939,0.04893697195232826
TTCACTCGAGCACCTA-1,-0.061613467885472575,9117.0,B,1083.0,1381.0,0.3920804898730752,-0.12639606463016023,-0.36091002601703287,0.03518025679429588,-0.19642834757516045,0.03536481797813465
TTCAGAGTAACCTGAC-1,-0.06917961805626702,11709.0,B,469.0,279.0,0.10782757661731215,-0.06821504008044932,0.12077701505434614,0.08058199287639171,-0.2226767128107067,-0.36923252472254814
TTCAGCCCTGGTCCAC-1,-0.10467266584994217,3903.0,B,1289.0,1199.0,-0.16656024400961256,-0.06624490179074854,0.458558328730844,-0.25101729491356795,-0.1750979175423985,-0.24845170373946124
TTCATAGCCTTGTAAC-1,0.02846547672532731,6563.0,B,379.0,302.0,-0.1512925182082042,0.07206016792301964,0.06369900558722112,0.1317644589096969,-0.06992047840696751,0.10197123101482189
TTCATAGGGTGTCCAT-1,0.0242513167830748,9340.0,B,237.0,506.0,-0.14533556521680852,0.09182550627864566,-0.04939285514455501,-0.21591600871923036,0.3191324080247585,0.1804920220061207
TTCCAATCAGAGCTAG-1,0.01950504534580884,16546.0,B,1416.0,658.0,0.04823893078588519,0.1239205255080454,-0.07672524913189932,-0.02686445848331414,0.0038942058023624312,-0.06925564199355949
TTCCAATCTGGCTATC-1,-0.18088918764230433,6562.0,B,784.0,1224.0,-0.14070376545796842,0.00439301789398935,-0.13969781822342076,-0.18970805607389074,-0.3773248648512686,-0.07686627771622286
TTCCACACAGATTTGA-1,-0.11618423503360839,6565.0,B,785.0,1269.0,0.16292100445895663,-0.19927961327408522,-0.08870076904663705,-0.28710589059416863,-0.09822053619844022,-0.11800802849173042
TTCCGCAGAGAAATAT-1,0.18024147526459536,14427.0,B,1494.0,613.0,0.21058487330608272,0.33375409793854716,0.06561977812355188,0.10180106418320792,0.2753139904811286,0.05698913118259786
TTCCGCGTGAGGCGAT-1,-0.040683077634488654,3724.0,B,1017.0,1178.0,-0.2114063566926509,-0.07150534971950645,0.04708069741732893,0.0914034413745321,0.021470440113025208,-0.00858700874863115
TTCCGGCCTTGAGGCT-1,0.06305155121001853,8986.0,B,759.0,1360.0,0.06374588855319967,-0.10479904703808336,0.14962640592306387,0.024927474641460095,0.07170376813687426,0.12435840267153363
TTCCGGTTACCCACTT-1,-0.07151009784496416,6496.0,B,1315.0,1154.0,0.13075742952814398,-0.022491686816280495,-0.15082174937831339,0.029047726611277906,-0.2520770318112112,-0.029727804089556997
TTCCTCGGACTAACCA-1,-0.05081673097992549,1889.0,B,1303.0,1267.0,0.23052638996168612,-0.01929374923168889,-0.005670884780063036,-0.2067296652079278,-0.05187197689650343,0.09642007995898559
TTCCTTTCTGTGTTGC-1,-0.08396166903785914,2844.0,B,509.0,392.0,-0.02997548107210657,-0.020953528725874228,-0.06781939757077027,0.11960460349264351,-0.16281416600662307,0.00664728749841919
TTCGACAGAGCCCGTG-1,0.033818131151859616,2899.0,B,1070.0,1313.0,0.4193756083965731,0.09232403551017891,-0.2773867397286605,0.06949934973277455,0.07638324746958416,0.06670821070764538
TTCGCATCCGGAAGCA-1,-0.02469954753567012,5275.0,B,431.0,392.0,-0.04475749026723989,0.0856242110953369,-0.052757201288327546,0.19854283100464779,-0.08846200085724887,-0.029305645202494898
TTCGCGCGCCATACGA-1,-0.010144892407488037,9490.0,B,799.0,1472.0,0.049344835580659586,-0.06170502915775051,-0.06511732808155254,0.1840719362986602,-0.17871113506606068,0.06130962726839606
TTCGCTATCTGACGTG-1,0.22152006451535616,12829.0,B,1481.0,590.0,0.5402192368379252,0.6167654271998707,-0.20497701275299587,-0.028023476844495552,0.30650356111814897,0.10694893126133673
TTCGGCTAGAGATGGT-1,0.11190246425961585,3837.0,B,496.0,550.0,0.28932848145487694,-0.1356392845716031,-0.07153021814703278,0.20670623019389342,0.25373992611142154,0.19495195450475275
TTCGGGACTAATCGCG-1,-0.038838580133349024,5726.0,B,1120.0,952.0,-0.14282956977352762,0.005919130641378954,0.024763762620654425,0.0718523723566312,0.016684219805434875,-0.09386761964926635
TTCGGGCGCTAGTCTT-1,-0.1706103811638614,5121.0,B,669.0,1382.0,-0.285220125520332,-0.12741373761879465,-0.24762102231554126,-0.4214858662807084,0.2260551553051451,-0.020853331437641804
TTCGTTCAACGAAGTT-1,7.053251479349418e-05,9619.0,B,1546.0,657.0,0.2773053524345362,0.03501231106854641,0.15749602288973544,-0.07067767184992386,-0.05466593219203893,-0.3054065621578527
TTCTAACCGAAGCTTA-1,0.0741414883209088,15956.0,B,1353.0,906.0,0.08091011518399946,0.09669821264763812,-0.15377223702326345,0.10793144496440116,0.30620840913750785,-0.16198328602479353
TTCTACTTGCGAGGGC-1,0.00045841111312075467,2212.0,B,600.0,639.0,-0.0035231669293561557,0.20800026093297758,0.02276864225518674,0.02965822340362556,0.005573858337452844,-0.06273858139508046
TTCTAGAAAGTCTTAT-1,-0.15924450341191732,20688.0,B,786.0,1495.0,-0.26426216181897055,-0.22204728644319233,0.01695162572828155,-0.307141232747283,-0.110682413297815,-0.21434290458594163
TTCTAGGCCAATTGTG-1,-0.04821427055231253,1717.0,B,756.0,639.0,-0.21748867646488157,0.03225325027911606,-0.1322376594881285,-0.0663653341433696,0.014488102012094398,0.3307512977350981
TTCTATGCCTTTCGCA-1,-0.07780664510042569,52393.0,B,1754.0,792.0,-0.2788642761793365,-0.29195066688030413,-0.07678707758109925,-0.1553590046451545,-0.030927773977931936,-0.16735826391191305
TTCTGACCGGGCTCAA-1,-0.20301536034871334,4755.0,B,1277.0,1312.0,-0.2485880754091057,-0.017371234173691283,-0.13825717765294165,-0.29227129216883124,-0.5918455064261788,0.1791725249283281
TTCTGCCGCGCCTAGA-1,-0.0019420143889752328,3131.0,B,1082.0,1245.0,0.2270378726876064,-0.08868269200046992,0.10716693155761935,0.16261012116556306,0.006397413313914878,-0.11361579468989791
TTCTGCGGGTTAGCGG-1,0.06970896760369959,4064.0,B,1224.0,1042.0,0.02164445370416755,0.08198143445848771,0.055335039260496655,0.18220617108119203,0.17851330732456788,0.05022079517109801
TTCTGCTAGACTCCAA-1,0.15291856592542039,18354.0,B,1559.0,770.0,0.07313790943974693,0.3835140261315908,0.04753190803453998,0.1815869405436635,0.11515161461908902,-0.023536838033587276
TTCTGTTTCCTGTCGC-1,0.007200462142903097,2805.0,B,341.0,595.0,0.08475446993765676,0.2720232616451037,-0.04736424431568942,-0.0753054686491809,0.12038829460816383,-0.038765224638634216
TTCTTTGGTCGCGACG-1,0.07877767822137294,13033.0,B,1533.0,680.0,0.20055828421552352,-0.01560998959366576,-0.03399891878503812,-0.02753830533823098,0.31257267260343535,0.0556324794000031
TTGAACGAATCCTTTG-1,0.03807156870700547,4749.0,B,458.0,572.0,0.03315830689396913,-0.03284491339552401,0.18208937666278752,0.049848915442651784,0.14428390570813956,0.08129337375140767
TTGAATATGGACTTTC-1,-0.03539943231259265,6340.0,B,1172.0,907.0,0.10257809380346376,-0.26333869757431644,0.11054744541212463,-0.07976213432678449,0.10403137386494618,0.0011000403553869734
TTGAATTCACGTGAGG-1,-0.18397363342631648,6229.0,B,1444.0,1018.0,-0.6088514203733979,0.3725141120089209,0.0015588159825321076,-0.49085251502140753,-0.040354321374376986,-0.1739752927433281
TTGACGCTCCATGAGC-1,-0.13012880054009535,14621.0,B,1496.0,1063.0,-0.17616637405935098,0.26550269978391944,-0.3250031261334739,-0.2933378242640066,-0.32917610771528394,0.022321664470527088
TTGATAGTCAATACAT-1,0.20167940028622444,28167.0,B,1676.0,747.0,0.2398061348041398,0.212912849276109,0.22245930892202734,0.1254877944034815,0.09742141032007443,0.010993351931173838
TTGCGGCATCAGAAAG-1,0.06177591013458207,15906.0,B,772.0,1337.0,-0.0018018741780912034,-0.12031560540713597,0.17454053399815117,0.25729190873720453,0.01595341055874913,-0.013041335024551036
TTGCGTCGGCCAACCG-1,-0.17701407504665242,6982.0,B,720.0,1292.0,-0.2747836782780727,-0.11893287057050815,-0.19462014281598353,-0.1341158836880995,-0.15714550940078884,-0.1623516651102938
TTGCTAGCTACCAATC-1,0.06930292873719378,8283.0,B,560.0,211.0,0.28710065636600757,0.04655986097742343,0.05657343504362859,-0.12963435092252265,0.1440742565511755,0.031161040040423936
TTGCTGCACCTATCCA-1,0.04805457256130366,14040.0,B,445.0,640.0,-0.09825078512457569,-0.06835975551166212,-0.034307286969241055,0.2522165400220834,0.17276052261732877,-0.07074315182780141
TTGGATATCGTCTACG-1,-0.17057198072864757,8765.0,B,862.0,1224.0,-0.08398766335944916,-0.1600278033819073,-0.18481908864069968,-0.06269809038692567,-0.30181753348804896,-0.13887029699731315
TTGGCCATCTTGCGCT-1,0.0116834139634365,5136.0,B,458.0,527.0,-0.3499512707990976,0.10682137890001242,0.05745727350550427,0.09614183700449275,0.03358373381472082,0.15914130712403754
TTGGTATGGCTTGTGT-1,0.0279695073374352,22257.0,B,1702.0,882.0,0.10343079526058918,-0.13433932049127562,-0.09435804615985602,-0.0806564117588974,0.08265162414353847,0.0778576523556068
TTGGTCACACTCGTAA-1,0.09732404055077681,6614.0,B,810.0,1224.0,0.16729918576425915,0.3205631184243629,-0.003296535239019018,0.08938825426895411,0.20646770268101372,0.0212722044784754
TTGTGTATGCCACCAA-1,-0.14204864495050318,8274.0,B,967.0,1404.0,-0.21040553179218952,-0.20056179286791556,0.0523515463109366,-0.41249095003240915,-0.1334151388606176,-0.021069250468534733
TTGTGTTTCCCGAAAG-1,0.03240566386126327,3741.0,B,953.0,1291.0,-0.06119815758049693,0.4339238571868905,0.25922061102714683,-0.17663403993961607,-0.043255624376459495,-0.1314303985948379
TTGTTTCACATCCAGG-1,-0.05404391747245597,13625.0,B,734.0,1450.0,-0.2881203207478745,-0.021425329820366195,-0.15961494034134127,-0.07411311719748137,0.15755084831351032,-0.06399175470908297
TTGTTTCATTAGTCTA-1,-0.17290906233704978,16502.0,B,579.0,1496.0,-0.2748294662253295,-0.17100731201755973,-0.05041332325936765,-0.3872895927942056,-0.3347622842896298,-0.03271949949336268
